ALX,ALY,ALZ,ARX,ARY,ARZ,EMG0L,EMG1L,EMG2L,EMG3L,EMG4L,EMG5L,EMG6L,EMG7L,EMG0R,EMG1R,EMG2R,EMG3R,EMG4R,EMG5R,EMG6R,EMG7R,GLX,GLY,GLZ,GRX,GRY,GRZ,ORL,OPL,OYL,ORR,OPR,OYR,LHNX,LHNY,LHNZ,RHNX,RHNY,RHNZ,HX,HY,HZ,LTX,LTY,LTZ,RTX,RTY,RTZ,SpineMidX,SpineMidY,SpineMidZ,SpineBaseX,SpineBaseY,SpineBaseZ,ShoulderLeftX,ShoulderLeftY,ShoulderLeftZ,ShoulderRightX,ShoulderRightY,ShoulderRightZ,ElbowLeftX,ElbowLeftY,ElbowLeftZ,ElbowRightX,ElbowRightY,ElbowRightZ,Myo_Pose_left,Myo_Pose_Right,Kinect_pose_left,Kinect_pose_right
0.9467773,-0.2983398,0.06542969,0.9746094,0.3647461,0.2832031,-5,-6,-2,0,-1,-1,-2,1,7,-8,-2,3,-3,-4,0,3,0.6875,0.6875,0.6875,-5.75,-5.75,-5.75,2.831406,3.001953,1.148823,6.25048,3.126702,8.999692,-0.1339596,-0.4865498,1.299379,0.2444588,-0.4934863,1.246684,0.07659075,0.2761946,1.406561,-0.1731886,-0.4813343,1.29486,0.286734,-0.4800942,1.264,0.06172638,-0.1677696,1.401488,0.06095103,-0.4739505,1.374238,-0.1076398,0.01317019,1.380522,-0.008913443,-0.4639758,1.338492,-0.1427042,-0.2434478,1.368722,0.2532583,-0.2513534,1.358927,NA,NA,NotTracked,NotTracked,
0.9570313,-0.3061523,0.06982422,0.9589844,0.4477539,0.4838867,0,0,0,0,0,0,-1,-1,4,39,-6,13,6,2,-2,-1,-0.4375,-0.4375,-0.4375,-3.6875,-3.6875,-3.6875,2.831406,3.001953,1.148823,6.187207,3.32363,9.068023,-0.1348382,-0.4871554,1.299435,0.2450686,-0.4914961,1.216818,0.07608941,0.2761329,1.406822,-0.1730831,-0.4827544,1.294711,0.2861573,-0.4729404,1.231933,0.06140851,-0.1678188,1.401677,0.06078741,-0.473987,1.374345,-0.10797,0.01300693,1.380656,-0.009041038,-0.4639865,1.338547,-0.1429754,-0.2435034,1.368947,0.2535737,-0.251124,1.358621,NA,NA,NotTracked,Unknown,
0.9492188,-0.3017578,0.06689453,0.9755859,0.4921875,0.5859375,-4,0,0,0,-1,-3,1,-2,1,-2,-17,-16,-5,-2,6,-1,-4.0625,-4.0625,-4.0625,-0.125,-0.125,-0.125,2.831443,3.002747,1.144447,6.120829,3.573076,9.14525,-0.1346883,-0.4867071,1.299795,0.2471761,-0.4595981,1.170643,0.07562908,0.2759615,1.407261,-0.1736814,-0.4832541,1.296445,0.2810242,-0.4645606,1.162042,0.06106578,-0.1678473,1.401997,0.06070441,-0.473985,1.37447,-0.1082651,0.01293133,1.380835,-0.009129528,-0.4639683,1.338647,-0.1432382,-0.2434339,1.369214,0.2578944,-0.2439829,1.352985,NA,NA,NotTracked,Unknown,
0.9501953,-0.3041992,0.0703125,0.8188477,0.5683594,0.7485352,0,-3,-3,1,-2,-1,-1,-3,3,15,-42,-34,-3,3,-5,-1,-5.125,-5.125,-5.125,12.5625,12.5625,12.5625,2.827304,3.003474,1.139804,6.078135,3.926517,9.229373,-0.135089,-0.4865793,1.299494,0.2470845,-0.3942867,1.114131,0.07509721,0.2760447,1.407777,-0.1745784,-0.4816117,1.296871,0.237543,-0.4461803,1.179333,0.06049119,-0.1676655,1.402346,0.05989964,-0.4736716,1.374629,-0.1083601,0.01296283,1.380937,-0.01005245,-0.4635885,1.338939,-0.1434952,-0.2431138,1.369385,0.268756,-0.2172159,1.344303,NA,NA,NotTracked,Unknown,
0.9477539,-0.3134766,0.078125,0.4433594,0.5625,0.8823242,0,-5,0,-2,-2,0,-3,-1,-5,11,10,80,5,-1,4,-2,-3.5625,-3.5625,-3.5625,-16.5625,-16.5625,-16.5625,2.821988,3.00796,1.135043,6.020614,4.534157,9.322107,-0.1351128,-0.4865778,1.298756,0.2407238,-0.2875398,1.064021,0.07488471,0.2759625,1.408341,-0.1735752,-0.4843555,1.29524,0.2483472,-0.3492889,1.108692,0.05996576,-0.167493,1.402808,0.05845697,-0.4732459,1.374808,-0.1084028,0.0129549,1.381014,-0.01152715,-0.4632224,1.339153,-0.1437574,-0.2433742,1.36948,0.280432,-0.2002095,1.333949,NA,NA,NotTracked,Unknown,
0.949707,-0.2993164,0.06884766,0.09960938,0.5649414,0.8652344,1,-3,-1,-1,-1,-3,-2,-2,4,15,-4,17,-2,0,-3,0,-4,-4,-4,7.75,7.75,7.75,2.817211,3.010777,1.135454,6.017337,5.046517,9.387583,-0.1354246,-0.4860713,1.298633,0.2382683,-0.1599954,1.027545,0.07487243,0.2754841,1.409521,-0.1736537,-0.4836379,1.294862,0.2537675,-0.2254865,1.037167,0.05934016,-0.1675101,1.403584,0.05735185,-0.4730542,1.375131,-0.1084857,0.01302771,1.381552,-0.01266674,-0.4631321,1.339628,-0.1439882,-0.2434354,1.369537,0.315246,-0.1784063,1.304973,NA,NA,NotTracked,Unknown,
0.9511719,-0.2915039,0.06933594,-0.2368164,0.5249023,0.7573242,-1,0,-2,-1,-1,-2,2,0,5,32,16,-16,17,3,-2,2,3.6875,3.6875,3.6875,22.75,22.75,22.75,2.815687,3.016931,1.139493,6.069592,5.560341,9.476146,-0.1353136,-0.4859966,1.298482,0.2297373,-0.02908943,1.047415,0.07541843,0.2750281,1.410327,-0.1742939,-0.4872292,1.294697,0.230771,-0.04527663,0.9863529,0.05909057,-0.1675384,1.403932,0.0567862,-0.4728756,1.375144,-0.1084288,0.01300112,1.381727,-0.01324044,-0.463112,1.339819,-0.1440998,-0.24344,1.369579,0.3008715,-0.1591177,1.261113,NA,NA,NotTracked,Unknown,
0.9399414,-0.3046875,0.06933594,-0.4833984,0.4394531,0.578125,1,1,0,-2,0,0,-5,1,0,-3,-10,-27,-10,-5,3,9,3.4375,3.4375,3.4375,24.625,24.625,24.625,2.816618,3.017472,1.142795,6.234894,6.184259,9.672348,-0.1356404,-0.4859921,1.298793,0.212484,0.07933836,1.105307,0.07565374,0.2743653,1.410867,-0.1742641,-0.4869454,1.29544,0.2242955,0.07112297,1.037143,0.0587219,-0.1677562,1.404585,0.05558603,-0.4727498,1.37537,-0.1092984,0.01282037,1.384188,-0.01457836,-0.4628373,1.340335,-0.1441148,-0.2431302,1.369981,0.3222011,-0.1384688,1.229964,NA,NA,NotTracked,Open,
0.9365234,-0.3022461,0.06201172,-0.7041016,0.3901367,0.3789063,-2,-2,-1,-1,-3,-1,-3,-1,-15,-51,-24,-29,-5,3,0,-23,3.625,3.625,3.625,24.5,24.5,24.5,2.821004,3.013642,1.146503,6.474532,6.543668,9.936665,-0.1349981,-0.4861977,1.300247,0.1999275,0.1536377,1.153855,0.07554075,0.2737983,1.410976,-0.1741994,-0.481178,1.296571,0.2064919,0.1632065,1.082148,0.05867773,-0.1675084,1.404722,0.05511664,-0.4702081,1.375929,-0.1091002,0.01288135,1.385878,-0.01556568,-0.4596241,1.341433,-0.1441127,-0.2395172,1.371259,0.3294851,-0.1281688,1.233994,NA,NA,NotTracked,Open,
0.9404297,-0.3330078,0.06396484,-0.7006836,0.3369141,0.206543,-3,-1,-3,-1,-3,0,-3,1,2,0,4,2,-9,6,8,6,3.1875,3.1875,3.1875,18.8125,18.8125,18.8125,2.820705,3.010502,1.15198,6.828165,6.778354,0.3053888,-0.1343957,-0.4836343,1.301273,0.2114117,0.1630328,1.197578,0.07627872,0.2722641,1.409337,-0.1728768,-0.484171,1.295714,0.1884034,0.2049043,1.123278,0.05868075,-0.1674677,1.404749,0.05521198,-0.4694302,1.375899,-0.1080754,0.01279933,1.38658,-0.01571093,-0.4584792,1.341438,-0.1441506,-0.2362846,1.372323,0.3283393,-0.09984718,1.216665,NA,NA,NotTracked,Open,
0.9506836,-0.3374023,0.06689453,-0.8955078,0.2875977,0.06542969,3,0,0,-2,-2,-1,2,-1,-7,13,-14,-16,-13,-8,0,7,0.5625,0.5625,0.5625,2.75,2.75,2.75,2.820406,3.011113,1.157142,7.345826,6.879087,0.8678092,-0.133736,-0.4840153,1.301577,0.1723507,0.2158723,1.230693,0.07828404,0.2701617,1.406191,-0.1732884,-0.4900889,1.299101,0.1712355,0.2323419,1.15875,0.05877973,-0.1673869,1.404703,0.05535926,-0.4687278,1.37577,-0.1074968,0.01266367,1.386967,-0.01570441,-0.4576666,1.341409,-0.1438908,-0.2356607,1.372682,0.3223904,-0.01023562,1.179384,NA,NA,NotTracked,Unknown,
0.9536133,-0.3134766,0.06494141,-0.894043,0.3896484,-0.002929688,-3,-2,-2,-1,-2,0,-1,-1,11,-2,-21,-16,1,9,2,-7,-3.75,-3.75,-3.75,-12.125,-12.125,-12.125,2.819182,3.011874,1.156355,7.570615,6.854517,1.121088,-0.1335045,-0.4838913,1.299934,0.164171,0.2175647,1.246466,0.07926334,0.2686462,1.404178,-0.1723388,-0.4822366,1.298882,0.1278324,0.1754522,1.270316,0.05888632,-0.1673652,1.404559,0.05553964,-0.4683068,1.375572,-0.09929521,0.01199475,1.383262,-0.01565895,-0.4573087,1.341366,-0.1436822,-0.2349424,1.372738,0.3226718,-0.00703058,1.178364,NA,NA,NotTracked,Unknown,
0.9453125,-0.3046875,0.05859375,-0.8276367,0.456543,-0.02392578,-1,-1,-1,-2,-1,-1,-2,-2,13,-17,-13,0,-1,2,2,9,-4.75,-4.75,-4.75,-22,-22,-22,2.810401,3.011919,1.156128,7.640205,6.792527,1.260288,-0.1336143,-0.4834828,1.299491,0.1597698,0.2143502,1.253863,0.07984991,0.2673338,1.402933,-0.1719601,-0.4761079,1.296015,0.1274893,0.178777,1.281448,0.0589618,-0.1674123,1.404422,0.05555366,-0.4681411,1.375427,-0.09822642,0.01186509,1.383273,-0.01571116,-0.4571642,1.341344,-0.1435014,-0.2342795,1.372582,0.3228613,-0.0055717,1.177478,NA,NA,NotTracked,Unknown,
0.9428711,-0.2973633,0.05712891,-0.8212891,0.3989258,0.02880859,0,-2,3,-2,1,-1,-4,0,14,61,-10,-11,-3,6,0,2,-1.875,-1.875,-1.875,-25.8125,-25.8125,-25.8125,2.803682,3.011281,1.1554,7.610113,6.758684,1.282024,-0.1340083,-0.4827584,1.29843,0.1520107,0.2200978,1.25607,0.08034689,0.2663767,1.40182,-0.1723121,-0.4818993,1.29518,0.1137688,0.1901175,1.276572,0.05901894,-0.1673939,1.40432,0.05567217,-0.4677026,1.375325,-0.09729937,0.01255687,1.382782,-0.01568886,-0.4567682,1.341401,-0.1433433,-0.2327191,1.372235,0.322881,-0.005501174,1.176821,NA,NA,NotTracked,Unknown,
0.9624023,-0.2890625,0.05908203,-0.8935547,0.5102539,0.001464844,0,-2,3,-1,-2,0,-1,-2,15,63,45,4,7,12,3,11,-1.5625,-1.5625,-1.5625,-21.6875,-21.6875,-21.6875,2.803741,3.009937,1.152172,7.569994,6.740176,1.266768,-0.1340012,-0.4832133,1.298902,0.1520232,0.2135015,1.259691,0.08082007,0.2654913,1.401092,-0.1725659,-0.483821,1.296211,0.131447,0.1722008,1.2893,0.05911858,-0.1674824,1.404169,0.05570094,-0.4676031,1.375221,-0.09701523,0.01252329,1.382622,-0.01569936,-0.4566642,1.341383,-0.1432041,-0.2324194,1.371976,0.322867,-0.006526739,1.17663,NA,NA,NotTracked,Unknown,
0.9487305,-0.3066406,0.05908203,-0.9155273,0.4892578,0.01171875,-4,-2,-3,0,-1,-1,0,1,-54,-68,-48,-15,-11,11,-13,-15,-2.625,-2.625,-2.625,-2.1875,-2.1875,-2.1875,2.80283,3.00906,1.149473,7.519695,6.738049,1.226201,-0.1334704,-0.4825461,1.29745,0.1518136,0.2109625,1.257165,0.08143183,0.2646833,1.400154,-0.1728096,-0.476065,1.296547,0.1306683,0.1663077,1.286048,0.05920528,-0.1675522,1.403981,0.05570149,-0.4674774,1.375096,-0.09928243,0.01252186,1.383925,-0.01573136,-0.4565049,1.341372,-0.1429347,-0.2320143,1.371528,0.3228324,-0.009884628,1.176616,NA,NA,NotTracked,Open,
0.9506836,-0.315918,0.0546875,-0.8964844,0.4702148,0.03222656,-1,-1,-3,-2,-1,0,-1,-1,23,19,-27,-5,-4,-27,12,-17,-2.625,-2.625,-2.625,1.6875,1.6875,1.6875,2.796291,3.006189,1.153623,7.453617,6.733694,1.167886,-0.1337989,-0.4833199,1.298269,0.1524587,0.2111583,1.255799,0.08195339,0.2639328,1.399368,-0.1727512,-0.4833834,1.295873,0.1287708,0.1687685,1.283918,0.05929653,-0.1676576,1.403882,0.05570779,-0.4674635,1.375044,-0.09765857,0.01273709,1.382851,-0.0157422,-0.4564857,1.341362,-0.1428558,-0.2319861,1.37146,0.323208,-0.01122453,1.176802,NA,NA,NotTracked,Open,
0.9472656,-0.3071289,0.0625,-0.887207,0.4492188,0.05615234,1,2,0,1,0,1,4,5,-15,-32,1,-7,7,36,2,-26,1.125,1.125,1.125,-1.25,-1.25,-1.25,2.796296,3.006449,1.15521,7.413131,6.732201,1.128515,-0.1339634,-0.4838092,1.298595,0.1524695,0.2101296,1.254739,0.0823874,0.2634232,1.398973,-0.1729825,-0.4844893,1.296846,0.130446,0.1673991,1.288764,0.05938766,-0.1677295,1.403744,0.05570683,-0.4673806,1.37491,-0.09932221,0.01275234,1.383936,-0.01577356,-0.456365,1.341237,-0.1427493,-0.231995,1.37133,0.3232757,-0.01233133,1.176883,NA,NA,NotTracked,Unknown,
0.9516602,-0.3061523,0.05761719,-0.8813477,0.4663086,0.06640625,-3,-4,-2,-2,-1,0,0,-1,22,127,-38,0,2,8,-13,-19,-2.375,-2.375,-2.375,3.3125,3.3125,3.3125,2.792426,3.005839,1.156399,7.393396,6.736339,1.105079,-0.1337122,-0.4835379,1.298322,0.1536607,0.2097258,1.253891,0.08265392,0.2632065,1.39872,-0.1723745,-0.4778855,1.296877,0.1351281,0.1666608,1.289546,0.05940915,-0.1677223,1.403659,0.05573497,-0.4672028,1.374771,-0.1004175,0.01288038,1.384717,-0.01577545,-0.4561598,1.341133,-0.1427713,-0.2318544,1.371268,0.3234105,-0.01321828,1.176914,NA,NA,NotTracked,Unknown,
0.9462891,-0.3051758,0.06152344,-0.9189453,0.5288086,0.05078125,-1,-2,-4,-1,-3,-2,-2,-3,-16,3,-27,10,13,15,3,-6,0.3125,0.3125,0.3125,4.875,4.875,4.875,2.79327,3.006154,1.154675,7.375203,6.734314,1.079809,-0.133825,-0.483909,1.298108,0.1541965,0.2096436,1.253026,0.08274202,0.2629821,1.398557,-0.1725489,-0.4794863,1.295323,0.1343355,0.1686263,1.284428,0.05944407,-0.1677609,1.403529,0.0557394,-0.4670617,1.374623,-0.1013057,0.01291906,1.385205,-0.01578737,-0.4559664,1.341019,-0.1427092,-0.2315787,1.371094,0.3235287,-0.01331317,1.176822,NA,NA,NotTracked,Open,
0.9462891,-0.3071289,0.05566406,-0.9174805,0.5556641,0.04589844,-1,-1,-2,-1,0,-2,0,3,-1,52,75,17,8,13,11,-1,-0.375,-0.375,-0.375,32.375,32.375,32.375,2.792793,3.006074,1.15469,7.370562,6.760684,1.023902,-0.1342772,-0.483977,1.297658,0.159298,0.2101406,1.25282,0.08279648,0.2629222,1.398522,-0.1729006,-0.481938,1.296533,0.1358196,0.1678484,1.288235,0.05953605,-0.167771,1.403388,0.05575295,-0.4669587,1.374426,-0.1017588,0.01284973,1.385502,-0.01579668,-0.4558078,1.340842,-0.1427397,-0.2315708,1.371038,0.3237963,-0.01343909,1.176929,NA,NA,NotTracked,Open,
0.9536133,-0.3129883,0.05712891,-0.9702148,0.559082,0.04394531,-2,0,2,-2,0,-2,-2,1,33,28,16,-9,-3,1,1,13,-1.1875,-1.1875,-1.1875,57.125,57.125,57.125,2.792161,3.00703,1.155879,7.381991,6.8252,0.9449277,-0.1341229,-0.4837575,1.298576,0.1732769,0.2184033,1.25169,0.08290075,0.2629266,1.398715,-0.1727973,-0.4813741,1.296161,0.1528074,0.1738615,1.272792,0.05956548,-0.1677596,1.403359,0.05591221,-0.4667547,1.374277,-0.1018986,0.01276474,1.385618,-0.01566263,-0.4555297,1.340688,-0.1428028,-0.2316459,1.370996,0.3261147,-0.008784249,1.177581,NA,NA,NotTracked,Open,
0.9443359,-0.3012695,0.05273438,-0.8793945,0.4672852,0.05664063,1,-5,-1,0,-1,0,2,-2,5,-14,1,-5,-26,-29,13,-15,3.0625,3.0625,3.0625,81.25,81.25,81.25,2.79637,3.008611,1.155725,7.391898,6.92234,0.8215847,-0.1342655,-0.4832443,1.297857,0.1884935,0.2441931,1.256734,0.08331098,0.263224,1.399304,-0.1727609,-0.4817279,1.296189,0.1226062,0.2175909,1.298125,0.05956371,-0.1676944,1.403248,0.05608223,-0.466564,1.374028,-0.1019266,0.01273046,1.385709,-0.01549474,-0.4553421,1.340367,-0.142961,-0.2318931,1.370907,0.3363521,0.005273659,1.182256,NA,NA,NotTracked,Open,
0.9384766,-0.3022461,0.05078125,-0.793457,0.3076172,0.06542969,-6,-2,0,0,0,0,-2,3,0,-21,66,13,-5,-37,-10,23,7.1875,7.1875,7.1875,93,93,93,2.798866,3.011537,1.161181,7.333359,7.049193,0.6037341,-0.1352219,-0.4836277,1.299191,0.1967431,0.2699957,1.280103,0.08281688,0.2648835,1.402527,-0.1735256,-0.4811538,1.296478,0.1301542,0.2295318,1.313,0.05953137,-0.1676824,1.403201,0.05633753,-0.4665706,1.373757,-0.1009912,0.01357883,1.3857,-0.01513426,-0.4553897,1.339963,-0.1431603,-0.2322692,1.371049,0.3478931,0.05348971,1.194621,NA,NA,NotTracked,Unknown,
0.9467773,-0.2944336,0.06054688,-0.9477539,0,0.1035156,-3,-2,-2,-1,-2,-3,0,-2,10,-59,-17,-9,-17,-49,-4,2,13.0625,13.0625,13.0625,79.6875,79.6875,79.6875,2.808737,3.01624,1.171313,6.909613,7.19786,9.972145,-0.1353296,-0.4838806,1.299201,0.2652155,0.2506061,1.263969,0.08048028,0.2666825,1.405385,-0.1742895,-0.4786373,1.296687,0.2507668,0.2298274,1.272708,0.05936975,-0.1677333,1.403122,0.05627604,-0.4667754,1.373513,-0.1047864,0.013723,1.387926,-0.01506861,-0.4559327,1.339841,-0.1436774,-0.2339224,1.371532,0.3827105,0.01970324,1.216923,NA,NA,NotTracked,Unknown,
0.9511719,-0.3134766,0.08056641,-1.038574,-0.08544922,0.1962891,-2,1,1,-1,-2,-2,-4,0,-6,6,12,1,-12,4,-2,8,3.625,3.625,3.625,35.875,35.875,35.875,2.812347,3.014196,1.189152,6.250137,7.227877,9.215272,-0.1364843,-0.4838751,1.300807,0.295234,0.2524433,1.268246,0.07845473,0.2678755,1.407646,-0.1751579,-0.481184,1.2967,0.2711792,0.214385,1.279071,0.05811828,-0.1681588,1.403086,0.05443439,-0.4677502,1.372987,-0.1076093,0.0132955,1.389192,-0.01658952,-0.4575208,1.340012,-0.1444494,-0.2368366,1.371991,0.3912796,0.0130666,1.225044,NA,NA,NotTracked,Open,
0.965332,-0.3457031,0.07324219,-1.060059,0.02929688,0.199707,-2,-2,-3,-1,1,1,0,1,6,45,-31,-7,-15,-104,4,3,-7.4375,-7.4375,-7.4375,3.6875,3.6875,3.6875,2.79793,3.008107,1.19886,5.920156,7.195055,8.845435,-0.1374053,-0.4867964,1.301436,0.3081029,0.2507418,1.267344,0.07745232,0.268248,1.408599,-0.1754769,-0.4819642,1.29775,0.2589821,0.2274319,1.259487,0.05715668,-0.1685815,1.403008,0.05250317,-0.4690454,1.372422,-0.1077507,0.01330511,1.388859,-0.01807007,-0.4591237,1.340046,-0.1449454,-0.2387184,1.372284,0.3980975,0.001174746,1.23381,NA,NA,NotTracked,Open,
0.9311523,-0.3300781,0.04785156,-1.049316,0.09375,0.1679688,2,0,0,1,-2,-1,-3,0,-36,17,23,4,2,-59,-10,7,-3.25,-3.25,-3.25,-0.5,-0.5,-0.5,2.78722,3.006921,1.201676,5.905625,7.178575,8.833494,-0.1384787,-0.4837705,1.301552,0.3090606,0.2479341,1.265388,0.07672526,0.2681006,1.409559,-0.1766291,-0.4848115,1.297852,0.2680123,0.2170755,1.269142,0.0560985,-0.1690771,1.402862,0.0517358,-0.4695627,1.372114,-0.1083637,0.01337939,1.388547,-0.01869607,-0.4598638,1.339836,-0.145503,-0.239597,1.372244,0.3996499,-0.004092816,1.237883,NA,NA,NotTracked,Open,
0.9360352,-0.3305664,0.07470703,-1.026855,0.1074219,0.1733398,-1,-5,0,0,-2,1,2,1,11,0,21,6,19,110,-1,-10,-10.4375,-10.4375,-10.4375,-1.5625,-1.5625,-1.5625,2.775525,3.011975,1.19602,5.920647,7.16572,8.852782,-0.1388908,-0.4834622,1.299826,0.3081751,0.2457354,1.262872,0.07656935,0.268061,1.410108,-0.1765486,-0.4856145,1.296947,0.2646884,0.2181472,1.268236,0.05549175,-0.1693744,1.402728,0.05105853,-0.469937,1.371846,-0.1089325,0.01341164,1.388401,-0.01923768,-0.460351,1.339658,-0.1459382,-0.2406355,1.372054,0.4001478,-0.007759269,1.239984,NA,NA,NotTracked,Open,
0.9516602,-0.2939453,0.06542969,-1.01416,0.1254883,0.1831055,-1,-2,0,0,-1,-1,-2,-1,30,-24,22,5,-13,-49,7,5,-5.375,-5.375,-5.375,-3.1875,-3.1875,-3.1875,2.77148,3.020178,1.188459,5.928417,7.157133,8.864517,-0.13978,-0.4838521,1.298522,0.3081756,0.2441233,1.262818,0.07656774,0.2685165,1.410751,-0.1791754,-0.4805542,1.294771,0.2677658,0.2121729,1.272855,0.05528776,-0.1694251,1.402792,0.05084694,-0.470105,1.371817,-0.1094418,0.01345475,1.388195,-0.01939652,-0.4606277,1.339564,-0.1463846,-0.2407315,1.371734,0.4008018,-0.01032876,1.241413,NA,NA,NotTracked,Open,
0.9487305,-0.2910156,0.06201172,-1.006836,0.1411133,0.1782227,0,-1,-2,-2,-2,-3,-7,-3,1,69,-19,-13,-12,5,-13,-2,-1.125,-1.125,-1.125,3,3,3,2.775883,3.024112,1.180199,5.928643,7.15836,8.860213,-0.1396354,-0.4859115,1.296644,0.3084251,0.2443572,1.262619,0.07661955,0.2683651,1.411762,-0.1789479,-0.4847642,1.294122,0.2770159,0.2005371,1.272539,0.05484028,-0.1697103,1.402841,0.05065197,-0.4703359,1.371787,-0.1097554,0.01347672,1.388376,-0.01955623,-0.4609637,1.339469,-0.1467457,-0.2408678,1.371432,0.4008295,-0.01061253,1.242399,NA,NA,NotTracked,Open,
0.9428711,-0.2983398,0.05957031,-1.003418,0.1186523,0.1728516,-2,-4,-3,-1,-1,-2,-5,-2,-14,22,-12,-8,-10,-30,-25,15,-0.8125,-0.8125,-0.8125,1.3125,1.3125,1.3125,2.782089,3.024299,1.170871,5.928182,7.163322,8.856538,-0.1399161,-0.4852842,1.295864,0.3091052,0.2433524,1.262933,0.07672296,0.2691675,1.411883,-0.1791202,-0.4848353,1.293154,0.2719702,0.2091108,1.275503,0.05508281,-0.1696041,1.402999,0.05061819,-0.4704711,1.3718,-0.1099324,0.01358634,1.388117,-0.01955055,-0.4611934,1.339447,-0.1469583,-0.2410581,1.370851,0.4013216,-0.01062248,1.242777,NA,NA,NotTracked,Open,
0.9453125,-0.3041992,0.04443359,-0.996582,0.1337891,0.1757813,2,1,-5,-1,-2,-1,0,-2,-25,-14,-3,-3,4,-72,0,4,0.625,0.625,0.625,-0.5625,-0.5625,-0.5625,2.789633,3.019549,1.162711,5.934142,7.166559,8.857721,-0.1389908,-0.4852614,1.29609,0.3095452,0.2434098,1.262487,0.07674281,0.2692737,1.412193,-0.177573,-0.484144,1.292282,0.2669909,0.2161681,1.261413,0.0550134,-0.1695966,1.403002,0.05056523,-0.4705152,1.371785,-0.1101469,0.01366429,1.388165,-0.01957193,-0.4612655,1.339422,-0.1470317,-0.2410533,1.370634,0.4013359,-0.01061019,1.243256,NA,NA,NotTracked,Open,
0.9477539,-0.3188477,0.04785156,-0.9907227,0.1303711,0.1645508,-2,-4,-5,-2,-2,-1,-5,-1,-1,-6,-2,-2,-12,-6,3,16,0.9375,0.9375,0.9375,-0.8125,-0.8125,-0.8125,2.789318,3.015798,1.164923,5.957921,7.167182,8.884842,-0.1386035,-0.4864422,1.298151,0.3083642,0.2431981,1.262906,0.07663367,0.2690921,1.412682,-0.1778547,-0.4783451,1.296879,0.2768897,0.2022429,1.288467,0.0548341,-0.1697282,1.403035,0.05052414,-0.4706094,1.371816,-0.1101355,0.01376983,1.388073,-0.01958935,-0.4614477,1.339467,-0.1470305,-0.2411651,1.370476,0.4023584,-0.01162629,1.243805,NA,NA,NotTracked,Open,
0.9428711,-0.324707,0.06298828,-0.9985352,0.1025391,0.168457,0,-1,1,-2,0,0,-1,2,-13,-2,-3,2,34,106,20,-15,2.4375,2.4375,2.4375,-1.4375,-1.4375,-1.4375,2.786909,3.014021,1.169209,5.972026,7.165204,8.901737,-0.1385921,-0.4862167,1.298965,0.3081867,0.2431685,1.262091,0.07667582,0.2693605,1.41278,-0.1774103,-0.4828493,1.295746,0.2665874,0.213802,1.265538,0.05476402,-0.1697066,1.403182,0.05041594,-0.4707628,1.371932,-0.1098389,0.01384492,1.387821,-0.01965587,-0.4616378,1.339617,-0.1471027,-0.2412111,1.37054,0.4028685,-0.01267227,1.244426,NA,NA,NotTracked,Open,
0.9443359,-0.3208008,0.06542969,-0.9765625,0.128418,0.1914063,-2,-4,-1,-1,-1,-2,4,0,33,9,33,3,8,8,8,16,0.3125,0.3125,0.3125,-1.5625,-1.5625,-1.5625,2.782644,3.014982,1.177136,5.953463,7.162446,8.882629,-0.1387223,-0.4859482,1.299514,0.3085289,0.2424834,1.261356,0.07665328,0.2702019,1.412784,-0.1787939,-0.4777073,1.299442,0.2629495,0.2171857,1.261306,0.05488719,-0.1695227,1.403252,0.05036513,-0.4708329,1.371933,-0.110477,0.01369579,1.388539,-0.01967489,-0.4617347,1.339618,-0.1471888,-0.2411805,1.370609,0.4029795,-0.0127395,1.244425,NA,NA,NotTracked,Open,
0.9477539,-0.3046875,0.05908203,-0.9897461,0.1298828,0.1933594,-2,-3,-1,-1,-2,0,-2,-2,6,9,-11,-7,-34,-48,-13,8,0.875,0.875,0.875,1.8125,1.8125,1.8125,2.780711,3.014501,1.181333,5.939406,7.160636,8.86632,-0.1389867,-0.4858453,1.299872,0.3081941,0.2423827,1.261404,0.07674442,0.2705634,1.412738,-0.1775741,-0.4805403,1.297036,0.2741018,0.2073826,1.286471,0.05515057,-0.1693455,1.40344,0.05036611,-0.4708668,1.371977,-0.1108358,0.01359454,1.388949,-0.01963027,-0.4618254,1.339696,-0.147219,-0.2411934,1.370707,0.4033549,-0.01298585,1.244283,NA,NA,NotTracked,Open,
0.9482422,-0.3076172,0.06201172,-0.9794922,0.1386719,0.1967773,-1,0,1,-1,0,-1,5,0,-37,-34,-9,-5,-36,-75,10,-7,2.125,2.125,2.125,3.6875,3.6875,3.6875,2.784122,3.01452,1.180762,5.922453,7.156212,8.843611,-0.1391771,-0.4860038,1.300611,0.3095556,0.2413864,1.26097,0.07674155,0.2706271,1.412913,-0.1777662,-0.4803266,1.297288,0.2661782,0.2160782,1.263216,0.05517163,-0.1692831,1.403553,0.05029317,-0.470894,1.372065,-0.1102838,0.01375171,1.388399,-0.0196899,-0.4618908,1.339872,-0.1472455,-0.2410275,1.370894,0.4028443,-0.01317875,1.244502,NA,NA,NotTracked,Open,
0.9379883,-0.3168945,0.06103516,-0.9619141,0.1362305,0.2016602,0,-2,0,-1,0,0,0,1,11,24,-10,-1,-11,56,-13,3,0.375,0.375,0.375,9.375,9.375,9.375,2.784386,3.013969,1.181023,5.923262,7.148194,8.833308,-0.1390038,-0.4863816,1.300724,0.3104548,0.240084,1.260459,0.07684575,0.2710975,1.412907,-0.1775419,-0.4806987,1.296975,0.2657712,0.2133152,1.261812,0.0552938,-0.1690723,1.403777,0.05015226,-0.4709417,1.372205,-0.1106305,0.01370979,1.388996,-0.01981378,-0.4619495,1.340089,-0.1470643,-0.2412116,1.371058,0.4026535,-0.01375867,1.244835,NA,NA,NotTracked,Open,
0.9541016,-0.3139648,0.06201172,-0.9399414,0.1484375,0.1518555,-1,-1,-4,-3,-1,1,3,-1,18,48,9,3,-10,-33,0,-30,0.1875,0.1875,0.1875,18.5625,18.5625,18.5625,2.784834,3.013977,1.181469,5.906984,7.13865,8.780852,-0.1386591,-0.4866383,1.300949,0.3100097,0.2367842,1.260234,0.07702433,0.2713973,1.413004,-0.1777229,-0.4803793,1.298181,0.2674615,0.2103661,1.267359,0.05542977,-0.1689815,1.40388,0.05009948,-0.4710132,1.37229,-0.1104262,0.01378392,1.389006,-0.01984069,-0.462041,1.340181,-0.1470553,-0.2417386,1.37125,0.4027248,-0.01540995,1.245709,NA,NA,NotTracked,Open,
0.9506836,-0.3139648,0.05957031,-0.9448242,0.1166992,0.2177734,-2,-2,0,0,-1,-2,-3,-2,1,28,-2,-2,-3,14,2,0,1.0625,1.0625,1.0625,4.25,4.25,4.25,2.784218,3.013712,1.18194,5.916654,7.111979,8.777135,-0.1394323,-0.4842708,1.302538,0.3090671,0.2317587,1.258665,0.0772948,0.2718908,1.413365,-0.1779165,-0.4810835,1.298002,0.2638756,0.202486,1.265459,0.055593,-0.1688106,1.404042,0.05010757,-0.4710922,1.372447,-0.1106337,0.0136967,1.389296,-0.019798,-0.4621588,1.340379,-0.1470354,-0.2416356,1.371478,0.4038028,-0.02018943,1.248868,NA,NA,NotTracked,Open,
0.9482422,-0.3085938,0.06445313,-0.9277344,0.1391602,0.2446289,-1,-1,-1,-1,0,-1,0,0,-5,0,-4,-7,-16,1,4,0,-1.625,-1.625,-1.625,7.0625,7.0625,7.0625,2.787233,3.012741,1.176377,5.939622,7.06357,8.785817,-0.1387489,-0.4835832,1.301753,0.3045445,0.2205004,1.254093,0.07768168,0.2723095,1.413584,-0.1779247,-0.483345,1.299735,0.2834939,0.1919487,1.300375,0.05575286,-0.1686155,1.404145,0.0501081,-0.4711039,1.372526,-0.1107799,0.01365609,1.389507,-0.01977688,-0.4621845,1.340499,-0.1469401,-0.2416385,1.371557,0.4045347,-0.0233753,1.251349,NA,NA,NotTracked,Open,
0.9487305,-0.3032227,0.05859375,-0.8569336,0.1362305,0.3046875,0,-1,-2,-2,-1,0,1,-1,26,5,-5,-1,37,14,-1,1,-0.875,-0.875,-0.875,0.5625,0.5625,0.5625,2.788187,3.011496,1.173637,6.064537,6.925457,8.92872,-0.1382195,-0.4835802,1.30112,0.2961658,0.199476,1.243173,0.07812744,0.2731111,1.413754,-0.1775456,-0.4838859,1.299074,0.2840862,0.1914802,1.300286,0.05640719,-0.1682086,1.404277,0.05036107,-0.4710795,1.372614,-0.1108053,0.01364863,1.38957,-0.01950155,-0.4621382,1.340605,-0.1467025,-0.2414683,1.371547,0.4005058,-0.06649041,1.264918,NA,NA,NotTracked,Open,
0.9355469,-0.3105469,0.05761719,-0.7880859,0.2524414,0.3139648,-1,-2,0,-1,-2,-2,-1,0,-6,9,10,15,-10,0,-1,0,1,1,1,-31.6875,-31.6875,-31.6875,2.793918,3.01219,1.167603,6.180727,6.719285,9.088648,-0.1374516,-0.4837096,1.30091,0.2808262,0.158499,1.234423,0.07855926,0.2725092,1.414774,-0.1764261,-0.4784093,1.298978,0.235927,0.1443296,1.259316,0.05637968,-0.1682635,1.404276,0.05080433,-0.4709181,1.372796,-0.1107835,0.01364433,1.38963,-0.01908565,-0.4618753,1.340573,-0.1462917,-0.2409751,1.371679,0.3984757,-0.08217545,1.274667,NA,NA,NotTracked,Unknown,
0.9433594,-0.2973633,0.06201172,-0.6630859,0.3876953,0.480957,0,0,1,-1,0,-2,0,-1,-8,0,1,-12,-24,-3,-4,-6,0.25,0.25,0.25,-40.3125,-40.3125,-40.3125,2.801143,3.01259,1.161805,6.196826,6.269307,9.224406,-0.137544,-0.4830986,1.300367,0.2653379,0.1085189,1.202978,0.07906025,0.2729598,1.415487,-0.1765738,-0.4828478,1.298179,0.2160756,0.0984328,1.232957,0.05698584,-0.1679037,1.404367,0.0517384,-0.4705943,1.373018,-0.107838,0.01380369,1.387767,-0.01821976,-0.4613009,1.3403,-0.1455384,-0.2411684,1.371806,0.3849087,-0.1158305,1.290521,NA,NA,NotTracked,Closed,
