279.36,279.36,274.61,274.61,108.92,108.92,103.39,103.39,286.79,286.79,230.32,230.32,290.73,290.73,246.22,246.22,126,77.493,77.493,73.235,59.327,44.974,44.119,17.541,62.994,57.262,53.63,45.411,52.32,22.864,18.273,8.3923,22.236,7.9808,4.8991,4.633,9.4167,3.7528,1.5586,0.86112,25.736,35.9,11.354,19.721,8.7674,0.68403,25.847,36.196,0.33209,0.21235,0.41956,22.795,22.795,22.795,18.869
347.87,347.87,249.87,249.87,103.65,103.65,87.455,87.455,165.13,165.13,160.95,160.95,227.79,227.79,202.07,202.07,91.726,91.726,89,82.239,35.502,17.601,14.161,13.727,89.488,76.906,74.583,31.163,47.003,45.921,29.057,24.122,29.042,25.055,20.74,9.1508,26.062,7.29,4.2251,3.5737,24.235,19.678,9.8093,27.95,5.1121,0.65577,24.449,19.843,0.33297,0.15796,0.39381,22.443,22.443,22.443,14.735
313.69,313.69,256.83,256.83,266.76,266.76,214.42,214.42,246.1,246.1,232.52,232.52,280.68,280.68,255.53,255.53,101.29,101.29,87.605,87.605,30.028,28.739,25.813,23.985,47.081,44.399,33.039,32.128,26.217,25.085,23.694,21.88,35.587,29.286,19.247,15.437,91.676,66.82,42.343,13.833,26.479,29.904,10.859,19.775,7.926,0.68463,26.626,29.919,0.35612,0.16342,0.44406,26.069,26.069,26.069,21.448
245.31,245.31,229.83,229.83,234.02,234.02,172.45,172.45,221.8,221.8,220.16,220.16,241.82,241.82,209.52,209.52,78.292,78.292,73.84,73.84,53.521,48.848,33.117,18.191,42.453,40.687,39.627,31.353,34.502,25.55,25.147,20.771,49.34,22.305,21.016,17.47,43.179,37.42,26.396,23.268,25.537,24.177,12.982,21.34,9.6701,0.76842,25.535,24.086,0.39462,0.30023,0.46591,30.959,30.959,30.959,16.09
254.67,254.67,243.61,243.61,239.59,239.59,238.75,238.75,227.16,227.16,189.99,189.99,280.06,280.06,239.03,239.03,205.54,205.54,147.03,147.03,41.157,32.277,25.719,20.866,41.091,29.292,27.506,25.306,38.929,37.911,33.298,28.907,32.037,17.276,17.057,7.8885,66.243,26.698,11.645,2.2121,24.684,22.046,12.633,21.437,7.208,0.75353,24.937,22.294,0.39953,0.27206,0.46384,31.79,31.79,31.79,14.792
282.43,282.43,246.82,246.82,117.08,117.08,102,101.01,158.48,158.48,130.63,130.63,235.71,235.71,214.07,214.07,86.456,86.456,69,61.554,44.596,30.159,20.673,18.336,68.609,61.48,57.639,41.631,50.907,36.611,26.13,22.014,31.755,26.116,24.072,21.296,62.779,35.071,16.984,16.68,22.181,27.213,9.9476,20.607,6.3979,0.77468,22.4,27.177,0.39,0.33651,0.47387,27.38,27.38,27.38,21.26
365.06,365.06,193.85,193.85,177.82,177.82,136.76,136.76,242.96,242.96,242.84,242.84,211.57,211.57,209.24,209.24,155.68,155.68,102.17,102.17,42.781,29.85,27.059,24.907,134.07,108.51,59.269,44.291,43.623,26.466,17.672,11.253,26.197,18.652,14.558,9.667,22.884,10.165,9.5928,8.6348,16.184,17.262,9.2856,15.816,6.0608,0.78781,16.365,17.303,0.40748,0.45955,0.47392,31.109,31.109,31.109,10.476
273.68,273.68,243.98,243.98,186.58,186.58,135,130.6,244.23,244.23,226.17,226.17,202.24,202.24,190.07,190.07,111.88,111.88,88.927,88.927,41.002,36.234,22.413,18.743,39.049,29.528,18.062,17.584,50.027,43.865,17.872,17.375,32.152,18.08,13.432,11.841,72.408,32.176,31.082,23.179,28.729,24.351,8.8732,20.396,6.5744,0.76851,29.034,24.269,0.40952,0.371,0.45724,25.72,25.72,25.72,21.274
213.48,213.48,202.24,202.24,130.26,130.26,124.85,124.85,191.33,191.33,167.36,167.36,219.32,219.32,203.06,203.06,92.248,92.248,79.923,79.923,39.248,9.1518,9.08,8.8322,46.085,23.24,10.496,6.7334,59.182,30.963,27.771,26.383,67.738,34.915,34.263,32.224,56.151,37.443,11.558,7.7689,14.722,21.188,7.3877,21.187,6.0846,0.77834,14.496,21.367,0.4197,0.33222,0.46434,23.791,23.791,23.791,21.965
256.13,256.13,208.32,208.32,146.44,146.44,143.87,143.87,245.84,245.84,155.85,155.85,275.07,275.07,216.05,216.05,134.73,134.73,123.67,123.67,69.426,22.851,12.866,12.008,50.493,31.568,19.18,13.759,60.52,28.047,13.678,12.319,32.14,21.748,18.862,16.435,34.214,30.148,16.239,15.456,18.548,31.859,12.135,21.761,8.2341,0.65473,18.707,32.199,0.33327,0.29703,0.42092,20.342,20.342,20.342,20.444
264.91,264.91,243.92,243.92,155.81,155.81,153.04,153.04,172.41,172.41,151.96,151.96,287.05,287.05,283.41,283.41,141,91.976,91.976,64.506,45.782,45.476,27.776,27.202,21.111,17.468,16.229,13.966,45.707,28.575,25.47,24.887,21.153,14.503,11.03,9.432,16.899,9.43,9.0335,4.5863,22.529,21.991,7.9176,19.852,8.2016,0.74734,22.173,22.105,0.3615,0.46719,0.43384,19.05,19.05,19.05,7.9147
350.22,350.22,321.49,321.49,151.58,151.58,98.743,98.743,314.12,314.12,248.74,248.74,375.06,375.06,343.22,343.22,113.25,113.25,87.793,87.793,61.168,20.417,11.505,10.559,51.425,39.412,37.465,19.886,54.968,21.848,20.772,18.089,44.968,22.074,21.349,13.297,33.683,15.503,10.818,8.8832,25.867,25.738,16.83,28.698,8.3679,0.71805,26.079,24.909,0.35307,0.42143,0.3932,19.263,19.263,19.263,10.192
288.85,288.85,218.06,218.06,166.08,166.08,127.94,127.94,192.19,192.19,190.86,190.86,233.52,233.52,233.32,233.32,94.597,94.597,78.063,78.063,61.654,39.505,29.687,14.923,45.631,17.455,12.987,6.7567,34.77,30.88,29.355,26.433,25.735,25.547,20.363,15.881,24.725,15.305,5.2099,2.7367,26.487,25.005,12.391,27.055,9.1821,0.71918,26.646,24.98,0.36097,0.47101,0.44858,25.414,25.414,25.414,16.049
271.96,271.96,265.16,265.16,189.02,189.02,162.62,162.62,260.66,260.66,225.78,225.78,317.74,317.74,314.13,314.13,106.53,106.53,93.872,93.872,69.742,22.718,21.572,16.011,55.008,24.607,21.094,15.019,50.01,47.193,27.504,26.301,24.338,18.443,16.011,15.924,38.619,24.703,24.05,22.55,27.633,21.379,17.776,25.122,8.1772,0.77843,27.741,21.508,0.40875,0.45439,0.47658,28.609,28.609,28.609,20.186
324.86,324.86,320.75,320.75,175.53,175.53,160.33,160.33,267.64,267.64,181.36,181.36,395.6,395.6,311.71,311.71,157.14,157.14,98.366,98.366,14.816,7.6662,6.4804,6.1453,29.273,18.659,18.628,16.56,36.179,25.171,17.705,16.722,29.196,18.326,15.231,6.6234,82.713,42.938,26.824,23.423,21.715,16.402,15.961,26.332,9.4704,0.71526,21.928,16.499,0.37909,0.39976,0.44501,31.179,31.179,31.179,15.814
405.71,405.71,284.89,284.89,148.6,148.6,112.29,112.29,176,159.77,159.77,156.82,269.28,269.28,249.53,249.53,118.52,118.52,118.19,118.19,51.596,28.903,23.875,10.348,22.089,13.475,13.331,10.269,38.611,38.522,32.164,17.346,16.199,16.116,13.036,10.199,87.475,46.528,18.14,8.0554,23.339,25.044,8.5752,17.917,8.9032,0.78834,23.542,25.199,0.39432,0.51261,0.43875,21.839,21.839,21.839,16.013
312.43,312.43,263.76,263.76,166,111.98,111.98,100.32,371,335.06,335.06,224.79,354.51,354.51,297.95,297.95,123.47,123.47,121.75,121.75,87.495,40.2,37.393,15.923,26.128,23.515,21.598,18.73,46.61,40.9,14.518,3.9099,23.085,20.63,18.74,17.692,51.89,38.058,9.2715,8.6498,26.038,18.128,14.169,20.26,10.601,0.77099,26.3,18.037,0.39868,0.60038,0.46176,26.545,26.545,26.545,20.643
283.43,283.43,263.8,263.8,94.608,94.608,74.223,74.223,240.44,240.44,227.95,227.95,311,270.88,270.88,248.04,90.681,90.681,72.428,72.428,34.126,27.687,20.407,10.046,41.532,28.996,9.3543,9.0039,37.452,31.358,29.07,7.641,23.49,22.662,6.0506,4.813,58.17,55.759,53.232,43.225,25.423,14.21,14.889,22.506,12.436,0.78906,25.345,13.649,0.41974,0.64738,0.45274,35.54,35.54,35.54,23.75
210.54,210.54,168.07,168.07,100.47,100.47,89,81.108,197.24,197.24,150.79,150.79,178.8,178.8,174.74,174.74,149.46,149.46,138.74,138.74,19.665,19.511,17.349,9.8399,35.167,25.029,23.139,20.29,55.481,18.825,14.464,14.029,14.293,9.8535,6.7517,6.6479,30.026,19.398,17.881,13.124,24.381,20.633,16.019,22.2,10.839,0.71921,24.315,20.794,0.39468,0.48712,0.43482,38.612,38.612,38.612,18.157
360.45,360.45,226,217.39,118.58,118.58,89.589,89.589,238.55,238.55,206.78,206.78,299.28,299.28,283.94,283.94,77.239,77.239,73.923,73.923,35.75,20.047,14.705,13.771,38.569,28.662,21.199,17.147,40.031,22.346,8.2088,3.2918,21.075,17.28,16.312,6.7181,58.864,45.737,38.009,17.726,20.133,19.291,6.9298,16.862,5.7523,0.76186,20.361,17.922,0.40821,0.62154,0.4494,33.743,33.743,33.743,21.438
148.08,148.08,109.5,109.5,66.98,66.98,66.197,66.197,71.809,71.809,58.026,58.026,205.6,205.6,191.78,191.78,107.78,107.78,104.36,104.36,65.204,45.794,24.966,18.085,6.8023,6.0837,4.5332,2.9044,38.055,26.436,16.614,14.898,15.06,10.876,3.6722,3.4669,52.15,33.618,30.037,18.49,2.49,2.6331,3.6301,5.2387,2.8519,0.79412,2.1679,2.5639,0.43726,0.29178,0.52175,54.277,54.277,54.277,16.146
82.967,82.967,76.397,76.397,96,85.341,85.341,76.14,58.047,58.047,57.538,57.538,124,108.72,108.72,106.51,83.114,83.114,69.264,69.264,20.625,9.5795,5.8016,3.0108,7.0037,5.3864,0.91994,0.6115,32.439,6.5395,5.7079,3.9808,14.797,14.006,6.0592,5.2873,23.888,21.375,21.055,20.583,2.2161,2.5734,2.5254,2.481,4.1177,0.7736,2.1301,2.2259,0.42325,0.36019,0.55428,57.459,57.459,57.459,9.8223
155.57,155.57,118.4,118.4,101.86,101.86,98.919,98.919,40.406,40.406,38.349,38.349,171.6,171.6,153.63,153.63,106.41,106.41,81.951,81.951,35.938,31.384,7.6459,6.4626,17.317,5.6925,4.6993,2.1035,20.403,16.627,7.925,5.5883,17.337,13.316,9.8123,2.7745,53.772,13.994,6.9764,6.5467,4.5509,2.3805,2.4721,2.3991,4.3512,0.10721,4.2367,2.0658,0.071504,0.048179,0.52427,73.642,73.642,73.642,8.3587
140.81,140.81,120.52,120.52,72.944,72.944,55.376,55.376,74.985,74.985,53,47.493,165.62,165.62,140,127.15,113,91.21,91.21,88.724,13.429,9.9407,8.9248,7.7227,5.4148,4.9648,3.2121,0.90346,10.635,9.6866,9.2803,8.3763,6.3574,5.3636,3.0713,2.0629,46.479,13.903,8.9644,6.5634,5.3521,1.9889,3.8297,3.0368,4.6452,0.87557,5.3483,1.9246,0.47539,0.27687,0.5334,51.274,51.274,51.274,15.944
91.256,91.256,86.953,86.953,108.37,108.37,101.78,101.78,43.122,43.122,37.727,37.727,134.29,134.29,133.88,133.88,63.236,63.236,59.191,59.191,30.344,25.262,9.5759,7.8884,10.511,5.2843,4.5372,3.2154,18.267,11.21,10.617,8.1191,8.6659,3.9985,2.9294,2.4197,66.145,14.013,6.4545,5.1507,3.4157,1.9944,2.8087,2.3476,4.4272,0.87419,3.3029,1.6898,0.47399,0.25901,0.51418,41.303,41.303,41.303,21.927
107.04,107.04,82.601,82.601,51.346,51.346,46.336,46.336,39,38.859,38.859,38.706,93.009,93.009,87.365,87.365,64.784,64.784,62.336,62.336,33.26,3.2106,0.92827,0.68024,3.4195,2.2404,1.6565,1.5907,15.458,7.3178,4.6999,2.7037,4.9361,2.2182,1.1674,1.0304,121.82,42.1,39.714,28.561,3.6968,3.2626,2.8206,7.7172,6.3316,0.50371,3.6731,3.077,0.30969,0.12888,0.43925,56.891,56.891,56.891,24.212
161,131.16,131.16,116.53,129.98,129.98,89.64,89.64,83.608,83.608,79.229,79.229,257.49,257.49,238.49,238.49,103,91.601,91.601,83.717,22.791,20.095,19.472,13.672,5.6743,3.3347,2.4245,1.3689,7.5091,6.9034,4.3569,1.8843,14.526,5.5696,3.676,2.7837,25.858,23.131,20.988,16.631,5.5478,2.3944,3.7565,3.1234,6.738,1.0618,5.5186,2.3946,0.5621,0.41126,0.59306,65.168,65.168,65.168,20.189
108.53,108.53,108.25,108.25,80.542,80.542,72.344,72.344,44.254,44.254,40.094,40.094,115.71,115.71,109.38,109.38,98.929,98.929,96.48,96.48,23.528,21.681,20.827,5.672,5.634,3.9208,0.75985,0.66691,31.378,10.131,3.2248,2.6755,5.791,3.7603,3.0415,1.5435,79.97,63.039,21.965,21.035,5.1316,2.3094,5.3975,3.1623,8.1322,0.92147,5.0614,2.2612,0.48582,0.38993,0.49726,56.808,56.808,56.808,25.612
111,99.331,99.331,93.29,86,63.954,63.954,60.932,83,36.496,36.496,32.97,120.06,120.06,102.71,102.71,124.12,124.12,119.97,119.97,12.09,5.0724,4.1893,3.3357,14.921,6.4187,4.1152,2.3241,6.2764,4.1532,3.8921,1.1087,12.04,5.2959,4.4929,1.2926,42.799,15.312,13.776,13.64,3.5087,2.6373,3.9328,5.9759,4.3691,0.9277,3.2634,2.3634,0.51017,0.3469,0.56922,59.306,59.306,59.306,20.943
128.58,128.58,125.34,125.34,86,81.231,81.231,73.397,68.16,68.16,56.883,56.883,138.78,138.78,104,87.351,128.49,128.49,109.88,109.88,9.9297,9.0983,8.3286,2.3829,83.014,8.9581,5.3089,4.6971,24.591,18.402,10.399,8.737,20.256,15.366,9.0051,4.1359,63.446,45.945,45.749,17.29,4.1339,2.4404,3.0804,3.2863,5.0111,0.82286,3.7414,2.2612,0.45001,0.33869,0.59083,76.799,76.799,76.799,27.924
75.121,75.121,73.467,73.467,58.465,58.465,58.068,58.068,66.691,66.691,63.741,63.741,134.91,134.91,124.4,124.4,82.207,82.207,70,67.594,33.476,27.729,19.527,17.007,2.5624,2.5074,2.4145,0.9598,16.311,8.5353,7.0636,5.9541,5.1358,2.0612,0.88145,-0.24434,89.566,37.658,16.083,8.0971,4.1042,1.8257,3.0768,2.454,4.6762,0.89069,3.9827,1.7006,0.46276,0.46106,0.53295,56.749,56.749,56.749,20.976
76.993,76.993,76.395,76.395,66,54.488,54.488,48.993,61,47.914,47.914,41.973,95,60.453,60.453,58.43,81.98,81.98,79.899,79.899,4.173,3.0973,2.2907,0.79097,5.474,2.9514,2.7222,0.91306,23.451,5.1917,2.9898,2.5689,3.6403,3.0137,2.9668,2.2466,45.572,30.784,13.079,9.4618,4.7352,2.4358,4.3025,2.7406,5.9684,0.87853,4.5307,2.0158,0.47155,0.33418,0.48764,56.551,56.551,56.551,19.148
127.25,127.25,104.99,104.99,108.59,108.59,93.883,93.883,93,59.967,59.967,52.815,161.74,161.74,150.16,150.16,63.182,63.182,48.903,48.903,26.572,12.932,12.679,10.387,14.828,3.4545,3.2076,0.95337,31.918,10.057,6.5699,5.1622,12.33,6.4342,3.5887,3.3781,37.988,30.737,30.576,29.193,4.3767,2.0656,4.5068,3.4026,4.8074,0.96525,4.343,1.7889,0.53643,0.37456,0.58463,66.986,66.986,66.986,18.676
126,123.72,123.72,120.12,68.198,68.198,58.434,58.434,64.089,64.089,57,55.922,161,133.7,133.7,100.67,124.65,124.65,102.74,102.74,1.711,1.6058,1.4668,0.39737,7.4595,1.4875,0.88387,0.63938,28.134,6.8636,1.1712,0.18241,5.3627,2.9213,2.4558,2.0226,69.71,24.945,7.7264,7.2366,4.0056,2.2804,4.4845,3.4222,4.5436,0.91863,3.4285,2.1595,0.47094,0.38278,0.5347,51.512,51.512,51.512,22.771
135.93,135.93,100.92,100.92,91,54.522,54.522,48.688,58,36.982,36.982,34.976,175,112.69,112.69,107.7,105.92,105.92,90.804,90.804,6.5318,5.0805,1.5478,1.3919,21.321,7.6419,6.7714,6.1635,20.222,16.761,11.158,10.076,14.941,9.3534,6.754,2.2454,14.379,13.763,9.0796,8.017,4.6904,1.9149,3.2796,2.4631,5.9067,0.89,4.5342,1.8532,0.43569,0.411,0.48314,50.526,50.526,50.526,16.6
117,79.9,79.9,73.522,80.445,80.445,69.252,69.252,93.273,93.273,76.981,76.981,77,74.206,74.206,61.036,88.953,88.953,80.097,80.097,11.974,5.6294,3.3548,1.4735,12.025,4.7178,3.7021,3.4754,4.9403,4.4393,4.3942,0.61931,11.91,4.2781,2.9362,2.3108,40.185,26.148,23.831,22.716,3.7535,1.8135,4.0166,2.582,4.9486,1.2341,3.688,1.7227,0.57162,0.88081,0.64478,63.307,63.307,63.307,24.65
115.42,115.42,102.2,102.2,108.51,108.51,89.255,89.255,74.843,74.843,68.415,68.415,138.23,138.23,119.47,119.47,73,65.313,65.313,63.898,32.402,26.454,11.396,4.6648,7.7852,7.3816,2.2023,1.9218,17.499,15.46,10.531,7.8345,5.3748,4.0517,3.1019,1.9248,85.917,60.286,39.754,39.28,5.8557,2.0976,4.65,3.0696,5.2217,1.0736,5.5898,1.2581,0.59559,0.38138,0.61394,53.818,53.818,53.818,36.566
120.96,120.96,107.56,107.56,78.063,78.063,51.7,51.7,71.645,71.645,54.068,54.068,120.14,120.14,112.56,112.56,104.5,104.5,98.425,98.425,18.334,14.824,13.033,5.4286,10.81,5.1921,2.7562,2.3041,20.568,12.789,6.0489,5.2802,11.957,6.5396,5.4682,4.084,61.105,34.993,27.715,24.479,6.6299,1.6865,5.6174,2.6791,7.2999,1.0035,5.9677,1.3212,0.54381,0.42915,0.59329,55.853,55.853,55.853,22.599
83.801,83.801,61.09,61.09,55.658,55.658,47.262,47.262,44.138,44.138,38.974,38.974,75.555,75.555,65.778,65.778,80.109,80.109,62.017,62.017,16.482,13.799,12.164,6.9405,13.078,5.8333,4.2395,4.0843,12.118,11.154,7.232,6.8321,4.9343,3.2355,2.0465,1.7218,17.565,15.583,12.907,10.429,5.5438,1.6398,3.3961,2.3991,4.7164,0.9324,5.6042,1.4348,0.50328,0.34436,0.53618,46.324,46.324,46.324,18.874
119,90.947,90.947,68.089,162.69,162.69,155.66,155.66,145.54,145.54,118.95,118.95,161,150.42,150.42,139.01,112.87,112.87,97.25,97.25,22.497,5.8756,3.4459,2.1228,75.309,64.521,44.06,35.025,3.1803,1.5781,1.5381,0.9513,17.78,9.8635,9.7876,6.2648,16.781,16.356,9.6336,7.9475,3.0405,7.3258,3.1056,6.5794,3.6515,0.80803,2.8441,7.0942,0.4046,4.4248,0.52582,42.048,42.048,42.048,14.48
98.348,98.348,96.644,96.644,274.45,274.45,263.02,263.02,161.05,161.05,146.27,146.27,388.09,388.09,290.15,290.15,150.58,150.58,107.83,107.83,91.977,61.247,56.638,30.131,31.922,25.122,24.472,23.249,22.139,11.725,8.1341,3.0643,27.865,20.238,12.606,11.009,113.01,37.781,26.86,7.9048,19.553,19.21,9.2688,17.561,12.922,0.75335,19.624,18.911,0.40294,0.52231,0.59628,56.136,56.136,56.136,27.66
339.14,339.14,283.54,283.54,280,242.87,242.87,226.33,168.17,168.17,147.15,147.15,284.34,284.34,279.13,279.13,165.72,165.72,141,138.54,41.209,30.645,29.309,14.809,47.535,30.005,6.7857,3.8642,49.071,28.555,8.7889,1.7328,9.4363,5.701,5.3017,4.1246,56.494,22.67,7.3612,7.2021,18.656,16.617,12.393,11.018,7.9106,0.81692,18.838,16.396,0.41695,0.46346,0.56627,46.349,46.349,46.349,19.408
144.92,144.92,127.58,127.58,353.43,353.43,313.39,313.39,242.44,242.44,169.8,169.8,439.74,439.74,402.46,402.46,233.85,233.85,200.94,200.94,89.851,42.275,38.83,18.026,50.773,16.4,15.88,13.315,19.739,15.451,9.8727,9.555,28.055,19.376,18.48,14.075,19.013,13.552,9.9938,6.9855,20.933,23.191,11.541,15.659,12.598,0.067187,21.014,23.422,0.26688,0.035583,0.3503,32.317,32.317,32.317,10.025
136.67,136.67,135,120.84,340.39,340.39,238.3,238.3,133.39,133.39,122.62,122.62,423,329.51,329.51,308.69,222.23,222.23,184.13,184.13,16.236,9.94,7.5906,3.4848,69.092,30.33,18.24,2.4603,16.894,8.11,5.7728,4.8191,16.405,15.95,15.342,14.308,100.3,20.493,16.125,12.985,26.712,24.327,13.346,19.856,9.1263,0.96778,26.667,24.59,0.37449,1.3907,0.58251,37.587,37.587,37.587,29.652
195,169.45,169.45,147.29,313.96,313.96,299.43,299.43,169.7,169.7,159.38,159.38,690.4,690.4,397.6,397.6,129.84,129.84,123.14,123.14,79.769,78.002,51.051,42.402,72.874,53.655,45.116,36.936,17.778,17.607,3.9228,3.334,36.573,31.73,24.856,21.039,7.8517,4.3349,4.1044,2.186,18.256,18.293,13.821,15.538,7.9833,0.037078,17.988,18.475,0.038693,0.037155,0.47737,42.965,42.965,42.965,7.2416
181.64,181.64,175.8,175.8,381.11,381.11,343.89,343.89,210.16,210.16,189.88,189.88,508.02,508.02,399.23,399.23,161,160.39,160.39,126.69,72.935,63.359,41.177,30.021,54.352,32.56,22.549,21.955,28.797,11.354,9.2338,4.2521,41.637,39.353,37.348,34.853,69.897,28.317,24.073,17.018,6.6516,14.172,6.2254,9.9911,8.0014,0.83234,6.6434,14.312,0.41645,0.58412,0.61218,52.92,52.92,52.92,28.798
101.72,101.72,83.702,83.702,203.55,203.55,203.18,203.18,167.05,167.05,139.88,139.88,349.94,349.94,243.58,243.58,214.56,214.56,212,206.11,51.241,50.536,49.487,15.622,60.564,57.168,54.855,45.977,16.892,10.238,8.1788,5.1015,31.996,20.71,14.943,13.266,66.052,41.637,19.403,18.514,4.7422,11.767,5.3146,18.201,4.0879,0.69113,4.7271,11.899,0.39642,0.39986,0.5838,38.635,38.635,38.635,19.567
213.97,213.97,160.63,160.63,226.97,226.97,193.24,193.24,212.55,212.55,150.03,150.03,503.01,503.01,474,394.3,165.28,165.28,140.51,140.51,66.691,10.928,9.0995,9.0299,75.335,18.345,18.086,13.495,33.126,19.214,18.469,9.2198,22.834,12.486,9.0499,4.5846,63.093,62.732,59.93,16.907,23.176,23.189,14.289,19.419,9.6942,0.72559,23.101,23.181,0.43836,0.45329,0.54868,44.247,44.247,44.247,27.993
136.31,136.31,127.05,127.05,242.98,242.98,180,179.08,169,128.49,128.49,128.18,511.31,511.31,494.94,494.94,115,102.33,102.33,74.234,74.208,66.073,52.819,30.898,19.728,14.473,14.431,9.4034,22.294,15.613,15.565,8.367,48.565,37.618,17.944,17.892,37.844,11.905,9.1841,8.9542,10.392,17.354,11.036,20.363,8.9914,0.30437,10.236,15.767,0.20669,0.1303,0.46401,31.472,31.472,31.472,11.196
147.58,147.58,115.26,115.26,220.12,220.12,208.13,208.13,188.28,188.28,180.51,180.51,559.57,559.57,551.49,551.49,128.49,128.49,117.4,117.4,100.43,67.51,58.998,52.635,65.986,53.914,52.354,41.031,21.348,17.504,12.155,10.136,60.786,58.549,48.834,32.591,49.649,10.948,8.6379,6.0802,10.027,16.694,7.8542,18.983,11.265,0.39542,10.01,16.741,0.24827,0.17531,0.44622,36.567,36.567,36.567,10.484
203.73,203.73,139.94,139.94,193.13,193.13,175.32,175.32,214.69,214.69,188.99,188.99,416.33,416.33,414.15,414.15,240.43,240.43,199.77,199.77,59.013,44.529,38.363,37.369,72.946,48.067,43.262,40.694,18.241,16.265,14.737,11.47,53.515,37.62,28.164,26.705,76.198,58.81,24.427,8.6764,6.1228,7.9008,5.1897,9.1894,6.5608,0.355,6.1359,7.8716,0.23837,0.135,0.40979,27.586,27.586,27.586,12.27
180.98,180.98,159.98,159.98,230.95,230.95,200.48,200.48,182.71,182.71,153.75,153.75,605.18,605.18,518.64,518.64,240.63,240.63,231.86,231.86,109.78,43.959,36.254,26.376,72.121,34.668,23.67,2.8185,68.412,27.448,12.383,8.2132,13.589,11.647,7.0133,6.7347,28.757,27.79,24.537,19.023,14.234,20.272,9.17,21.373,7.3726,0.85362,14.215,20.36,0.47153,1.4316,0.55687,38.613,38.613,38.613,27.756
129.95,129.95,120.75,120.75,177.16,177.16,156.86,156.86,277.16,277.16,149.46,149.46,273.56,273.56,263.97,263.97,233.47,233.47,229.28,229.28,91.401,46.335,30.166,14.612,38.557,29.505,20.994,17.944,30.938,19.133,15.126,11.482,66.054,62.359,27.022,18.839,16.959,15.483,13.657,13.302,8.0857,17.749,12.394,15.419,6.933,0.89402,7.8085,17.797,0.46621,2.6729,0.53716,46.579,46.579,46.579,16.356
111.75,111.75,104.98,104.98,199.24,199.24,194.19,194.19,185.44,185.44,180.41,180.41,405.71,405.71,337.57,337.57,180,130.84,130.84,121.88,39.579,36.185,23.351,14.203,27.143,21.349,21.241,9.8521,16.647,8.9922,8.4182,7.4377,28.445,25.558,20.946,17.955,65.754,17.726,16.357,13.136,10.469,20.435,7.9889,11.534,6.5371,0.98481,10.574,19.358,0.42174,1.9677,0.56543,30.414,30.414,30.414,30.829
171.2,171.2,142.25,142.25,175.97,175.97,155,137.9,166.81,166.81,163.98,163.98,350.27,350.27,331.46,331.46,292.62,292.62,219.33,219.33,90.684,69.458,45.101,23.464,48.751,24.498,22.033,19.213,15.771,10.445,10.078,8.967,30.61,16.759,15.404,10.548,43.958,34.448,29.936,12.044,8.6152,21.025,6.5235,14.414,6.7528,0.7533,8.6661,21.241,0.4115,1.4393,0.55759,31.85,31.85,31.85,23.489
131.56,131.56,127.51,127.51,194.5,194.5,158.5,158.5,143.55,143.55,123.52,123.52,296.75,296.75,283.31,283.31,255.97,255.97,204.92,204.92,45.141,42.816,16.286,14.144,51.407,26.642,3.0258,2.9923,32.418,14.49,10.322,3.9552,60.343,22.598,21.915,19.863,41.673,37.543,35.298,23.817,12.597,22.854,11.424,13.733,8.4327,0.77124,12.703,23.049,0.46446,3.3445,0.64904,39.771,39.771,39.771,25.808
125.77,125.77,94.7,94.7,220,179.71,179.71,164.11,175,161.2,161.2,151.04,529.31,529.31,428.28,428.28,126.53,126.53,109.43,109.43,81.35,58.096,24.07,21.879,100.08,51.424,10.971,9.5952,27.535,13.807,8.5883,4.8657,47.192,23.148,17.515,14.114,32.942,30.298,16.682,10.004,5.416,14.654,5.1186,7.6041,4.0249,0.70725,5.2187,14.791,0.40464,3.1634,0.59901,44.259,44.259,44.259,23.318
229.62,229.62,218.02,218.02,198.45,198.45,196.67,196.67,165.61,165.61,157.89,157.89,501.99,501.99,433.1,433.1,237.56,237.56,215.5,215.5,41.09,37.712,28.174,25.985,30.487,22.812,19.36,14.679,95.948,23.223,15.254,11.979,37.655,24.035,21.431,20.548,23.295,18.282,12.732,8.6154,8.4235,15.668,7.0269,14.075,8.6397,0.72549,8.5184,15.823,0.42196,2.3784,0.66946,46.158,46.158,46.158,22.687
71.581,71.581,61.55,61.55,45,31.241,31.241,30.851,30,24.03,24.03,20.203,73,41.004,41.004,36.504,81.696,81.696,66.008,66.008,4.9288,4.461,2.969,0.63779,4.0055,3.6662,2.8357,1.9932,13.277,11.562,10.194,7.6499,3.1222,2.3311,1.0787,0.82024,49.097,46.33,38.912,28.747,3.6086,6.0864,2.1292,3.6727,5.164,1.1466,3.5129,5.8364,0.63883,0.54972,0.62161,28.601,28.601,28.601,14.752
53.126,53.126,39.294,39.294,40,34.688,34.688,32.457,36,28.829,28.829,27.325,64.89,64.89,64.158,64.158,35.321,35.321,32,30.765,15.156,7.8046,4.7291,4.3769,5.7174,3.0817,2.9582,2.8881,8.3744,5.7006,4.7205,3.9535,6.0123,4.4718,3.8535,3.1973,50.722,42.246,32.87,22.905,4.6019,8.9393,1.9551,2.582,3.9129,1.1743,4.6382,8.9102,0.63443,0.62291,0.61262,30.805,30.805,30.805,21.268
51.448,51.448,42.894,42.894,46,27.544,27.544,24.499,27.251,27.251,24.781,24.781,30,25.258,25.258,24.437,60.057,60.057,44.204,44.204,6.6921,1.4369,0.83013,0.75065,11.902,6.8486,4.6675,2.9719,14.666,3.4392,2.7234,2.6713,3.9008,2.7388,2.3592,2.3198,55.826,43.78,33.768,27.011,4.8328,7.3197,1.7062,4.3461,5.1532,1.1354,4.7285,7.0312,0.63538,0.58388,0.62458,27.544,27.544,27.544,18.861
46.508,46.508,42.33,42.33,45.747,45.747,30.053,30.053,57,25.641,25.641,19.579,65.95,65.95,58.856,58.856,68,34.157,34.157,31,8.4365,7.5327,5.6686,5.0829,4.3807,3.4912,2.2936,1.4968,8.6088,4.8432,1.553,0.7446,12.777,3.4335,3.0602,2.8345,33.284,22.766,22.737,20.248,2.5777,5.5538,2.044,6.4893,3.7977,1.0448,2.2704,5.3505,0.55664,0.58488,0.57045,24.872,24.872,24.872,17.891
86,58.622,58.622,56.858,76,48.201,48.201,42.685,63.248,63.248,59,47.223,150,88.335,88.335,88.216,87,41.458,41.458,37.869,8.749,2.7095,1.533,0.93063,12.851,10.438,7.3779,5.2657,6.3419,5.0543,1.7947,1.7637,6.2401,5.8647,4.19,3.8328,36.985,28.951,26.457,23.918,4.5802,4.4197,1.7321,4.858,4.1473,1.0949,4.5826,4.3639,0.59119,0.59485,0.57316,35.274,35.274,35.274,15.705
60.711,60.711,50.123,50.123,57.541,57.541,52.818,52.818,66,42.142,42.142,41.711,102.81,102.81,100.34,100.34,56,48.338,48.338,42.916,14.029,8.5073,8.3478,6.8235,3.576,1.8822,1.1899,0.84037,7.1063,6.6966,4.078,2.5444,7.4843,6.9901,2.9373,2.8785,55.507,45.747,44.454,32.794,2.3428,4.4994,2.9814,7.9484,3.8123,1.0765,1.9324,4.5502,0.59468,0.60157,0.62321,31.019,31.019,31.019,16.769
61.903,61.903,60.178,60.178,61,34.75,34.75,32.331,44.947,44.947,42.32,42.32,108.59,108.59,92,87.698,56.587,56.587,50.076,50.076,14.451,9.5459,9.2992,3.4654,8.0401,3.5735,2.7395,1.3287,12.694,10.591,6.3519,4.55,5.2809,3.7028,2.1339,1.7175,61.435,60.865,42.004,36.981,2.7487,4.5387,2.1448,14.261,3.8701,1.0821,2.7076,4.4871,0.58182,0.65867,0.6029,63.735,63.735,63.735,17.814
56.773,56.773,44.933,44.933,65,39.67,39.67,31.85,39.128,39.128,35.183,35.183,94,90.428,90.428,88.102,45.649,45.649,39.672,39.672,4.3925,2.8125,2.1594,1.9651,11.533,6.2312,4.1889,2.5465,6.7506,6.5961,3.832,1.2295,20.4,19.895,8.0862,6.6448,25.96,22.935,15.503,13.785,2.9851,5.0772,2.0276,12.033,2.9814,1.0704,2.86,4.8095,0.59024,0.60918,0.59006,35.383,35.383,35.383,13.639
72.615,72.615,53.028,53.028,54,37.909,37.909,35.427,60,38.746,38.746,37.47,120.53,120.53,94.965,94.965,46.047,46.047,44.755,44.755,21.341,18.388,5.4495,2.5436,5.6486,4.4816,2.8167,2.2671,8.6837,6.632,3.4958,3.4711,5.6533,5.295,3.9696,3.0939,47.537,43.029,37.609,19.502,2.5906,4.7235,1.9032,6.4291,3.1091,1.0872,2.4439,4.6081,0.59574,0.61255,0.61549,36.816,36.816,36.816,15.5
57.021,57.021,50,40.293,60,42.41,42.41,40.951,63.86,63.86,58.961,58.961,141,105.68,105.68,69.09,57.482,57.482,56.881,56.881,5.6856,3.1748,1.8129,1.6378,30.205,5.3415,3.1373,2.5333,5.6653,3.493,1.8183,1.506,3.8219,3.6466,2.9366,2.7348,87.685,66.886,43.69,32.194,3.0185,4.7282,1.972,5.3354,3.2694,1.0128,2.9554,4.7604,0.57378,0.55876,0.61264,35.639,35.639,35.639,21.387
93.585,93.585,82.477,82.477,41.037,41.037,37.042,37.042,37.987,37.987,35.721,35.721,114.18,114.18,90.411,90.411,47,46.323,46.323,44.436,8.9501,6.8834,5.2355,4.9668,5.44,3.7102,3.6728,2.7211,19.179,13.408,2.9433,2.0566,5.5337,4.0843,3.54,2.9261,39.821,27.54,14.302,10.481,2.1858,3.6818,2.2657,7.5263,2.8206,1.0351,2.0824,3.7223,0.58826,0.57808,0.61094,40.371,40.371,40.371,17.795
108,63.283,63.283,62.084,71,39.237,39.237,34.526,75,42.301,42.301,40.215,119,55.435,55.435,49.917,72.794,72.794,68.986,68.986,5.3059,0.56084,0.53324,0.18496,11.426,9.932,6.4942,4.8025,4.8252,0.086109,-0.263,-0.55945,15.57,9.9605,8.0556,6.1141,34.928,25.394,18.052,12.303,2.7162,4.7329,2.3094,4.5461,2.3381,1.0385,2.3402,4.4174,0.56705,0.52794,0.6516,41.395,41.395,41.395,15.919
57.237,57.237,49.645,49.645,57.781,57.781,45.85,45.85,62.221,62.221,53,48.248,71.195,71.195,54.241,54.241,39.212,39.212,33.701,33.701,14.156,8.1662,7.0094,5.4305,6.6892,5.0245,2.4699,1.8695,7.5954,7.1791,6.6384,5.4791,9.8767,4.1818,3.1528,2.7316,97.151,68.392,67.106,36.676,2.241,4.7563,2.925,3.5994,2.49,1.0542,1.854,4.4792,0.57653,0.52136,0.61745,37.593,37.593,37.593,24.815
47.329,47.329,45.986,45.986,44.557,44.557,40.038,40.038,53.388,53.388,44.418,44.418,89.182,89.182,78.121,78.121,49.579,49.579,33.796,33.796,10.163,8.4073,7.8593,5.6902,17.933,5.2546,5.1664,3.4658,8.2161,4.4392,3.7766,1.8194,6.9087,5.119,4.5983,1.8685,34.518,23.271,23.141,20.695,2.974,6.1752,2.1602,5.5176,3.7771,1.009,2.6164,6.1863,0.54583,0.48829,0.59889,31.075,31.075,31.075,13.552
56.97,56.97,54.877,54.877,56.659,56.659,49.645,49.645,54.351,54.351,46,34.606,65.926,65.926,60.962,60.962,54.772,54.772,53.781,53.781,14.575,7.6074,5.8219,4.796,7.7377,1.7824,1.2696,0.70463,10.077,7.6261,7.1366,5.3033,9.0253,8.1679,5.2196,4.1302,61.176,40.639,40.209,30.075,3.1937,6.1464,2.481,3.218,2.6034,1.0659,3.1634,6.105,0.58743,0.5537,0.61778,34.747,34.747,34.747,18.402
94.569,94.569,85.676,85.676,66,52.708,52.708,50.395,128,63.884,63.884,57.4,145.15,145.15,143.28,143.28,110,95.764,95.764,92.561,39.372,3.9477,1.6889,0.80578,7.5116,6.3967,6.0039,5.2083,12.052,5.4433,1.6574,1.2007,7.3092,4.9726,4.4293,4.0899,57.316,37.147,24.948,24.568,2.0976,6.6633,4.3153,5.6214,2.4676,1.0735,1.8768,6.6952,0.58099,0.56016,0.62623,42.075,42.075,42.075,20.376
38,33.868,33.868,32.558,70,64.344,64.344,55.218,68.825,68.825,57.566,57.566,104.14,104.14,94.715,94.715,47.459,47.459,47,44.693,12.757,4.2569,4.0824,2.6568,5.1012,4.2959,3.1441,3.068,4.8307,3.0702,2.3362,2.1867,17.415,9.986,2.9058,2.6475,46.689,19.354,12.67,10.514,2.9777,5.9517,2.9963,4.3843,2.2061,0.96461,2.6578,5.3809,0.52708,0.48498,0.60577,45.874,45.874,45.874,14.272
32.708,32.708,29.086,29.086,50,38.839,38.839,37.004,45,30.315,30.315,26.21,85.14,85.14,78,77.657,35.624,35.624,35.512,35.512,10.995,2.5767,2.489,2.1354,12.558,5.4939,3.5872,3.2805,3.9726,2.8657,2.3465,2.1294,7.0133,3.7254,2.3956,1.2355,53.238,45.711,36.374,21.308,1.5275,5.5297,2.9702,4.6043,3.2489,1.007,1.3551,5.512,0.54874,0.5022,0.63863,30.824,30.824,30.824,15.822
165.96,165.96,158.47,158.47,118.91,118.91,107.03,107.03,62,56.533,56.533,50.611,266.51,266.51,191.03,191.03,98,74.763,74.763,74.533,65.119,56.782,29.298,17.791,4.3125,2.9398,1.5717,1.3275,74.049,20.507,7.8877,7.5456,17.766,17.566,9.7054,4.5275,26.435,25.843,10.616,9.6659,12.593,17.161,6.6182,5.2217,6.9714,0.99629,12.659,17.339,0.49019,0.32069,0.51372,29.583,29.583,29.583,15.75
155.2,155.2,145.14,145.14,157.94,157.94,147.16,147.16,135.32,135.32,106.76,106.76,285.83,285.83,181.44,181.44,172,121.03,121.03,103.52,65.31,48.075,30.253,25.585,19.393,11.618,11.241,6.7738,50.899,24.425,21.483,12.786,16.336,15.296,4.7783,3.5415,46.613,10.484,7.3721,6.0019,12.074,23.484,6.9634,8.3772,4.15,0.99597,11.439,23.701,0.50567,0.20481,0.54089,13.837,13.837,13.837,9.0992
203.22,203.22,199.65,199.65,219.72,219.72,177.15,177.15,129.47,129.47,92.594,92.594,145.31,145.31,131.34,131.34,209.01,209.01,147.71,147.71,27.64,23.981,17.68,9.8404,26.146,22.311,17.898,6.9367,55.177,21.725,17.904,17.338,41.17,29.408,5.8544,2.2227,48.396,44.12,24.364,22.663,14.874,21.784,7.3439,7.5454,8.098,0.87994,14.869,21.814,0.45797,0.11746,0.48126,22.712,22.712,22.712,13.301
220,219.4,219.4,206.77,123.73,123.73,120.3,120.3,141.64,141.64,115.32,115.32,169.07,169.07,139,124.67,226.42,226.42,152.19,152.19,10.433,8.1084,7.0383,6.4546,22.3,16.65,12.663,3.9608,17.119,16.604,14.833,14.702,43.551,9.9038,5.8733,4.8437,19.278,6.5327,6.1783,6.0753,11.166,16.475,7.2587,6.3386,3.7506,1.0193,11.203,16.655,0.52177,0.20878,0.55129,18.589,18.589,18.589,7.2827
235.6,235.6,198.4,198.4,149.29,149.29,132.77,132.77,118.52,118.52,95.102,95.102,99.471,99.471,82.67,82.67,221.44,221.44,208.06,208.06,17.989,12.876,10.896,9.6113,10.542,9.323,4.5567,4.3314,43.409,25.451,23.47,21.984,17.492,15.591,15.428,13.363,16.134,9.0334,8.1125,6.6322,10.747,19.954,5.7658,7.1274,4.5191,1.0125,10.856,19.592,0.49376,0.11053,0.52816,17.172,17.172,17.172,6.9897
310.83,310.83,292.44,292.44,121.79,121.79,99.156,99.156,129.82,129.82,128.9,128.9,113.08,113.08,104.23,104.23,215.49,215.49,192.59,192.59,11.816,11.561,9.9959,7.1189,19.973,13.472,5.8536,3.6172,32.176,31.681,30.528,27.496,23.815,18.173,5.7172,4.3344,16.806,14.113,9.073,6.268,10.764,17.486,6.9394,5.3479,2.7285,0.96288,10.802,17.657,0.48186,0.10115,0.52002,15.506,15.506,15.506,8.1269
285.87,285.87,248.8,248.8,177.44,177.44,174.81,174.81,133.63,133.63,128.96,128.96,252.81,252.81,202.98,202.98,197.7,197.7,180.71,180.71,48.472,38.874,27.543,22.283,44.047,34.114,8.2091,7.4682,33.7,24.592,22.871,20.002,47.368,18.627,6.6322,4.7513,23.719,14.2,7.3724,6.2336,16.02,21.023,6.6667,5.1273,5.9944,0.90288,16.161,21.124,0.46543,0.11964,0.55226,20.189,20.189,20.189,9.3633
257.32,257.32,186.41,186.41,135.04,135.04,124.76,124.76,94,79.277,79.277,74.137,139.89,139.89,135.68,135.68,176.58,176.58,172.13,172.13,20.563,18.28,16.746,14.045,20.018,3.7047,3.6619,3.3215,47.751,33.311,32.628,18.51,26.941,26.742,15.829,15.147,24.757,11.783,10.83,7.9223,11.548,15.099,4.1419,6.2183,3.0948,1.0202,11.419,15.191,0.50852,0.15227,0.50695,21.739,21.739,21.739,9.7368
272.56,272.56,256.41,256.41,67.437,67.437,53.61,53.61,68.854,68.854,65.308,65.308,69,61.808,61.808,52.167,89.611,89.611,89.057,89.057,6.5457,6.0267,2.3709,1.4425,4.3576,1.6541,0.70845,0.40169,28.607,22.892,22.347,19.725,24.617,14.222,13.149,11.326,8.3549,4.0734,3.6268,2.6615,12.304,8.6846,6.549,5.099,3.0623,0.87995,12.163,8.4535,0.41202,0.14818,0.36791,14.863,14.863,14.863,6.5093
274.19,274.19,236.78,236.78,143.2,143.2,119.68,119.68,130.2,130.2,130,118.56,186.48,186.48,140.46,140.46,125.83,125.83,107.7,107.7,43.839,18.631,13.276,11.367,13.141,9.3565,4.3678,2.1548,59.495,50.711,28.004,27.654,14.499,8.3122,7.1832,6.1879,17.217,14.006,8.4781,4.9742,12.019,14.209,4.7981,4.5631,3.9553,0.8939,12.142,14.203,0.45501,0.14118,0.57965,19.468,19.468,19.468,10.022
198.79,198.79,166.19,166.19,146.54,146.54,138.73,138.73,102.77,102.77,92.752,92.752,143.56,143.56,115.14,115.14,98.773,98.773,78.76,78.76,29.967,26.712,21.417,16.775,9.2127,6.7002,4.568,3.2717,30.883,27.612,24.155,21.704,15.54,12.948,11.905,11.643,12.74,8.739,7.9826,2.664,9.4092,11.566,5.7774,4.4422,4.6595,0.956,9.4976,10.942,0.47479,0.13089,0.49007,16.932,16.932,16.932,6.7627
250.36,250.36,247.72,247.72,108.14,108.14,100.24,100.24,99.432,99.432,93.94,93.94,144.48,144.48,115.02,115.02,120.88,120.88,112.15,112.15,27.562,23.208,18.899,6.0616,27.424,23.794,22.475,3.6171,44.008,41.058,39.858,37.138,23.105,11.521,8.77,7.1297,18.102,10.574,7.579,6.6556,15.793,16.393,4.4272,4.5068,4.8785,0.96512,15.925,16.39,0.48959,0.12114,0.52678,24.246,24.246,24.246,7.0794
380.72,380.72,268.37,268.37,147.49,147.49,134.09,134.09,105.25,105.25,97.986,97.986,292.77,292.77,247.54,247.54,109.53,109.53,100.13,100.13,31.433,25.579,23.695,16.766,12.396,9.0341,7.2693,5.8893,49.779,46.497,22.933,21.379,25.69,5.5382,3.2839,0.81816,59.832,26.813,23.755,10.028,18.696,19.768,5.1273,7.7817,5.1897,0.70756,18.826,19.99,0.40013,0.060371,0.48643,26.585,26.585,26.585,13.494
241.63,241.63,194.36,194.36,133.64,133.64,130.43,130.43,128.7,128.7,125.91,125.91,114,114,111.14,111.14,189.69,189.69,176.09,176.09,40.312,38.357,23.181,14.867,7.8292,5.3405,2.2134,1.2173,45.881,36.646,34.857,29.659,41.293,22.837,20.208,1.3015,32.264,10.287,9.435,8.4131,19.812,19.823,7.6638,4.7981,2.6708,1.0174,20.017,19.953,0.516,0.078321,0.50317,20.075,20.075,20.075,10.602
203.55,203.55,202.29,202.29,119.01,119.01,91.687,91.687,99.119,99.119,70.087,70.087,123.34,123.34,102.28,102.28,264.58,264.58,203.84,203.84,50.319,28.106,9.5557,9.102,3.8545,2.6974,2.1379,1.4369,30.238,29.636,19.221,16.861,46.371,18.89,7.8599,4.2983,17.532,14.831,11.021,8.4217,12.445,12.561,3.8959,5.0706,3.5496,1.1532,12.408,12.689,0.49331,0.8049,0.52318,22.243,22.243,22.243,6.1499
220.63,220.63,145.74,145.74,123.21,123.21,113.61,113.61,69,60.434,60.434,54.625,117.25,117.25,92.193,92.193,138.78,138.78,137.95,137.95,14.444,14.405,7.4091,4.9391,9.1945,6.1971,5.2777,3.7972,38.75,14.158,14.063,13.086,19.256,11.082,5.5357,2.8382,53.488,18.304,18.14,15.534,11.739,15.769,4.0497,5.2281,4.6975,1.0101,11.792,15.66,0.5101,0.094994,0.52837,25.788,25.788,25.788,14.628
346.08,346.08,271.25,271.25,93.485,93.485,88.82,88.82,47.046,47.046,47,44.135,56.655,56.655,56.609,56.609,187.62,187.62,179.46,179.46,13.322,6.7272,4.0174,3.3826,3.1578,1.4874,1.3211,0.96542,77.144,37.873,28.8,20.886,15.488,2.435,1.2653,0.70387,26.437,23.487,14.104,8.6262,12.019,9.5534,3.5839,3,3.8987,0.93606,11.752,9.1112,0.46619,0.109,0.4685,22.645,22.645,22.645,8.6989
171.65,171.65,168.6,168.6,152.55,152.55,138.04,138.04,126.39,126.39,76.83,76.83,186.5,186.5,164.26,164.26,111.37,111.37,93.667,93.667,22.59,21.175,15.805,13.687,4.7229,1.1209,0.30891,0.27756,27.051,21.713,17.82,17.099,13.787,9.9947,5.1373,3.7344,14.72,12.721,11.008,9.9717,9.8274,13.342,2.8636,3.873,5.4283,0.93595,9.8584,13.288,0.47795,0.1421,0.57623,24.306,24.306,24.306,8.3726
232.81,232.81,183.83,183.83,93.768,93.768,83.112,83.112,67.323,67.323,66.642,66.642,61.624,61.624,61.602,61.602,210.42,210.42,199.79,199.79,18.426,6.9959,5.7047,2.9253,9.7091,6.7915,5.4291,3.4045,39.236,33.172,26.839,18.482,43.56,22.076,9.2252,7.4202,20.323,19.854,10.146,7.8785,10.924,15.936,3.8873,3.9129,5.9404,0.94481,11.044,16.098,0.48196,0.10044,0.56607,27.348,27.348,27.348,14.422
227.65,227.65,195.4,195.4,95.28,95.28,86.285,86.285,59.818,59.818,58.384,58.384,83.474,83.474,82.936,82.936,203.12,203.12,177.1,177.1,13.766,11.567,7.0525,6.8128,7.8545,6.8316,5.0098,2.7612,68.224,27.541,16.503,16.219,19.443,16.166,13.145,11.035,22.284,7.6573,6.4325,5.3085,14.923,13.435,4.8465,5.5116,3.5684,0.95338,15.079,13.479,0.48775,0.14879,0.58197,32.601,32.601,32.601,12.088
200.19,200.19,197.29,197.29,151.81,151.81,113,113,91,91,76,70.643,130.36,130.36,124.81,124.81,205,193.43,193.43,175.75,66.618,10.118,6.3895,4.5624,14.217,11.537,10.584,10.202,30.05,24.236,23.368,17.991,28.233,20.439,15.468,13.064,35.824,22.438,18.881,14.95,10.817,12.21,3.9777,8.5661,4.0194,0.8647,10.888,12.344,0.46246,0.13742,0.5787,44.868,44.868,44.868,14.389
226.03,226.03,192.78,192.78,105.41,105.41,104.5,104.5,108.58,108.58,78.889,78.889,122.43,122.43,95.252,95.252,244.82,244.82,225.93,225.93,11.534,8.0707,5.229,2.8608,12.509,10.034,1.302,-0.061052,58.713,51.804,35.51,21.257,16.408,13.256,8.3572,5.446,19.429,18.601,13.485,9.9386,16.721,12.834,4.1793,4.7117,11.955,1.0304,15.972,12.978,0.52386,0.15069,0.56685,32.062,32.062,32.062,11.3
196.74,196.74,188.21,188.21,183.69,183.69,149.55,149.55,80.487,80.487,73.261,73.261,160.86,160.86,124.53,124.53,125.93,125.93,118.12,118.12,24.083,18.683,18.089,17.119,26.418,16.784,14.215,13.402,55.879,39.623,34.733,29.583,18.306,18.098,12.371,2.8918,17,7.5946,7.5723,7.5417,15.45,16.459,3.6179,3.8471,3.9441,0.8859,15.004,16.627,0.46663,0.10938,0.52087,26.401,26.401,26.401,7.3012
190.82,190.82,185.32,185.32,177.49,177.49,159.17,159.17,103.43,103.43,93.243,93.243,129.28,129.28,128.95,128.95,245.21,245.21,225.82,225.82,24.729,9.5957,6.4258,4.4201,10.921,7.2673,4.793,4.6435,20.314,13.034,10.902,9.3606,6.8246,6.6353,6.482,5.2429,11.487,9.2217,5.3411,2.7964,11.917,13.586,4.614,4.3025,6.738,1.0711,11.869,13.738,0.43253,0.7822,0.46854,21.983,21.983,21.983,8.1303
116.32,116.32,114.91,114.91,79.934,79.934,79.575,79.575,165.13,165.13,141.93,141.93,84.842,84.842,72.859,72.859,327.5,327.5,196.6,196.6,12.628,11.237,10.002,9.9674,25.706,16.49,10.778,10.122,30.069,27.509,14.468,13.604,23.747,13.572,9.9149,9.3937,36.539,19.509,18.633,13.939,15.383,4.1285,11.257,13.598,9.3559,0.99528,15.537,4.0722,0.51239,0.30976,0.5393,42.639,42.639,42.639,14.018
113.69,113.69,108.19,108.19,83.368,83.368,83.348,83.348,175.98,175.98,171.7,171.7,83.947,83.947,65.74,65.74,189.97,189.97,184.84,184.84,15.06,9.8328,8.6607,7.6207,57.096,19.004,8.3956,6.9959,28.505,11.795,9.7296,6.5402,11.46,11.222,10.846,7.8479,69.784,34.9,15.481,15.096,16.399,4.0661,6.7032,9.5312,7.7302,0.94352,16.53,4.0765,0.51786,0.31557,0.5393,46.131,46.131,46.131,19.076
152.38,152.38,138.34,138.34,86.502,86.502,74.004,74.004,163.3,163.3,158.88,158.88,98.948,98.948,73.745,73.745,236.97,236.97,189.81,189.81,14.18,11.667,7.6832,7.4927,54.699,48.36,19.87,11.282,12.353,10.197,8.5381,8.287,24.181,23.396,20.722,16.283,44.679,36.607,21.421,12.845,15.66,3.4801,6.7971,12.181,8.6191,1.0362,15.37,3.5188,0.53833,0.50506,0.51799,38.322,38.322,38.322,14.515
71.851,71.851,66.455,66.455,98.997,98.997,72.806,72.806,194.34,194.34,169.14,169.14,73.751,73.751,51.814,51.814,161.96,161.96,130.22,130.22,9.0275,7.1721,6.8921,4.5674,20.623,19.193,9.5025,5.8037,12.334,10.204,8.1085,6.9433,9.3183,6.2714,5.2133,5.0445,64.639,33.114,22.94,19.988,14.926,2.8441,4.7022,4.5338,8.4722,1.0063,14.94,2.7601,0.52115,0.34775,0.48792,37.705,37.705,37.705,13.94
91.004,91.004,70.636,70.636,109,69.16,69.16,57.118,157.74,157.74,137.58,137.58,73,57.723,57.723,55.977,143.51,143.51,128.99,128.99,7.1852,5.7937,5.6581,4.7532,30.96,23.981,20.349,10.12,9.4472,9.214,7.6373,6.6417,21.91,14.646,14.043,5.8038,83.524,44.057,18.685,15.52,15.584,3.7268,5.0837,6.9105,9.5719,1.0673,15.516,3.6545,0.54467,0.35814,0.5208,38.626,38.626,38.626,16.576
182.55,182.55,156.35,156.35,138.61,138.61,113,109.68,198.71,198.71,176.31,176.31,85.47,85.47,83.779,83.779,234.87,234.87,213.47,213.47,8.1128,7.5557,4.883,3.7723,36.142,13.888,13.338,11.132,43.984,14.627,7.6817,6.8504,18.936,14.965,8.1862,8.1549,85.339,64.587,6.3398,3.3989,15.266,3.0551,6.5013,8.1582,7.2938,0.99336,14.88,2.9419,0.54518,0.4135,0.54976,47.751,47.751,47.751,27.329
124.51,124.51,111.29,111.29,96.198,96.198,85.22,85.22,171.39,171.39,144.55,144.55,144.66,144.66,102.1,102.1,239.55,239.55,205.7,205.7,13.948,11.79,9.3911,7.9849,18.916,13.854,11.449,9.6527,24.235,17.041,12.874,4.9022,15.875,11.874,10.807,5.9733,66.301,65.888,17.944,13.863,9.9978,3.5056,5.9123,8.8882,5.7523,0.98421,10.067,3.4463,0.50264,0.35136,0.48382,36.781,36.781,36.781,16.437
134.04,134.04,101,98.117,79,73.739,73.739,73.332,176.21,176.21,167.57,167.57,77.356,77.356,77.023,77.023,178.63,178.63,153.86,153.86,14.057,10.177,3.6169,3.5118,42.797,35.926,27.078,12.119,24.1,14.214,2.8652,2.2157,10.336,10.141,9.6373,9.4427,60.023,30.77,30.328,15.775,9.6044,4.2005,8.0512,11.567,6.5557,0.99501,9.694,4.0967,0.5328,0.40108,0.51999,47.441,47.441,47.441,21.27
102.78,102.78,90.231,90.231,88.755,88.755,81.233,81.233,142.94,142.94,128.99,128.99,73.496,73.496,63.434,63.434,160.11,160.11,159,159,11.307,10.139,7.0076,3.8675,12.657,11.547,5.0686,4.0538,15.598,15.548,9.548,5.8587,11.153,8.8211,7.9459,5.347,58.23,36.491,27.053,17.613,13.532,2.9963,4.3894,5.0837,8.1486,0.96847,13.583,2.5898,0.50008,0.34969,0.48212,38.31,38.31,38.31,14.941
107.93,107.93,106.72,106.72,91.318,91.318,74.524,74.524,138.72,138.72,133.12,133.12,81,80.936,80.936,79.63,181.74,181.74,179.08,179.08,12.346,7.7713,7.3573,4.5503,16.807,13.39,9.5251,9.3737,9.8099,6.7618,5.4594,5.0243,17.544,16.689,5.167,4.0943,70.799,53.18,27.448,15.46,21.337,4.1899,7.3606,8.8418,8.4275,0.91213,21.38,4.2256,0.47425,0.39635,0.47804,47.117,47.117,47.117,21.563
127.56,127.56,122.41,122.41,77.358,77.358,74.772,74.772,183.14,183.14,147,146.31,106.84,106.84,105.34,105.34,225.79,225.79,208,208,18.904,8.0953,7.4258,7.1884,46.044,18.564,17.31,10.213,16.484,14.21,11.212,9.7899,24.668,13.09,12.823,11.947,76.418,51.473,17.801,9.0452,13.907,3.7029,4.7773,7.7675,8.9852,0.9408,13.946,3.5791,0.49693,0.36661,0.48056,44.697,44.697,44.697,21.837
135.99,135.99,127.01,127.01,124.38,124.38,100.06,100.06,167.24,167.24,162.75,162.75,127.62,127.62,113.9,113.9,304.81,304.81,268.6,268.6,24.42,16.78,7.8568,7.7518,18.555,16.717,13.82,13.151,14.477,14.323,11.66,7.4597,60.398,50.057,23.469,13.798,58.164,47.483,12.697,11.154,16.635,3.6788,4.7422,5.8042,6.7692,0.87921,16.739,3.6777,0.45524,0.36114,0.5021,43.723,43.723,43.723,16.597
117.53,117.53,83.431,83.431,154,152.79,152.79,146.09,160.17,160.17,158.09,158.09,150.31,150.31,137.92,137.92,147.65,147.65,138.1,138.1,17.405,10.9,9.914,6.313,12.757,7.1218,5.819,4.5172,23.895,11.701,11.165,7.7075,18.114,15.87,11.972,9.4112,60.662,50.57,16.399,15.858,12.553,2.6247,6.6198,4.1204,6.4739,0.92167,12.4,2.528,0.48864,0.34681,0.48714,38.45,38.45,38.45,14.701
125.22,125.22,108.52,108.52,123,122.91,122.91,88.496,140.2,140.2,121.25,121.25,111.6,111.6,100.06,100.06,223.45,223.45,208.14,208.14,12.544,8.7346,7.89,7.2254,16.907,16.703,15.209,14.834,16.305,14.392,11.991,11.215,23.561,18.186,14.816,10.178,58.687,35.165,18.875,14.191,20.973,3.0514,5.6627,4.6092,7.5381,0.85142,21.198,2.984,0.43895,0.28917,0.44237,44.536,44.536,44.536,13.84
111.73,111.73,104.25,104.25,98.673,98.673,83.309,83.309,153.5,153.5,151.6,151.6,124.64,124.64,101.15,101.15,142.76,142.76,128.5,128.5,16.202,13.251,8.0507,5.4599,41.898,34.878,9.0384,4.9421,10.534,7.823,7.5555,6.1295,13.568,11.019,10.395,9.5959,44.264,24.517,7.4631,6.3393,14.864,2.1187,3.8557,3.7387,8.4341,0.90726,14.099,1.7006,0.47029,0.31125,0.50313,38.411,38.411,38.411,10.779
112.39,112.39,107.88,107.88,98.334,98.334,77.837,77.837,116.68,116.68,111.3,111.3,113.49,113.49,85.116,85.116,203.92,203.92,148.66,148.66,20.773,18.053,9.8789,5.2587,9.8445,4.6972,4.5742,1.7609,25.914,11.021,5.6704,3.7654,31.327,29.098,14.33,10.169,39.253,26.962,22.996,19.129,20.508,2.8127,4.5461,4.3333,10.989,0.56357,19.977,2.2401,0.34094,0.16333,0.4004,36.657,36.657,36.657,10.732
199.53,199.53,188.6,188.6,316.53,316.53,278.77,278.77,104.02,104.02,94.175,94.175,282.07,282.07,279.03,279.03,99.516,99.516,91.315,91.315,67.961,26.995,20.948,14.34,16.994,13.574,6.1548,5.3548,53.258,41,29.453,20.509,28.029,20.971,14.436,10.877,18.45,15.973,15.953,10.53,13.362,27.2,13.161,10.562,7.6811,0.5827,13.462,27.478,0.35596,0.41637,0.3908,38.499,38.499,38.499,22.111
179.41,179.41,178.66,178.66,287.61,287.61,242.29,242.29,69.143,69.143,68.54,68.54,222.95,222.95,216.38,216.38,118.15,118.15,93.088,93.088,44.324,41.324,32.32,15.026,8.96,6.9246,6.6205,6.4364,22.148,8.9052,6.769,5.9441,13.483,7.4645,7.0796,4.9074,19.896,8.441,4.7611,4.2321,13.606,20.248,9.1773,10.621,6.2734,1.0413,13.373,20.183,0.5542,0.64611,0.54703,32.905,32.905,32.905,23.225
100.39,100.39,97.096,97.096,482.96,482.96,326.56,326.56,80.273,80.273,79.994,79.994,374.88,374.88,336.28,336.28,62.38,62.38,56.235,56.235,87.216,75.638,41.329,32.758,16.545,16.436,14.336,10.448,23.776,15.953,6.1778,4.6698,20.603,17.635,15.951,12.428,16.067,15.92,13.906,12.524,11.554,24.419,11.022,8.804,5.209,0.081165,11.619,24.692,0.061229,0.063731,0.091666,23.305,23.305,23.305,8.8655
89.582,89.582,71.009,71.009,389.56,389.56,388.98,388.98,105.77,105.77,100.47,100.47,421.69,421.69,373.58,373.58,59.917,59.917,55.433,55.433,92.753,43.52,41.515,35.479,26.551,18.519,11.917,10.097,20.249,15.167,8.9058,7.1953,28.616,18.679,18.117,9.536,20.588,19.03,10.364,8.1783,7.1972,23.564,9.2664,10.689,3.8987,0.10212,7.2782,23.83,0.068288,0.073773,0.10958,27.533,27.533,27.533,6.8171
79.402,79.402,77.251,77.251,233.3,233.3,192.81,192.81,135,98.635,98.635,94.085,311.28,311.28,306.8,306.8,79.202,79.202,70.105,70.105,97.967,46.611,31.168,29.662,15.46,8.4232,6.02,5.8092,15.359,9.9239,5.4016,5.3516,35.171,14.739,12.085,10.257,10.472,2.8846,2.4447,2.4077,6.5727,26.371,10.115,10.602,3.4865,0.21924,6.6285,26.664,0.137,0.11844,0.1932,24.693,24.693,24.693,7.9684
103.81,103.81,80.392,80.392,262.55,262.55,262.06,262.06,100.84,100.84,91.476,91.476,243.94,243.94,205.36,205.36,67.853,67.853,63.906,63.906,61.048,54.038,30.344,8.8664,19.869,11.926,8.6304,6.7931,11.575,11.16,5.182,3.6551,26.17,9.2941,7.3096,7.1031,7.9551,6.9724,4.8337,3.3683,11.827,18.318,6.2858,10.992,4.2032,0.88687,11.889,18.168,0.48833,0.58735,0.49825,26.377,26.377,26.377,12.076
87,82.808,82.808,82.019,395.53,395.53,251.49,251.49,64.91,64.91,63.317,63.317,262.2,262.2,224.8,224.8,117,81.597,81.597,78.538,65.693,35.04,15.289,13.15,16.668,14.638,8.0824,6.303,12.964,4.2157,3.6244,1.9357,13.327,12.484,8.3628,4.9944,4.1445,3.0523,2.7359,1.3539,13.266,24.505,6.3474,13.196,4.6068,0.74426,13.341,24.756,0.42375,0.35184,0.4249,29.512,29.512,29.512,8.4931
99.34,99.34,92.062,92.062,270.01,270.01,197.58,197.58,139.39,139.39,138.67,138.67,216.95,216.95,208.12,208.12,56.431,56.431,55.568,55.568,30.51,24.244,18.104,18.038,19.214,8.0924,5.937,5.5262,12.829,9.818,9.1619,7.5465,14.784,11.464,7.2546,5.9185,74.319,47.879,36.579,31.729,12.419,20.181,6.5761,10.125,6.7511,0.60296,12.356,20.04,0.34684,0.18215,0.38308,24.922,24.922,24.922,12.197
91,76.032,76.032,71.412,250.09,250.09,201.24,201.24,74.914,74.914,72.65,72.65,245,190.92,190.92,187.73,80,80,75.312,75.312,13.026,11.521,8.2345,7.5816,13.242,11.585,10.409,4.708,7.8113,6.5724,3.4846,2.9393,12.466,5.7756,2.9199,2.6425,26.141,16.979,16.757,14.219,7.6623,20.057,6.3509,8.6705,3.1163,0.21286,7.7442,20.214,0.14683,0.10824,0.16898,35.166,35.166,35.166,11.506
181.38,181.38,170.64,170.64,482.02,482.02,353.82,353.82,155.98,155.98,147,130.11,347.29,347.29,331.26,331.26,95.391,95.391,76.83,76.83,99.311,26.876,22.585,21.461,26.728,14.933,13.698,6.5555,67.668,14.008,10.758,8.99,24.593,14.513,13.729,12.757,4.385,3.3196,2.3836,2.348,20.712,31.256,7.8457,29.438,6.4291,0.89747,20.889,31.424,0.49739,0.40877,0.51327,32.777,32.783,32.777,11.913
160.5,160.5,146.4,146.4,326.97,326.97,307.12,307.12,181.97,181.97,151.98,151.98,254,254,250.62,250.62,100.98,100.98,81.365,81.365,43.016,34.139,20.418,20.089,25.663,23.784,10.885,10.461,14.947,9.8634,8.5112,4.7016,15.505,14.971,4.9958,2.8052,6.8314,6.3151,2.7597,2.6867,14.511,27.699,9.5685,24.629,6.8524,0.91419,14.675,28,0.51954,0.38278,0.53077,33.126,33.126,33.126,14.255
105.87,105.87,64.309,64.309,392.5,392.5,339.58,339.58,157.22,157.22,155.26,155.26,244.37,244.37,196.81,196.81,89,85.808,85.808,79.496,47.621,27.499,23.346,23.334,16.85,16.151,11.027,9.7557,10.228,10.01,6.3588,6.1467,16.48,15.317,6.0641,5.2322,14.672,14.446,14.104,12.019,18.611,27.053,11.374,34.368,7.905,0.26887,18.13,27.35,0.17439,0.10697,0.20095,36.429,36.429,36.429,11.502
71.42,71.42,69.744,69.744,475.91,475.91,402.7,402.7,186.52,186.52,185.92,185.92,311.48,311.48,257.01,257.01,73.675,73.675,64.864,64.864,69.223,52.089,31.38,17.5,14.245,11.433,9.3894,6.6112,9.6362,7.8846,7.1499,5.9264,14.517,12.535,9.7155,9.3915,16.639,12.531,11.275,9.8654,16.647,27.246,9.1129,23.044,5.2747,0.099822,16.821,26.902,0.080964,0.061114,0.16392,26.716,26.716,26.716,10.524
129.03,129.03,124.16,124.16,310.47,310.47,307.83,307.83,212.64,212.64,159.15,159.15,231.8,231.8,219.76,219.76,96.176,96.176,92.217,92.217,53.53,38.459,35.176,28.521,17.909,17.192,15.731,13.091,22.857,18.971,10.311,4.3151,30.042,25.207,22.714,17.642,10.074,9.7104,4.1209,2.1707,14.163,30.494,7.6274,16.027,6.8346,0.94083,14.163,30.781,0.51235,0.49511,0.50377,24.988,24.988,24.988,8.4388
92.217,92.217,88.381,88.381,222.9,222.9,177.96,177.96,143.07,143.07,137.57,137.57,279.55,279.55,256.76,256.76,71.373,71.373,64.804,64.804,47.566,28.969,22.777,9.6862,13.281,6.8509,5.7944,2.2278,16.551,9.3938,5.1506,4.7298,19.553,4.7974,3.9746,2.5981,10.679,6.2917,5.2173,4.4942,10.677,21.282,6.0736,15.377,5.2557,0.97472,10.552,21.458,0.52507,0.52735,0.52432,29.042,29.042,29.042,9.5506
105.5,105.5,103.5,103.5,376.61,376.61,349.09,349.09,195.82,195.82,181.42,181.42,351.35,351.35,253.37,253.37,101,100.88,100.88,75.182,61.692,49.804,27.101,17.447,16.092,14.351,12.026,11.396,13.542,9.6034,8.5259,8.4058,14.306,10.188,9.2004,6.6842,8.11,7.9256,7.6037,3.9704,14.142,26.547,5.5578,13.811,4.3461,0.9701,13.621,26.797,0.52465,0.55242,0.53582,30.273,30.273,30.273,8.3247
96,92.774,92.774,67.127,350.38,350.38,321.31,321.31,152.78,152.78,148.45,148.45,255,197.85,197.85,185.7,73,59.142,59.142,56.899,15.857,12.089,11.792,11.748,17.621,9.1276,8.3704,8.3371,13.277,4.6015,3.1613,1.3321,17.687,17.476,14.404,10.721,7.418,2.0849,1.7507,1.097,12.189,21.555,6.1932,10.679,4.0249,0.13774,12.232,21.684,0.092595,0.078785,0.16245,25.133,25.133,25.133,5.7165
99.982,99.982,89.616,89.616,265.65,265.65,252.94,252.94,130,128.84,128.84,111.96,274.28,274.28,235.22,235.22,64.026,64.026,60.053,60.053,84.005,24.306,21.849,16.603,12.272,11.261,6.5709,6.0483,35.862,24.255,8.5478,7.538,28.225,16.039,8.4773,6.4445,13.177,11.276,8.6995,5.6318,11.292,24.839,5.6667,16.584,6.9634,0.34041,11.381,25.037,0.20211,0.12814,0.21843,29.72,29.72,29.72,9.1208
180,0,0,0,90,0,0,0,45,0,0,0,180,0,0,0,0,0,0,0,-5.6569,-5.6569,-5.6569,-5.6569,5.6569,5.6569,5.6569,5.6569,-5.6569,-5.6569,-5.6569,-5.6569,-2.8284,-2.8284,-2.8284,-2.8284,65.607,55.568,29.252,10.291,4.7399,6.5218,2.3476,1.8257,3.0037,0.41786,4.7934,6.5695,0.10654,4.1675,8.9821e-16,0,0,0,19.454
87.992,87.992,87.069,87.069,75.199,75.199,69.354,69.354,359.04,359.04,315.67,315.67,48.931,48.931,37.227,37.227,107,39.395,39.395,38.5,5.2308,3.7304,3.5152,2.4846,10.731,8.2045,5.1127,2.7595,9.9994,6.109,3.8522,3.5677,15.137,8.4374,8.3913,6.6668,12.823,12.043,8.4761,7.1745,2.848,3.2455,3.6878,2.3286,6.6232,1.2403,2.6015,3.2671,0.60286,0.64953,0.57976,42.399,42.399,42.399,24.959
83.753,83.753,68.661,68.661,47.515,47.515,46.171,46.171,138,120.74,120.74,110.55,36.405,36.405,26,25.26,50,36.01,36.01,34.85,2.3112,1.4516,1.1344,1.1341,4.072,3.1215,1.9445,1.8057,13.413,7.0073,6.3241,6.0593,5.0039,1.8481,1.4456,0.91557,35.939,21.66,20.535,17.525,2.6708,3.1198,4.7563,2.5734,3.2076,1.0264,2.6096,3.0612,0.51711,0.49493,0.51852,44.381,44.381,44.381,18.568
101.1,101.1,88.083,88.083,67.617,67.617,58.217,58.217,192.26,192.26,186.75,186.75,42.369,42.369,38.292,38.292,56.019,56.019,50.6,50.6,9.4387,3.2086,1.4018,1.2511,6.6211,2.2899,2.2889,2.1347,29.85,14.419,11.949,9.0206,4.8222,3.3428,2.7184,1.9955,62.161,22.124,12.987,6.059,2.1344,4.6547,4.9035,3.1305,2.6667,1.1158,1.8824,4.703,0.55661,0.57244,0.51307,48.901,48.901,48.901,27.334
75.135,75.135,72.849,72.849,78.692,78.692,78.389,78.389,149.12,149.12,148.13,148.13,30.991,30.991,29.974,29.974,42.411,42.411,32.06,32.06,3.4718,2.9937,2.5034,2.2299,13.048,12.608,4.3838,2.7139,6.1743,5.1075,4.2966,4.159,2.7857,2.6017,1.6459,1.6148,84.777,82.134,76.396,49.565,2.1551,3.0984,5.1077,2.569,2.7121,1.0558,1.9306,2.8494,0.53101,0.60306,0.50057,51.928,51.928,51.928,35.334
84.205,84.205,61.977,61.977,106.73,106.73,92.391,92.391,113.54,113.54,98.8,98.8,62.181,62.181,39,37.665,60.467,60.467,49,40.359,3.701,3.434,3.2683,2.7142,24.357,10.212,9.1563,4.3408,7.8223,5.2549,5.2532,4.6315,4.5925,2.5763,1.9239,1.8962,66.134,63.362,52.858,42.87,1.9777,3.4383,3.6697,2.6916,2.8441,1.0075,1.6842,3.4112,0.50347,0.50443,0.48807,52.337,52.337,52.337,32.199
91.372,91.372,83.938,83.938,62.549,62.549,58.905,58.905,174.82,174.82,172.68,172.68,44,35.415,35.415,31.891,47.554,47.554,33,32.711,5.1466,2.9555,1.9865,1.8123,17.825,9.8271,4.9229,4.4924,19.796,17.158,6.5287,4.7115,5.015,4.0955,2.9125,2.1257,31.113,15.758,14.721,12.787,2.4037,3.6393,2.1239,2.5254,2.2608,1.1223,2.3801,3.6407,0.53967,0.64571,0.49471,40.48,40.48,40.48,25.924
69.781,69.781,66.049,66.049,93.705,93.705,70.749,70.749,132.82,132.82,105.04,105.04,61.563,61.563,53.183,53.183,31.98,31.98,25.09,25.09,6.9864,3.9962,3.9786,1.2174,28.706,2.9535,1.4334,0.98102,8.8483,6.0712,5.5253,5.0213,8.5798,6.4251,4.6534,3.9,42.577,23.398,11.501,10.433,2.3094,3.7357,6.307,2.3944,2.2608,1.1036,1.8743,3.7769,0.52135,0.71521,0.51118,43.145,43.145,43.145,24.074
66.701,66.701,66.312,66.312,75.286,75.286,63.837,63.837,140.07,140.07,139.49,139.49,34.699,34.699,32.781,32.781,46.03,46.03,35.67,35.67,3.4722,2.4861,2.2782,1.7477,4.7184,4.2719,3.9282,3.8784,8.3399,4.5821,4.3224,2.0597,3.8194,3.3409,3.0403,2.7048,48.684,40.011,22.982,14.163,2.1134,4.4397,3.6636,2.7039,2.196,1.0348,1.7437,4.4898,0.52533,0.49471,0.49711,49.437,49.437,49.437,25.47
83.312,83.312,82.226,82.226,123.41,123.41,115.63,115.63,351.85,351.85,326.53,326.53,75.026,75.026,65,58.513,29.592,29.592,25.387,25.387,8.2306,5.7746,4.0522,3.4502,18.798,15.042,13.71,9.5298,16.91,12.067,8.6077,5.6782,10.298,9.6547,8.0898,1.1486,39.048,31.425,23.53,21.634,1.7826,3.5087,5.8595,3.2007,2.2559,1.1497,1.5996,3.4921,0.57169,0.54208,0.56146,43.26,43.26,43.26,20.187
69.869,69.869,63.875,63.875,50.123,50.123,40.035,40.035,157.52,157.52,149,141.2,47.925,47.925,39.657,39.657,36.165,36.165,33.667,33.667,10.796,6.277,6.1988,5.4693,10.594,4.6742,3.8292,3.6386,11.023,6.8152,6.0978,6.0585,7.5748,4.6952,3.5237,2.4972,31.629,13.367,12.481,9.1583,1.9889,4.2505,2.2361,2.6583,2.319,1.1487,1.637,3.9543,0.57019,0.52832,0.521,39.555,39.555,39.555,19.01
86.543,86.543,62.827,62.827,116.51,116.51,112.76,112.76,201.24,201.24,195.05,195.05,46.378,46.378,36.997,36.997,40.088,40.088,36,24.78,12.557,2.6069,2.3035,1.1576,30.146,14.844,8.68,4.4222,7.426,6.272,4.8379,3.6428,6.6497,6.1723,5.4058,3.4574,27.573,17.742,14.606,10.059,2.3851,3.9299,4.2005,2.6204,2.7121,1.0979,2.2879,3.9344,0.55993,0.47716,0.53178,37.05,37.05,37.05,20.963
75.334,75.334,71.483,71.483,90.867,90.867,81.404,81.404,236.18,236.18,191.93,191.93,40.704,40.704,36.755,36.755,69,65.369,65.369,49.183,8.3458,6.9198,2.8523,1.6973,6.1454,2.7006,0.69054,0.56875,6.659,6.6367,6.2663,5.267,7.9357,5.5615,3.935,3.1986,105.6,40.239,12.76,10.936,2.6791,4.1231,3.3333,2.6204,2.8906,1.0672,2.4551,4.1032,0.53395,0.49509,0.5197,41.82,41.82,41.82,23.667
102.31,102.31,102.3,102.3,142.92,142.92,121.23,121.23,211.97,211.97,201.81,201.81,66.196,66.196,65.014,65.014,50.089,50.089,49.339,49.339,16.284,12.355,4.3737,3.4433,22.13,12.611,10.055,6.1863,17.961,7.7547,7.7543,7.0455,8.1055,7.4311,3.2206,1.4499,58.541,58.006,23.857,19.956,4.5289,4.3512,5.9067,2.5647,4.0194,1.112,4.4566,4.3774,0.56142,0.49368,0.51861,43.161,43.161,43.161,24.813
127.41,127.41,86.386,86.386,141,99.224,99.224,91.117,198.09,198.09,191.87,191.87,91.186,91.186,90,86.151,51.384,51.384,34.083,34.083,10.32,8.1056,1.2168,0.87205,39.712,38.782,18.748,7.5024,36.67,10.176,8.8787,8.8099,4.2252,4.1065,3.5168,1.8611,57.681,49.278,23.205,13.676,3.6788,3.2523,6.2911,4.0194,4.0798,1.0295,3.3818,3,0.51334,0.47444,0.49161,42.656,42.656,42.656,22.57
83.256,83.256,80.248,80.248,95.627,95.627,95.46,95.46,136,114.58,114.58,109.84,98.263,98.263,94.802,94.802,46.705,46.705,39.976,39.976,28.934,9.3713,5.7619,5.637,14.404,9.6191,3.3807,3.2017,19.181,14.726,10.25,9.669,5.3823,4.2719,3.2758,1.9238,84.428,70.024,63.629,56.977,4.5898,4.1899,7.228,2.7325,4.9531,1.0714,4.5538,4.1092,0.54539,0.53788,0.49818,45.207,45.207,45.207,31.407
75.688,75.688,74.389,74.389,166,104.41,104.41,99.731,141,121.01,121.01,108.39,67.328,67.328,53.254,53.254,69.285,69.285,59,55.027,7.131,3.6442,2.5547,2.0438,53.543,18.343,10.865,6.2289,17.173,10.457,8.4657,6.9235,21.961,10.109,5.9858,4.5372,47.112,33.977,27.738,26.431,4.7773,4.3128,6.7065,3.2318,4.4497,1.0571,4.6051,4.1827,0.52361,0.54711,0.51789,48.13,48.13,48.13,31.038
99.81,99.81,97.428,97.428,113.14,113.14,111.52,111.52,138.61,138.61,132.42,132.42,89,65.113,65.113,65.082,60.539,60.539,59,55.507,4.3798,4.1719,2.8529,1.873,49.041,45.916,26.92,22.487,18.2,12.665,4.4559,4.1711,5.5559,3.903,2.6913,1.5176,94.333,93.951,78.06,37.996,5.1121,3.7624,5.2281,4.1873,6.2999,1.1256,5.1503,3.6801,0.55009,0.62967,0.53611,47.591,47.591,47.591,35.926
94.599,94.599,91.868,91.868,87.386,87.386,68.692,68.692,178.17,178.17,175.87,175.87,73,67.887,67.887,66.14,69.702,69.702,39.442,39.442,5.883,4.6057,4.0542,3.6763,7.4844,6.4263,2.9058,2.8112,14.419,12.722,8.6216,8.6035,9.2154,6.1999,3.573,3.5476,117.38,113.23,104.55,100.1,7.4625,4.5019,9.1773,4.5068,13.767,1.0839,7.5334,4.388,0.536,0.61817,0.50302,54.417,54.417,54.417,46.909
64.869,64.869,62.84,62.84,35.401,35.401,31.345,31.345,67,62.649,62.649,62.227,77.949,77.949,74.7,74.7,111.32,111.32,83.917,83.917,21.736,20.506,4.5475,4.4193,10.831,10.147,3.8969,3.0151,10.64,7.0799,6.8856,5.8822,35.494,25.049,12.798,12.235,5.7261,5.356,5.0549,4.595,3.5839,12.894,3.3333,3.5559,4.1096,1.2628,3.3819,13.035,0.097123,0.51411,0.26325,14.69,14.69,14.69,4.4137
67.017,67.017,56.555,56.555,50.151,50.151,41.902,41.902,63.751,63.751,60.258,60.258,87.025,87.025,73.497,73.497,93.261,93.261,67.839,67.839,12.683,9.197,7.4404,6.9565,50.681,50.32,26.799,11.502,6.4395,5.3387,4.949,4.2112,53.413,17.332,14.291,10.924,18.168,17.77,12.235,7.6511,3.3066,9.4927,2.0548,2.7121,3.0258,1.0504,3.1159,9.4258,0.10967,0.44711,0.20639,13.598,13.598,13.598,5.6993
58.033,58.033,54.133,54.133,30.253,30.253,29.984,29.984,65.926,65.926,63.168,63.168,116.21,116.21,76.5,76.5,65.89,65.89,58.957,58.957,20.956,13.921,5.254,5.1249,18.735,18.251,17.253,15.374,8.1472,4.322,3.9906,3.5375,43.89,10.553,10.311,8.7462,4.1157,3.7341,2.6794,2.2073,2.3381,7.1818,4.0166,3.33,3.1234,0.097695,2.2049,7.0426,0.077513,0.039618,0.3359,9.8273,9.8273,9.8273,5.1118
66.101,66.101,66.023,66.023,24,22.779,22.779,20.64,65,46.916,46.916,37.258,113.47,113.47,112.94,112.94,81.922,81.922,71.299,71.299,22.203,11.799,8.1723,7.8578,24.349,22.785,12.045,8.9398,7.1621,3.1045,2.6119,2.0437,20.901,12.188,8.3108,5.8392,10.104,2.5586,1.3964,0.89476,1.9607,5.4201,3.9271,2.5949,2.4083,0.075335,1.7787,5.365,0.053128,0.029195,0.24071,8.5858,8.5858,8.5858,1.7034
64,48.293,48.293,45.151,36,24.847,24.847,21.633,57.225,57.225,51.784,51.784,62.378,62.378,61.686,61.686,93,71.727,71.727,47.157,8.166,6.1776,5.6456,3.8112,20.104,17.711,9.0292,8.5709,6.2115,5.0826,4.1491,2.203,26.944,21.325,20.416,13.744,2.9395,1.2255,1.1186,1.0862,2.3664,5.2768,3.9186,3.1056,3.0478,0.76421,2.113,5.3193,0.034117,0.32616,0.26696,8.5966,8.5966,8.5966,1.6871
77.163,77.163,72.486,72.486,33,31.326,31.326,25.828,78,64.472,64.472,56.471,116.48,116.48,106.68,106.68,103.27,103.27,100.5,100.5,18.287,13.91,9.8656,7.7067,11.716,8.91,7.0491,6.2239,12.042,4.536,3.7363,3.1827,21.902,21.785,16.31,12.515,3.8166,1.161,0.7989,0.56877,2.6916,8.1541,3.0368,3.4577,3.7918,0.18416,2.3109,8.0768,0.23659,0.059705,0.39717,9.868,9.868,9.8803,3.5504
73.653,73.653,68.872,68.872,28.312,28.312,27.546,27.546,63,59.08,59.08,57.694,103.46,103.46,93.571,93.571,122.79,122.79,87.317,87.317,19.778,14.033,9.3971,7.4922,42.565,12.101,6.4631,6.074,12.113,12.03,7.0635,3.3449,15.319,11.886,7.8049,6.5693,19.856,19.668,13.41,13.192,2.49,13.543,4.8097,4.5412,3.3566,0.11798,2.2859,13.678,0.27947,0.041472,0.32314,12.496,12.496,12.496,5.3192
51.276,51.276,47.223,47.223,46,23.896,23.896,20.633,48.465,48.465,42.761,42.761,54.797,54.797,50.487,50.487,104.63,104.63,89.694,89.694,14.397,12.623,12.447,11.535,62.622,21.844,21.84,18.602,9.3817,7.7024,5.4251,4.0388,53.459,21.764,18.787,6.9845,3.5943,2.6925,1.3972,1.3237,2.1858,6.5828,3.9186,3.6938,2.6119,0.057012,1.6591,6.5692,0.032675,0.024232,0.37636,10.501,10.501,10.501,1.4285
72,57.406,57.406,53.687,35,30.725,30.725,24.87,78,64.485,64.485,52.991,91.276,91.276,87.676,87.676,106.28,106.28,86.302,86.302,15.103,13.027,8.0433,6.1013,28.295,26.656,16.414,13.767,9.2633,6.0067,3.5041,2.8031,60.715,19.961,11.924,8.7528,4.4465,3.3445,3.1528,2.1504,2.5647,4.5092,3.2421,3.3599,3.2215,0.15066,2.3788,4.4252,0.11616,0.041996,0.41632,9.2133,9.2133,9.2133,4.2783
65,60.982,60.982,42.136,42,26.083,26.083,20.653,43,36.063,36.063,36.018,63.301,63.301,62.666,62.666,88.283,88.283,82.061,82.061,18.485,6.2223,4.392,1.8724,48.974,11.665,4.1797,3.3137,1.9406,1.1944,0.53197,0.30746,40.948,14.315,13.344,11.458,16.78,11.102,7.208,3.9149,2.9851,8.4103,3.7565,3.3533,4.3767,0.71403,2.9743,8.371,0.3838,0.20173,0.44996,9.0133,9.0133,9.0133,5.9685
73.834,73.834,52.007,52.007,29.889,29.889,27.952,27.952,41.962,41.962,40.485,40.485,71.613,71.613,69.558,69.558,93.703,93.703,74.796,74.796,19.507,12.482,10.511,7.7867,25.457,13.976,13.592,13.313,9.5545,9.357,4.1865,3.1222,18.994,10.445,9.8775,8.7304,6.5365,2.1334,2.0592,1.9972,2.8983,5.785,3.3895,3.5932,3.6332,0.048777,2.6471,5.4729,0.040607,0.014261,0.37205,10.41,10.41,10.41,1.6795
49,27.041,27.041,25.893,50,36.67,36.67,31.535,56,41.686,41.686,37.501,113.81,113.81,92.36,92.36,79,50.345,50.345,45.131,30.14,13.5,11.954,9.1925,10.357,9.5104,8.4194,3.351,4.779,2.9198,1.9538,1.2882,15.153,7.7418,7.2379,2.9095,18.983,10.677,5.7112,2.1383,3.4091,5.1229,3.3433,4.3128,3.3698,0.5322,3.2009,5.1726,0.30445,0.16255,0.44751,9.4192,9.4192,9.4192,4.755
73,43.541,43.541,37.083,44,33.873,33.873,32.183,77,32.781,32.781,31.715,78.68,78.68,69.528,69.528,105.49,105.49,79.649,79.649,12.592,7.4449,6.7611,6.2901,19.02,7.0843,6.3435,5.6239,5.4076,2.8911,1.1519,0.6585,10.124,7.866,4.1743,3.4154,19.687,15.81,4.2756,3.9695,2.9515,7.4132,4.8097,4.0497,3.4673,0.50156,2.8001,7.4401,0.28781,0.12895,0.43441,10.16,10.16,10.16,5.5102
42.45,42.45,41.807,41.807,27.609,27.609,27,25.573,60.123,60.123,56.027,56.027,74.856,74.856,64.844,64.844,79.517,79.517,75.728,75.728,19.204,12.082,11.301,6.5485,11.736,7.6928,7.3575,7.0815,6.5403,6.0816,4.7755,3.6206,19.796,8.7228,6.8321,6.5482,10.565,9.364,3.2271,3.0988,2.0385,7.2984,4.1607,3.9129,2.5342,0.079202,1.6499,7.2689,0.058149,0.026849,0.36498,13.424,13.424,13.424,2.4572
74,46.052,46.052,37.744,41,29.723,29.723,28.353,51,46.831,46.831,36.648,74.111,74.111,71.926,71.926,73.187,73.187,67.353,67.353,13.273,11.724,8.2531,5.23,22.909,12.812,7.8937,3.5187,3.3882,1.0892,1.0306,0.10015,17.259,16.462,9.655,9.1062,3.6731,2.6058,1.7169,0.85638,3.4383,7.0946,4.9374,3.4897,3.8959,0.83677,3.359,7.1739,0.24188,0.28435,0.41039,9.7948,9.7948,9.7948,3.7284
51.447,51.447,48.793,48.793,38,20.224,20.224,19.844,32.078,32.078,31.805,31.805,82.35,82.35,79.802,79.802,91.968,91.968,74.171,74.171,18.906,12.317,10.264,7.6698,13.373,12.446,8.1998,7.0865,7.4339,6.5514,5.0153,3.6665,31.389,29.621,13.789,11.2,30.928,26.659,24.35,11.841,2.9326,5.8138,4.6452,4.1446,3.1056,0.92609,2.9203,5.6327,0.32363,0.37208,0.41852,21.455,21.455,21.455,9.3989
55.384,55.384,39.831,39.831,51,26.211,26.211,23.044,51.265,51.265,46.817,46.817,113.52,113.52,108.35,108.35,55.256,55.256,54.359,54.359,21.242,15.883,15.585,12.75,20.735,8.2494,4.3839,4.1125,10.317,9.9542,3.567,2.5584,28.481,14.887,7.4452,4.5271,7.3075,5.9447,1.9226,1.641,3.0295,6.4153,2.8752,3.1517,4.1952,0.39067,2.7399,6.2337,0.23403,0.099093,0.39917,12.54,12.54,12.54,6.1266
71.631,71.631,55.507,55.507,28,25.103,25.103,24.014,41.508,41.508,32.455,32.455,91.378,91.378,83.011,83.011,93,74.174,74.174,68.36,12.884,11.683,10.531,7.2867,12.55,11.777,11.189,8.7882,12.502,6.3998,6.1397,3.4421,14.549,11.645,9.2483,8.8669,27.011,21.746,11.895,10.76,4.0277,5.2789,2.9098,3.4286,2.556,0.79372,4.067,5.3065,0.18086,0.25279,0.39217,20.529,20.529,20.529,8.3029
108,24.138,24.138,19.078,328,110.58,110.58,80.076,83,10.96,10.96,10.359,98,34.644,34.644,27.85,51,21.892,21.892,20.646,5.305,4.6248,4.2426,4.2426,0.045,-0.019274,-0.48552,-1.3662,2.7033,0.76559,-0.0085775,-1.2503,1.8247,1.2081,0.93923,0.81421,-1.2374,-1.2374,-1.2374,-1.2374,1,6,1,2,1,1.3473e-15,0,0,8.9821e-16,4.4911e-15,0.22898,14.545,14.545,14.545,0
