226.54,226.54,192.05,192.05,102,83.392,83.392,81.825,99.41,99.41,79.657,79.657,189.68,189.68,161.66,161.66,128.66,128.66,83.006,83.006,22.328,12.104,11.777,8.0052,26.682,19.801,15.664,8.6259,35.333,22.679,20.047,15.931,48.54,28.805,26.484,20.947,8.5685,7.6775,7.194,2.3828,2.7928,3.3665,2.3286,1.9149,1.3663,0.0071254,2.7482,3.4019,0.0095897,0.017022,0.6131,22.44,22.44,22.44,4.1527
248.42,248.42,247.32,247.32,53.763,53.763,50.4,50.4,91,75.266,75.266,57.744,236.68,236.68,230.71,230.71,163.92,163.92,121.43,121.43,50.471,38.938,31.589,30.555,15.635,14.227,12.608,10.777,44.181,37.617,29.088,23.665,25.512,13.224,11.411,8.1752,10.619,6.0378,5.7601,4.9047,2.6289,2.7121,2.1551,2.4585,1.6262,0.0078391,1.9377,2.3756,0.010923,0.01748,0.59901,20.137,20.137,20.137,4.3674
309.14,309.14,273.75,273.75,91.717,91.717,90.817,90.817,96.523,96.523,89.01,89.01,380.06,380.06,347.66,347.66,205.59,205.59,205,187.51,112.27,55.464,53.11,34.177,37.633,16.825,15.884,15.069,63.439,61.118,47.82,19.85,56.713,38.873,33.364,15.373,9.3869,7.529,6.8209,5.997,2.4855,2.2361,2.2657,1.9206,1.4981,0.0069393,1.9957,2.0651,0.012955,0.020394,0.56727,27.2,27.2,27.2,5.9223
163.43,163.43,159.8,159.8,78.813,78.813,74.542,74.542,61.324,61.324,56.666,56.666,179.19,179.19,139.03,139.03,93.857,93.857,83.244,83.244,27.232,24.714,10.908,8.2481,15.622,11.916,9.3279,9.2467,28.867,12.528,9.9059,9.3857,50.964,25.992,22.953,22.898,8.4076,5.3984,5.3197,5.2536,1.8318,1.5846,1.4142,1.6533,1.4757,0.0061262,1.8127,1.464,0.0099434,0.0095029,0.57101,22.966,22.966,22.966,3.4139
349.02,349.02,346.03,346.03,133.72,133.72,119.54,119.54,136.47,136.47,92.211,92.211,316.43,316.43,255.8,255.8,123.06,123.06,116,116,62.369,36.707,28.776,22.396,31.87,30.005,28.938,22.818,63.424,63.305,30.845,28.565,92.157,33.941,31.022,30.715,13.11,10.219,6.2905,3.6946,2.5906,2.2211,1.7575,1.6865,1.3984,0.45665,2.4439,1.9702,0.13986,1.0108,0.53613,29.99,29.99,29.99,3.7433
412.32,412.32,365.43,365.43,123,117.02,117.02,114.39,96.155,96.155,79.492,79.492,278.67,278.67,268.73,268.73,134.92,134.92,126.84,126.84,39.688,30.761,11.11,10.751,16.794,15.789,11.21,8.4561,53.518,45.317,27.626,17.862,18.13,18.054,16.982,16.925,32.072,5.204,4.8454,4.2884,2.044,2.2111,1.4981,1.7127,1.2824,0.020941,1.8824,1.9587,0.012694,0.032793,0.54348,21.047,21.047,21.047,6.8242
279.8,279.8,209.47,209.47,125.24,125.24,112.24,112.24,64.029,64.029,59.269,59.269,201.36,201.36,158.45,158.45,90.121,90.121,76.067,76.067,59.499,30.414,11.65,6.0541,27.128,21.132,13.213,11.467,37.7,26.108,23.896,23.125,40.95,25.188,21.515,19.405,4.2168,3.7115,3.579,3.2675,1.8318,2.0923,1.4376,1.5202,1.5492,0.0082414,1.2937,1.8335,0.0089651,0.046747,0.532,20.454,20.454,20.454,2.9027
236.1,236.1,229.14,229.14,97.017,97.017,93,92.496,82.451,82.451,79.432,79.432,152.88,152.88,132.37,132.37,124.12,124.12,101.37,101.37,24.579,17.953,14.97,11.067,20.827,19.208,18.343,17.753,74.412,24.31,20.009,18.743,76.688,29.994,23.991,20.804,7.7344,6.9265,6.7603,5.3543,1.8559,1.8074,1.5055,1.6465,1.453,0.0099737,1.282,1.604,0.011667,0.026291,0.54535,20.306,20.306,20.306,2.9866
434.39,434.39,429.06,429.06,129.1,129.1,119.69,119.69,170.61,170.61,152.32,152.32,258.13,258.13,231.09,231.09,195.71,195.71,132.76,132.76,14.093,12.714,8.9465,8.8135,13.967,12.706,8.9523,7.5335,68.529,60.403,16.667,15.012,55.201,34.579,28.27,23.186,7.0676,4.5014,4.403,4.1179,1.7321,1.5275,2.2755,1.4063,1.4682,0.0099071,1.5651,1.1677,0.016172,0.01496,0.52768,24.006,24.006,24.006,4.4855
307.47,307.47,305.92,305.92,82.353,82.353,73.78,73.78,94.469,94.469,90.778,90.778,282.28,282.28,266.75,266.75,132.01,132.01,120.08,120.08,52.71,37.578,36.33,12.015,18.595,15.449,9.9406,9.5434,63.229,60.622,49.495,24.926,45.978,40.132,29.515,26.412,4.5461,3.559,2.6633,1.9957,2.6289,1.5706,1.5635,1.325,1.4757,0.0043156,2.1266,1.1862,0.010973,0.0070785,0.50177,19.652,19.652,19.652,3.6473
223.15,223.15,195.96,195.96,104.58,104.58,87.469,87.469,98.039,98.039,77.172,77.172,238.18,238.18,196.22,196.22,105.25,105.25,100.71,100.71,57.763,32.217,31.867,17.184,16.975,7.7576,7.417,6.6546,33.261,21.425,17.131,3.374,20.437,18.638,16.144,14.479,7.9206,7.0226,4.9783,3.5099,2.1551,1.6193,1.5776,1.3824,1.5202,0.0077491,1.9954,1.0478,0.0086874,0.0081875,0.52825,23.875,23.875,23.875,3.5097
243.59,243.59,237.44,237.44,79,40.291,40.291,38.62,63.339,63.339,63.312,63.312,178.5,178.5,149.56,149.56,118.04,118.04,107.08,107.08,39.385,4.7095,3.8262,1.744,14.6,11.499,7.8496,7.5645,77.75,28.322,23.123,12.753,33.783,24.24,13.222,11.314,10.051,6.4271,6.1532,5.7716,1.5348,2.2657,1.4606,1.8679,1.2737,0.0080582,1.1964,2.0979,0.017552,0.01475,0.57875,25.823,25.823,25.823,5.813
153.36,153.36,150.49,150.49,59.585,59.585,54.918,54.918,73.132,73.132,66.726,66.726,151.14,151.14,108.9,108.9,92.963,92.963,91.453,91.453,26.212,15.335,14.394,13.931,24.151,19.095,9.394,8.2954,22.688,19.412,17.619,16.889,37.466,24.672,20.956,20.941,13.298,13.008,9.084,8.7705,1.8974,2.8206,1.4981,1.4142,1.4376,0.012073,1.5219,2.5598,0.014142,0.014412,0.60375,33.738,33.738,33.738,6.1189
146,146,145.87,145.87,47.805,47.805,39.112,39.112,88.876,88.876,71,69.914,195,183.82,183.82,150.22,154,85.47,85.47,77.639,20.132,4.1169,1.3154,0.98942,15.583,11.896,9.8927,6.0839,21.113,13.887,6.3561,2.6455,21.362,16.736,9.6437,4.8495,9.9299,7.4678,7.271,6.2489,1.6398,2.0763,1.5706,1.66,1.7701,0.013472,1.2399,1.9183,0.0099902,0.014371,0.58719,37.154,37.154,37.154,5.1608
120.2,120.2,119.01,119.01,83,35.496,35.496,29.683,88,70.022,70.022,43.465,111.18,111.18,104.33,104.33,154.24,154.24,116.41,116.41,22.645,20.358,17.756,7.0529,15.99,12.849,6.2815,6.0547,17.272,14.673,5.6228,4.9225,36.53,19.081,17.031,13.665,8.8861,8.6218,8.0266,5.9319,1.6667,2.6998,1.4298,1.5202,1.4063,0.011596,1.2358,2.4458,0.016304,0.017988,0.52985,27.456,27.456,27.456,3.7279
215,104.01,104.01,93.164,48,41.64,41.64,37.631,63.145,63.145,60,50.606,159,84.97,84.97,69.089,140,93.85,93.85,83.906,12.504,4.7092,1.9354,1.767,15.476,14.313,14.005,12.552,5.6458,3.8243,3.5856,0.83122,33.976,30.986,14.862,8.4313,11.059,9.7657,5.6739,5.0237,1.7062,1.5563,1.6055,1.3904,1.3333,0.0091471,1.3644,1.0289,0.01324,0.015583,0.54248,24.312,24.312,24.312,4.2742
207.71,207.71,180.05,180.05,60,28.271,28.271,27.995,61,51.698,51.698,42.875,216.79,216.79,169.08,169.08,129,74.591,74.591,73.012,23.987,20.306,11.999,8.5216,5.9569,5.4094,4.5772,2.6897,40.152,14.019,8.4988,6.1666,36.378,26.064,19.519,14.707,5.588,3.2174,2.8742,2.2831,1.8679,1.542,1.6465,1.3081,1.3416,0.0079624,1.4661,1.3718,0.01028,0.0091701,0.54686,24.646,24.646,24.646,2.9341
113.74,113.74,94.549,94.549,43,22.158,22.158,21.167,54.45,54.45,48.432,48.432,66.016,66.016,57.654,57.654,105.49,105.49,79.874,79.874,9.4255,7.3948,6.5021,5.6195,16.928,14.641,7.4165,6.5032,18.775,11.532,7.8615,1.9912,34.225,17.516,13.99,12.482,8.2664,5.1493,3.9755,2.9813,1.7256,1.325,1.9379,1.3824,1.5563,0.0088373,1.406,1.1947,0.0064365,0.0064028,0.51497,22.663,22.663,22.663,3.1938
158.7,158.7,141.37,141.37,36.387,36.387,34,27.71,47.682,47.682,41,36.721,62.099,62.099,55.053,55.053,74.238,74.238,70.75,70.75,9.1705,4.9071,4.4525,4.3353,18.198,11.537,11.047,9.769,57.326,11.289,5.0732,4.2998,23.835,23.095,22.386,14.154,8.1942,3.1887,3.0527,2.6008,1.6799,1.6865,1.9264,1.66,1.3581,0.0065263,1.3307,1.3566,0.0060165,0.015719,0.52572,15.092,15.092,15.092,2.4492
150.93,150.93,137.7,137.7,114.64,114.64,82.348,82.348,89.666,89.666,74.312,74.312,91.584,91.584,81.924,81.924,121.29,121.29,115.76,115.76,14.224,13.674,12.475,9.5182,17.4,11.268,9.7077,9.3694,29.814,13.425,7.9512,7.9281,49.275,35.139,29.596,28.962,17.623,11.717,7.7839,5.6529,1.7448,2.7649,1.3499,2.2261,1.4682,0.04044,1.3416,2.2138,0.017533,0.099267,0.68933,26.432,26.432,26.432,8.1057
121.1,121.1,120.43,120.43,122.24,122.24,77.924,77.924,66.948,66.948,36.904,36.904,72.542,72.542,66,59.324,182.23,182.23,177.61,177.61,9.4742,8.2886,6.9378,3.7248,9.9732,9.4072,6.4559,5.7822,16.336,15.741,7.5765,6.498,24.883,23.561,17.017,13.002,35.417,19.202,17.397,10.785,1.7826,1.6125,1.6398,1.633,1.4757,0.046874,1.2214,1.3135,0.022545,0.14573,0.63351,33.173,33.173,33.173,12.039
127.9,127.9,124.76,124.76,65.482,65.482,55.623,55.623,46,45.381,45.381,42.97,72.687,72.687,66.322,66.322,164.8,164.8,149.68,149.68,7.6616,3.9678,3.9616,3.6101,9.0839,6.9458,5.4841,5.0945,19.892,14.34,13.698,9.0236,16.177,11.577,11.496,9.0565,23.464,12.96,12.592,9.6887,1.7385,1.7127,1.3904,1.5776,1.3581,0.03566,1.2721,1.5544,0.023435,0.11953,0.70993,42.376,42.376,42.376,10.764
110.55,110.55,92.194,92.194,135,118.27,118.27,101.61,54,47.729,47.729,47.152,97.613,97.613,82.254,82.254,127.43,127.43,108.72,108.72,8.7187,8.5937,7.9094,7.385,10.702,9.9937,7.5195,5.0216,12.542,11.313,8.3218,8.3177,20.687,12.612,11.425,10.026,53.302,23.154,12.757,9.7342,1.8074,1.8797,1.3824,1.7448,1.2383,0.043715,1.209,1.5805,0.024177,0.090714,0.65288,56.02,56.02,56.02,13.34
97.77,97.77,95.43,95.43,55.872,55.872,49.685,49.685,92,37.514,37.514,32.696,56.666,56.666,50.582,50.582,142,131.34,131.34,127.77,10.975,9.827,6.6093,6.5429,5.017,2.7758,1.6794,0.61944,28.703,8.925,6.4897,6.4221,12.094,8.0627,7.3427,6.3769,24.385,23.765,10.747,9.9812,1.6667,1.9264,1.325,1.7385,1.6193,0.038977,1.2358,1.5417,0.016629,0.13227,0.6388,32.818,32.818,32.818,9.5516
98,82.834,82.834,82.589,45.221,45.221,42.248,42.248,51.558,51.558,45.694,45.694,43,42.221,42.221,31.343,112.81,112.81,108.01,108.01,7.27,6.7259,4.8694,1.2442,8.7473,7.3075,6.4017,4.0276,6.7546,5.3106,4.671,3.3784,14.289,9.9664,7.8282,5.7337,30.567,27.668,19.648,10.266,1.5776,1.4376,1.2996,1.3663,1.6465,0.049815,1.1755,1.2996,0.024283,0.097899,0.66615,49.804,49.804,49.804,10.959
118.69,118.69,90,77.691,102.57,102.57,94.235,94.235,50.287,50.287,45.486,45.486,107.57,107.57,66.433,66.433,92.721,92.721,88,86.649,16.146,8.747,7.7782,7.7207,7.5347,4.4768,3.184,3.1636,20.013,14.105,11.981,10.699,19.633,12.356,10.466,9.0185,32.591,12.118,12.071,10.644,1.5635,1.6055,1.3581,1.8318,1.422,0.039564,1.0651,1.2879,0.019968,0.12979,0.6655,27.191,27.191,27.191,12.721
145.12,145.12,141.83,141.83,63.766,63.766,62.542,62.542,46.666,46.666,39.209,39.209,67,67,49.51,49.51,196.52,196.52,184.81,184.81,5.6926,5.0303,4.1847,3.739,6.4826,6.0767,4.9049,4.2068,13.344,10.554,8.0786,5.831,11.8,11.711,9.058,8.0532,26.534,13.513,11.263,7.7448,1.6733,1.6193,1.5492,1.7321,1.5563,0.034328,1.1313,1.3382,0.015111,0.070761,0.67482,23.412,23.412,23.412,9.5728
90.755,90.755,85.633,85.633,70.761,70.761,58.662,58.662,35.376,35.376,34,33.143,61,42.272,42.272,39.85,108.69,108.69,107.33,107.33,7.1061,5.6285,4.7839,4.593,8.1317,6.3274,4.4079,3.8732,10.365,9.636,9.6278,6.8695,26.982,10.423,10.312,9.9808,27.432,17.03,13.828,11.947,1.4606,1.4298,1.2202,1.6465,1.5706,0.027103,0.84208,1.3227,0.012019,0.067585,0.69004,27.149,27.149,27.149,8.7194
86.159,86.159,76.896,76.896,76.962,76.962,49.345,49.345,40,38.482,38.482,31.984,55.435,55.435,44.993,44.993,84.021,84.021,82.614,82.614,5.6813,5.3219,4.4883,2.6465,3.1913,3.0484,2.8613,1.225,6.5673,4.2094,3.99,3.8616,12.469,11.592,11.286,9.3832,18.416,12.659,10.324,7.9147,1.8074,1.4682,1.4682,1.7512,1.325,0.028759,1.0987,1.3341,0.013434,0.061379,0.7062,22.058,22.058,22.058,9.219
121.49,121.49,83.019,83.019,56.932,56.932,53.842,53.842,51.364,51.364,49.487,49.487,50.391,50.391,45.972,45.972,144.49,144.49,141.77,141.77,10.467,3.9164,2.6439,1.6987,13.885,7.4284,6.2676,5.4567,15.803,14.833,13.49,2.5828,15.562,12.741,11.465,9.692,27.156,15.791,14.027,13.868,1.5916,1.5846,1.4376,1.4682,1.6193,0.034143,1.1525,1.2052,0.016251,0.085201,0.65412,24.243,24.243,24.243,10.561
156.62,156.62,99.668,99.668,178.38,178.38,142.56,142.56,98.535,98.535,71.744,71.744,124.14,124.14,82.6,82.6,93.421,93.421,82.215,82.215,13.522,6.5054,4.777,4.1691,32.832,28.776,10.381,7.5055,24.766,7.0517,5.4065,3.5234,50.017,34.843,24.938,17.096,25.555,25.112,15.666,14.982,1.6262,1.8679,1.4376,1.453,1.5202,0.039505,1.3307,1.6733,0.020814,0.086573,0.69528,27.914,27.914,27.914,13.232
150.3,150.3,108.08,108.08,123,107.37,107.37,91.889,66.226,66.226,61.113,61.113,83.477,83.477,66.644,66.644,122.33,122.33,102.7,102.7,6.5822,5.3325,3.1192,2.5632,13.183,8.5372,6.8569,5.7485,21.714,15.883,9.6197,9.0425,19.705,19.535,11.351,9.9123,22.444,19.588,17.496,11.754,1.7256,1.7701,1.6465,1.5348,1.4606,0.034798,1.2961,1.4114,0.025154,0.077896,0.71137,38.341,38.341,38.341,12.399
112.72,112.72,87.115,87.115,106.99,106.99,102.41,102.41,51,33.328,33.328,32.179,88.466,88.466,56.41,56.41,118.41,118.41,95.95,95.95,11.015,7.6698,6.0868,5.2361,12.355,8.842,5.6679,5.5414,16.306,11.424,8.4222,7.9368,23.218,22.667,21.237,14.87,36.005,35.472,19.583,6.5889,1.4907,1.8074,1.5563,1.633,1.2737,0.042991,1.0973,1.5786,0.025113,0.086844,0.67593,27.366,27.366,27.366,14.163
117.03,117.03,110.81,110.81,205,137.37,137.37,110.82,65,44.813,44.813,36.445,142,83.969,83.969,79.426,144.25,144.25,138.25,138.25,4.7626,3.6962,3.5959,2.8993,11.131,5.2559,4.9561,2.1287,20.931,19.04,5.84,2.5341,22.328,16.825,9.9086,9.7977,17.676,17.651,9.4982,8.6686,1.6667,1.8318,1.3416,1.6398,1.4832,0.040474,1.2358,1.5521,0.023402,0.088597,0.75168,39.264,39.264,39.264,12.186
94,59.377,59.377,50.328,99.034,99.034,92.24,92.24,45.941,45.941,45.176,45.176,64.889,64.889,62,59.978,106,95.063,95.063,79.19,10.438,8.5006,6.7219,3.9701,13.719,12.993,9.1485,7.5059,6.5795,6.522,3.8855,3.4748,18.676,9.8784,7.9952,6.1577,52.379,45.119,12.378,9.0292,1.5492,1.7062,1.6398,1.6799,1.3744,0.044169,1.2505,1.558,0.02073,0.10286,0.65377,35.042,35.042,35.042,14.001
133.84,133.84,104.64,104.64,55.507,55.507,52.751,52.751,44.863,44.863,32.166,32.166,60.491,60.491,59.283,59.283,172.2,172.2,137.73,137.73,6.1898,4.3087,4.1331,3.3187,10.489,6.5586,5.1006,4.4922,14.301,10.963,9.6459,7.6967,15.958,14.432,11.25,9.6109,34.939,31.774,13.891,10.629,1.6733,2.1187,1.4298,1.3333,1.4376,0.031461,1.2653,1.8513,0.018485,0.055919,0.69609,36.691,36.691,36.691,12.062
110.7,110.7,94.271,94.271,87.73,87.73,81.2,81.2,35.956,35.956,32.699,32.699,76.95,76.95,56.883,56.883,162.01,162.01,144.4,144.4,11.921,5.5188,4.3806,2.7408,13.327,6.7351,5.6727,5.2931,18.309,8.9613,6.2086,1.5868,34.235,11.277,10.771,10.77,55.313,20.585,18.368,3.6749,1.422,1.8915,1.422,2.0976,1.3663,0.042223,1.0225,1.4206,0.028082,0.091223,0.64912,35.81,35.81,35.81,14.335
119.29,119.29,88.945,88.945,103.54,103.54,85.172,85.172,40.965,40.965,38.385,38.385,67.34,67.34,62.979,62.979,145.65,145.65,144.29,144.29,5.252,5.0555,4.2009,4.1848,15.526,12.727,11.363,9.9456,24.258,21.34,6.353,5.8818,20.115,13.48,11.476,9.4514,46.714,22.939,14.904,7.037,1.6465,1.7701,1.5275,1.4063,1.3416,0.034831,1.3054,1.7139,0.019451,0.14111,0.64569,26.172,26.172,26.172,12.288
89.365,89.365,81.951,81.951,132.03,132.03,127.63,127.63,115.06,115.06,91,78.882,77.995,77.995,66.544,66.544,138,128.45,128.45,95.074,11.285,8.1054,6.1908,1.808,12.982,12.126,10.49,9.732,15.601,11.695,4.327,2.1296,41.176,18.42,14.824,12.62,31.878,28.173,17.587,15.79,1.5846,1.8074,1.5348,1.66,1.2383,0.036894,1.2052,1.7242,0.027197,0.11043,0.72192,40.103,40.103,40.103,12.544
254.05,254.05,252,208.14,175,154.17,154.17,147.36,115.79,115.79,111.11,111.11,385.58,385.58,358.13,358.13,104,100.06,100.06,92.892,100.03,70.715,59.978,20.042,58.662,46.623,33.325,19.32,20.435,13.443,11.842,3.5094,63.424,62.773,35.88,30.356,40.007,36.513,18.588,15.736,1.3166,12.492,2.9401,4.2661,1.6262,0.050002,1.0215,12.38,0.01895,0.15958,0.72799,27.106,27.106,27.106,17.487
211.44,211.44,203.03,203.03,253.19,253.19,239.84,239.84,94.207,94.207,92.796,92.796,520.95,520.95,516,516,101.37,101.37,99.533,99.533,55.836,35.96,17.715,12.872,11.311,10.699,9.7071,8.594,51.421,30.336,19.088,12.204,58.757,40.187,31.425,29.167,18.076,13.449,9.6111,6.5043,1.5846,2.3805,2.0602,2.196,1.4757,0.018008,1.3112,2.2049,0.015747,0.040879,0.74395,26.15,26.15,26.15,9.3156
176.49,176.49,176.4,176.4,108.64,108.64,92.889,92.889,101.82,101.82,94.077,94.077,385.41,385.41,382.63,382.63,122.22,122.22,117.48,117.48,94.653,56.518,55.772,32.756,14.401,11.748,8.2865,8.209,28.909,25.803,11.877,8.8481,33.336,27.024,21.103,16.107,16.468,10.208,7.7355,7.6321,1.5275,2.2755,2.1292,2.4944,1.3081,0.016249,1.0357,2.0445,0.012737,0.027639,0.69366,20.897,20.897,20.897,7.6145
112.87,112.87,109.94,109.94,132.12,132.12,124.95,124.95,89.399,89.399,84,83.202,304.86,304.86,286.74,286.74,50.722,50.722,44.348,44.348,53.926,49.326,40.87,17.325,26.874,4.5195,2.6026,2.457,27.135,19.799,17.075,10.029,54.537,44.264,21.499,17.511,31.158,27.355,19.724,4.8473,1.3581,1.8619,2.196,1.5055,1.5776,0.037186,0.82082,1.6545,0.018892,0.082572,0.8047,31.108,31.108,31.108,10.175
214.36,214.36,191.79,191.79,102.38,102.38,95.207,95.207,112,105.97,105.97,93.403,461.53,461.53,418.88,418.88,135.45,135.45,120.97,120.97,119.16,36.877,32.694,28.987,23.065,18.389,18.117,17.367,15.367,13.567,9.86,8.233,83.342,48.066,36.961,32.702,14.507,13.47,8.5232,5.9183,1.4757,1.6533,1.8499,1.8439,1.4376,0.021267,0.86865,1.3644,0.011986,0.035208,0.70066,25.608,25.608,25.608,9.1066
210.01,210.01,184.72,184.72,205.35,205.35,189.86,189.86,84.081,84.081,83.217,83.217,363.93,363.93,322.26,322.26,123,123,100.17,100.17,38.893,7.2944,4.5052,2.2261,20.286,17.255,8.8411,8.7491,20.513,20.095,12.835,2.0588,65.054,31.746,26.373,13.979,20.689,19.03,15.792,13.291,1.5202,1.7826,1.3744,1.4832,1.4298,0.010273,1.0954,1.6627,0.017736,0.026533,0.74592,26.211,26.211,26.211,14.281
239.8,239.8,198.44,198.44,155.76,155.76,147.52,147.52,160,107.6,107.6,101.64,541.38,541.38,484.56,484.56,152.46,152.46,152.43,152.43,93.609,63.665,51.935,30.62,41.106,15.324,12.866,7.2496,46.096,38.748,27.539,21.599,66.573,44.307,31.864,28.832,15.243,13.616,11.71,9.4494,1.6799,1.9551,1.8012,1.6799,1.2293,0.014179,1.2115,1.7121,0.017887,0.025245,0.71108,24.045,24.045,24.045,8.5849
244.17,244.17,206.29,206.29,159.54,159.54,143.48,143.48,93.064,93.064,78.978,78.978,450.16,450.16,414.78,414.78,99.621,99.621,93.363,93.363,35.019,32.529,26.686,26.073,40.405,37.179,26.626,9.9097,36.788,18.407,9.1904,6.5695,41.355,41.079,30.49,29.067,17.357,15.426,7.9118,7.558,1.6931,1.4298,1.3081,1.542,1.3499,0.024366,0.96295,1.2792,0.023685,0.046625,0.75504,49.846,49.846,49.846,12.029
102.23,102.23,98.528,98.528,108.33,108.33,87.43,87.43,107.6,107.6,91.502,91.502,267.13,267.13,256.96,256.96,99.945,99.945,96.177,96.177,41.855,24.625,16.87,7.151,21.867,17.322,17.076,4.1509,32.888,5.1938,2.9955,2.0497,58.733,25.403,21.475,20.811,21.82,15.498,4.5686,4.0808,1.422,2.0817,1.8318,1.4453,1.2649,0.00946,0.92496,1.8464,0.014809,0.01861,0.65171,26.424,26.424,26.424,11.24
130.32,130.32,118.29,118.29,192.41,192.41,172.91,172.91,211.46,211.46,124.25,124.25,478.49,478.49,447.14,447.14,141.37,141.37,136.67,136.67,109.72,26.489,15.993,4.8009,31.841,21.832,20.863,13.508,33.466,11.42,3.8577,1.9375,60.841,39.719,30.286,28.168,16.575,12.708,11.904,11.197,1.66,1.8135,1.4142,4.1687,1.5348,0.014343,0.93636,1.7056,0.016172,0.015172,0.70328,28.726,28.726,28.726,10.245
151.18,151.18,137,130.77,122.66,122.66,115.38,115.38,98.899,98.899,77.544,77.544,345.33,345.33,329.57,329.57,90.228,90.228,77.251,77.251,48.974,37.767,33.402,32.604,17.556,9.3465,9.1546,7.3692,17.004,13.659,9.4315,9.3319,37.379,27.052,24.691,19.787,15.193,14.07,11.14,8.6463,2.1705,1.7638,1.5706,1.6667,1.8679,0.0077223,1.6961,1.5897,0.014555,0.021888,0.42191,17.773,17.773,17.773,6.3976
170.46,170.46,153.32,153.32,157.94,157.94,127.28,127.28,69.336,69.336,65.909,65.909,504.67,504.67,462,462,153,136.65,136.65,123.87,58.376,56.367,39.115,33.104,21.3,8.1653,7.7724,5.7377,52.417,16.492,12.242,9.0012,47.798,46.254,34.125,33.674,13.185,11.055,8.9088,7.5597,1.5129,1.8856,1.3416,1.9944,1.5275,0.0082591,1.0135,1.6024,0.012189,0.016008,0.5886,25.898,25.898,25.898,8.2325
121.83,121.83,114.08,114.08,78.108,78.108,73.813,73.813,95.981,95.981,88.239,88.239,292,251.69,251.69,239.62,87.894,87.894,72.825,72.825,3.7807,2.4007,0.70399,-0.43755,22.584,19.813,13.031,11.941,55.914,5.3017,4.7502,2.2976,28.477,25.795,12.538,9.8117,15.728,8.337,5.4346,5.355,1.5706,7.4252,3.4801,2.2706,1.7448,0.047126,1.1446,7.4767,0.027164,0.066509,0.57396,41.255,41.255,41.255,14.849
158.05,158.05,130.45,130.45,109.66,109.66,85.178,85.178,88.3,88.3,83.662,83.662,346.07,346.07,334,334,112.49,112.49,102.37,102.37,68.433,45.811,35.693,21.373,22.189,9.6166,8.7494,3.1614,60.516,14.921,8.689,8.3226,27.595,23.982,18.283,15.738,24.699,21.856,12.289,5.4153,1.6398,2.6916,2.196,2.2161,1.4606,0.022096,1.0531,2.4583,0.026917,0.048667,0.70285,27.703,27.703,27.703,15.081
204.29,204.29,200.75,200.75,99.462,99.462,76.311,76.311,101.6,101.6,82.061,82.061,271.14,271.14,250.97,250.97,117.64,117.64,106.25,106.25,37.342,26.633,20.363,6.1441,26.675,7.162,6.286,3.8274,63.008,18.221,9.5227,6.8025,40.299,38.822,33.005,25.673,17.033,15.408,14.996,6.1616,1.5986,2.1292,2.071,1.8679,1.3166,0.0095291,1.0931,1.9954,0.018622,0.017651,0.7143,22.907,22.907,22.907,12.215
157.01,157.01,149,131.75,142.44,142.44,120.86,120.86,133.87,133.87,102.73,102.73,204,189.89,189.89,173.59,84.098,84.098,73.363,73.363,6.5003,6.3267,5.6724,2.3888,28.323,17.602,17.026,14.76,15.241,6.7988,1.6197,1.599,33.913,33.753,33.304,27.491,25.671,20.049,14.263,12.898,1.542,1.9889,2.246,2.1551,1.4981,0.0079867,1.0065,1.7253,0.025612,0.021311,0.62803,36.93,36.93,36.93,12.567
78.775,78.775,64.068,64.068,140.39,140.39,113.6,113.6,101.93,101.93,101.9,101.9,202.53,202.53,160.41,160.41,59.069,59.069,59,47.409,35.508,25.147,23.201,18.992,14.539,12.009,10.853,8.1436,24.236,8.9436,4.6694,3.4145,69.709,35.464,26.38,24.205,21.238,14.68,13.627,11.637,1.5348,2.3142,2.0817,1.8379,1.3581,0.0089827,1.0215,1.9285,0.026526,0.018213,0.64577,25.677,25.677,25.677,14.435
136.76,136.76,124.93,124.93,131.29,131.29,114.85,114.85,88.116,88.116,78.56,78.56,416.82,416.82,361.65,361.65,280.73,280.73,278.11,278.11,112.44,56.468,49.652,34.39,29.491,16.679,5.6737,5.3007,24.294,17.809,8.2725,3.6671,29.759,22.959,17.33,16.685,21.309,18.216,17.117,12.995,1.453,2,1.5202,1.6667,1.325,0.010388,0.91949,1.8727,0.034265,0.028401,0.70547,36.353,36.353,36.353,15.213
212.16,212.16,204,201.07,152,150.14,150.14,141.29,133.92,133.92,115.93,115.93,523.13,523.13,504.06,504.06,123.86,123.86,98.371,98.371,28.644,27.398,25.072,6.6877,33.707,23.506,22.141,17.609,28.732,18.507,6.5164,2.0187,62.357,32,27.893,24.422,28.142,18.7,9.7135,7.3861,1.4981,8.4116,4.7399,3.7594,1.5055,0.038321,1.0406,8.4321,0.022113,0.10577,0.74234,28.314,28.314,28.314,12.793
73.601,73.601,41.725,41.725,55.187,55.187,48,44.959,93,84.021,84.021,71.325,70.559,70.559,57.628,57.628,49.212,49.212,44.974,44.974,22.926,4.8577,3.698,1.8037,18.254,13.643,10.64,7.0185,17.779,4.6973,4.2557,4.0661,29.205,27.515,16.518,9.4458,18.334,14.333,13.703,10.318,1.453,1.7575,1.3744,1.8679,1.2293,0.013099,0.91949,1.3192,0.0086613,0.05001,0.71415,33.62,33.62,33.62,7.2749
69.36,69.36,62.259,62.259,53.052,53.052,50.468,50.468,54.897,54.897,50.576,50.576,81.715,81.715,76.878,76.878,50.971,50.971,46.424,46.424,29.329,16.229,9.2119,6.4599,25.486,14.359,9.1113,6.1984,13.789,13.499,11.062,4.1811,26.572,14.112,11.059,9.6589,10.732,9.9879,9.9879,9.9879,0.91894,0,0,0.91894,0,1.0839,0.36653,0,0.35078,2.3462,0.61925,21.529,21.529,21.529,2.5886
84.601,84.601,81.575,81.575,67.9,67.9,67.615,67.615,72.344,72.344,65.162,65.162,90.367,90.367,80.91,80.91,69.461,69.461,67.501,67.501,15.378,7.1543,6.1708,4.7747,7.5111,7.2082,6.8547,5.639,16.203,10.393,8.5744,5.6212,40.796,27.036,20.911,20.814,9.9879,9.9879,9.9879,9.9879,1,0,0,1,0,2.2455e-15,0,0,5.6138e-16,1.7964e-15,0.66843,27.822,27.822,27.822,0
73.763,73.763,71.013,71.013,52.848,52.848,49.567,49.567,52.801,52.801,48,43.194,77.41,77.41,56.404,56.404,38.098,38.098,36.743,36.743,11.582,11.079,7.9043,4.3843,19.067,11.649,11.402,10.849,10.497,9.2759,8.4558,5.4218,22.504,20.591,18.13,12.22,9.9879,9.9879,9.9879,9.9879,1,0,0,1,0,2.2455e-15,0,0,5.6138e-16,1.7964e-15,0.67727,33.045,33.045,33.045,0
84.851,84.851,74.454,74.454,54.019,54.019,44.963,44.963,96.272,96.272,81.54,81.54,65.991,65.991,65.681,65.681,55.571,55.571,53.54,53.54,25.487,12.158,5.9646,4.557,11.893,11.248,9.3542,7.8962,30.807,11.561,5.7232,5.1111,28.209,19.278,12.539,10.379,9.9879,9.9879,9.9879,9.9879,1,0,0,1,0,2.2455e-15,0,0,5.6138e-16,1.7964e-15,0.69091,38.151,38.151,38.151,0
84.285,84.285,81,70.007,87,63.679,63.679,60.946,85,41.792,41.792,33.516,112,105.47,105.47,98.332,61.887,61.887,59.378,59.378,15.888,2.3517,-0.26873,-0.34063,18.798,6.424,4.2174,3.4167,8.5118,8.3819,7.2538,1.1451,10.091,7.8319,7.5771,7.5116,9.9879,9.9879,9.9879,9.9879,1,0,0,1,0,2.2455e-15,0,0,5.6138e-16,1.7964e-15,0.68792,35.001,35.001,35.001,0
94.628,94.628,83.384,83.384,49.134,49.134,44.476,44.476,56.341,56.341,45.568,45.568,109,108.56,108.56,105.51,48.106,48.106,44.713,44.713,50.831,23.364,10.231,7.7527,12.118,12.103,4.9927,4.2951,41.294,10.371,7.6416,4.9048,21.464,11.205,7.2192,6.9227,9.9879,9.9879,9.9879,9.9879,1,0,0,1,0,2.2455e-15,0,0,5.6138e-16,1.7964e-15,0.682,29.961,29.961,29.961,0
83.814,83.814,56.881,56.881,62,54.759,54.759,43.938,82.243,82.243,77.507,77.507,71.363,71.363,67.985,67.985,65.713,65.713,62.458,62.458,10.78,8.7964,3.6784,3.1535,11.238,7.6559,7.6399,6.6563,13.048,8.4841,5.0765,3.1665,25.502,18.737,13.581,10.29,9.9879,9.9879,9.9879,9.9879,1,0,0,1,0,2.2455e-15,0,0,5.6138e-16,1.7964e-15,0.68422,39.406,39.406,39.406,0
47.179,47.179,44.36,44.36,40,28.483,28.483,27.408,59,52.585,52.585,44.903,48.694,48.694,47.138,47.138,42.153,42.153,36.115,36.115,4.9691,4.3989,2.0575,1.1665,29.264,15.85,10.608,7.7456,6.5434,5.0805,2.6996,2.6116,27.305,20.689,11.024,8.4681,9.9879,9.9879,9.9879,9.9879,1,0,0,1,0,2.2455e-15,0,0,5.6138e-16,1.7964e-15,0.67513,27.746,27.746,27.746,0
74.761,74.761,68.032,68.032,60.998,60.998,59.844,59.844,47.435,47.435,46.48,46.48,90.92,90.92,84.238,84.238,47,45.4,45.4,42.253,7.5854,4.732,2.8304,2.5317,6.0125,2.9426,1.8962,0.72839,17.69,8.0228,5.2279,2.2463,13.213,12.802,7.9198,6.9826,9.9879,9.9879,9.9879,9.9879,1,0,0,1,0,2.2455e-15,0,0,5.6138e-16,1.7964e-15,0.70699,21.057,21.057,21.057,0
91.538,91.538,80.178,80.178,51,43.248,43.248,39.327,84.462,84.462,76.8,76.8,89.537,89.537,78.431,78.431,57.528,57.528,55.223,55.223,18.849,10.157,8.6123,3.6147,15.316,6.7407,6.702,4.083,25.804,19.975,2.7918,1.5409,30.38,14.889,11.767,9.2141,9.9879,9.9879,9.9879,9.9879,1,0,0,1,0,2.2455e-15,0,0,5.6138e-16,1.7964e-15,0.70686,30.087,30.087,30.087,0
68.505,68.505,63.169,63.169,54,44.272,44.272,39.686,87,58.928,58.928,58.463,67.55,67.55,62.862,62.862,98,64.39,64.39,64.28,11.145,5.7769,5.6534,5.3031,24.558,14.022,10.332,4.3266,4.2604,3.4877,1.6255,1.6183,12.823,8.1688,7.4545,6.5169,9.9879,9.9879,9.9879,9.9879,1,0,0,1,0,2.2455e-15,0,0,5.6138e-16,1.7964e-15,0.68924,31.466,31.466,31.466,0
79,73.635,73.635,69.4,83,62.952,62.952,51.971,103.17,103.17,86.676,86.676,75.768,75.768,69.341,69.341,98,66.441,66.441,55.317,11.906,10.805,7.7712,2.2394,7.084,6.4998,5.2612,4.3433,7.086,7.0579,5.6324,3.7928,38.378,9.547,7.3141,6.4691,9.9879,9.9879,9.9879,9.9879,1,0,0,1,0,2.2455e-15,0,0,5.6138e-16,1.7964e-15,0.69043,31.477,31.477,31.477,0
102.9,102.9,83.813,83.813,97.94,97.94,85.304,85.304,46.441,46.441,43.351,43.351,96.201,96.201,84.434,84.434,62.105,62.105,49,45.31,24.165,6.4172,3.7105,1.9282,9.8451,9.0509,8.8544,5.147,20.765,20.028,3.106,2.823,20.331,19.837,16.921,16.205,9.9879,9.9879,9.9879,9.9879,1,0,0,1,0,2.2455e-15,0,0,5.6138e-16,1.7964e-15,0.69214,35.939,35.939,35.939,0
107.01,107.01,84.995,84.995,76.87,76.87,58.672,58.672,48.866,48.866,45.188,45.188,68.011,68.011,60.893,60.893,92.58,92.58,84.995,84.995,11.375,7.6077,5.646,3.6363,10.622,6.5626,6.1331,5.2483,19.895,12.127,8.3053,4.7904,21.56,19.879,16.046,9.0911,9.9879,9.9879,9.9879,9.9879,1,0,0,1,0,2.2455e-15,0,0,5.6138e-16,1.7964e-15,0.70769,34.645,34.645,34.645,0
70.346,70.346,69.783,69.783,79,46.72,46.72,46.559,85.886,85.886,69.849,69.849,122,110.19,110.19,90.082,40.882,40.882,40.028,40.028,6.4383,5.6435,5.3572,4.206,12.958,8.2434,5.6189,4.6383,7.8663,7.6139,4.5026,4.0198,38.575,21.442,19.17,17.835,9.9879,9.9879,9.9879,9.9879,1,0,0,1,0,2.2455e-15,0,0,5.6138e-16,1.7964e-15,0.69783,30.799,30.799,30.799,0
91,67.073,67.073,56.772,77,61.66,61.66,57.371,63.529,63.529,57,42.353,70.629,70.629,62.412,62.412,70,63.143,63.143,59.029,17.669,10.574,9.2406,2.5342,10.446,7.499,5.9152,4.5223,7.6781,7.3021,2.1688,0.48288,18.869,17.756,7.3297,5.3426,9.9879,9.9879,9.9879,9.9879,1,0,0,1,0,2.2455e-15,0,0,5.6138e-16,1.7964e-15,0.70053,38.717,38.717,38.717,0
71.077,71.077,70.156,70.156,56.152,56.152,40.127,40.127,78.699,78.699,66.585,66.585,78.164,78.164,67.706,67.706,66.904,66.904,62.971,62.971,11.387,11.107,7.0046,2.3952,8.0026,7.7917,7.7196,7.4108,10.837,10.235,10.032,8.8683,8.7686,7.1606,5.736,5.2192,9.9879,9.9879,9.9879,9.9879,1,0,0,1,0,2.2455e-15,0,0,5.6138e-16,1.7964e-15,0.71109,31.246,31.246,31.246,0
313.92,313.92,305.24,305.24,266.1,266.1,265.1,265.1,160.91,160.91,152.9,152.9,126.82,126.82,121.33,121.33,174.78,174.78,166.16,166.16,12.937,12.787,8.05,7.0728,12.803,9.074,8.5517,8.1713,54.277,52.92,46.973,41.214,27.434,27.267,24.428,24.352,3.5977,3.2411,2.9037,1.3809,1.5706,1.4981,2.2161,1.909,1.6398,0.0047109,1.0507,1.1282,0.007231,0.010633,0.67599,36.873,36.873,36.873,4.313
268.49,268.49,253.16,253.16,289,230.15,230.15,184.92,110,106.76,106.76,98.437,92,78.428,78.428,75.389,126.14,126.14,108.46,108.46,6.2601,5.1889,4.1564,3.7506,10.637,10.586,9.5236,8.3383,40.248,27.529,19.678,12.897,39.396,37.483,32.36,11.183,13.633,6.53,4.93,3.6362,1.6193,1.8738,2.3428,1.4142,1.5563,0.0039827,1.0996,1.5882,0.0087942,0.035456,0.6778,37.119,37.119,37.119,4.7757
280.91,280.91,264.59,264.59,170.58,170.58,165.85,165.85,96.867,96.867,93.923,93.923,102.95,102.95,92.872,92.872,85.264,85.264,80.991,80.991,14.522,10.562,9.7311,6.3294,18.571,18.407,15.279,8.1677,54.149,37.323,27.987,24.43,61.542,49.851,24.533,7.3959,11.686,11.191,9.9327,7.8981,1.7127,1.422,1.6733,1.5202,1.542,0.011053,1.0289,1.1402,0.0091652,0.021392,0.7378,30.382,30.382,30.382,5.9044
253.17,253.17,216.74,216.74,184.73,184.73,175.3,175.3,144,137.5,137.5,130.72,70.665,70.665,51.971,51.971,118.39,118.39,108.11,108.11,24.689,8.6472,3.8746,2.187,11.554,8.9709,2.7918,2.7185,53.211,33.574,33.501,22.797,38.141,34.146,30.688,25.999,10.991,9.2472,4.9939,4.792,1.6465,1.5202,1.9437,1.9437,1.5348,0.014081,1.1402,1.0954,0.0088563,0.020408,0.72278,25.36,25.36,25.36,4.6419
185.61,185.61,178.77,178.77,327.2,327.2,295.19,295.19,154.87,154.87,131.05,131.05,90.738,90.738,85.927,85.927,123.94,123.94,102.38,102.38,22.53,10.141,7.9213,6.5219,14.572,13.402,11.226,8.2863,45.553,38.185,26.445,20.726,79.139,52.962,31.274,17.477,9.9591,8.7527,5.6666,4.6101,1.6262,1.4142,1.6533,1.7385,1.5706,0.0068328,1.0848,1.1472,0.0099994,0.016232,0.64305,24.969,24.969,24.969,5.0022
213.58,213.58,185.44,185.44,256,247.24,247.24,233.76,140.53,140.53,127.87,127.87,136.7,136.7,80.168,80.168,139.16,139.16,136.32,136.32,31.147,24.457,19.926,19.012,17.549,5.2327,3.1189,2.9921,51.482,29.303,22.048,17.87,35.086,24.578,19.718,5.1277,8.9917,6.9818,3.4957,2.5268,1.5129,1.3663,1.6733,1.2561,1.3333,0.010457,1.0622,0.80403,0.0078813,0.019257,0.66882,23.494,23.494,23.494,4.1353
470.77,470.77,319.29,319.29,228.27,228.27,216.52,216.52,121.44,121.44,106.78,106.78,174.96,174.96,174.33,174.33,127.97,127.97,93.331,93.331,40.757,11.062,10.429,5.9842,19.367,5.741,2.9853,1.8701,68.991,41.655,34.905,27.653,34.291,32.244,7.2055,1.8247,7.0764,4.9806,4.71,4.0094,1.2472,1.2111,1.6799,1.5635,1.3744,0.44086,0.83666,1.0225,0.14277,1.0161,0.64282,15.483,15.483,15.483,3.9761
321.07,321.07,301.83,301.83,235.4,235.4,188.38,188.38,86.608,86.608,82.528,82.528,90.006,90.006,65,60.797,106.28,106.28,106.25,106.25,10.041,6.9993,4.6195,2.2318,8.2293,7.1133,4.4927,3.6921,42.527,27.223,24.112,23.559,43.408,18.731,17.228,6.6469,14.085,9.189,7.382,3.9476,1.4981,1.6865,2.0276,1.9206,1.4453,0.0062297,0.93636,1.2831,0.0083125,0.02661,0.71125,23.63,23.63,23.63,5.5348
355.02,355.02,350.84,350.84,251,167.13,167.13,164.45,151,98.956,98.956,98.576,107.35,107.35,102.74,102.74,134.05,134.05,128.75,128.75,20.165,7.5854,6.4087,5.9159,5.2085,4.297,4.2351,4.1517,89.127,56.604,48.116,34.458,14.643,4.8696,1.8197,0.2386,20.027,8.6839,5.3429,2.7102,1.3984,1.3333,1.7385,1.3984,1.2561,0.0081327,0.96505,0.96295,0.0098038,0.030234,0.69011,31.223,31.223,31.223,6.2443
313.71,313.71,238.84,238.84,187.42,187.42,185.53,185.53,103,74.769,74.769,69.801,71.67,71.67,64.787,64.787,71.43,71.43,69.286,69.286,17.16,5.0813,3.0346,2.8781,11.131,10.885,6.7265,2.435,49.612,16.756,16.708,16.149,29.552,24.934,10.436,5.4265,10.382,9.5814,8.0674,4.901,1.6667,1.4063,1.6193,1.3333,1.325,0.0075359,1.1459,1.0435,0.0081245,0.017539,0.67604,26.83,26.83,26.83,4.3866
226.25,226.25,224.56,224.56,117.53,117.53,113.34,113.34,65.411,65.411,63.729,63.729,84.969,84.969,56,53.988,120.79,120.79,111,111,9.84,8.9454,8.2248,7.4379,14.365,4.4069,4.3558,1.9505,43.047,42.625,20.949,17.452,41.918,6.1439,5.207,4.8445,17.626,11.673,10.398,5.2556,1.5129,1.5055,1.8257,1.3744,1.2996,0.0081609,1.0135,1.0274,0.0092075,0.041315,0.63255,29.621,29.621,29.621,4.9381
282.38,282.38,215.32,215.32,232.7,232.7,212.12,212.12,96.527,96.527,65.507,65.507,101.38,101.38,95,79.966,132.27,132.27,99.579,99.579,17.372,6.9237,2.869,0.064153,17.056,8.7909,7.7826,5.4344,26.829,22.738,18.178,16.503,27.056,14.092,12.767,9.8298,10.745,9.6861,8.8811,6.8113,1.3416,1.325,1.5635,1.4142,1.4757,0.0098645,0.9524,1.0135,0.0076494,0.030084,0.67048,38.112,38.112,38.112,6.64
177.39,177.39,163.49,163.49,434.43,434.43,350.17,350.17,132,98.579,98.579,97.264,63.62,63.62,56.697,56.697,76.992,76.992,76.557,76.557,10.032,7.6168,3.4757,3.1176,3.7444,3.1794,2.3984,1.0585,6.6574,5.534,3.7144,2.3461,18.326,13.033,12.871,11.403,13.316,11.841,10.87,10.42,1.453,1.8012,2.2211,1.6667,1.6262,0.0081391,1.0215,1.4678,0.0076764,0.054719,0.61102,32.445,32.445,32.445,4.308
290.51,290.51,228.2,228.2,148.18,148.18,137.23,137.23,83.525,83.525,81.963,81.963,72.569,72.569,51.144,51.144,170.92,170.92,168.14,168.14,10.66,4.9778,4.2539,3.2861,12.165,6.7006,5.8605,4.2724,32.202,16.482,15.584,12.784,43.324,35.988,30.062,9.3592,11.843,10.154,7.2262,6.8453,1.2649,1.4376,2.0166,1.4832,1.4142,0.0072041,0.8634,1.0862,0.0071947,0.012024,0.61676,30.807,30.807,30.807,3.6997
186,179.93,179.93,125.94,321.86,321.86,302.44,302.44,96.4,96.4,95.034,95.034,117,87.888,87.888,60.237,131.79,131.79,130.3,130.3,6.0259,3.0119,2.3637,1.6945,11.983,3.5054,2.4587,2.0977,24.136,13.321,8.9924,4.2864,6.3366,3.0869,2.1047,2.0396,26.108,4.637,4.6243,4.0258,1.1353,1.3499,1.8619,1.6262,1.4063,0.0087069,0.81464,0.9412,0.0081923,0.022723,0.62575,30.098,30.098,30.098,6.0356
256.48,256.48,212.97,212.97,218.74,218.74,179.43,179.43,131,114.23,114.23,113.95,74.996,74.996,71.774,71.774,191.55,191.55,166.56,166.56,19.688,4.6333,4.3174,3.7999,5.6281,4.8499,3.6611,2.9919,62.415,39.269,38.881,28.441,9.2238,7.7584,4.3821,3.9072,21.374,9.4212,4.4268,3.7426,1.3166,1.1832,1.7062,1.5055,1.4453,0.011549,0.8916,0.86047,0.0076226,0.020574,0.71887,30.362,30.362,30.362,7.0942
241.03,241.03,206.16,206.16,198.18,198.18,183.82,183.82,121.03,121.03,114.17,114.17,48,45.176,45.176,41.803,86.304,86.304,82.494,82.494,3.3785,3.1482,0.93906,0.25896,8.9467,7.6624,6.8506,6.4456,51.567,31.839,28.286,14.092,23.536,16.972,15.533,8.4542,9.2501,6.698,5.1084,4.3779,1.4682,1.3081,1.7764,1.5055,1.422,0.0069959,1.0435,0.99087,0.0092547,0.024528,0.69018,23.597,23.597,23.597,4.4354
181.78,181.78,148.32,148.32,145.92,145.92,128.5,128.5,84.572,84.572,66.897,66.897,110.54,110.54,106.39,106.39,101.87,101.87,97.361,97.361,11.942,7.6013,3.3197,1.6362,16.209,10.488,2.9939,1.6603,15.028,13.889,10.921,6.1033,12.756,11.019,3.7506,2.4633,9.1151,8.6056,5.8055,5.7212,1.6055,1.5776,2.1082,1.3499,1.2202,0.0065801,0.90453,1.2152,0.006905,0.030432,0.64723,22.883,22.883,22.883,3.2687
246.58,246.58,196.81,196.81,131.88,131.88,121.8,121.8,96.219,96.219,77.544,77.544,82.084,82.084,75.793,75.793,132.46,132.46,127.83,127.83,20.1,9.3316,6.5053,4.1205,8.9326,4.0199,3.305,1.6085,36.551,23.255,21.098,19.607,11.451,10.69,4.526,-0.14249,16.528,13.333,11.635,2.5951,1.5776,1.2561,2.0656,1.3663,1.3081,0.0054678,0.98062,0.91949,0.0080823,0.016521,0.6722,20.511,20.511,20.511,5.2429
191.71,191.71,179.89,179.89,277,231.98,231.98,191.39,172,130.38,130.38,77.799,79,61.819,61.819,56.688,78.953,78.953,71.495,71.495,12.38,2.9608,1.3033,0.86224,7.8304,5.1314,4.3873,3.5615,40.056,34.585,23.061,10.317,28.414,20.399,11.178,4.5272,9.6181,5.5631,4.4027,3.994,1.6125,1.6398,1.7192,1.2111,1.453,0.0056882,0.88306,1.2399,0.0045802,0.02337,0.68341,18.872,18.872,18.872,4.9899
129.6,129.6,126.92,126.92,67,36.998,36.998,36.39,121,94.547,94.547,86.873,87.282,87.282,87,67.793,119.3,119.3,110.58,110.58,11.145,3.7323,0.81353,0.29224,28.255,19.559,15.885,14.631,18.44,11.538,6.7722,6.4089,27.321,13.188,13.001,8.8862,31.216,12.593,8.8483,8.2278,1.2202,3.8471,1.8499,2.0331,1.6667,0.024983,0.86865,3.8055,0.0087169,0.04232,0.57255,40.619,40.619,40.619,7.3451
206,189.99,189.99,163.89,56.738,56.738,49.898,49.898,135.53,135.53,121.66,121.66,110.24,110.24,97.548,97.548,238.05,238.05,226.65,226.65,14.257,8.3597,6.3861,5.9104,52.669,41.354,22.756,21.108,22.421,7.7799,7.2236,5.1674,25.077,22.565,21.315,19.182,19.228,15.602,11.66,8.751,1.3663,3.102,1.6193,1.6667,1.2824,0.030642,0.8634,2.9201,0.0065688,0.066151,0.5875,32.427,32.427,32.427,6.3967
193.52,193.52,192.41,192.41,48.047,48.047,39.586,39.586,206.2,206.2,191.6,191.6,133.41,133.41,131.04,131.04,161.79,161.79,151.2,151.2,15.075,12.367,9.1552,6.3582,48.649,33.85,30.553,25.928,49.992,28.253,22.921,17.795,33.717,25.157,23.141,17.431,16.046,14.489,7.9348,5.9635,1.5776,2.959,1.8257,2.2311,1.4142,0.02053,0.98062,2.599,0.0062809,0.092769,0.57808,33.519,33.519,33.519,4.9316
185.83,185.83,180.79,180.79,49.293,49.293,44.064,44.064,195.98,195.98,176.58,176.58,95.567,95.567,88.246,88.246,124.62,124.62,114.45,114.45,20.013,8.8496,7.6081,6.7158,50.397,35.986,25.85,23.368,23.008,19.113,17.097,12.706,28.468,18.753,15.455,14.014,19.577,8.931,6.8396,3.1343,1.4606,3.2863,2.2804,2.708,1.5776,0.01081,0.84208,2.9741,0.0080142,0.089641,0.57449,31.632,31.632,31.632,5.037
257,243.18,243.18,209.25,73,57.265,57.265,46.128,113.48,113.48,109.66,109.66,328.13,328.13,250.25,250.25,231,157.94,157.94,152.67,31.853,15.313,15.029,14.382,44.763,13.979,13.91,12.03,22.595,15.212,10.846,3.5366,47.454,15.596,15.092,12.773,15.607,9.9631,5.2354,4.9649,1.325,2.4129,1.5635,1.5563,1.2737,0.014285,0.8245,2.3798,0.0059437,0.046762,0.59775,24.971,24.971,24.971,4.3805
321.09,321.09,292.79,292.79,103.64,103.64,87.664,87.664,173.43,173.43,145.23,145.23,227.39,227.39,214.94,214.94,203.91,203.91,174.26,174.26,34.266,28.103,21.987,21.47,58.756,47.945,39.606,35.688,48.638,21.63,19.263,16.17,94.686,60.386,52.312,30.541,18.117,16.464,12.761,7.2074,1.2202,3.5119,2.1396,2.3805,1.5129,0.0084832,0.91176,3.173,0.0060584,0.061324,0.59186,34.804,34.804,34.804,6.1277
372.07,372.07,368.12,368.12,105.3,105.3,86.29,86.29,140.72,140.72,137.9,137.9,444.19,444.19,387.6,387.6,157.13,157.13,141.85,141.85,76.503,56.598,39.167,31.698,39.914,33.492,23.802,19.498,92.493,69.227,31.375,17.001,79.146,78.637,75.39,67.947,17.64,15.375,13.388,9.0404,1.4142,3.4545,1.7448,1.8915,1.6533,0.015054,0.93905,3.2321,0.0090598,0.088752,0.60039,23.417,23.417,23.417,6.4918
28,19.944,19.944,19.473,22,16.336,16.336,16.253,30.225,30.225,30.133,30.133,30,17.518,17.518,14.826,38,19.867,19.867,18.993,1.8587,0.54449,0.24116,0.080933,5.8308,4.9758,4.8849,3.2549,0.87216,0.7214,0.6479,0.40485,7.1964,5.3512,2.5743,1.7362,15.592,9.5064,3.2392,2.8214,1.325,1.972,1.2383,1.3744,1.1643,3.2329,1.0848,1.9574,0.44379,4.4611,0.42988,7.3628,7.3628,7.3628,4.5371
141.27,141.27,139.76,139.76,121.65,121.65,108.55,108.55,113.59,113.59,113.36,113.36,59.815,59.815,58.265,58.265,163.94,163.94,163,143,10.856,4.9923,3.7895,1.1122,30.724,17.588,16.976,16.235,39.46,16.26,4.0689,1.8413,18.696,18.283,17.621,12.644,14.098,13.136,12.607,11.304,1.5563,6.307,3.2965,4.1607,1.2111,0.0060273,1.1669,6.3376,0.0069028,0.052445,0.57406,33.722,33.722,33.722,5.6142
254.42,254.42,250,242.53,103.44,103.44,102.64,102.64,158.06,158.06,122.16,122.16,162.8,162.8,127.5,127.5,277,180.2,180.2,171.83,32.401,19.499,11.691,9.2403,29.209,22.229,14.542,14.185,44.851,37.956,34.922,33.998,44.71,20.553,17.406,16.57,23.167,18.945,15.27,14.882,1.3081,4.2714,2.6415,4.812,1.6733,0.0068969,0.94922,4.2886,0.0064813,0.032424,0.57675,35.796,35.796,35.796,8.18
182.82,182.82,173.37,173.37,79.943,79.943,75.844,75.844,95.076,95.076,92.928,92.928,103.81,103.81,99.566,99.566,225.98,225.98,163.83,163.83,12.323,12.298,11.506,9.1634,74.688,18.942,17.613,11.99,31.749,22.008,16.176,11.794,20.918,20.814,20.4,14.854,17.695,8.6794,2.89,1.4028,1.2472,4.9911,2.5863,3.4383,1.3744,0.017125,0.92823,5.039,0.0065417,0.079161,0.59084,30.478,30.478,30.478,4.3262
99.568,99.568,95.578,95.578,126.25,126.25,109.98,109.98,118,111.67,111.67,107.13,220.62,220.62,180.76,180.76,163,163,146.22,146.22,53.853,11.215,11.076,10.009,32.342,20.853,18.195,9.2297,19.443,7.3709,6.947,5.6461,36.356,19.715,18.876,15.898,26.078,6.0511,4.5236,3.0717,1.5348,4.1526,2.5298,3.7417,1.5129,0.0059243,1.0215,3.7284,0.0045353,0.048641,0.57235,32.078,32.078,32.078,5.7347
86.945,86.945,83.136,83.136,127.49,127.49,85.473,85.473,121.12,121.12,118.28,118.28,86.652,86.652,80,68.449,198.55,198.55,133.03,133.03,6.1009,3.5725,3.0924,2.5353,35.659,27.699,24.625,22.682,10.436,10.163,7.2321,3.0507,51.566,20.085,18.772,17.8,16.696,13.322,8.6083,6.9788,1.5986,3.0074,3.7327,4.3153,1.6398,0.0059469,1.0931,2.6676,0.0065483,0.035977,0.58552,39.145,39.145,39.145,6.0796
181.57,181.57,117.17,117.17,89.614,89.614,86,82.378,86.216,86.216,81.71,81.71,107,61.455,61.455,58.463,181.55,181.55,140.17,140.17,3.2915,2.5699,2.1676,1.7336,28.341,20.186,20.017,16.093,19.783,18.534,17.577,5.9677,43.022,28.335,25.066,15.476,20.541,10.828,10.767,7.8495,1.4981,6.0296,2.9926,4.1767,1.6193,0.0063173,1.0862,6.0551,0.0066264,0.050355,0.60455,33.785,33.785,33.785,7.6085
175.97,175.97,107.64,107.64,121.22,121.22,99,90.257,112,106.49,106.49,101.72,118.6,118.6,110.03,110.03,162.26,162.26,147.48,147.48,21.261,10.796,6.6718,4.0421,39.339,38.273,37.193,20.62,16.955,11.584,11.161,4.7797,30.144,21.264,19.82,18.34,12.215,7.3044,5.0246,4.9133,1.4832,4.4146,2.4766,3.4189,1.5706,0.0034773,1.1078,4.2188,0.0041662,0.087469,0.57294,27.315,27.315,27.315,4.1003
136.38,136.38,121.86,121.86,159,105.43,105.43,100.19,161.63,161.63,126.32,126.32,117.53,117.53,101.52,101.52,178.74,178.74,156.3,156.3,23.698,7.8681,4.7997,3.2504,62.461,38.236,26.285,25.812,32.272,7.1307,7.0032,6.8655,27.835,24.6,21.673,12.807,10.931,9.6159,8.6219,7.9595,1.6533,5.6313,2.7849,4.3102,1.2111,0.0070745,1.0745,5.4256,0.005299,0.054315,0.60014,31.323,31.323,31.323,5.7854
117.23,117.23,108.96,108.96,102.28,102.28,90.205,90.205,147.8,147.8,147,101.34,154.96,154.96,154.47,154.47,199.23,199.23,174,157.93,31,21.704,17.462,15.244,62.312,32.364,31.225,18.295,16.275,15.915,7.9235,7.718,46.316,42.638,27.738,21.563,16.585,11.849,6.1741,3.9215,1.5563,5.1012,2.6916,3.873,1.542,0.008512,1.1246,5.1053,0.0069477,0.051208,0.59426,29.638,29.638,29.638,5.0742
141,104.27,104.27,98.467,117.41,117.41,111.06,111.06,145.45,145.45,121.61,121.61,169.44,169.44,163.05,163.05,178,170.67,170.67,129.82,26.588,15.047,13.152,12.402,21.414,13.099,11.99,11.392,9.1217,6.8455,6.8432,3.2365,40.405,27.984,26.339,22.426,23.049,20.455,7.3943,3.712,1.6667,5.2281,2.8674,4.4247,1.7321,0.0094487,1.0954,5.1352,0.0064835,0.067357,0.62886,21.831,21.831,21.831,5.9532
115.66,115.66,110.29,110.29,162.92,162.92,120.81,120.81,107.94,107.94,105,73.067,111.48,111.48,84.069,84.069,123.82,123.82,119.9,119.9,22.039,9.1555,2.7727,2.6119,22.141,21.949,21.501,18.902,15.698,7.5917,6.4964,2.8897,38.295,23.361,23.296,19.102,20.507,17.514,6.5846,6.3842,1.5348,5.2281,2.4449,3.4512,1.6465,0.0042311,1.116,5.2381,0.005288,0.030014,0.58385,31.532,31.532,31.532,5.8637
144.19,144.19,107.2,107.2,120.63,120.63,95.402,95.402,127.29,127.29,114.91,114.91,79.184,79.184,68.233,68.233,130.31,130.31,120.94,120.94,13.828,7.5292,7.3057,6.5972,62.035,46.54,14.431,4.6549,18.621,14.038,10.553,7.7372,28.276,20.369,9.3105,8.4402,10.597,10.155,8.5623,8.4649,1.3166,5.2978,3.0074,4.4171,1.4907,0.0073126,1.0215,5.2433,0.0049608,0.070779,0.60891,35.443,35.443,35.443,4.8669
285.02,285.02,212,180.13,310.75,310.75,265.79,265.79,227.33,227.33,200.12,200.12,489,366.04,366.04,354.08,211.18,211.18,193.26,193.26,23.854,22.391,19.453,11.625,67.991,27.561,20.792,12.387,20.399,18.952,18.191,5.6325,78.542,35.593,34.325,16.286,8.8916,7.9871,7.2036,6.0146,2.6204,3.1588,2.3142,1.9206,1.453,0.011095,2.0812,3.1811,0.008863,0.048225,0.59788,13.993,13.993,13.993,4.0925
304.31,304.31,283.21,283.21,461.1,461.1,428.61,428.61,263.08,263.08,262.74,262.74,425.73,425.73,415,414.1,231.32,231.32,225.18,225.18,131.87,121.97,49.709,44.275,43.952,40.056,24.372,22.423,63.29,47.843,38.078,24.04,62.821,38.033,12.766,10.561,14.591,10.395,6.4643,5.959,1.5916,3.0768,2.4358,1.6262,1.325,0.026085,1.3038,2.7822,0.014149,0.064631,0.6548,25.184,25.184,25.184,5.9051
173.79,173.79,145.22,145.22,379.69,379.69,369.65,369.65,283.99,283.99,268.5,268.5,333.83,333.83,307.22,307.22,151.58,151.58,149.73,149.73,110.62,18.643,13.144,11.922,91.58,37.817,36.227,29.618,33.093,20.793,7.6796,6.294,61.754,19.093,18.044,16.896,18.771,10.497,8.9282,4.4669,2.1602,1.7889,2.1654,1.6055,1.453,0.013768,1.8458,1.7268,0.014665,0.048264,0.64854,28.023,28.023,28.023,5.1656
208.2,208.2,196.65,196.65,259.96,259.96,249.64,249.64,226.22,226.22,196.38,196.38,439.13,439.13,365.67,365.67,125.39,125.39,113.43,113.43,97.206,57.023,51.652,37.153,35.294,32.355,26.475,19.763,48.362,45.649,37.794,17.107,60.043,32.289,30.197,29.751,5.1137,4.9216,4.0486,3.3512,2.7928,2.3523,2.2061,1.6262,1.453,0.4598,2.5396,2.2115,0.13934,1.0287,0.57246,18.092,18.092,18.092,3.1127
170.62,170.62,148.06,148.06,258.26,258.26,202.51,202.51,226.6,226.6,188.27,188.27,352.79,352.79,310.29,310.29,87.515,87.515,87.116,87.116,98.667,62.144,56.501,43.229,20.723,19.681,15.412,13.772,49.778,15.117,10.256,7.7051,40.617,37.562,29.193,14.985,7.8704,6.866,5.9609,3.7189,1.7448,2.7608,2.2211,1.5635,1.4063,0.0065783,1.2593,2.7037,0.0089809,0.035079,0.61631,20.381,20.381,20.381,3.4726
238.78,238.78,171.57,171.57,330.05,330.05,263.93,263.93,221.1,221.1,163.66,163.66,282.76,282.76,282.48,282.48,79.588,79.588,76.11,76.11,83.651,35.795,26.137,22.796,28.023,23.287,22.053,13.684,54.992,15.489,12.781,9.7317,45.037,22.072,17.804,16.486,7.6309,7.3071,5.3333,5.0375,1.66,3.9299,1.8499,1.4142,1.3499,0.02335,1.4178,3.62,0.010428,0.04386,0.61642,24.187,24.187,24.187,4.0641
179.58,179.58,172.27,172.27,261.29,261.29,246.26,246.26,300.69,300.69,259.25,259.25,265.93,265.93,218.22,218.22,138.02,138.02,94.614,94.614,44.852,33.064,29.808,22.39,59.903,47.412,43.745,14.997,44.44,26.702,24.475,16.086,23.513,22.679,19.033,14.699,7.897,4.6932,2.6493,1.9925,2.6077,3.1623,2,1.2293,1.3663,0.01202,2.3413,2.9588,0.009795,0.023427,0.62251,26.614,26.614,26.614,3.651
159.29,159.29,134.66,134.66,358.09,358.09,259.64,259.64,237.64,237.64,206.95,206.95,197.01,197.01,188.4,188.4,104.84,104.84,98.615,98.615,27.453,23.018,22.923,13.28,31.138,21.727,16.949,14.08,19.995,16.706,14.45,9.2369,31.101,29.966,23.334,23.037,7.9356,7.8847,5.4463,4.6905,1.3904,3.8181,2.3238,1.7385,1.3581,0.0065142,0.92823,3.6801,0.0078227,0.01872,0.38924,14.197,14.197,14.197,4.0856
174.77,174.77,138.67,138.67,447.87,447.87,446.8,446.8,308.13,308.13,250.96,250.96,285.7,285.7,270.81,270.81,173.81,173.81,127.94,127.94,75.034,19.553,15.687,9.0407,36.449,34.543,23.899,19.61,42.066,18.555,15.454,7.289,57.467,54.302,19.993,12.559,3.7529,2.6258,2.1754,1.7342,2.6247,4.0277,2.246,1.2996,1.2737,0.01351,2.542,4.0722,0.0079679,0.022161,0.60336,12.047,12.047,12.047,2.9123
173.8,173.8,143.21,143.21,208.99,208.99,194.55,194.55,348.04,348.04,319.76,319.76,236.97,236.97,230.64,230.64,122.14,122.14,109.68,109.68,81.093,34.099,29.242,14.502,26.01,16.925,16.758,14.819,21.447,5.9852,3.2407,2.1583,37.124,17.166,11.956,7.5005,17.399,16.236,13.094,8.4136,6.1932,3.8152,2.4989,1.4682,1.3663,0.01428,6.1062,3.8028,0.013258,0.060289,0.58596,15.363,15.363,15.363,5.0676
188.76,188.76,184.63,184.63,233.91,233.91,209.23,209.23,232.36,232.36,224.74,224.74,279.07,279.07,210.45,210.45,111.25,111.25,108.13,108.13,26.07,22.782,17.14,14.846,41.36,40.761,15.834,15.74,59.983,19.917,18.205,15.896,20.288,11.382,10.798,9.9362,9.933,6.6011,3.983,3.3664,1.4907,3.5214,2.0385,1.6533,1.5986,0.011323,1.005,3.5327,0.011635,0.023683,0.53541,24.944,24.944,24.944,4.208
204.95,204.95,111.93,111.93,245.65,245.65,244.26,244.26,188.18,188.18,185.04,185.04,177.57,177.57,177.37,177.37,102.54,102.54,90.05,90.05,55.266,27.645,9.4454,6.9003,44.673,30.174,29.171,16.274,18.181,7.1863,5.6878,5.5396,24.074,21.627,14.314,13.096,11.099,9.0743,7.3561,5.1281,1.5846,2.3991,2.4585,1.4298,1.3581,0.013192,1.1201,2.1384,0.0075375,0.032189,0.51924,19.84,19.84,19.84,4.2797
219.26,219.26,210,200.49,312.08,312.08,292.34,292.34,373.51,373.51,262.56,262.56,295.57,295.57,266.51,266.51,178.28,178.28,142,127.25,56.708,29.997,19.038,19.017,44.294,42.75,42.109,37.996,15.8,7.4296,7.1929,6.4548,24.355,24.009,17.886,16.065,5.4854,5.023,4.0725,4.0635,1.8074,3.0912,2.3758,1.4298,1.3824,0.012828,1.3038,2.9503,0.0088102,0.033375,0.62847,35.982,35.982,35.982,3.4977
215.86,215.86,212.5,212.5,233.95,233.95,228.03,228.03,243.65,243.65,214.42,214.42,333.24,333.24,327.18,327.18,259.3,259.3,221.68,221.68,44.605,34.755,27.503,22.473,19.513,12.678,11.54,10.895,46.211,37.312,24.704,13.461,29.153,22.026,15.183,11.335,8.2632,6.5136,5.9808,5.6638,1.633,2.0602,2.2755,1.5635,1.5348,0.013041,1.1201,1.8687,0.012404,0.023852,0.59748,29.355,29.355,29.355,5.0464
260.58,260.58,232.52,232.52,456.35,456.35,437,341.05,251.97,251.97,192.83,192.83,495.82,495.82,459.59,459.59,194.54,194.54,177,177,22.558,21.215,19.142,7.4423,39.135,23.857,17.78,14.178,70.127,60.455,16.364,12.635,16.837,15.255,13.827,11.374,11.71,9.5752,7.736,7.6201,3.0948,4.585,2.5122,1.4142,1.6055,0.021882,3.0045,4.5657,0.014001,0.031907,0.56907,22.781,22.781,22.781,4.7305
130.23,130.23,128.02,128.02,273.64,273.64,267.71,267.71,340.32,340.32,301.89,301.89,390.93,390.93,303.05,303.05,131.6,131.6,113.94,113.94,87.114,42.567,38.239,26.239,55.599,30.896,23.989,19.223,29.155,12.71,10.493,9.9445,21.361,9.3297,8.3218,7.0464,9.6961,7.683,7.2398,5.0781,1.7826,2.7568,2.521,1.1353,1.4376,0.017261,1.1708,2.6936,0.01153,0.03019,0.52693,20.253,20.253,20.253,4.7532
256.77,256.77,209.11,209.11,581.54,581.54,467.17,467.17,456.15,456.15,413.64,413.64,382.47,382.47,321,321,150,148.67,148.67,137.68,97.129,46.002,25.52,21.723,80.433,75.72,74.182,68.99,58.429,9.8908,8.1313,6.1279,59.557,57.392,39.45,30.516,11.568,10.87,8.0784,7.5173,1.8559,2.4358,2.3664,1.7192,1.6667,0.019337,1.6352,2.1308,0.013555,0.080491,0.53793,24.04,24.04,24.04,3.9938
204.72,204.72,199.45,199.45,417,391.48,391.48,296.51,369,310.27,310.27,300.07,316.53,316.53,304.86,304.86,195.84,195.84,137.69,137.69,41.011,37.495,9.1843,8.7925,59.271,28.928,22.539,15.555,26.925,17.644,12.73,11.914,76.975,39.071,14.09,9.1825,13.995,11.495,10.223,8.7786,3.0948,3.7059,2.6415,1.5776,1.4757,0.035053,2.6653,3.5753,0.016681,0.097272,0.54711,30.155,30.155,30.155,6.5438
140.6,140.6,132.23,132.23,321.24,321.24,317.83,317.83,301.25,301.25,228.49,228.49,327.55,327.55,301.5,301.5,90.243,90.243,89.443,89.443,63.603,45.328,33.558,24.589,51.352,43.338,11.55,11.241,26.534,22.41,16.681,14.734,39.19,33.82,19.999,18.356,12.479,11.657,6.9795,6.0681,2.1396,2.8636,2.3664,1.5202,1.1832,0.011071,1.8757,2.5745,0.013166,0.029648,0.51216,20.845,20.845,20.845,4.9789
266.71,266.71,145.43,145.43,87.395,87.395,82.002,82.002,69.958,69.958,65.744,65.744,116.62,116.62,104.09,104.09,64.998,64.998,51.122,51.122,37.858,21.684,4.2344,3.8944,13.612,8.4226,4.0847,3.7518,39.428,34.429,31.681,23.594,14.544,13.079,7.1196,5.7168,30.518,22.436,18.296,14.785,1.8074,1.5129,1.5348,1.6799,10.97,0.040548,1.4917,1.2214,0.028151,0.085264,0.44468,36.863,36.863,36.863,9.3049
102.37,102.37,83.411,83.411,94.052,94.052,89.228,89.228,72.277,72.277,67.465,67.465,95.832,95.832,94.238,94.238,65.144,65.144,60,50.377,16.38,7.0345,5.6654,5.3203,28.019,17.795,7.8842,6.8968,13.209,10.055,4.6828,2.5682,11.115,7.4473,6.6879,3.3428,10.305,9.1939,8.7042,8.405,1.4606,1.453,1.4142,1.4757,4.1952,0.018028,1.0973,1.0215,0.014467,0.045021,0.49192,47.874,47.874,47.874,4.1046
215.95,215.95,188.46,188.46,105.95,105.95,93.477,93.477,80.707,80.707,76,62.915,172.02,172.02,156.63,156.63,84.979,84.979,80.76,80.76,53.706,12.767,1.8788,1.2344,11.182,9.2772,6.1811,4.5074,22.55,13.397,12.21,9.8632,5.878,3.9011,3.0209,2.9746,-1.149,-1.149,-1.149,-1.149,1,0,0,1,0,8.9821e-16,0,0,3.3683e-16,2.2455e-16,0.52658,40.271,40.271,40.271,0
102.38,102.38,95.29,95.29,105.6,105.6,95.055,95.055,123.36,123.36,88,82.962,140.96,140.96,134.2,134.2,48.451,48.451,43.337,43.337,41.615,14.476,7.2491,6.4177,12.251,4.8078,3.6977,3.2275,18.635,13.242,7.488,5.0807,2.7159,1.4131,1.3238,0.48288,-1.149,-1.149,-1.149,-1.149,1,0,0,1,0,8.9821e-16,0,0,3.3683e-16,2.2455e-16,0.51584,43.601,43.601,43.601,0
152.63,152.63,121,121,133.74,133.74,119.39,119.39,115.9,115.9,108.98,108.98,149.95,149.95,109.92,109.92,86.481,86.481,77.28,77.28,15.898,8.8114,3.7183,3.6533,25.88,13.645,12.854,5.0229,13.381,11.316,5.7111,1.4781,15.687,6.1369,3.4615,2.801,-1.149,-1.149,-1.149,-1.149,1,0,0,1,0,8.9821e-16,0,0,3.3683e-16,2.2455e-16,0.48653,29.706,29.706,29.706,0
192.38,192.38,181.25,181.25,89.055,89.055,86.004,86.004,154.36,154.36,122.9,122.9,126.14,126.14,114.58,114.58,74.853,74.853,66.955,66.955,27.552,16.493,14.67,12.262,50.936,35.968,14.645,8.7781,16.28,8.5317,5.121,3.6452,4.5078,4.4075,3.3707,1.6136,-1.149,-1.149,-1.149,-1.149,1,0,0,1,0,8.9821e-16,0,0,3.3683e-16,2.2455e-16,0.47383,33.657,33.657,33.657,0
102.5,102.5,101.65,101.65,67.598,67.598,54.888,54.888,109,105.51,105.51,96.631,97.093,97.093,91.411,91.411,65.403,65.403,61.799,61.799,27.097,12.31,5.6014,5.0422,62.72,34.835,18.494,15.547,15.232,10.825,9.2992,0.86372,8.2847,7.3965,5.3978,5.2645,-1.149,-1.149,-1.149,-1.149,1,0,0,1,0,8.9821e-16,0,0,3.3683e-16,2.2455e-16,0.43927,37.838,37.838,37.838,0
168.89,168.89,167,137.73,93,85.32,85.32,84.252,83.596,83.596,66.549,66.549,152.96,152.96,133.24,133.24,55.385,55.385,53.634,53.634,36.11,21.966,11.146,9.5179,23.894,9.024,6.9009,5.724,25.994,25.177,22.176,16.624,20.183,13.261,4.7233,2.6205,-1.149,-1.149,-1.149,-1.149,1,0,0,1,0,8.9821e-16,0,0,3.3683e-16,2.2455e-16,0.44138,50.557,50.557,50.557,0
129.73,129.73,104.11,104.11,131.52,131.52,115.42,115.42,87.826,87.826,83.154,83.154,147.14,147.14,144.82,144.82,69,60.144,60.144,60.044,18.215,8.3483,4.7057,2.2918,57.133,11.965,10.741,8.8421,7.9645,7.4441,6.6418,1.4102,7.5585,4.7472,4.1384,3.2416,-1.149,-1.149,-1.149,-1.149,1,0,0,1,0,8.9821e-16,0,0,3.3683e-16,2.2455e-16,0.5566,45.41,45.41,45.41,0
238.48,238.48,222.56,222.56,104.1,104.1,76.198,76.198,103.76,103.76,90.785,90.785,88.977,88.977,82.083,82.083,62.537,62.537,62.065,62.065,23.717,12.369,6.1606,5.6514,22.952,18.665,10.222,10.185,48.107,8.3427,7.0427,4.4359,4.9102,3.6818,2.3677,1.9145,-1.149,-1.149,-1.149,-1.149,1,0,0,1,0,8.9821e-16,0,0,3.3683e-16,2.2455e-16,0.52192,46.569,46.569,46.569,0
124.7,124.7,103.84,103.84,113.01,113.01,102.59,102.59,42.819,42.819,37.308,37.308,100.79,100.79,97.124,97.124,67,56.358,56.358,46.47,22.948,13.158,7.4345,3.2879,55.265,9.6375,7.7551,6.6946,19.907,6.6949,3.4964,2.7528,12.987,12.466,4.4913,3.2797,-1.149,-1.149,-1.149,-1.149,1,0,0,1,0,8.9821e-16,0,0,3.3683e-16,2.2455e-16,0.514,44.167,44.167,44.167,0
168.57,168.57,165.66,165.66,91.259,91.259,70.083,70.083,77.782,77.782,75.471,75.471,120.23,120.23,87.854,87.854,60.025,60.025,53.847,53.847,12.838,8.4198,7.9732,4.6624,33.137,29.625,16.671,14.001,74.983,51.834,11.531,3.4681,5.6097,3.3259,2.1197,1.7495,-1.149,-1.149,-1.149,-1.149,1,0,0,1,0,8.9821e-16,0,0,3.3683e-16,2.2455e-16,0.5121,38.415,38.415,38.415,0
201.52,201.52,172.36,172.36,95.779,95.779,82.803,82.803,117.74,117.74,92.798,92.798,135,119.54,119.54,104.12,98.89,98.89,95.791,95.791,35.361,28.519,18.406,10.757,92.478,47.515,46.637,11.631,41.512,30.555,23.302,22.585,29.715,16.544,11.555,10.582,-1.149,-1.149,-1.149,-1.149,1,0,0,1,0,8.9821e-16,0,0,3.3683e-16,2.2455e-16,0.46881,42.456,42.456,42.456,0
208.32,208.32,203.31,203.31,72.837,72.837,66.505,66.505,63.098,63.098,61.004,61.004,152.28,152.28,143.84,143.84,60.445,60.445,56.546,56.546,20.859,11.295,7.2533,3.5174,44.397,43.762,33.383,17.027,49.571,17.419,8.0616,5.275,20.684,4.7739,2.3601,2.1244,-1.149,-1.149,-1.149,-1.149,1,0,0,1,0,8.9821e-16,0,0,3.3683e-16,2.2455e-16,0.46444,43.815,43.815,43.815,0
119.98,119.98,94.515,94.515,110.94,110.94,108.17,108.17,96,77.054,77.054,64.101,108,102.43,102.43,92.713,71,54.471,54.471,50.176,10.205,7.5043,6.5876,4.9894,30.861,16.197,12.511,7.7811,16.77,15.158,8.4393,6.4824,3.6711,2.1938,1.3415,1.0346,-1.149,-1.149,-1.149,-1.149,1,0,0,1,0,8.9821e-16,0,0,3.3683e-16,2.2455e-16,0.47691,42.881,42.881,42.881,0
146.82,146.82,131.92,131.92,186.86,186.86,175.32,175.32,196.43,196.43,179.74,179.74,127.95,127.95,110.15,110.15,139.62,139.62,124.71,124.71,25.938,12.613,11.429,10.736,42.879,22.96,19.28,13.784,22.107,11.006,10.526,10.023,76.137,65.668,40.091,38.391,12.621,10.396,9.4497,4.1589,1.0954,1.3904,2.3851,1.6997,1.4907,0.67036,0.70568,1.289,0.18786,0.15913,0.6147,18.618,18.618,18.618,3.942
153.97,153.97,134.54,134.54,247.4,247.4,242.74,242.74,253.28,253.28,238.93,238.93,152.99,152.99,151.33,151.33,121.57,121.57,108.25,108.25,33.082,28.615,16.893,9.7785,87.338,52.776,39.03,33.111,19.486,12.882,10.16,8.8582,117.06,46.138,35.354,35.077,11.444,10.742,8.537,5.6996,1.4453,1.7448,1.2383,1.7385,1.3744,0.016426,1.0333,1.4764,0.011605,0.02255,0.6605,16.425,16.425,16.425,4.37
150.3,150.3,143.58,143.58,95.033,95.033,88.778,88.778,205.54,205.54,202.02,202.02,209.78,209.78,207.64,207.64,104.4,104.4,66.648,66.648,47.784,43.575,31.227,29.453,49.38,45.02,22.773,20.88,51.864,33.089,29.303,11.756,49.364,46.199,38.256,37.951,11.633,10.781,9.7983,8.3906,1.5348,1.7512,1.3824,1.5846,1.4907,0.014377,0.96766,1.4045,0.0079662,0.019384,0.60738,15.167,15.167,15.167,4.196
124,106.51,106.51,86.895,77.008,77.008,56.496,56.496,194,119.48,119.48,112.14,164.66,164.66,142.65,142.65,157,124.97,124.97,122.5,30.013,23.396,19.185,5.6361,34.302,18.553,18.235,13.238,5.7251,5.0566,4.8131,2.6658,72.728,66.412,58.603,41.427,12.511,12.09,9.4122,8.8666,1.4682,1.9777,1.0646,1.542,1.4832,0.014523,0.94388,1.5169,0.0084456,0.015516,0.5765,14.454,14.454,14.454,4.8082
139.02,139.02,115.35,115.35,112.96,112.96,102.82,102.82,187.83,187.83,179.25,179.25,239.66,239.66,235.99,235.99,115.12,115.12,92.15,92.15,92.683,71.343,34.833,19.595,32.292,25.106,21.753,18.137,23.96,18.008,16.357,8.4593,83.573,72.037,53.443,37.38,8.5244,7.5678,7.5448,6.7383,1.8915,1.5706,1.6865,1.5348,1.1155,0.022623,1.3788,1.1862,0.009843,0.018637,0.59801,11.459,11.459,11.459,4.9338
150.42,150.42,149.86,149.86,138.34,138.34,129.06,129.06,155.24,155.24,131.4,131.4,225.36,225.36,219.79,219.79,185.31,185.31,169.11,169.11,32.522,31.113,27.437,15.269,28.143,22.22,13.228,12.824,30.444,22.231,21.817,14.267,55.502,36.173,29.43,28.579,19.587,15.812,8.4821,7.9942,1.5563,1.9149,1.2737,1.7448,1.291,0.019494,0.91453,1.4114,0.010921,0.015507,0.62735,17.684,17.684,17.684,6.2151
120.2,120.2,115.16,115.16,103.16,103.16,91.687,91.687,91.586,91.586,87.659,87.659,186.33,186.33,169.89,169.89,83.597,83.597,76.145,76.145,81.053,31.969,27.949,21.11,12.859,12.322,4.7723,3.6828,30.511,29.684,14.372,3.5866,88.19,40.692,34.677,21.458,12.338,9.6106,9.5168,6.3651,1.5492,1.9777,1.4981,2.2949,1.5916,0.019395,1.0918,1.6231,0.010252,0.027095,0.66387,13.55,13.55,13.55,3.8566
108,72.491,72.491,59.7,96.026,96.026,74.152,74.152,180.22,180.22,173.64,173.64,107.66,107.66,107.11,107.11,149.85,149.85,129.39,129.39,21.18,11.591,10.575,10.55,36.394,17.875,17.484,15.901,6.9146,5.7932,2.8758,1.8743,118.24,25.414,23.067,6.5577,15.023,10.346,9.0175,4.5289,1.6055,1.2996,1.633,1.66,1.4063,0.019521,1.1721,1.1,0.0098983,0.018752,0.61939,15.4,15.4,15.4,4.9529
96,68.286,68.286,63.667,92.572,92.572,72.159,72.159,157.34,157.34,142.42,142.42,165.69,165.69,141.5,141.5,145.42,145.42,127.78,127.78,44.134,32.831,23.308,9.0451,46.735,23.787,19.169,15.821,20.097,6.6825,2.3554,1.4706,39.42,25.175,23.002,21.242,14.065,8.6349,8.5492,5.2898,1.4063,1.7638,1.422,1.8619,1.1926,0.019823,0.9524,1.3477,0.008897,0.027481,0.61648,12.361,12.361,12.361,3.6795
124.07,124.07,113.01,113.01,81.074,81.074,79.61,79.61,142.67,142.67,141.24,141.24,167.57,167.57,147.08,147.08,108.14,108.14,82.094,82.094,35.347,14.819,10.586,2.0945,48.094,31.081,23.448,15.367,9.0228,3.349,3.1266,0.7078,79.712,63.994,46.503,34.841,10.569,9.4291,7.5811,7.4748,1.542,1.3499,1.1155,1.3499,1.5916,0.015066,1.1042,1.0274,0.0078562,0.023048,0.64556,11.568,11.568,11.568,3.8797
170.68,170.68,148.94,148.94,79.997,79.997,73.539,73.539,113,113,112.25,112.25,253.75,253.75,230.37,230.37,73.209,73.209,59.908,59.908,74.163,28.848,23.723,20.984,38.231,26.7,21.907,20.437,55.65,16.838,11.379,9.3954,64.623,30.817,29.473,18.44,7.2717,4.8489,4.8446,4.3956,1.5916,1.9379,1.542,1.4907,1.325,0.01823,0.94441,1.3065,0.011168,0.027307,0.61463,11.657,11.657,11.657,2.8573
220.23,220.23,195.76,195.76,176.87,176.87,143.33,143.33,235.41,235.41,227.68,227.68,202.36,202.36,186.47,186.47,219.14,219.14,191.31,191.31,44.945,13.333,11.36,5.6813,26.751,25.672,19.159,18.01,65.524,27.05,14.339,10.012,62.121,37.081,35.974,29.318,12.9,12.129,11.407,7.3613,1.4376,1.8679,1.4298,1.8318,1.5275,0.03824,0.94922,1.5348,0.014203,0.034051,0.59224,14.72,14.72,14.72,5.8119
157.76,157.76,150,140.03,106.2,106.2,105.42,105.42,97.727,97.727,89.175,89.175,252,172.87,172.87,171.75,111.59,111.59,96.089,96.089,10.973,2.6264,2.2937,1.12,68.841,65.243,15.387,11.092,8.1385,5.8921,5.1473,4.7669,53.487,37.774,16.784,13.368,16.663,11.216,8.012,6.9317,1.4063,1.5706,1.291,1.0541,1.5129,0.026209,1,1.0996,0.013552,0.047951,0.62029,16.174,16.174,16.174,4.8392
67.732,67.732,66.112,66.112,40.944,40.944,36.868,36.868,79.385,79.385,68,67.439,100.99,100.99,97.423,97.423,69.894,69.894,60.502,60.502,18.306,5.0452,4.4018,3.2148,26.986,26.92,24.148,24.074,15.029,8.1679,5.519,5.1917,31.361,27.646,15.493,13.915,10.806,9.8316,9.4699,7.5653,1.422,1.6997,1.422,1.6398,1.3499,0.029413,0.92496,1.3382,0.0101,0.014885,0.64967,14.481,14.481,14.481,4.5561
72.555,72.555,63.419,63.419,78.796,78.796,75.419,75.419,112.95,112.95,91.789,91.789,118.31,118.31,116.88,116.88,83.497,83.497,75.095,75.095,38.666,15.958,15.329,7.6805,39.724,34.146,28.191,23.227,12.601,12.206,7.546,3.809,45.211,20.851,19.79,17.21,7.7707,7.3564,6.5206,5.9013,1.5706,1.5492,1.3333,1.4907,1.5348,0.018257,0.93905,1.3135,0.0090596,0.016127,0.61042,13.722,13.722,13.722,3.383
68.141,68.141,61.992,61.992,101.15,101.15,99.387,99.387,69.958,69.958,64.179,64.179,120.98,120.98,97.507,97.507,107.44,107.44,106.45,106.45,28.52,14.57,11.143,8.8824,42.772,29.568,24.148,12.514,16.144,10.807,6.3146,5.7521,31.077,24.559,22.778,20.63,9.5464,8.1911,7.9345,5.8378,1.5348,1.6398,1.3499,1.5129,1.1926,0.018197,1.0707,1.2784,0.010531,0.018435,0.58898,18.711,18.711,18.711,4.4114
73,67.812,67.812,64.309,53.002,53.002,48.393,48.393,78.64,78.64,77.435,77.435,112.63,112.63,104.75,104.75,87.598,87.598,66.448,66.448,11.648,6.2017,3.5693,2.7127,24.46,21.563,12.999,11.055,8.8654,5.5958,4.609,2.276,62.229,43.865,25.117,20.654,8.4002,8.3079,7.9907,7.1071,1.4376,1.66,1.4298,1.4063,1.3416,0.01341,0.94922,1.0579,0.007741,0.015223,0.574,14.195,14.195,14.195,3.8958
79.399,79.399,71.979,71.979,56.645,56.645,48.558,48.558,62.66,62.66,58.141,58.141,133.67,133.67,129.25,129.25,78.664,78.664,70.335,70.335,9.7582,9.5639,4.5246,2.1631,36.321,22.83,21.274,19.674,29.075,17.814,14.471,9.9936,39.719,33.953,28.507,15.442,12.268,5.8983,5.7156,5.4863,1.5846,1.6865,1.4682,1.6398,1.3824,0.017549,1.1201,1.1985,0.010481,0.017725,0.63534,12.365,12.365,12.365,3.6081
