102,95.12,95.12,79.859,78.766,78.766,73.348,73.348,119.75,119.75,115.55,115.55,101.92,101.92,80.185,80.185,95.377,95.377,72.484,72.484,10.081,8.1359,6.5267,4.4796,32.378,15.572,11.025,10.312,19.097,4.4002,2.7764,2.1583,22.633,14.419,11.723,11.214,63.128,52.528,46.157,37.797,21.569,17.686,7.6289,12.47,7.6376,0.6322,21.69,17.857,0.27679,0.15739,0.67717,21.636,21.636,21.636,27.728
73.055,73.055,60.596,60.596,146.58,146.58,121,114.56,156.86,156.86,154.14,154.14,105.34,105.34,75.872,75.872,89.479,89.479,71.557,71.557,30.235,8.9004,5.9218,4.6093,22.591,17.939,16.471,14.606,11.638,4.9682,4.8067,3.906,31.725,26.793,21.512,15.697,29.249,24.15,14.996,8.9783,20.654,16.455,10.812,12.766,8.1554,0.55226,20.887,16.592,0.22506,0.11626,0.68104,19.995,19.995,19.995,17.562
85.386,85.386,74.51,74.51,79.452,79.452,76.387,76.387,107.5,107.5,89.911,89.911,66.858,66.858,59.201,59.201,94,81.976,81.976,78.06,15.18,5.1008,3.9795,2.2142,25.181,16.148,15.395,13.163,13.536,8.7714,5.7325,5.4493,49.057,30.401,29.199,16.45,66.102,65.014,59.878,38.606,16.026,23.865,8.6756,12.275,9.0049,0.63282,16.135,24.054,0.28717,0.10594,0.68972,23.425,23.425,23.425,27.677
60.855,60.855,59.763,59.763,93.707,93.707,89.984,89.984,139.94,139.94,132.27,132.27,127.37,127.37,126.51,126.51,77.943,77.943,63.348,63.348,22.348,21.708,6.8429,5.9057,19.643,16.312,9.6795,8.6531,5.3418,5.129,4.2632,3.0201,12.793,11.45,11.051,9.6072,68.556,42.181,21.26,8.1712,20.225,14.258,7.4744,11.984,12.208,0.54886,20.401,14.072,0.21858,0.092309,0.68176,18.942,18.942,18.942,21.06
117.32,117.32,104.25,104.25,101.29,101.29,72.695,72.695,128,116.3,116.3,111.78,173.48,173.48,160.24,160.24,107.1,107.1,105.79,105.79,27.189,24.299,9.1324,8.7018,22.358,13.454,9.6535,7.5644,16.768,11.467,10.173,5.6645,28.185,9.7445,8.5051,6.4278,161.14,19.27,9.0141,8.3977,12.178,16.012,9.0062,8.9765,6.024,0.50408,11.585,16.043,0.22614,0.077943,0.69588,28.207,28.207,28.207,36.157
116,75.077,75.077,72.536,94.145,94.145,83.095,83.095,133.99,133.99,96.956,96.956,139,76.122,76.122,67.345,88.938,88.938,70.967,70.967,3.9082,1.8518,1.6496,1.0387,11.234,7.5071,6.0692,5.9395,6.8302,5.1179,4.3231,4.1383,11.444,9.5221,5.8488,5.4095,105.01,12.948,11.003,4.8205,23.055,13.043,9.3547,11.008,6.8411,0.59823,23.143,13.093,0.25848,0.042328,0.66568,29.034,29.034,29.034,26.544
79.809,79.809,78.586,78.586,81.284,81.284,73.455,73.455,75.132,75.132,74.406,74.406,64.277,64.277,55.444,55.444,94.278,94.278,91.04,91.04,12.629,8.3305,5.3204,4.0622,25.979,10.997,10.281,9.5947,20.777,9.7541,9.0726,8.9342,35.743,27.351,20.587,12.547,170.79,58.246,56.99,46.535,7.1181,28.355,8.1677,8.1377,3.7178,0.57316,7.1302,28.11,0.24324,0.054332,0.68433,30.934,30.934,30.934,36.579
77.564,77.564,71.271,71.271,109.32,109.32,102,84.792,95,75.12,75.12,59.881,120,73.465,73.465,65.278,94.448,94.448,85.458,85.458,4.6337,2.4221,2.1303,1.8085,12.436,11.291,8.7043,8.5151,11.925,9.6306,8.6172,4.599,43.707,24.79,10.681,9.4949,35.735,25.733,14.035,13.422,7.1523,9.9688,3.2146,6.6182,3.3133,0.54331,7.2296,9.9718,0.21246,0.060127,0.7055,24.956,24.956,24.956,25.611
40.251,40.251,38.742,38.742,77.692,77.692,67.174,67.174,70.342,70.342,63.333,63.333,67.404,67.404,61,59.778,80.816,80.816,78.623,78.623,6.7448,4.8963,4.835,3.7475,38.796,11.219,7.724,6.7535,6.4313,3.4674,3.4078,2.9214,46.474,18.363,18.075,11.586,77.795,30.884,10.35,7.3376,9.27,10.609,9.502,11.178,3.5214,0.62887,9.3629,10.623,0.24408,0.071835,0.64241,23.575,23.575,23.575,26.014
57,35.674,35.674,29.926,75.156,75.156,69.965,69.965,58.688,58.688,50.636,50.636,78.168,78.168,74.464,74.464,70.709,70.709,61.212,61.212,12.225,9.4417,8.2051,4.1732,23.282,9.3163,8.7635,8.1952,1.8832,0.64736,0.51738,0.48112,49.063,23.991,23.234,19.051,9.0069,7.0054,2.7404,2.302,3.8615,11.459,4.2817,8.0802,1.8856,0.45409,3.8905,11.407,0.15795,0.044239,0.71038,30.214,30.214,30.214,18.285
60.399,60.399,59.717,59.717,66.42,66.42,65.019,65.019,88.221,88.221,73.849,73.849,132.34,132.34,119.15,119.15,97,96.882,96.882,85.13,39.672,9.3382,7.2106,2.8196,26.823,11.706,10.633,8.1076,20.816,4.8153,2.6973,1.769,30.705,16.502,8.0161,7.6816,43.851,28.824,12.035,10.448,6.7032,13.189,5.6075,8.3825,1.7385,0.48707,6.5237,13.197,0.17829,0.044757,0.6938,28.629,28.629,28.629,24.81
70,61.575,61.575,52.291,104,102.29,102.29,92.183,203,196.67,196.67,174.5,90.298,90.298,89.222,89.222,80.817,80.817,78.104,78.104,23.798,7.4898,5.1374,3.8022,19.383,12.963,9.7367,6.9351,6.546,3.1394,2.1196,1.5446,17.913,13.953,13.462,10.291,63.738,49.522,40.419,27.682,9.0394,12.751,5.5518,9.421,5.2068,0.44674,9.0449,12.647,0.16167,0.094153,0.70329,30.147,30.147,30.147,24.774
50.579,50.579,47.945,47.945,72.662,72.662,71.275,71.275,107,93.583,93.583,72.62,63.566,63.566,53,50.965,86.275,86.275,83.129,83.129,5.9631,4.8616,3.2325,3.0439,19.347,7.9714,4.6443,3.1623,10.744,3.912,3.1925,0.87718,16.518,10.863,10.374,4.7055,54.992,50.496,47.838,26.982,5.0376,12.83,5.1747,15.821,2.2998,0.47824,5.0659,12.79,0.17645,0.048403,0.70206,27.947,27.947,27.947,23.042
38.28,38.28,34.196,34.196,134.86,134.86,125.46,125.46,116.74,116.74,106.48,106.48,102,76.346,76.346,74.757,95.165,95.165,86.098,86.098,3.2367,2.0825,1.8185,1.6665,26.04,18.131,7.0078,4.2199,3.8371,3.6651,3.4905,2.8307,27.6,15.363,12.128,4.1398,44.558,14.681,10.405,6.3102,9.4069,11.591,10.461,10.871,3.1198,0.45699,9.1863,11.522,0.16242,0.046241,0.71703,27.32,27.32,27.32,24.532
102.54,102.54,82.301,82.301,79.021,79.021,60.329,60.329,181.81,181.81,146.11,146.11,102.78,102.78,76.677,76.677,76.779,76.779,58.908,58.908,11.854,7.9362,5.8907,5.5789,22.433,21.813,15.483,7.1101,5.4961,5.1063,5.0393,4.9229,20.02,14.222,12.606,8.4215,69.057,49.039,32.345,27.606,10.651,13.122,8.109,7.9289,3.3961,0.41077,10.308,13.242,0.14967,0.1505,0.69028,24.923,24.923,24.923,21.389
73,43.043,43.043,42.709,79.197,79.197,78.33,78.33,115.67,115.67,86.237,86.237,93,75.02,75.02,63.31,60,46.011,46.011,45.528,18.447,12.894,3.2127,1.4802,12.679,12.246,7.076,6.3334,4.5671,4.3149,2.1104,0.92295,18.889,15.719,9.4153,6.0972,48.427,46.528,33.062,27.427,4.5019,9.9599,4.6857,7.3786,2.2311,0.44039,4.5385,9.9692,0.16361,0.10733,0.68404,27.822,27.822,27.822,20.089
51.739,51.739,50.19,50.19,75.707,75.707,64.109,64.109,107.94,107.94,103.49,103.49,84,82.69,82.69,78.076,124.88,124.88,109.76,109.76,24.447,8.7583,4.2935,1.182,20.506,18.77,6.9849,6.5408,5.2743,4.382,3.6789,3.6117,22.24,13.762,13.513,13.373,61.019,57.157,54.567,54.49,4.4071,12.23,4.1285,7.3636,2.3142,0.42827,4.4457,12.362,0.17455,0.11936,0.7195,32.277,32.277,32.277,32.095
64.074,64.074,46.723,46.723,114.14,114.14,103.84,103.84,94.414,94.414,81.863,81.863,122.07,122.07,121.49,121.49,71.5,71.5,57.056,57.056,25.241,11.318,8.5648,8.2173,26.201,12.634,11.528,9.8722,7.7668,7.7175,6.5906,5.6692,26.904,21.269,20.617,19.71,34.561,26.839,25.024,19.371,15.945,10.468,6.2681,6.3175,3.2694,0.37175,16.125,10.581,0.14098,0.086777,0.69914,34.286,34.286,34.286,19.702
46.454,46.454,43.869,43.869,114,110.26,110.26,93.696,84.233,84.233,70.997,70.997,103,97.34,97.34,91.758,101.86,101.86,84.513,84.513,13.009,12.649,10.425,5.4683,9.5177,8.3262,7.6722,6.2172,6.6029,5.1242,4.7621,4.0503,13.428,12.564,12.372,7.7014,45.643,37.199,34.417,28.227,4.158,15.302,4.5753,7.8202,2.1292,0.49407,4.0122,15.057,0.19467,0.13858,0.70243,37.209,37.209,37.209,28.636
84.965,84.965,81.664,81.664,51.997,51.997,47,46.24,22.097,22.097,20.838,20.838,58.03,58.03,49.391,49.391,113.93,113.93,103.45,103.45,7.6348,7.5581,7.1189,5.3111,15.718,14.155,2.7131,2.2587,6.9973,6.8149,6.4711,2.0009,21.707,17.29,17.167,6.9854,56.859,54.637,41.519,38.767,3.2558,2.1292,2.2061,2.7608,6.0645,0.95673,3.2079,2.0957,0.52325,0.40345,0.65284,38.23,38.23,38.23,30.376
77.972,77.972,70.837,70.837,41,34.516,34.516,30.387,25.027,25.027,23.526,23.526,61.539,61.539,57.417,57.417,143.91,143.91,143.71,143.71,11.256,6.9948,6.4491,2.8518,12.68,9.8454,8.6058,5.9813,10.239,8.807,7.6791,5.8216,34.888,31.534,19.632,11.556,114.86,92.258,82.704,51.951,6.6533,2.087,2.2657,2.0166,7.9791,1.0211,6.7247,1.8646,0.53568,0.44398,0.69732,38.662,38.662,38.662,38.79
108,91.715,91.715,88.546,39,30.17,30.17,29.803,47,29.923,29.923,23.331,55,35.153,35.153,30.113,158.22,158.22,153.89,153.89,4.9341,2.5131,1.4368,1.1581,9.9479,6.5293,3.3102,1.6429,2.7131,0.55053,0.28327,0.12802,22.977,18.549,17.107,9.5573,113.15,91.654,82.849,63.14,4.3385,1.7127,2.0548,2.1807,7.2556,0.99965,3.833,1.3181,0.51786,0.44917,0.66462,34.214,34.214,34.214,37.772
90.882,90.882,86.347,86.347,29,27.701,27.701,26.012,58,36.503,36.503,33.457,67.529,67.529,44.895,44.895,171.2,171.2,169.36,169.36,11.873,7.054,5.4808,4.9182,3.0466,1.3343,0.97087,0.85531,12.839,10.75,8.1849,7.0032,17.266,14.451,3.2055,2.4637,85.432,76.482,58.872,45.638,5.5917,1.5986,2.2061,1.8499,6.9298,1.0408,5.6494,1.2613,0.54789,0.40883,0.69008,38.885,38.885,38.885,34.019
107.29,107.29,101.14,101.14,44,33.482,33.482,33.074,42,27.048,27.048,25.805,49.479,49.479,48.446,48.446,168.4,168.4,160,160,15.483,8.2732,1.6815,1.2487,5.8296,3.7697,2.3933,0.98415,30.791,19.978,4.1863,2.3957,31.421,17.653,10.983,6.061,59.084,56.087,45.035,44.193,3.448,1.7826,2.1705,2.2901,4.9621,1.1092,3.375,1.3533,0.59219,0.38511,0.71543,35.263,35.263,35.263,28.632
86.569,86.569,86,68.661,48.114,48.114,44.508,44.508,33,25.973,25.973,24.841,42.883,42.883,41.238,41.238,157,125.15,125.15,116.55,9.4074,6.3371,4.7189,4.6823,19.818,11.463,2.9083,2.4484,4.5877,3.9717,2.8545,2.0706,19.124,12.521,7.0936,7.0607,75.634,61.46,56.682,54.284,3.4737,1.7256,1.7575,2.0763,4.0442,1.2513,3.3049,1.4379,0.59881,1.2389,0.7103,31.886,31.886,31.886,32.648
49.903,49.903,45,42.217,54,47.531,47.531,45.435,27.883,27.883,27,19.976,41.243,41.243,40.738,40.738,75,49.497,49.497,42.953,6.3497,4.2608,2.6552,1.5995,5.5265,4.4395,4.1637,2.1128,4.2442,3.9115,2.8175,2.6457,23.339,20.083,6.0305,4.6841,112.54,79.191,40.889,35.631,3.5994,1.4453,1.7321,1.7512,5.2132,1.1606,3.5541,1.116,0.61602,0.49885,0.74778,40.703,40.703,40.703,35.492
87.698,87.698,65.226,65.226,59,33.568,33.568,31.261,52,31.591,31.591,25.567,40,39.811,39.811,35.676,116.33,116.33,97,91.723,2.7093,2.3243,1.3219,0.3948,6.5549,4.8946,4.0927,1.4468,10.29,5.9306,5.0516,1.1874,8.9479,4.2567,3.6222,1.9989,98.933,82.471,78.239,77.98,5.1359,1.5492,1.6733,1.542,5.85,1.151,5.1725,1.2505,0.62729,0.43056,0.73815,41.559,41.559,41.559,36.093
130.01,130.01,110.66,110.66,70,46.324,46.324,42.342,48,27.261,27.261,24.257,68.566,68.566,65,46.615,193.31,193.31,189.12,189.12,5.0308,4.9175,4.0831,3.1874,4.422,3.8152,3.2196,2.1375,21.016,6.4231,6.2734,4.037,14.24,10.86,8.366,7.7937,52.722,50.038,32.012,25.638,5.2641,1.8135,1.9664,2.0111,5.0706,1.2745,5.2836,1.4832,0.65797,0.46379,0.7579,32.752,32.752,32.752,26.466
67.242,67.242,60.536,60.536,39.571,39.571,25.311,25.311,36,19.249,19.249,17.309,37,29.68,29.68,28.173,132.04,132.04,122.81,122.81,5.9498,5.1794,2.7925,1.5689,10.761,0.19229,-0.584,-0.5998,18.759,6.0903,5.2627,1.9327,8.8889,1.1076,0.74933,0.65837,116.56,88.79,79.822,56.853,2.9552,1.7192,1.5275,1.7192,4.6643,1.1647,2.7957,1.1755,0.62677,0.4353,0.70862,35.475,35.475,35.475,38.041
84.749,84.749,74.12,74.12,35.791,35.791,34.825,34.825,29.138,29.138,23.752,23.752,43.153,43.153,32.657,32.657,113.84,113.84,103.97,103.97,7.8544,4.6742,1.4253,0.74492,5.1358,4.3837,3.6709,3.278,20.079,5.2392,3.2474,3.0599,15.757,10.369,9.3855,8.7055,74.605,67.759,42.244,23.864,5.808,2.0331,1.8012,1.9379,7.6376,1.2213,5.4451,1.5901,0.63724,0.43665,0.66183,31.588,31.588,31.588,30.598
86.106,86.106,81.783,81.783,61,50.399,50.399,47.653,34.94,34.94,34.057,34.057,53.003,53.003,50.83,50.83,173.65,173.65,159.37,159.37,11.325,5.0014,4.2228,3.0476,13.039,6.4376,3.475,2.8624,30.442,21.519,4.3291,2.6909,28.017,6.6618,4.1398,1.3702,87.579,87.47,40.788,26.1,2.5734,1.7385,2.1756,1.8738,4.115,1.2152,2.5459,1.5834,0.6083,0.41845,0.74544,45.091,45.091,45.091,34.742
131.72,131.72,121.45,121.45,38.421,38.421,35,28.317,54,47.712,47.712,34.124,37,25.083,25.083,23.792,281.8,281.8,261.29,261.29,3.886,3.1032,1.5204,0.5289,7.8406,7.0356,2.6528,1.8773,6.5142,2.8541,1.1756,-0.022714,9.1996,8.7824,8.4007,7.7693,56.986,17.331,11.51,9.838,3.2796,1.5055,2.4721,1.8619,5.8595,1.1599,3.1363,1.2605,0.59896,0.35551,0.7175,33.015,33.015,33.015,27.464
73.299,73.299,69.725,69.725,51,32.021,32.021,28.272,56,22.809,22.809,19.615,36.135,36.135,33,32.265,98.625,98.625,97.626,97.626,4.1693,4.1063,1.5897,0.7456,2.7905,1.8541,1.746,1.0968,5.0724,4.5893,3.2355,2.5974,25.325,11.567,10.055,8.9254,108.16,91.075,87.705,73.029,5.696,1.66,1.7062,1.9607,4.5216,1.2385,5.7518,1.1599,0.63414,0.45046,0.77929,32.239,32.239,32.239,43.937
125,86.057,86.057,85.955,42.437,42.437,40.803,40.803,37.74,37.74,35.254,35.254,37.671,37.671,26.672,26.672,225,213.09,213.09,211.83,10.534,4.2865,1.9014,1.2404,24.732,10.975,10.547,7.8124,6.6728,4.209,3.5639,2.3785,28.608,13.512,10.505,8.5855,70.666,63.746,41.683,39.549,3.5465,1.325,1.9944,1.6733,3.0587,1.2685,3.5728,1.0848,0.66018,0.3769,0.71892,34.227,34.227,34.227,26.482
53.498,53.498,50.173,50.173,32,25.355,25.355,20.439,38,25.497,25.497,25.239,71,31.158,31.158,28.109,125.18,125.18,114.21,114.21,2.6955,0.52252,0.051723,-0.42949,4.1822,3.8456,3.2204,2.9549,14.792,1.8545,1.4798,1.2644,34.508,24.098,17.144,14.282,63.444,62.231,21.723,9.8518,3.266,1.5202,1.8379,1.8135,5.5277,1.2089,2.9511,1.0954,0.62211,0.33503,0.74669,32.349,32.349,32.349,24.699
58.196,58.196,54.993,54.993,21,18.241,18.241,16.237,23.257,23.257,23,20.124,28.979,28.979,26.99,26.99,127.37,127.37,124,113.34,6.0879,5.9294,3.074,1.4785,22.676,6.1755,5.0926,3.7908,10.38,8.9547,7.1258,1.6856,28.959,24.821,21.291,20.246,44.253,43.131,27.563,20.062,2.9777,1.6193,1.8379,1.8499,4.4796,1.215,2.8365,1.1913,0.62439,0.33391,0.77151,29.582,29.582,29.582,23.412
98.617,98.617,67,66.366,201.51,201.51,199.16,199.16,181.28,181.28,129.6,129.6,202.47,202.47,200.4,200.4,98.152,98.152,86.944,86.944,48.284,24.19,17.414,14.464,41.291,20.84,19.246,16.363,11.237,10.804,6.8566,4.0441,65.869,53.508,31.692,23.21,73.96,56.697,35.663,22.396,19.12,28.556,12.769,18.989,6.4756,0.74977,19.111,28.753,0.35159,0.083592,0.57131,34.918,34.918,34.918,25.382
87.618,87.618,80.208,80.208,302.36,302.36,203.7,203.7,166.35,166.35,157.33,157.33,207.75,207.75,198.3,198.3,81,79.923,79.923,71.058,43.426,33.652,4.1721,4.0231,49.065,23.521,13.156,6.064,4.9827,4.487,3.9498,3.0933,101.96,62.901,38.699,26.735,116.38,105.83,85.189,38.451,10.006,26.68,9.9432,18.422,6.8394,0.81706,10.019,26.67,0.37518,0.1004,0.61744,38.312,38.312,38.312,73.281
61.027,61.027,54.834,54.834,172.37,172.37,157.99,157.99,182.74,182.74,153.81,153.81,100.2,100.2,90.368,90.368,122.6,122.6,108.54,108.54,31.693,12.39,11.948,7.7433,46.862,10.793,7.7629,6.7352,5.9311,5.0528,3.2684,3.0276,46.858,42.143,10.909,9.0617,192.86,115.24,52.617,37.02,7.9972,19.808,8.203,13.729,5.031,0.78162,7.4505,19.818,0.33347,0.13047,0.62824,68.55,68.55,68.55,57.2
64.678,64.678,53.387,53.387,179,175.03,175.03,160.23,120.6,120.6,106.9,106.9,236.66,236.66,235.21,235.21,125.21,125.21,108.53,108.53,102.48,49.083,18.539,1.5386,32.425,27.907,27.284,12.58,9.2605,6.025,4.2541,4.2201,110.96,58.024,40.142,30.168,114.83,48.584,26.204,15.409,10.154,20.564,12.785,16.735,6.9138,0.72144,10.241,20.651,0.33824,0.12916,0.68443,23.303,23.303,23.303,25.667
34,29.268,29.268,26.141,148.23,148.23,123.52,123.52,93.952,93.952,85.212,85.212,86.96,86.96,82.95,82.95,112.05,112.05,96.748,96.748,19.517,8.8697,6.592,3.0909,35.323,15.728,15.217,9.1996,4.8064,2.2678,2.0416,2.0324,31.362,24.463,24.059,19.122,94.673,79.517,21.132,13.665,5.4016,17.703,7.303,19.514,3.5214,0.80456,5.4121,17.894,0.35531,0.1058,0.69555,28.935,28.935,28.935,26.139
63,31.969,31.969,30.304,76.558,76.558,71.387,71.387,104.99,104.99,103.66,103.66,57.048,57.048,46.742,46.742,129.17,129.17,118.32,118.32,9.4611,5.6415,5.3046,1.7311,7.5466,5.7713,3.8785,1.8997,2.9351,1.3614,1.023,0.44972,59.36,38.272,33.984,27.342,71.664,24.631,21.887,20.45,6.121,19.468,6.1464,8.4182,3.4897,0.74594,5.7134,19.421,0.3491,0.099995,0.66532,29.352,29.352,29.352,22.266
60,51.413,51.413,36.977,111.67,111.67,86,81.771,109,107.66,107.66,106.53,138,88.76,88.76,74.68,47.227,47.227,40.569,40.569,4.5949,4.5399,4.4525,1.2038,29.925,24.559,14.412,12.047,7.136,4.96,3.8914,3.0372,49.826,44.512,40.363,31.347,98.287,53.952,39.985,23.558,9.3832,15.295,9.9242,17.076,3.9271,0.74394,9.4422,15.44,0.33156,0.079527,0.65991,34.964,34.964,34.964,26.343
46.563,46.563,44.452,44.452,159,92.119,92.119,86.01,132,96.092,96.092,89.648,196.86,196.86,183.74,183.74,58,52.73,52.73,45.155,98.859,13.218,3.1937,2.7679,23.135,10.681,6.2092,4.9783,5.1151,2.3388,1.6863,1.5225,51.374,20.061,19.224,15.964,97.142,48.972,37.775,18.332,10.548,27.541,4.7329,26.306,4.7164,0.75904,10.631,27.523,0.33906,0.061317,0.66005,25.852,25.852,25.852,30.64
78.218,78.218,57.858,57.858,120.8,120.8,120.64,120.64,120,120,101.68,101.68,97.92,97.92,80.011,80.011,104.94,104.94,104.43,104.43,8.5903,3.5926,1.5153,1.4243,18.407,15.899,4.1619,3.5446,11.986,9.3012,5.7596,3.5755,46.755,31.758,30.176,25.606,107.03,84.029,20.524,18.496,6.7065,19.763,6.284,12.749,4.4547,0.74309,6.0317,19.87,0.33303,0.068266,0.68467,29.498,29.498,29.498,30.62
57.779,57.779,56.011,56.011,123.55,123.55,119.33,119.33,101,99.633,99.633,91.205,106.61,106.61,100.58,100.58,109,94.189,94.189,76.657,29.399,10.099,7.8051,7.7382,75.09,39.179,19.663,10.179,6.5812,5.4824,5.3041,3.487,39.147,24.453,21.77,21.343,102.67,94.335,35.151,21.828,11.915,25.417,6.3788,11.113,4.9844,0.75304,11.988,25.108,0.33686,0.049877,0.69807,26.967,26.967,26.967,30.131
41.089,41.089,39,34.132,75.716,75.716,70.59,70.59,80.121,80.121,69.606,69.606,99.92,99.92,94.638,94.638,61.726,61.726,43.297,43.297,32.953,2.0681,1.9822,1.9344,32.585,8.3019,5.4112,4.8078,5.3179,2.1216,1.9497,1.4518,75.277,33.626,28.258,26.207,91.622,68.26,29.444,12.646,8.4354,15.194,6.1046,10.855,4.3436,0.74791,8.4783,15.323,0.33284,0.40038,0.70202,23.935,23.935,23.935,21.144
33.708,33.708,33.167,33.167,78.877,78.877,73.023,73.023,79,70.193,70.193,53.761,39.871,39.871,36.081,36.081,48.681,48.681,46.828,46.828,6.3496,5.3533,1.4564,1.4531,29.876,28.801,13.446,6.7933,6.697,3.8276,1.2637,1.0699,73.371,32.174,28.498,28.075,80.738,43.516,28.405,19.891,3.6788,9.5371,11.037,8.0705,3.3133,0.70725,3.3608,9.2267,0.29746,0.10529,0.6823,25.152,25.152,25.152,22.94
33.729,33.729,31.766,31.766,134.57,134.57,132.88,132.88,111.95,111.95,97.464,97.464,74.778,74.778,43.555,43.555,57,43.361,43.361,40.462,20.799,5.2177,4.6164,2.5445,41.21,25.929,14.831,4.1029,7.2626,3.4737,2.4703,1.7734,20.708,18.645,4.2365,3.2796,76.077,52.056,29.791,15.416,4.3512,20.413,11.797,6.7594,3.1127,0.80139,4.2424,20.481,0.33959,0.27934,0.70292,16.393,16.393,16.393,22.177
50.561,50.561,43.741,43.741,130.79,130.79,107.12,107.12,73.345,73.345,70.121,70.121,88.704,88.704,66.587,66.587,62.316,62.316,53.869,53.869,14.566,12.767,3.5303,3.1593,37.613,21.046,16.006,5.5957,11.966,5.0064,4.7873,3.5709,43.52,43.052,38.438,35.94,62.654,44.757,24.474,13.441,16.637,23.399,7.3545,14.384,4.9666,0.86198,16.705,22.587,0.39116,0.17989,0.67873,18.853,18.853,18.853,18.419
46.163,46.163,43.032,43.032,65.438,65.438,63.441,63.441,85.85,85.85,67.363,67.363,55.346,55.346,45.309,45.309,142.09,142.09,133.12,133.12,4.9552,3.256,2.3746,2.2457,52.822,20.651,13.689,8.6378,6.6069,4.6867,4.6337,2.8236,51.039,29.812,19.403,17.33,70.165,57.329,20.032,17.38,14.585,20.366,10.728,18.914,5.2366,0.83073,14.48,20.554,0.3632,0.11047,0.71053,24.609,24.609,24.609,22.914
51.414,51.414,47,46.033,88.273,88.273,85.819,85.819,90,89.625,89.625,61.394,59.597,59.597,58.068,58.068,115.89,115.89,114.61,114.61,17.523,6.289,4.6767,2.1575,19.531,12.44,6.0085,4.0768,9.0837,5.1753,2.0501,2.0253,50.834,39.615,32.372,17.641,76.058,37.23,35.889,28.637,24.492,24.091,7.2648,9.4187,5.3187,0.80567,24.008,24.211,0.36181,0.14694,0.6848,21.194,21.194,21.194,23.712
59.686,59.686,34.687,34.687,90.143,90.143,89.608,89.608,44.02,44.02,43.719,43.719,45.347,45.347,43,37.254,48.632,48.632,48.066,48.066,11.746,6.6284,1.1493,0.1263,11.94,7.2283,6.789,4.2585,7.9691,3.1153,1.3826,0.96353,29.474,18.285,18.284,15.748,75.503,70.986,40.786,29.897,10.846,11.422,7.3832,10.6,5.7252,0.7919,10.911,11.095,0.3432,0.30861,0.68702,16.865,16.865,16.865,23.987
85.763,85.763,80,73,238.44,238.44,178.18,178.18,171.4,171.4,169.08,169.08,218.08,218.08,207.77,207.77,162.23,162.23,139.58,139.58,36.985,27.793,10.936,10.644,34.729,26.047,13.946,12.728,12.046,8.5732,6.3829,2.0882,142.73,46.652,34.62,27.067,76.865,56.952,33.974,25.948,18.476,22.424,15.196,15.644,5.6174,0.85686,17.93,22.662,0.39564,0.17173,0.64401,26.878,26.878,26.878,24.943
55,48.774,48.774,38.41,63.536,63.536,49.755,49.755,133.52,133.52,99.447,99.447,35.71,35.71,34,31.644,71.652,71.652,67,63.194,4.999,2.659,1.2322,1.1962,22.511,22.39,12.474,7.5768,6.3813,4.1337,1.0048,0.83313,55.402,40.695,15.008,8.843,57.655,56.443,34.739,18.229,3.4448,21.511,5.3934,11.763,3.5994,0.83346,2.984,21.7,0.34435,0.12583,0.70574,23.024,23.024,23.024,24.037
93,52.389,52.389,51.158,119.88,119.88,116.21,116.21,100.3,100.3,83.83,83.83,134.12,134.12,123.05,123.05,117.14,117.14,113.29,113.29,14.615,2.7807,1.294,0.79028,58.812,32.737,8.3187,6.0476,4.5819,3.0407,1.6263,0.31769,87.361,73.492,62.641,35.532,74.367,59.252,46.884,18.791,11.318,23.982,7.8951,13.319,3.3566,0.79811,11.36,24.19,0.34866,0.17305,0.66406,24.568,24.568,24.568,25.123
50,42.655,42.655,41.676,36.177,36.177,30.872,30.872,39.037,39.037,36.884,36.884,52.488,52.488,50.779,50.779,51.552,51.552,50.285,50.285,7.8842,7.572,7.1085,4.0715,10.072,6.9776,0.90273,0.43489,7.5891,3.0438,2.8685,2.3156,2.0431,1.882,1.7812,1.3719,85.018,55.001,32.455,30.166,2.3238,10.944,5.4283,4.7352,6.2004,1.0698,2.0258,10.949,0.50266,0.47309,0.732,32.615,32.615,32.615,37.126
45,33.276,33.276,31.177,45.229,45.229,43,41.148,55,39.675,39.675,39.604,56,35.904,35.904,35.274,46.808,46.808,36.491,36.491,7.6503,0.79031,0.65434,0.57186,10.211,8.3584,5.0306,4.9063,2.4392,0.73376,0.34296,0.32913,52.848,17.055,12.034,6.0602,68.237,53.635,39.014,24.074,1.8196,16.875,7.4416,7.157,2.8829,1.0192,1.5661,17.052,0.48845,0.39963,0.75778,39.28,39.28,39.28,34.945
51.125,51.125,37,32.922,26,24.885,24.885,24.316,38,32.562,32.562,26.208,37,31.352,31.352,25.069,50.25,50.25,44.157,44.157,4.39,2.164,1.8572,1.7999,8.8774,6.287,5.5393,2.2998,5.5192,2.8023,2.56,2.4307,18.176,17.836,16.657,13.373,64.707,34.304,29.507,25.387,2.2311,11.701,3.4769,7.129,10.571,0.97518,1.8727,11.128,0.44283,0.3218,0.71889,32.208,32.208,32.208,30.802
59,44.282,44.282,33.548,56.842,56.842,43.091,43.091,48.594,48.594,40.889,40.889,50,43.245,43.245,36.984,43.158,43.158,40,39.343,3.6403,3.3751,1.0042,0.89637,16.34,3.7138,2.1536,0.83209,4.4182,3.513,3.4982,1.0582,27.347,21.161,11.35,6.1393,80.149,37.144,29.441,25.652,2.4129,14.24,3.5465,6.2592,2.1029,0.99199,1.9713,14.214,0.46538,0.33876,0.69477,31.667,31.667,31.667,28.525
48,47.501,47.501,39.295,50.561,50.561,42,36.111,29.038,29.038,28.513,28.513,40,38.512,38.512,33.779,53.513,53.513,33.809,33.809,3.6737,2.2089,0.76528,0.24515,7.9917,6.95,0.12667,0.078691,10.498,3.3632,2.6613,2.0576,63.663,25.57,14.614,12.085,51.648,50.288,27.811,14.115,2.1082,13.07,6.7954,8.4617,3.4769,1.0212,2.0933,13.029,0.52066,0.30342,0.70989,35.071,35.071,35.071,24.009
40,29.449,29.449,27.759,42.362,42.362,40.353,40.353,56.262,56.262,38.227,38.227,33.956,33.956,31.565,31.565,39.319,39.319,36.426,36.426,8.2404,4.3828,2.071,1.7569,9.2782,5.2678,3.9131,2.1045,4.7385,1.3945,1.1039,0.93262,19.005,14.695,8.2561,4.7045,85.786,52.535,50.328,40.971,2.1499,15.998,2.9515,3.5277,3.8787,1.127,2.0812,15.933,0.56728,0.31656,0.71374,32.14,32.14,32.14,34.562
32,31.681,31.681,24.92,32.123,32.123,31.203,31.203,39,29.984,29.984,26.577,50,31.843,31.843,28.421,33.611,33.611,32.908,32.908,1.753,1.5547,1.0461,0.99572,6.6019,4.4248,3.6998,2.8521,4.5342,2.0649,1.6614,1.0938,31.038,26.175,20.495,20.065,45.665,38.697,28.932,20.832,1.7764,17.648,1.6865,6.1482,2.3476,1.036,1.4998,17.815,0.56032,0.31069,0.71022,21.4,21.4,21.4,20.591
38.436,38.436,37.936,37.936,45,43.294,43.294,36.378,39,30.617,30.617,29.133,39,31.505,31.505,30.709,56.304,56.304,47.09,47.09,2.4922,2.4707,2.4258,1.7925,8.6423,7.3505,4.9437,4.6821,10.709,6.1102,4.9978,1.6718,57.989,51.629,47.109,16.599,45.381,39.277,26.259,13.038,1.7701,17.918,2.196,5.2662,4.0934,0.92252,1.3364,17.829,0.51377,0.29422,0.71821,27.261,27.261,27.261,16.713
30.012,30.012,29.227,29.227,25.58,25.58,23.365,23.365,34.482,34.482,33,31.143,45,37.752,37.752,21.602,57,39.378,39.378,38.85,3.1944,2.4652,1.987,1.5375,9.599,7.3216,4.6815,3.5696,2.9067,2.4696,2.0073,2.0033,29.939,25.96,23.413,18.526,85.195,45.541,24.522,22.203,2.1551,14.079,2.071,3.8326,3.4641,1.003,1.9751,13.465,0.46173,0.29662,0.71525,25.224,25.224,25.224,26.391
45.198,45.198,40.751,40.751,47.399,47.399,37.212,37.212,66,34.496,34.496,27.297,41.116,41.116,38.112,38.112,46.039,46.039,43.715,43.715,8.5765,5.2513,4.9547,2.1539,16.489,4.1516,2.8892,0.03095,11.708,10.308,5.5169,2.9308,30.827,13.817,4.3557,2.7317,85.344,61.403,50.257,40.49,2.3805,9.1869,2.0276,3.6515,3.448,1.0807,2.2592,9.0259,0.52713,0.34072,0.73891,33.611,33.611,33.611,32.316
34,32.023,32.023,31.941,40.706,40.706,39.379,39.379,42,24.56,24.56,23.026,37,27.883,27.883,24.421,88,50.023,50.023,39.271,5.1613,4.9525,1.6796,0.96748,4.5188,2.4033,1.8356,1.5277,1.8086,1.331,1.3136,1.0034,14.406,13.706,8.1193,6.9032,70.25,36,32.281,32.281,2.1134,12.454,1.9944,3.9129,5.5777,1.1138,1.8829,12.401,0.59697,0.41232,0.745,28.001,28.001,28.001,27.11
63,35.399,35.399,24.073,58,39.8,39.8,39.121,59,31.622,31.622,26.052,51,43.489,43.489,33.181,43,32.7,32.7,22.906,1.4868,1.3694,0.70139,0.082553,10.419,6.3102,2.8778,2.464,1.695,1.0244,0.053371,-0.56337,58.442,17.745,7.9986,7.4653,71.752,40.278,19.772,18.556,2.8284,11.807,2.1807,5.209,5.4752,1.0563,2.5461,11.856,0.54788,0.33282,0.76021,31.889,31.889,31.889,25.355
37.664,37.664,37,34.233,38.361,38.361,34.68,34.68,54.113,54.113,51,47.545,37,34.659,34.659,28.806,45,38.201,38.201,34.686,3.2979,2.9017,0.33319,0.17991,3.2405,2.2961,1.6927,1.4872,3.4223,2.3298,0.98593,0.34218,15.821,13.58,11.454,10.3,74.282,71.061,70.907,52.264,2.0055,11.425,3.102,4.9396,3.0295,1.1494,1.7315,11.384,0.57966,0.41213,0.71085,26.638,26.638,26.638,51.208
38.855,38.855,38.176,38.176,31.291,31.291,27.761,27.761,25.001,25.001,20.061,20.061,72.134,72.134,64.821,64.821,38.166,38.166,32.191,32.191,12.92,2.9132,2.6395,2.5022,17.269,5.2982,4.516,2.2134,5.3288,2.9736,2.3028,2.1614,46.723,36.954,35.87,22.447,88.588,56.704,34.109,13.621,2.4944,10.621,2.2509,4.7842,3.7148,1.0873,2.4041,10.735,0.63087,0.38292,0.73476,33.962,33.962,33.962,33.235
42.62,42.62,34.365,34.365,42,31.346,31.346,21.593,40,24.299,24.299,24.095,39,29.012,29.012,24.973,54.002,54.002,39.003,39.003,6.3549,3.1476,2.539,1.0042,6.3384,3.0778,1.5233,1.057,11.953,7.4694,4.7042,2.2302,21.631,6.8425,4.9066,4.6515,65.636,61.302,46.009,35.694,1.8679,13.121,1.9149,5.2472,2.1602,1.0499,1.649,13.096,0.57213,0.35759,0.68151,25.315,25.315,25.315,34.919
42.226,42.226,38.968,38.968,43,31.665,31.665,29.787,34.081,34.081,31.025,31.025,58.387,58.387,55.795,55.795,63,32.518,32.518,28.847,9.536,6.0828,5.4588,2.2318,5.5945,4.6375,1.8829,1.0205,7.129,2.2846,1.8129,1.0673,63.065,29.865,14.267,12.423,63,55.141,53.058,30.143,1.6733,12.529,1.9149,4.6404,3.1903,1.0826,1.3733,12.642,0.55907,0.38462,0.73965,30.039,30.039,30.039,34.414
32,29.978,29.978,26.948,47.177,47.177,36.73,36.73,57,44.062,44.062,39.768,44,33.946,33.946,33.638,45.09,45.09,43.194,43.194,3.3614,3.2819,2.6368,0.5159,13.002,8.9826,8.587,2.8406,2.7329,1.5288,1.0886,0.74955,77.986,48.189,24.744,9.2764,83.885,27.757,26.746,12.272,3.3099,9.3796,1.8856,8.6756,3.9271,1.0589,3.2305,9.4835,0.56414,0.34285,0.71416,25.169,25.169,25.169,30.676
55,44.302,44.302,43.476,36,27.914,27.914,27.35,22.753,22.753,22.445,22.445,34,24.79,24.79,20.754,61,45.361,45.361,43.535,3.1083,1.7517,0.85938,0.45386,4.7715,2.5098,1.8185,1.5217,3.6307,2.4731,2.0918,1.6246,18.917,18.728,14.137,9.449,75.737,71.754,30.502,24.142,2.3476,17.104,2,4.6643,3.4992,1.073,2.1973,17.291,0.5616,0.36183,0.75345,21.762,21.762,21.762,28.751
49.081,49.081,35.594,35.594,64.323,64.323,42.556,42.556,80,40.149,40.149,40.082,77.602,77.602,58.119,58.119,72,55.554,55.554,55.345,14.356,4.4306,3.7017,2.9401,13.43,9.3779,7.2884,5.2081,6.3513,5.0638,4.0325,2.7185,63.748,63.544,42.092,22.081,59.675,41.483,28.519,27.025,1.8074,12.374,1.3824,4.6092,3.6086,1.1365,1.6898,12.199,0.58188,0.37948,0.73773,24.267,24.267,24.267,31.67
239.36,239.36,206.83,206.83,165.31,165.31,153.24,153.24,84,63.604,63.604,61.849,42.359,42.359,38.913,38.913,51.793,51.793,47.998,47.998,9.3446,4.1166,3.1811,2.9427,20.059,11.871,7.0354,3.0853,43.511,37.364,22.248,17.418,17.428,11.692,10.884,10.88,57.757,52.409,42.672,41.896,3.8442,10.721,2.0331,3.0659,4.8717,0.34054,3.8824,10.616,0.14995,0.31519,0.59981,54.663,54.663,54.663,17.8
245.56,245.56,209,184.82,138.09,138.09,117.79,117.79,47.804,47.804,44.98,44.98,76.64,76.64,62.838,62.838,236.11,236.11,230.32,230.32,12.206,8.9063,2.6814,2.1171,12.603,12.152,11.067,9.7292,32.98,31.327,25.068,4.0664,40.201,17.837,16.847,11.13,35.499,16.034,9.2392,7.238,3.5496,18.694,3.496,5.9944,8.8103,0.77372,3.2587,18.737,0.344,0.062205,0.69391,24.402,24.402,24.402,8.266
241,152.54,152.54,140.35,85.796,85.796,69.797,69.797,59,49.336,49.336,45.841,84,48.59,48.59,44.593,226.17,226.17,212.43,212.43,2.9809,2.3441,2.0928,0.23786,16.388,8.8715,8.6485,6.1578,13.276,5.702,3.2612,2.3468,49.689,20.51,11.847,11.061,28.461,25.587,15.301,10.247,3.5056,9.2844,2.7039,5.4752,6.761,0.68386,3.4463,9.1219,0.29803,0.030051,0.70521,20.697,20.697,20.697,9.5552
84.207,84.207,80.48,80.48,98.735,98.735,83.66,83.66,64,39.165,39.165,39.142,65,41.099,41.099,33.762,206.5,206.5,202.16,202.16,6.4836,4.3126,1.5309,0.19639,16.738,8.0197,3.3672,3.2889,27.914,18.582,11.241,3.4241,12.571,7.2244,5.8539,2.3475,35.9,31.692,26.336,13.606,1.6799,3.0551,2.2706,4.5656,4.3716,0.20104,1.2115,3.0498,0.090333,0.046355,0.82935,38.209,38.209,38.209,10.099
241,241,221.35,221.35,89.563,89.563,76,72.744,69,55.072,55.072,48.491,70,59.469,59.469,50.474,176.87,176.87,153.89,153.89,4.7204,1.101,0.71597,0.38201,16.937,8.1535,6.9814,6.4842,38.791,19.105,7.8412,7.1794,40.094,28.986,18.707,11.052,23.529,18.229,17.684,11.253,3.515,10.927,5.0465,10.339,8.4643,0.75279,3.4145,10.981,0.33913,0.050424,0.65631,24.868,24.868,24.868,9.8872
190.55,190.55,169.04,169.04,74,39.615,39.615,39.463,56,34.596,34.596,28.422,68.75,68.75,57.622,57.622,162.09,162.09,154.01,154.01,10.027,3.1045,2.7964,1.7386,9.9764,5.8856,5.654,5.6461,43.213,24.282,18.918,13.275,19.63,13.086,10.263,6.8223,16.076,15.61,11.282,7.6611,6.8767,19.685,3.4059,5.325,8.7661,0.66937,6.5337,19.869,0.30511,0.047066,0.69803,36.395,36.395,36.395,8.4138
216.38,216.38,213.33,213.33,128,64.129,64.129,62.382,64.304,64.304,57.667,57.667,116,49.568,49.568,47.597,272.29,272.29,197.62,197.62,7.6668,2.2062,1.2967,0.9804,11.081,9.3828,8.752,7.7495,63.813,23.268,16.109,7.0305,30.788,26.191,24.286,18.749,18.964,15.024,11.306,7.8967,5,33.732,3.3862,11.612,10.626,0.70493,4.2631,34.113,0.3113,0.068586,0.69798,26.029,26.029,26.029,11.649
276.8,276.8,250.16,250.16,79.77,79.77,70.537,70.537,51.617,51.617,48.173,48.173,89.551,89.551,71.121,71.121,199.52,199.52,197.4,197.4,18.819,10.523,2.9231,2.1075,18.631,9.3367,7.4325,6.2872,78.621,18.062,12.518,6.4536,26.79,26.461,18.674,14.975,48.592,33.271,13.353,8.6741,9.2424,11.71,4.6188,5.4752,10.12,0.61229,8.4261,11.773,0.2851,0.06634,0.74497,43.437,43.437,43.437,15.071
424,277.59,277.59,235.25,91,73.582,73.582,57.517,51.74,51.74,46.87,46.87,179,86.749,86.749,79.873,213,195.89,195.89,195.69,4.1669,3.8703,1.4842,0.92203,13.843,4.5083,3.0465,2.8417,27.507,11.587,0.8247,-0.40395,42.038,26.435,14.52,8.3059,37.486,11.44,11.24,8.425,7.7903,20.529,3.5808,6.9041,9.6206,0.52822,7.8188,20.605,0.28813,0.058548,0.8146,43.178,43.178,43.178,11.151
146.09,146.09,127.82,127.82,50.415,50.415,47,46.114,51.116,51.116,46.13,46.13,65.425,65.425,61.497,61.497,220.57,220.57,208.12,208.12,5.0273,4.1639,3.6012,2.8245,9.4508,7.9163,5.8702,5.7139,18.17,12.594,7.0129,3.7821,36.58,16.499,13.665,11.995,32.162,19.543,19.323,16.386,5.3292,14.212,2.5517,3.3333,7.0569,0.49686,5.3742,13.966,0.25691,0.032817,0.80877,37.11,37.11,37.11,7.9884
187.91,187.91,160.74,160.74,120.2,120.2,115.92,115.92,64.954,64.954,59.954,59.954,59.355,59.355,58,54.394,215.68,215.68,172.16,172.16,7.6132,7.6005,5.2266,2.0256,14.818,9.5104,7.533,3.9699,57.632,39.06,23.323,6.4646,16.731,15.969,9.8415,9.044,28.275,25.561,20.807,9.5386,9.9989,18.7,3.4254,5.933,15.07,0.5256,9.7394,18.857,0.2707,0.0637,0.79414,34.058,34.058,34.058,17.439
161.95,161.95,159.22,159.22,51.029,51.029,49.544,49.544,80.378,80.378,63.264,63.264,44.396,44.396,37.763,37.763,263.55,263.55,178.77,178.77,12.819,4.6574,4.5063,3.6935,10.073,7.5418,7.473,6.5479,60.729,23.341,4.941,3.6073,27.705,13.113,6.0478,5.0664,28.333,16.665,13.134,13.01,4.3333,22.705,2.8519,9.288,12.472,0.49018,3.7211,21.872,0.30959,0.13276,0.85615,50.28,50.28,50.28,13.735
166,166,162.31,162.31,26,23.08,23.08,21.343,31.919,31.919,27.487,27.487,37.627,37.627,34.913,34.913,167.82,167.82,160.56,160.56,8.9626,3.5276,2.678,2.6461,8.9672,6.8961,6.3225,5.7426,53.12,16.628,4.0288,3.8067,18.941,18.632,15.972,13.987,37.585,17.688,16.127,14.212,4.9531,20.682,2.7568,6.284,8.2651,0.56392,4.9927,20.529,0.28154,0.05051,0.80987,36.426,36.426,36.426,11.547
188.27,188.27,163.81,163.81,43,24.841,24.841,22.612,71,69.297,69.297,65.907,66.135,66.135,48.637,48.637,140.2,140.2,131.19,131.19,15.562,14.963,4.8813,4.4225,7.4297,7.3755,2.12,0.4427,42.168,26.451,23.617,14.698,13.932,13.403,9.3646,8.9905,18.192,17.649,15.841,13.357,3.7148,13.156,2.6541,3.5963,4.5461,0.39134,3.563,12.975,0.25009,0.070379,0.80097,45.181,45.181,45.181,11.199
160.7,160.7,139.5,139.5,36,23.677,23.677,23.287,41.712,41.712,39.505,39.505,53,50.899,50.899,38.535,219.49,219.49,193.16,193.16,5.3144,3.6347,2.9469,2.8008,13.443,12.287,7.1155,4.9501,41.718,28.751,12.635,6.167,66.382,55.593,47.305,22.015,20.809,15.721,12.841,11.401,2.7285,9.9711,2.4676,2.0385,4.1767,0.43568,2.3684,10.058,0.23322,0.03424,0.8535,40.642,40.642,40.642,8.2663
168.81,168.81,137,126.6,88.206,88.206,82.371,82.371,57.351,57.351,50.352,50.352,35.384,35.384,35.053,35.053,122,119.33,119.33,109.87,4.9875,4.5692,2.6771,2.2464,17.333,9.6558,8.0509,6.067,26.33,9.6597,6.2328,5.2169,29.199,22.192,13.394,11.878,27.541,19.504,10.967,8.7428,5.3707,24.39,4.7981,12.059,10.245,0.70915,5.3321,24.205,0.37128,0.042511,0.6942,36.948,36.948,36.948,21.376
168,141.05,141.05,139.12,51.366,51.366,41.029,41.029,58.026,58.026,54.147,54.147,44.183,44.183,41.253,41.253,154.2,154.2,152.31,152.31,7.7717,5.7507,4.2296,3.6817,23.906,12.381,4.2335,3.8605,40.558,28.929,28.708,22.931,14.98,8.5447,7.8472,6.8346,27.953,23.667,17.85,16.408,4.4746,11.822,2.3758,7.7903,10.523,0.55,4.2673,11.336,0.32446,0.087813,0.80349,45.798,45.798,45.798,10.566
133.34,133.34,121.47,121.47,76,40.476,40.476,27.569,92,37.164,37.164,32.79,50,28.197,28.197,27.741,136.51,136.51,106.65,106.65,4.5556,1.6716,1.4129,1.0017,8.0787,6.331,5.9324,3.1833,19.064,10.528,9.8082,9.541,31.917,28.041,22.255,9.7373,46.825,26.238,21.42,10.473,6.8767,13.588,2.9889,5,6.6399,0.54731,6.9072,13.541,0.33098,0.05826,0.84928,36.276,36.276,36.276,11.576
144.41,144.41,112.76,112.76,75.758,75.758,57.939,57.939,81.53,81.53,72.332,72.332,70.771,70.771,55.009,55.009,180.35,180.35,160.56,160.56,12.31,9.0471,6.6688,6.4959,20.801,13.782,11.145,9.9214,15.766,13.83,10.818,6.0555,25.154,23.226,18.75,14.934,45.654,13.644,10.862,10.764,4.98,21.036,3.4026,6.186,10.269,0.63347,5.0354,20.936,0.2976,0.046133,0.71701,37.345,37.345,37.345,11.076
198,150.15,150.15,124.41,93,55.356,55.356,52.599,61.471,61.471,59.229,59.229,92.492,92.492,81.685,81.685,107.01,107.01,106.85,106.85,14.651,2.6168,2.3729,2.3677,12.094,11.612,11.611,9.7485,5.9947,5.6799,4.9748,0.64788,26.215,21.814,19.549,12.646,46.318,19.603,16.664,16.595,3.6025,19.781,1.909,4.2531,7.7287,0.45546,3.4507,20.004,0.25034,0.061563,0.82145,33.72,33.72,33.72,10.843
114.04,114.04,111.29,111.29,104.13,104.13,79.961,79.961,97.033,97.033,69.489,69.489,65.634,65.634,51.71,51.71,205.92,205.92,188.95,188.95,10.109,8.0739,7.3695,4.3871,11.287,7.5681,6.9928,5.8572,44.542,23.268,20.925,9.0186,37.322,35.833,26.982,24.73,23.806,21.714,18.035,16.402,4.0028,18.119,2.319,8.2246,4.1846,0.51236,3.7576,17.687,0.26961,0.23731,0.80946,43.873,43.873,43.873,20.012
128.33,128.33,118.44,118.44,45.587,45.587,43.828,43.828,73.745,73.745,54.58,54.58,46.437,46.437,46.425,46.425,196.12,196.12,182,182,14.265,6.4268,6.3932,5.5635,9.2569,7.1945,6.0871,5.3143,51.826,32.443,28.811,20.365,19.101,8.2457,7.2395,5.8457,26.183,22.748,17.369,13.103,2.1807,11.095,1.8679,8.1568,6.4464,0.60131,2.0688,11.118,0.29246,0.061131,0.77899,35.114,35.114,35.114,12.485
189.28,189.28,173.56,173.56,58.297,58.297,38.227,38.227,34.311,34.311,25.307,25.307,67.078,67.078,65.1,65.1,144.09,144.09,123.21,123.21,13.58,9.2211,8.5157,6.3802,15.425,10.056,6.9543,6.495,46.755,33.645,19.616,12.683,35.738,23.909,19.437,11.798,37.859,23.885,17.138,15.428,2.3664,3.383,2.3805,3.0185,4.5412,0.49594,2.1793,3.0496,0.29483,0.04892,0.83599,33.511,33.511,33.511,9.8268
161,118.51,118.51,108.08,89.189,89.189,83.439,83.439,148.57,148.57,124.62,124.62,66.73,66.73,66.498,66.498,239.11,239.11,197.93,197.93,18.733,12.17,4.0715,1.9875,14.279,13.184,10.473,4.0343,16.786,6.2817,5.3711,4.3172,49.405,20.606,8.7939,5.2496,63.933,28.874,17.058,14.58,15.528,4.9509,11.583,11.976,8.8255,0.95727,15.704,5.0043,0.46974,0.10057,0.69487,44.922,44.922,44.922,18.75
128.23,128.23,99.77,99.77,110,78.619,78.619,71.66,120.8,120.8,99,87.852,85.841,85.841,82.586,82.586,280.88,280.88,233.27,233.27,11.806,11.439,10.448,9.6077,24.015,21.087,20.362,17.945,31.43,16.287,10.894,8.2106,55.013,29.749,24.666,22.278,37.908,32.165,21.726,16.557,10.645,4.7958,12.405,7.9456,6.1878,0.87466,10.763,4.6899,0.42123,0.061798,0.63018,36.686,36.686,36.686,15.992
112.89,112.89,95.382,95.382,88.409,88.409,87.153,87.153,186.64,186.64,178.05,178.05,113,67.525,67.525,64.453,199.11,199.11,183.3,183.3,7.8804,4.6833,2.6906,2.3531,22.031,16.61,14.841,9.4642,9.659,9.0067,2.9929,2.9498,27.468,25.024,24.934,14.803,17.518,14.348,14.288,4.4673,12.004,6.0974,8.5127,10.785,7.4147,0.79657,12.079,6.0751,0.38468,0.08301,0.66646,38.835,38.835,38.835,9.2465
136.07,136.07,119.41,119.41,90,60.709,60.709,55.793,105.83,105.83,104.76,104.76,102,79.207,79.207,66.127,230.11,230.11,198.82,198.82,6.2301,2.6659,2.4429,1.3565,37.509,17.822,8.3025,4.6903,27.036,15.152,11.865,9.4153,71.622,21.615,19.336,13.631,18.501,12.078,11.635,11.549,10.64,3.1517,4.2374,9.8522,4.2583,0.81662,10.71,2.7327,0.37303,0.031521,0.67988,40.305,40.305,40.305,10.174
120.38,120.38,89.495,89.495,73.062,73.062,66.68,66.68,104.98,104.98,102.3,102.3,69.405,69.405,68.11,68.11,172.55,172.55,161.7,161.7,18.144,8.8544,6.9633,6.4352,42.341,30.004,19.935,14.264,15.949,13.563,13.061,11.775,43.338,22.125,19.49,6.4296,99.373,97.435,64.918,43.199,25.881,8.682,11.728,11.589,13.026,1.1235,26.083,8.7542,0.54723,0.11809,0.57964,41.063,41.063,41.063,47.729
139,139,129.23,129.23,123.93,123.93,89,88.945,144.77,144.77,135.71,135.71,118.67,118.67,107,97.914,250.17,250.17,231.48,231.48,15.333,4.7837,3.4128,2.7536,80.095,30.331,30.324,29.035,28.61,7.9989,5.3629,4.3515,48.954,25.654,21.705,15.377,65.15,39.202,26.605,8.2052,14.639,5.2915,12.301,8.0374,10.952,0.51164,14.656,5.1544,0.31919,0.054477,0.65814,43.945,43.945,43.945,19.329
88.908,88.908,84.216,84.216,81.273,81.273,78.999,78.999,162.17,162.17,99.917,99.917,58.786,58.786,53.386,53.386,234.65,234.65,228.93,228.93,8.2772,4.1799,3.916,3.8386,15.73,13.032,7.8453,6.6049,30.059,25.116,7.0279,4.1112,37.736,19.743,19.486,17.033,71.805,24.696,20.216,13.519,17.996,5.3748,13.187,11.236,10.127,0.60586,18.199,5.399,0.32107,0.084402,0.72538,51.685,51.685,51.685,18.021
59.974,59.974,56.629,56.629,64.527,64.527,58.665,58.665,154.43,154.43,127.26,127.26,93.061,93.061,92.32,92.32,164.32,164.32,138.56,138.56,33.19,17.294,14.451,5.6895,23.346,22.465,18.088,15.165,13.864,10.164,6.511,6.3274,37.314,32.347,26.511,21.765,55.418,30.309,13.725,12.511,18.451,6.0919,11.256,8.1731,11.896,0.80289,18.65,5.8192,0.40498,0.07962,0.72161,53.346,53.346,53.346,20.908
92,82.302,82.302,80.611,61.206,61.206,58.594,58.594,117.78,117.78,116.5,116.5,72,39.694,39.694,35.215,183.1,183.1,174.42,174.42,2.5059,1.7413,0.29003,-0.27193,39.286,33.396,20.703,9.4812,13.715,9.3171,4.3671,3.171,17.161,14.645,14.254,13.192,55.002,34.658,23.302,14.067,11.912,5.9273,8.1799,12.305,6.5777,0.79294,11.417,5.9364,0.40665,0.12221,0.72109,50.576,50.576,50.576,18.279
158.59,158.59,142,132.52,81.347,81.347,80,73.049,139.48,139.48,109.06,109.06,133.5,133.5,131.04,131.04,230,207.43,207.43,169.07,19.609,3.6283,2.8145,2.3618,49.499,26.769,11.546,6.2079,10.899,9.0548,6.0146,4.6281,45.346,43.498,32.254,5.2984,39.881,11.125,6.6748,6.3883,11.074,4.1979,9.1894,11.086,6.8411,0.76915,11.003,3.952,0.40381,0.15237,0.78518,36.002,36.002,36.002,15.692
89.218,89.218,84.669,84.669,96.776,96.776,83.741,83.741,84.515,84.515,78.503,78.503,79.603,79.603,76.341,76.341,207.38,207.38,202.96,202.96,16.549,9.9589,5.0797,3.4625,34.053,27.521,16.005,12.68,34.16,13.719,10.64,6.5602,44.822,34.195,28.636,7.3035,36.636,25.394,11.8,9.0109,11.539,4.7633,11.638,14.3,5.099,0.70746,11.648,4.7842,0.36563,0.18995,0.64656,37.351,37.351,37.351,16.053
99.545,99.545,75.516,75.516,97,92.66,92.66,65.826,123.5,123.5,107.12,107.12,94.497,94.497,72.345,72.345,131.27,131.27,124.52,124.52,7.9887,6.368,5.9851,2.6372,8.0758,3.8843,3.5078,2.6702,4.2803,2.8611,0.95601,0.73039,33.032,29.954,19.371,5.7277,30.352,12.265,10.487,7.5649,26.495,8.0222,14.322,6.2343,15.097,0.51975,26.737,7.0063,0.265,0.1858,0.67281,36.429,36.429,36.429,16.201
76.745,76.745,73.369,73.369,54.44,54.44,51.337,51.337,145.76,145.76,145.66,145.66,46.432,46.432,45.834,45.834,109.5,109.5,107.66,107.66,14.051,6.8281,5.6079,3.4542,32.69,27.74,10.103,9.0221,11.647,5.2076,4.2377,3.4949,38.427,20.862,19.548,19.059,25.715,19.66,16.787,14.466,23.107,5.6725,7.926,10.498,11.924,0.4929,22.824,5.7359,0.25132,0.30257,0.65724,41.76,41.76,41.76,23.638
103.9,103.9,101.44,101.44,72.772,72.772,60.299,60.299,115.67,115.67,108.49,108.49,52.262,52.262,50.073,50.073,236.24,236.24,225.44,225.44,12.914,7.381,5.7142,3.9178,14.484,12.772,12.569,10.652,21.889,19.78,6.8497,4.568,18.243,14.303,11.774,10.578,23.321,16.499,10.416,5.987,9.594,3.5901,6.07,11.145,6.3875,0.63883,9.6986,3.6282,0.30301,0.10402,0.66491,34.028,34.028,34.028,11.48
102,74.399,74.399,74.066,90.404,90.404,86.034,86.034,170.02,170.02,138.96,138.96,121.22,121.22,101.21,101.21,170.61,170.61,162.99,162.99,17.016,7.5754,0.79317,0.42944,46.32,38.291,31.889,20.276,6.5386,5.2291,3.6398,2.9021,69.295,39.797,35.421,21.217,36.62,15.265,2.5401,2.5122,15.997,5,7.0016,8.8657,12.282,1.1539,14.95,4.6999,0.28639,0.69648,0.61364,37.85,37.85,37.85,15.13
155,99.858,99.858,87.961,63.005,63.005,40.815,40.815,106.97,106.97,94.716,94.716,86.877,86.877,67.65,67.65,269,197.64,197.64,146.69,8.6263,3.2182,3.1819,1.3955,30.154,10.891,8.9129,8.4944,4.3499,3.2151,2.5986,1.5084,17.748,12.134,4.0788,1.1213,41.334,21.57,19.511,17.636,8.9938,1.8797,8.8932,3.6968,4.4672,0.7392,9.0953,1.6096,0.31432,0.15501,0.65771,36.363,36.363,36.363,10.723
98.786,98.786,98.382,98.382,112,79.507,79.507,77.57,174.05,174.05,155.75,155.75,59.193,59.193,48.507,48.507,231.36,231.36,228.8,228.8,8.0475,4.8267,2.8836,2.6302,45.809,40.058,18.906,17.656,14.144,10.751,7.7791,7.1221,36.927,19.578,16.226,14.991,26.764,25.404,8.0399,6.7572,8.0884,3.4673,7.0821,7.8994,5.4488,0.65032,8.1198,3.4536,0.28829,0.098519,0.64695,35.603,35.603,35.603,11.676
84.321,84.321,77.74,77.74,69.256,69.256,54.825,54.825,159.38,159.38,140.84,140.84,155.82,155.82,109.31,109.31,196.17,196.17,187.57,187.57,31.478,24.076,9.9097,7.3594,40.557,26.748,21.819,19.949,15.714,14.374,4.6464,3.6177,69.712,24.326,21.473,9.7623,26.08,23.15,19.106,7.0508,12.332,3.4091,7.0977,9.9376,8.8318,0.60039,12.309,3.4087,0.28898,0.13409,0.69119,33.703,33.703,33.703,17.833
80.173,80.173,72.862,72.862,83.171,83.171,82,67.716,152.1,152.1,146,117.08,67.201,67.201,49.687,49.687,124.25,124.25,109.16,109.16,6.8966,5.2143,2.579,2.5381,73.947,24.309,20.204,17.727,8.8957,7.6688,5.3396,5.0642,42.416,24.551,18.291,14.874,31.777,26.515,26.053,24.722,15.756,2.7769,8.0346,8.8053,10.952,0.64845,15.932,2.5637,0.2759,0.15206,0.61401,38.843,38.843,38.843,14.535
102.59,102.59,89.771,89.771,110.82,110.82,83.756,83.756,170.92,170.92,166.95,166.95,79.21,79.21,68.327,68.327,173.58,173.58,156.7,156.7,7.4105,6.535,5.0772,4.9833,55.755,44.522,21.992,21.947,10.665,6.9402,6.9267,5.5514,40.364,37.859,25.018,13.041,49.839,47.829,23.544,22.5,14.588,3.7506,6.0185,5.6804,10.602,0.67866,14.403,3.6678,0.31251,0.1645,0.63966,43.542,43.542,43.542,15.108
104.61,104.61,90.115,90.115,73.149,73.149,65.132,65.132,126.03,126.03,122.11,122.11,138.25,138.25,127.24,127.24,248.55,248.55,172.11,172.11,23.076,6.1564,5.8511,5.5593,41.97,41.726,33.399,29.159,20.071,8.1327,7.6596,5.951,28.526,23.086,21.733,15.796,21.581,12.31,11.619,10.072,15.743,4.2947,10.165,6.4567,9.669,0.754,14.905,4.3037,0.34101,0.14667,0.62671,35.624,35.624,35.624,9.3598
167.15,167.15,165.81,165.81,367.6,367.6,356.42,356.42,164.01,164.01,148.75,148.75,170.25,170.25,147.9,147.9,250.34,250.34,215.59,215.59,33.935,17.091,16.027,7.7107,14.67,9.7901,4.9512,4.4192,51.56,19.249,10.518,8.3572,61.425,22.899,22.896,12.275,53.939,26.97,25.514,24.251,17.521,22.074,4.1366,12.785,8.405,0.72477,17.718,22.181,0.32888,0.098637,0.57994,27.524,27.524,27.524,19.478
231.29,231.29,187.73,187.73,240.82,240.82,202.24,202.24,155.58,155.58,146.34,146.34,132.36,132.36,123.34,123.34,102.77,102.77,90.861,90.861,21.125,16.854,15.194,10.489,34.544,22.475,21.839,21.112,27.461,23.493,15.743,14.778,69.677,15.794,14.329,13.146,49.319,46.167,24.596,16.302,14.781,17.638,5.1575,18.981,5.9944,0.69194,14.805,16.758,0.3229,0.14934,0.60852,21.724,21.724,21.724,16.24
123.31,123.31,108.39,108.39,228.58,228.58,206.1,206.1,177.79,177.79,128.2,128.2,92.884,92.884,88.356,88.356,133.76,133.76,111.43,111.43,23.518,18.529,7.2021,6.4515,16.652,13.291,10.568,9.0709,29.013,26.959,26.09,21.242,55.1,21.739,8.6151,1.6891,30.803,19.785,10.462,9.0878,17.446,13.86,2.7809,13.205,4.9441,0.58393,17.535,13.86,0.32223,0.096061,0.59939,31.474,31.474,31.474,17.244
275.72,275.72,173.38,173.38,204.42,204.42,200.56,200.56,142,124.81,124.81,119.93,108.77,108.77,103.44,103.44,190.69,190.69,171.11,171.11,40.816,14.217,10.661,10.281,19.881,10.846,4.8442,1.2852,44.85,34.075,14.129,13.521,57.958,53.34,38.847,37.709,41.038,37.494,25.371,21.119,13.117,16.046,4.0497,10.826,9.408,0.74089,12.984,16.188,0.37258,0.12322,0.61279,27.977,27.977,27.977,22.752
188.48,188.48,177.49,177.49,166.15,166.15,156.71,156.71,249.78,249.78,156.52,156.52,156.94,156.94,151.26,151.26,224.37,224.37,185.52,185.52,41.974,14.422,5.7087,4.8356,9.3983,9.2654,8.1173,6.8881,64.97,31.583,17.79,14.535,77.067,36.533,34.679,17.436,37.076,36.086,35.047,32.304,22.377,23.6,5.5578,8.9579,9.8534,0.77197,22.513,23.854,0.38222,0.13927,0.57702,25.271,25.271,25.271,20.624
163.36,163.36,162.91,162.91,266.35,266.35,263.16,263.16,245.36,245.36,242.94,242.94,172,123.35,123.35,120.96,282.22,282.22,215.48,215.48,12.589,6.7937,5.7588,1.8649,30.879,26.06,19.643,10.225,24.665,14.181,6.8172,5.9437,40.498,32.341,18.451,14.867,73.839,71.198,44.952,12.801,27.228,28.471,9.7228,20.523,6.6383,0.75224,27.224,28.674,0.39236,0.16172,0.53642,20.441,20.441,20.441,22.827
132.75,132.75,124.87,124.87,365,216.75,216.75,208.6,218.11,218.11,200.08,200.08,150.7,150.7,135.24,135.24,148.6,148.6,141,128.36,69.844,36.826,13.87,10.126,36.018,16.226,15.343,14.878,31.09,24.626,23.383,20.839,65.184,43.964,31.478,23.703,49.403,43.239,24.621,20.693,11.482,18.971,5.3603,13.165,6.7132,0.74016,11.61,19.032,0.37783,0.17097,0.52817,18.059,18.059,18.059,19.995
193,157.86,157.86,157.12,215.4,215.4,204.83,204.83,249.59,249.59,233.81,233.81,113.12,113.12,106.2,106.2,170.31,170.31,156.42,156.42,26.046,21.603,18.595,13.778,20.651,18.636,9.9348,6.1142,48.433,41.241,30.395,23.331,37.661,27.05,26.82,21.592,42.447,38.26,23.571,16.7,9.3702,21.843,7.2403,11.502,7.7028,0.75388,9.4594,21.89,0.36528,0.16466,0.54615,18.254,18.254,18.254,21.343
241.62,241.62,211,211,347.04,347.04,342.88,342.88,199.22,199.22,197.47,197.47,202.01,202.01,171.72,171.72,187.39,187.39,168.09,168.09,41.017,38.516,38.308,24.398,15.209,12.471,12.056,11.381,27.91,24.265,20.707,15.961,30.317,17.378,17.141,13.735,72.494,25.333,16.855,13.579,21.483,23.52,5.987,9.2976,7.3333,0.72967,21.692,23.709,0.35119,0.18538,0.60387,21.07,21.07,21.07,16.175
132.94,132.94,131.57,131.57,192.1,192.1,189.44,189.44,177.82,177.82,131.66,131.66,155.65,155.65,139.87,139.87,182.68,182.68,171.23,171.23,26.176,16.148,13.653,12.982,25.091,16.176,10.374,9.8836,14.869,14.35,10.11,5.9911,41.887,34.847,33.867,32.503,40.361,23.715,23.365,21.837,13.862,21.234,4.6212,7.2954,5.8233,0.64721,13.911,20.726,0.3079,0.13882,0.54322,22.196,22.196,22.196,17.244
271.08,271.08,261.9,261.9,490.91,490.91,469.83,469.83,311.58,311.58,282.84,282.84,163.93,163.93,163,161.61,178.12,178.12,174.71,174.71,44.757,31.045,16.416,15.452,18.354,10.877,10.832,6.9208,79.716,73.633,58.182,51.201,69.087,44.26,22.524,20.773,34.755,24.128,17.379,11.892,13.621,19.515,4.0934,7.1632,4.3436,0.65873,13.762,19.688,0.32014,0.13745,0.52526,23.553,23.553,23.553,12.875
295.67,295.67,198.26,198.26,295.72,295.72,267.76,267.76,152.82,152.82,140.5,140.5,149.29,149.29,130,121.86,207.04,207.04,132.16,132.16,11.753,9.2635,8.6858,7.5299,31.034,30.413,14.817,9.787,30.717,12.236,11.763,7.5334,39.243,19.671,17.278,17.051,29.299,25.022,20.329,19.496,11.271,14.072,3.2146,7.7789,7.4922,0.70109,11.188,14.003,0.34705,0.16966,0.62665,27.731,27.731,27.731,11.878
262.79,262.79,234.67,234.67,359.16,359.16,349.17,349.17,215,215,185.48,185.48,283.94,283.94,263.49,263.49,280.12,280.12,174.44,174.44,56.174,29.646,26.856,19.992,27.03,15.968,13.664,11.823,78.401,28.124,20.973,15.375,21.704,14.018,10.046,7.6386,28.173,26.934,10.416,8.3984,13.047,22.774,7.6347,6.5676,15.746,0.77531,13.071,23.006,0.4162,0.20625,0.61379,31.753,31.753,31.753,20.462
304.8,304.8,289.59,289.59,175.51,175.51,143.46,143.46,78.602,78.602,76.192,76.192,136.17,136.17,130.78,130.78,241.16,241.16,223.07,223.07,33.366,16.437,13.21,7.5587,20.238,9.5727,8.7803,7.4384,78.375,60.064,45.989,20.404,35.837,31.537,18.564,18.062,36.528,21.27,12.765,7.5539,7.0569,13.762,3.0295,4.5265,7.0506,0.68753,7.1363,13.622,0.36577,0.20756,0.62741,28.876,28.876,28.876,12.822
311.85,311.85,264.21,264.21,238.05,238.05,228.11,228.11,247.15,247.15,239.54,239.54,327,145.56,145.56,144.18,267.62,267.62,217.66,217.66,11.546,10.789,2.4723,0.11034,19.932,19.692,14.122,11.816,51.717,51.715,25.926,14.963,67.236,44.158,31.34,22.838,49.697,29.669,25.719,14.722,16.112,18.985,6.4083,9.1397,11.432,0.61555,15.784,18.921,0.35696,0.15904,0.52932,32.285,32.285,32.285,12.77
357.97,357.97,294.08,294.08,324.89,324.89,226.61,226.61,207,175.22,175.22,155.82,222,218.87,218.87,198.36,375.99,375.99,254.37,254.37,26.671,16.151,11.459,10.906,32.962,24.101,13.495,9.4421,40.01,38.61,32.481,12.566,71.209,71.203,54.199,30.256,60.85,36.182,29.291,16.714,20.311,20.856,4.6904,14.884,6.6047,0.76811,20.507,20.414,0.42149,0.2082,0.65033,36.528,36.528,36.528,20.94
228.31,228.31,205.71,205.71,333.89,333.89,298.85,298.85,281.23,281.23,206.82,206.82,247.35,247.35,151.11,151.11,225.33,225.33,194.2,194.2,33.307,32.018,21.392,14.445,11.752,3.592,1.1022,0.23224,29.387,19.66,19.216,14.36,41.555,27.325,18.168,13.785,21.877,19.597,13.349,10.82,9.7696,27.204,4.6164,11.428,6.3333,0.61972,9.6846,26.336,0.33462,0.21816,0.57724,32.773,32.773,32.773,21.508
268.97,268.97,236.1,236.1,270.25,270.25,261.92,261.92,304,248.95,248.95,216.12,142.17,142.17,123.02,123.02,178.67,178.67,164,155.76,27.382,22.367,19.932,14.322,23.869,18.898,9.6118,8.1184,34.589,25.853,16.855,7.7672,41.92,27.38,22.94,17.656,19.979,16.609,12.739,12.183,11.404,17.408,7.3696,4.2557,7.1399,0.73933,11.337,16.836,0.36475,0.20779,0.61867,25.758,25.758,25.758,8.7757
209.24,209.24,204.87,204.87,281.42,281.42,273.91,273.91,338,296.64,296.64,256.25,183.7,183.7,154.74,154.74,251.63,251.63,229.3,229.3,54.394,18.535,16.548,11.058,27.959,11.423,8.602,5.4084,58.151,31.986,30.487,27.364,71.458,46.058,12.714,9.3427,40.111,21.027,20.621,17.765,7.6536,11.881,4.2661,9.798,6.6966,0.76709,7.727,11.392,0.37313,0.15274,0.60987,26.821,26.821,26.821,12.085
238.08,238.08,154.83,154.83,257.38,257.38,238.99,238.99,206,203.56,203.56,184.72,133.84,133.84,123.16,123.16,167.69,167.69,154.37,154.37,14.712,14.637,12.307,6.6868,35.211,17.731,16.679,8.5419,59.538,23.449,21.286,20.406,45.968,28.084,14.474,13.757,48.298,44.529,23.797,16.171,11.137,15.791,4.7539,12.422,4.8557,0.76433,11.167,14.974,0.36656,0.13446,0.55513,27.297,27.297,27.297,14.194
324.59,324.59,319.9,319.9,210.53,210.53,201.1,201.1,200.45,200.45,191.67,191.67,165.07,165.07,161.34,161.34,194,178.29,178.29,159.66,34.673,8.4261,7.7511,6.4682,8.8067,7.8203,5.5884,2.3303,34.688,22.269,16.978,12.851,74.227,39.772,16.466,13.692,46.436,26.935,26.422,23.103,8.4156,18.182,3.9215,5.1489,8.4591,0.75305,8.5071,18.346,0.39226,0.16924,0.5767,23.02,23.02,23.02,13.707
336.81,336.81,279.85,279.85,219.28,219.28,185.74,185.74,138.33,138.33,122.39,122.39,139.45,139.45,133.39,133.39,194.23,194.23,179.76,179.76,24.156,12.437,10.851,9.7019,16.697,12.883,9.674,5.5825,33.414,32.629,16.595,15.244,79.273,40.238,31.989,26.458,29.104,28.801,28.344,17.921,17.578,20.119,7.2541,7.8188,5.9591,0.86025,17.554,20.28,0.44239,0.22741,0.62284,24.498,24.498,24.498,14.07
82.696,82.696,61.916,61.916,92.558,92.558,90.882,90.882,273.73,273.73,170.51,170.51,86,83.317,83.317,71.012,42,36.571,36.571,35.274,10.42,9.6241,6.655,5.4179,12.64,8.5873,6.6967,5.4607,9.5187,4.5844,3.628,3.438,11.598,5.2191,4.1505,3.0637,48.126,33.479,26.471,21.575,6.2414,7.3862,6.5879,4.4045,16.377,0.80887,5.9399,7.351,0.35262,0.096423,0.68062,38.218,38.218,38.218,20.061
100.74,100.74,96.161,96.161,105.02,105.02,94.131,94.131,243.55,243.55,234.14,234.14,39.057,39.057,35.244,35.244,74.285,74.285,63,50.544,5.7184,4.8481,2.3954,2.0176,13.869,8.8356,5.2796,3.9172,26.279,22.127,8.7266,6.4587,12.711,8.5104,5.2767,3.5541,66.163,47.132,36.644,29.911,4.8922,6.1083,7.3802,4.2869,10.01,0.67871,4.6515,5.813,0.27114,0.27327,0.54861,39.851,39.851,39.851,20.182
73,68.34,68.34,67.285,78.414,78.414,72,66.761,221.81,221.81,221.12,221.12,130,64.551,64.551,62.759,40,33.879,33.879,33.375,3.3668,3.2955,2.1967,0.46472,7.5368,5.5417,4.2021,3.1271,9.786,8.5053,5.4357,2.217,13.862,7.4306,7.0144,3.8215,22.813,10.307,10.088,4.2648,5.1143,5.4894,6.3052,3.8644,21.422,0.81543,5.1363,5.5512,0.35188,0.16032,0.5847,29.101,29.101,29.101,17.49
86.107,86.107,75.652,75.652,75.644,75.644,72.59,72.59,169.81,169.81,136.12,136.12,70.246,70.246,69.056,69.056,37,35.292,35.292,29.006,21.328,10.015,7.1083,5.4656,9.436,9.1761,7.4475,5.1201,32.925,23.311,8.7853,7.8674,6.607,1.912,1.8843,1.0169,16.963,15.85,11.689,5.3187,3.7029,4.6188,4.402,2.8829,11.576,0.81283,3.7365,4.6004,0.34657,0.14114,0.63151,21.015,21.015,21.015,12.761
66.661,66.661,64.353,64.353,91.325,91.325,80.608,80.608,285.17,285.17,228.87,228.87,45.439,45.439,44.684,44.684,45.306,45.306,42.387,42.387,7.4767,6.6855,4.625,3.7454,12.085,11.389,10.85,9.6407,29.361,25.306,11.492,5.6248,10.27,7.5171,6.4035,5.9009,41.827,20.433,19.278,17.632,4.2999,7.898,6.0937,5.5458,7.1181,0.88357,4.1885,7.5575,0.36572,0.093894,0.61315,35.954,35.954,35.954,18.991
85.514,85.514,81.515,81.515,69.87,69.87,54.278,54.278,255.13,255.13,237.23,237.23,50.543,50.543,47.06,47.06,70,50.497,50.497,28.697,18.32,8.1042,6.254,5.0016,6.3592,5.5051,5.3548,4.7156,20.367,13.603,10.439,3.7784,6.447,2.4964,2.4883,2.2861,120.66,41.041,20.543,16.39,4.9012,7.1305,8.5193,6.3246,11.61,0.74733,4.9074,7.1941,0.31167,0.1997,0.62239,30.588,30.588,30.588,20.458
74.928,74.928,65.652,65.652,80.89,80.89,65.574,65.574,208.33,208.33,203.71,203.71,43.526,43.526,39.081,39.081,31.454,31.454,30.974,30.974,9.4621,2.6861,1.6839,1.4762,18.091,11.151,5.5953,5.506,7.1356,6.4327,4.1235,3.2448,17.543,7.8603,4.4141,2.8552,84.066,42.769,30.855,29.718,2.9136,5.1099,5.8765,4.1926,8.7331,0.81975,2.888,4.7261,0.34059,0.13683,0.61428,26.44,26.44,26.44,22.671
69.66,69.66,55.586,55.586,76.03,76.03,71.647,71.647,223.62,223.62,202.45,202.45,81,71.012,71.012,69.462,43,34.146,34.146,28.855,7.2468,6.4305,3.9365,3.6475,4.5473,4.0059,3.1388,2.9728,11.311,9.6589,2.8125,2.5832,2.7568,1.2412,0.92431,0.64637,66.509,26.388,22.909,19.861,3.1833,6.8896,4.6524,7.588,7.0664,0.84319,3.1039,6.9673,0.33127,0.21529,0.62393,29.888,29.888,29.888,27.466
75.803,75.803,53.591,53.591,85.752,85.752,82.884,82.884,151.42,151.42,151.09,151.09,64.296,64.296,63.642,63.642,46.131,46.131,40.622,40.622,8.742,8.6808,3.1192,2.7573,6.0596,3.9271,2.4047,2.2328,5.7244,4.7485,2.9433,1.9496,6.9301,6.0463,2.6397,1.9286,54.269,52.091,43.853,34.96,6.6783,4.6738,7.3197,4.6284,8.6139,0.69723,6.6843,4.6681,0.29804,0.083445,0.61986,39.346,39.346,39.346,28.076
47.234,47.234,43.878,43.878,77,72.297,72.297,69.257,258.92,258.92,239.12,239.12,50,43.882,43.882,40.516,50.222,50.222,32,29.377,10.492,8.1046,7.3245,3.3035,11.325,6.286,5.9734,5.5215,19.908,16.359,3.7376,2.0168,17.101,15.091,3.1478,2.8317,47.888,22.896,22.844,22.592,5.2451,4.669,4.2243,4.24,12.8,0.72889,5.3013,4.7218,0.2993,0.1327,0.64345,28.77,28.77,28.77,27.986
99,71.588,71.588,66.306,82,70.068,70.068,60.95,209.55,209.55,168.49,168.49,90.281,90.281,85,63.497,61.272,61.272,44,38.938,5.4425,4.3772,4.1048,3.833,13.274,4.9813,3.3804,1.962,10.038,7.048,2.2792,2.2448,3.9636,2.6217,1.3154,0.91431,75.006,35.283,15.682,15.203,3.5434,10.381,11.772,13.737,8.4235,0.7515,3.2517,10.197,0.27807,0.28829,0.63321,33.02,33.02,33.02,27.827
89.6,89.6,86.858,86.858,50.746,50.746,44.399,44.399,147.27,147.27,146.66,146.66,49.146,49.146,41.588,41.588,51,38.811,38.811,34.117,6.3296,5.6538,5.2791,2.7924,23.429,17.892,12.04,7.0936,11.415,7.7514,5.3444,5.2212,8.6916,7.7417,6.8135,4.5018,77.261,58.506,40.052,20.411,2.2509,6.815,10.754,7.9092,6.5354,0.83332,2.2724,6.8331,0.31258,0.20453,0.60402,33.463,33.463,33.463,28.862
95.514,95.514,85.122,85.122,60.045,60.045,57.029,57.029,269.04,269.04,253.43,253.43,73.989,73.989,72.297,72.297,49.988,49.988,49.717,49.717,19.821,16.158,11.853,8.7888,48.855,42.588,26.838,24.699,28.744,16.893,13.061,8.5545,12.098,7.3433,5.0475,4.4552,35.217,31.934,20.294,17.951,3.0111,4.341,9.0689,9.9275,17.5,0.79627,2.9794,4.1319,0.29758,0.12366,0.63167,28.334,28.334,28.334,24.407
63,45.714,45.714,37.782,61,47.697,47.697,43.101,166,120.2,120.2,102.65,45,26.896,26.896,24.077,52.408,52.408,45,41.723,2.9293,1.3957,1.0548,0.47465,21.794,8.6523,8.0385,7.2,4.6183,2.5226,1.4585,1.3007,22.286,4.7678,3.1775,2.7682,113.51,79.759,37.119,34.962,1.7826,5.8878,8.2111,8.4577,14.28,0.78635,1.5495,5.8639,0.32891,0.097951,0.62057,38.549,38.549,38.549,29.65
65.848,65.848,65.342,65.342,75.582,75.582,69,64.255,201.08,201.08,167.78,167.78,59.058,59.058,58.432,58.432,25.612,25.612,25.305,25.305,20.679,3.9645,3.7089,3.1597,28.235,18.918,14.045,12.339,8.2799,5.8639,4.4814,3.8285,5.5763,5.3782,4.8198,3.6831,115.45,38.617,35.371,14.63,3.9972,9.5324,10.933,11.17,15.423,0.76287,3.9819,9.6325,0.3496,0.1103,0.62969,31.177,31.177,31.177,30.845
76,69.091,69.091,51.742,75.86,75.86,74.081,74.081,203.87,203.87,182.59,182.59,52.374,52.374,52.082,52.082,54,52.048,52.048,33.256,26.068,12.336,7.9322,3.6518,25.934,22.12,9.8418,9.8192,6.8558,4.5568,2.5888,1.8707,22.443,22.186,4.1951,3.9144,101.15,74.968,54.189,36.053,3.873,7.4431,13.083,9.1007,9.7718,0.76402,3.8543,7.5245,0.31593,0.11444,0.60788,37.377,37.377,37.377,27.548
45,43.369,43.369,37.908,66.595,66.595,66.074,66.074,163.37,163.37,162.14,162.14,56.987,56.987,48.446,48.446,58,37.763,37.763,30.106,8.2145,3.957,3.4685,3.2998,7.9328,3.3974,3.3611,3.0577,7.8759,4.4736,2.609,1.6488,15.509,13.485,6.5008,4.8394,69.782,40.347,33.922,25.832,4.4247,6.8783,13.679,12.241,12.2,0.77343,4.2295,6.6346,0.29654,0.10522,0.59416,39.738,39.738,39.738,26.81
87,47.271,47.271,43.741,34,33.426,33.426,27.095,132.06,132.06,111.99,111.99,44,35.765,35.765,28,50,49.089,49.089,42.103,5.289,3.1208,1.8843,0.73504,32.551,30.724,9.1866,9.0478,3.3357,3.0458,1.9968,1.4439,6.1345,5.5845,4.1524,3.7861,72.615,62.343,50.308,20.581,2.4449,6.6483,8.2179,9.6448,11.776,0.70002,2.1909,6.6399,0.3043,0.085001,0.61818,30.251,30.251,30.251,22.176
40.212,40.212,35,33.706,48.936,48.936,45.069,45.069,221.23,221.23,195.88,195.88,37.798,37.798,34.898,34.898,36.138,36.138,33.953,33.953,5.3687,3.4664,3.4422,1.5793,28.296,23.203,13.761,12.609,5.1507,4.0594,4.0111,2.7644,15.598,7.1632,4.6051,4.129,80.987,54.791,26.793,21.644,3.0478,6.3962,7.5189,14.054,3.4091,0.80356,2.8701,6.257,0.32641,0.072614,0.57861,34.268,34.268,34.268,20.339
39.038,39.038,38.509,38.509,47.995,47.995,32.106,32.106,194.96,194.96,147,135.23,45.418,45.418,24,23.871,51,47.971,47.971,37.415,3.0963,2.7177,2.6963,2.5823,33.306,17.171,12.219,9.9675,10.08,4.5508,2.9467,1.2041,15.501,7.5059,6.6322,6.2655,76.02,48.627,30.315,24.906,8.9219,9.3535,8.1158,13.856,17.461,0.70895,8.8133,9.4475,0.29805,0.11835,0.61722,33.635,33.635,33.635,23.212
67,61.05,61.05,56.162,59.41,59.41,58.771,58.771,88.685,88.685,85.872,85.872,40.124,40.124,32.756,32.756,40,37.124,37.124,30.778,4.5254,3.8617,2.23,1.6913,26.023,18.716,17.399,15.321,11.586,4.6605,3.2831,1.63,10.744,8.8863,3.5249,3.4282,62.97,23.481,15.373,14.416,4.6975,11.968,12.902,17.004,10.175,0.76779,4.6513,12.102,0.31314,0.15928,0.62143,31.199,31.199,31.199,26.056
49.745,49.745,46,43.608,66.873,66.873,65.598,65.598,216.8,216.8,208.23,208.23,57.962,57.962,57.297,57.297,75,37.614,37.614,31.414,10.208,8.4842,5.7991,3.6802,20.493,20.442,9.563,8.6006,7.4507,4.8737,2.5364,2.1814,20.324,8.7218,8.289,6.5541,38.354,29.48,25.106,23.507,6.4222,5.9647,9.5277,10.755,9.8793,0.73525,6.4322,6.027,0.29519,0.097879,0.65556,31.884,31.884,31.884,16.606
104,61.45,61.45,60.231,54,47.325,47.325,47.152,53.163,53.163,45,36.261,111.67,111.67,105.79,105.79,109,78.848,78.848,70.009,28.568,6.1326,5.2894,4.7803,52.144,28.843,18.478,16.696,7.2483,5.0131,4.8658,1.5388,34.909,34.219,24.99,16.134,75.13,61.652,31.874,16.925,4.6975,22.444,3.3466,4.6452,6.024,0.53674,4.5057,22.216,0.26854,0.082355,0.70228,21.688,21.688,21.688,23.935
67.381,67.381,66.6,66.6,64.492,64.492,56.136,56.136,61.669,61.669,52.473,52.473,173.42,173.42,147.71,147.71,104,94.476,94.476,85.342,59.42,27.643,11.883,10.017,41.053,19.88,19.401,16.194,7.3429,4.0625,2.7909,1.6643,58.113,49.499,43.6,28.108,82.015,57.849,25.722,25.442,3.4641,21.347,4.8626,10.763,3.2352,0.91441,3.2863,19.876,0.35454,0.20488,0.68102,18.596,18.596,18.596,22.675
98.845,98.845,96.388,96.388,113.26,113.26,107.01,107.01,80,60.221,60.221,48.042,143.17,143.17,131.08,131.08,210,161.15,161.15,158.2,19.161,17.971,17.795,13.795,58.378,12.703,9.143,6.1289,14.042,12.189,1.1145,0.25941,28.249,16.357,10.603,10.073,78.178,38.661,18.812,10.445,3.5214,29.461,3.7238,9.587,7.4565,0.69832,3.468,29.776,0.34102,0.093521,0.64977,24.91,24.91,24.91,20.713
66.795,66.795,57.422,57.422,64.572,64.572,61.952,61.952,52,37.927,37.927,31.804,131.26,131.26,98.323,98.323,116.53,116.53,113.91,113.91,20.673,18.979,18.879,14.03,72.798,14.306,10.072,8.6916,17.349,10.474,8.2136,6.8311,74.414,34.423,20.542,12.542,66.791,48.964,30.258,25.773,3.3928,16.777,2.3664,4.182,4.6738,0.68145,3.3885,16.955,0.33171,0.070531,0.68506,29.591,29.591,29.591,18.673
90.359,90.359,81.664,81.664,62.085,62.085,55.193,55.193,47.494,47.494,45.134,45.134,81.516,81.516,76.036,76.036,109.01,109.01,105,84.714,16.347,9.742,7.2859,5.922,47.283,9.4411,7.7747,5.2854,6.8719,6.6304,5.5794,4.281,34.932,22.54,19.294,16.644,66.143,39.197,24.698,21.08,3.7712,17.891,3.1127,7.157,3.8064,0.6931,3.1137,18.004,0.33252,0.083825,0.6423,17.324,17.324,17.324,21.33
76,47.465,47.465,42.55,88.409,88.409,64.252,64.252,48.305,48.305,46.067,46.067,73.64,73.64,69.361,69.361,79,70.864,70.864,49.328,6.8406,4.8106,3.9023,2.6182,37.333,30.987,21.704,16.392,4.9859,1.509,1.1882,0.33233,57.593,40.553,17.618,13.754,46.513,45.256,31.456,29.461,3.102,20.116,2.3381,11.812,4.3256,0.73591,2.9987,19.681,0.37119,0.1188,0.70398,27.077,27.077,27.077,25.019
86.113,86.113,77.823,77.823,59.106,59.106,57.563,57.563,42.085,42.085,31.433,31.433,152.92,152.92,141.74,141.74,88.994,88.994,88.06,88.06,32.743,11.198,11.015,5.1565,37.557,20.846,11.269,7.9202,8.4333,6.6993,5.7939,5.3265,52.036,32.567,31.95,28.001,64.181,61.08,21.431,15.468,3.6484,9.9933,3.2863,4.3818,4.7563,0.75783,3.4602,10.094,0.38037,0.041395,0.67649,35.009,35.009,35.009,22.579
107.51,107.51,100.08,100.08,84.743,84.743,82.777,82.777,50.294,50.294,50.075,50.075,138.85,138.85,132.65,132.65,178.51,178.51,156.1,156.1,16.198,14.89,12.042,11.515,57.438,44.999,38.849,26.358,31.554,22.371,12.579,9.2569,83.998,81.024,50.275,37.708,73.705,40.124,22.243,17.785,3.3267,16.96,3.084,4.7935,3.5932,0.74269,3.364,17.095,0.36815,0.067904,0.64854,24.256,24.256,24.256,19.09
93.433,93.433,67.955,67.955,124.9,124.9,108,106.03,71,58.478,58.478,29.653,107.49,107.49,105.91,105.91,77,75.598,75.598,59.32,16.747,15.384,6.2328,2.4751,68.549,43.92,30.987,10.581,15.407,4.0255,2.6425,0.72882,88.718,15.405,15.021,13.266,49.778,37.068,20.885,12.634,2.3805,18.586,2.7366,5.2726,3.7535,0.64644,1.8026,18.618,0.31834,0.088917,0.65269,22.571,22.571,22.571,14.665
73.619,73.619,68.016,68.016,106.77,106.77,97.451,97.451,43.773,43.773,43.293,43.293,109.64,109.64,103.92,103.92,97.042,97.042,84.092,84.092,35.595,27.694,11.359,9.7618,37.67,25.1,21.825,0.021625,16.359,12.696,7.0349,6.3727,109.24,24.227,21.957,18.247,76.559,47.463,14.827,13.609,4.3538,20.631,2.7039,7.2419,3.7118,0.94951,4.3238,20.859,0.37279,0.20892,0.6233,22.605,22.605,22.605,21.364
92.093,92.093,80.601,80.601,112.39,112.39,98.97,98.97,67,59.919,59.919,59.355,118.4,118.4,105.83,105.83,137.99,137.99,106.43,106.43,20.506,17.996,17.21,16.608,63.359,25.986,17.299,10.924,15.678,10.831,10.739,6.1489,61.697,58.284,37.939,30.504,53.335,28.796,13.761,9.0371,6.8264,21.119,2.5604,10.31,6.8557,0.76954,6.7166,20.648,0.38905,0.090125,0.63114,20.659,20.659,20.659,15.553
116.26,116.26,92.071,92.071,91.341,91.341,90.023,90.023,70.759,70.759,63.403,63.403,240,122.18,122.18,112.36,149.98,149.98,137.02,137.02,14.533,3.2359,2.708,2.3238,48.813,34.325,20.93,19.929,24.994,6.8706,4.1319,3.1491,78.325,60.717,50.887,41.512,59.916,50.647,15.239,12.029,3.5214,17.518,3.8586,7.157,3.783,0.80844,3.4968,17.707,0.40035,0.073144,0.70212,28.079,28.079,28.079,15.946
121.73,121.73,106,103.21,95.059,95.059,86.142,86.142,73.679,73.679,68,59.044,134.26,134.26,108.18,108.18,178,99.467,99.467,98.597,18.177,11.93,7.2131,6.6854,21.735,12.194,10.298,7.9236,11.236,8.1002,6.3319,3.9717,53.039,20.592,11.549,6.7506,61.936,37.186,22.618,19.96,7.2465,20.089,3.0696,8.6538,3.9356,0.81071,7.1624,19.962,0.39575,0.089325,0.71772,30.84,30.84,30.84,16.406
85.759,85.759,79.265,79.265,119.29,119.29,98.082,98.082,79.122,79.122,75.824,75.824,87.041,87.041,78,73.096,142.67,142.67,113.59,113.59,14.49,6.056,5.6207,5.302,68.487,10.037,8.8401,3.5867,20.359,11.091,7.3559,5.5981,86.654,57.328,36.702,28.781,52.601,48.555,22.499,12.189,6.1246,20.256,2.9777,4.5898,3.8586,0.79629,6.1347,20.341,0.38509,0.06977,0.73086,29.456,29.456,29.456,14.146
91.111,91.111,88,74.284,62.181,62.181,61.329,61.329,51.49,51.49,46.349,46.349,75.925,75.925,66,64.167,139.34,139.34,135.05,135.05,5.236,4.9442,4.7524,3.691,49.786,48.506,17.181,13.125,15.165,4.798,2.0589,1.3897,51.159,33.399,13.997,11.408,44.756,34.818,24.045,19.121,6.0056,14.485,2.6415,5.2409,3.85,0.7938,5.8348,14.624,0.39433,0.082224,0.67098,28.128,28.128,28.128,18.339
111.18,111.18,69.575,69.575,66.068,66.068,54.248,54.248,38.452,38.452,34.459,34.459,128.09,128.09,117.32,117.32,88.358,88.358,86.623,86.623,22.342,18.64,7.3568,5.7789,41.145,39.071,21.722,21.113,11.972,9.7493,7.5196,4.6942,62.255,32.934,24.908,20.911,67.371,27.886,16.111,14.763,3.3466,19.793,3.0623,8.9057,5.0706,0.73488,3.2629,19.98,0.36756,0.0725,0.63978,21.737,21.737,21.737,20.2
70.779,70.779,66.07,66.07,117,57.552,57.552,51.335,89,44.359,44.359,43.3,107.33,107.33,105.78,105.78,133.08,133.08,107.82,107.82,30.356,7.9019,7.6056,5.0152,43.621,21.416,19.54,16.148,12.781,1.791,0.83504,0.75904,75.536,54.313,39.569,28.103,62.593,56.014,48.288,41.988,3.102,17.834,2.8087,7.2357,3.3895,0.78486,2.7994,17.682,0.40557,0.066975,0.65743,21.054,21.054,21.054,24.059
86.827,86.827,78.248,78.248,84.779,84.779,80,77.306,53.703,53.703,49.999,49.999,97.332,97.332,94.28,94.28,94.993,94.993,89.538,89.538,13.302,10.174,5.418,4.6341,77.772,45.759,15.507,5.0672,27.966,10.009,8.1834,7.309,73.724,17.949,17.629,10.476,66.542,41.028,31.286,17.484,4.1042,18.017,2.708,4.9554,5.2641,0.82383,4.135,17.74,0.4178,0.06037,0.72095,17.448,17.448,17.448,23.166
102.16,102.16,90.15,90.15,75.634,75.634,72.614,72.614,50.989,50.989,34.933,34.933,138.84,138.84,118.09,118.09,162.85,162.85,109,109,30.05,10.211,9.2011,8.1926,30.365,27.837,18.686,12.059,23.481,12.527,10.513,3.3205,71.926,36.294,30.44,27.634,75.121,29.825,20.966,16.294,7.208,29.604,4.8051,6.8508,5.194,0.9931,7.266,29.915,0.40444,0.19523,0.64532,25.974,25.974,25.974,17.514
110.89,110.89,99.199,99.199,104.95,104.95,84.651,84.651,54.678,54.678,46.182,46.182,137.64,137.64,87.564,87.564,152.12,152.12,143.65,143.65,27.868,18.044,16.182,7.5787,65.848,29.218,27.273,12.267,21.919,13.279,12.793,9.562,72.692,40.057,34.75,29.701,57.991,41.17,23.096,18.349,3.0332,17.815,2.9515,7.3348,3.4026,0.76788,3.0022,17.827,0.38752,0.066066,0.69226,31.013,31.013,31.013,18.677
