57.877,57.877,45.141,45.141,150.04,150.04,120,111.01,80.537,80.537,80.431,80.431,97.989,97.989,90.112,90.112,51.663,51.663,45.362,45.362,15.688,10.264,8.9104,8.7758,11.347,11.018,9.5211,9.2126,5.6233,4.9028,4.2204,2.8992,35.66,32.042,27.356,23.48,14.56,6.7139,5.7606,3.8782,1.4298,1.8074,1.325,1.4832,1.2649,0.026067,1.0551,1.604,0.01141,0.017941,0.85047,31.139,31.139,31.139,4.7527
42,37.384,37.384,35.695,84.826,84.826,82.207,82.207,166.25,166.25,155.74,155.74,82.057,82.057,81.356,81.356,70.904,70.904,62.694,62.694,15.061,12.026,11.974,10.662,22.588,18.547,18.221,10.294,12.316,11.582,4.6582,4.6572,55.302,52.029,48.555,34.211,16.344,13.968,11.928,4.4809,1.5563,1.5348,1.3824,1.3416,1.4832,0.016421,0.97442,0.96766,0.0078546,0.028858,0.78228,28.504,28.504,28.504,5.2746
77,38.762,38.762,38.231,110.59,110.59,79.066,79.066,103.49,103.49,100.6,100.6,102.97,102.97,90.389,90.389,56,44.244,44.244,40.037,19.568,14.265,7.9461,7.1992,24.097,20.824,16.465,15.915,6.0873,4.4644,1.5873,0.38248,73.427,65.275,50.562,21.84,7.1741,6.7103,4.0085,3.5091,1.5706,1.4682,1.3166,1.3581,1.3166,0.0069522,1.0507,1.1643,0.0064213,0.021794,0.63428,19.517,19.517,19.517,2.156
51.898,51.898,49.898,49.898,97.178,97.178,93.519,93.519,117.71,117.71,102,102,84.549,84.549,67.243,67.243,87,73.988,73.988,66.643,5.9993,2.9473,2.4543,2.3801,24.859,7.1304,7.0216,6.5563,5.9408,5.4201,4.4839,4.2679,23.455,21,16.406,10.16,14.408,12.6,10.417,10.254,1.4063,2.5254,1.3081,2.0923,1.4376,0.01128,0.61791,2.3452,0.009968,0.022956,0.78804,23.316,23.316,23.316,4.8845
31.815,31.815,25.317,25.317,121,96.707,96.707,94.683,107.5,107.5,103.25,103.25,120,84.045,84.045,77.963,62.498,62.498,59,59,5.2666,3.6036,3.5357,3.37,15.368,13.848,11.294,10.898,2.4919,1.8157,1.6388,1.2463,29.652,25.513,24.945,19.856,30.928,14.949,10.522,10.435,1.5635,1.6398,1.3663,1.5635,1.2737,0.023936,0.95716,1.4348,0.012462,0.049941,0.76949,32.413,32.413,32.413,7.8433
69,35.791,35.791,35.348,106.06,106.06,104.93,104.93,105.07,105.07,83.991,83.991,95,82.262,82.262,76.794,97.468,97.468,84.862,84.862,11.02,9.2711,4.0222,2.4662,13.45,13.333,12.995,12.003,1.4936,0.53279,0.29506,0.055651,29.532,23.754,21.797,17.439,15.957,10.917,10.391,7.8136,1.2111,1.6667,1.1738,1.3081,1.3333,0.022647,0.8779,1.5348,0.013652,0.02116,0.79232,31.435,31.435,31.435,5.0956
40.469,40.469,36.331,36.331,115.01,115.01,114.23,114.23,198.91,198.91,139.09,139.09,109.04,109.04,79.079,79.079,73.842,73.842,71.396,71.396,15.371,11.627,10.953,9.622,7.5545,6.3761,5.2599,4.8604,4.9014,3.3726,3.105,2.4607,46.699,40.082,32.136,31.295,8.4793,4.3714,3.0689,2.7401,1.4757,1.1738,1.5563,1.291,1.291,0.012943,1.0764,0.77525,0.0074818,0.016233,0.81831,19.548,19.548,19.548,2.4158
50,36.535,36.535,28.049,118.51,118.51,90.508,90.508,65.078,65.078,59.751,59.751,64.643,64.643,40,38.936,70.054,70.054,62.577,62.577,17.003,2.1447,2.0186,1.9829,9.4277,6.8097,6.7242,4.7827,2.6588,1.8747,1.3273,1.0182,31.013,30.778,22.933,20.618,15.188,13.562,8.6084,7.3418,1.453,1.4063,1.4298,1.3416,1.3333,0.019471,1.066,1,0.013924,0.03667,0.79876,29.153,29.153,29.153,4.7242
48.567,48.567,42.178,42.178,140,120.64,120.64,88.132,82.547,82.547,65,62.615,70,66.647,66.647,60.222,80.933,80.933,80.071,80.071,6.7294,6.4213,5.9582,5.6134,11.793,8.8323,7.4195,2.8691,4.2997,2.8733,2.3772,1.8474,40.84,32.24,30.216,26.488,9.6607,8.5143,7.6026,5.9926,1.7385,1.2737,1.3824,1.3166,1.1547,0.0093306,1.3135,0.90006,0.009315,0.027571,0.7593,28.065,28.065,28.065,3.1348
35.077,35.077,29.916,29.916,92,83.54,83.54,79.149,86.205,86.205,65.033,65.033,55.626,55.626,45.147,45.147,90.107,90.107,56.379,56.379,8.1029,7.7678,4.9483,4.6684,21.715,13.116,12.728,11.079,6.1166,6.006,2.8595,1.7974,31.826,31.057,29.517,24.27,10.016,9.8959,9.5591,6.6931,2.2361,1.422,1.2996,1.5202,1.8679,0.01492,2.1363,1.2039,0.0089634,0.020603,0.76549,23.565,23.565,23.565,4.0786
27.789,27.789,26,25.06,147.75,147.75,104.43,104.43,97.201,97.201,89.925,89.925,59.581,59.581,48.106,48.106,52.804,52.804,49.596,49.596,6.1665,5.4131,4.8643,4.6122,19.938,14.656,13.054,12.415,3.0503,1.7475,1.2634,1.1372,37.5,30.675,25.298,22.155,13.368,9.8797,8.617,7.322,1.7448,1.5129,1.3416,1.4606,1.7638,0.01721,1.4135,1.1481,0.009489,0.022264,0.73084,21.925,21.925,21.925,4.0263
28.945,28.945,25.757,25.757,110.78,110.78,106.99,106.99,106.33,106.33,105.62,105.62,91,50.288,50.288,49.435,66.14,66.14,56.841,56.841,8.2672,4.9575,3.748,2.4867,27.52,11.728,9.8251,8.4682,4.738,3.7968,3.7834,2.4423,37.845,29.37,28.903,24.711,15.912,11.023,8.6252,5.9284,9.7022,1.5986,1.4682,1.2649,2.7039,0.017179,9.6921,1.1836,0.010901,0.022783,0.75998,27.291,27.291,27.291,4.2651
51,26.334,26.334,23.109,99.598,99.598,87.892,87.892,85.907,85.907,54.493,54.493,64,51.615,51.615,41.575,92,70.654,70.654,69.01,4.296,3.6312,1.0013,0.87997,13.618,11.545,11.037,8.6205,5.5918,0.64869,0.37049,0.28775,30.313,27.788,24.382,18.219,16.58,9.3053,8.7157,5.1817,2.2608,1.4907,1.5635,1.542,1.422,0.022852,1.6153,1.2424,0.013497,0.018578,0.7386,30.763,30.763,30.763,4.7242
28.693,28.693,26.982,26.982,148.8,148.8,105.16,105.16,64.73,64.73,59.125,59.125,58.562,58.562,49.069,49.069,64.452,64.452,50.582,50.582,8.6097,7.2291,5.764,5.1097,17.776,10.096,9.601,6.8211,7.6911,2.9062,2.2258,1.8154,43.242,27.756,14.024,12.242,12.381,11.599,10.623,9.354,1.7062,1.5275,1.2649,1.3499,1.325,0.012112,1.3981,1.0834,0.010449,0.015448,0.77074,30.418,30.418,30.418,4.8365
45.773,45.773,42.391,42.391,78.005,78.005,77.976,77.976,107.15,107.15,99.962,99.962,67.248,67.248,49.245,49.245,80.486,80.486,73.015,73.015,12.101,9.4054,8.4414,8.0013,22.45,7.992,6.4768,5.8253,6.0481,4.6895,3.1119,2.447,68.288,31.392,27.681,21.888,25.205,15.37,4.717,4.2264,1.4757,1.3333,1.5776,1.1926,1.1155,0.016273,1.282,0.96295,0.012635,0.024929,0.76849,30.002,30.002,30.002,6.3817
37,19.892,19.892,18.134,67.757,67.757,66.788,66.788,116.55,116.55,85.52,85.52,63,34.373,34.373,34.21,83.896,83.896,41.989,41.989,1.3993,1.1021,0.90893,0.24382,30.206,12.658,10.097,6.9944,1.0767,0.84327,0.69803,0.42364,41.169,31.46,26.525,24.749,13.731,13.43,6.656,3.4976,1.2996,1.422,1.3499,1.325,1.2472,0.017426,0.81153,1.1042,0.010305,0.018956,0.70215,25.672,25.672,25.672,4.9488
36,19.232,19.232,16.146,83.221,83.221,78.251,78.251,144.83,144.83,117.55,117.55,56,36.069,36.069,32.372,57.537,57.537,43.754,43.754,4.9091,2.6435,1.2414,0.89061,25.33,4.2615,3.982,3.0771,1.3167,1.1694,0.72689,0.12932,21.08,18.03,15.603,15.401,11.905,8.1138,7.0237,4.1705,1.542,1.633,1.3663,1.2824,1.3581,0.0091132,1.1042,1.4397,0.0077748,0.013851,0.72035,21.172,21.172,21.172,3.8492
37,34.062,34.062,32.663,95.474,95.474,89.222,89.222,81.358,81.358,77.116,77.116,38,37.11,37.11,35.579,68.888,68.888,58.119,58.119,3.5,2.8164,2.3264,1.9044,8.2668,7.8406,7.033,2.5777,5.2639,1.0025,0.5636,0.25123,22.594,21.872,18.014,12.987,11.757,9.3119,7.1445,6.2975,1.4682,1.6865,1.4682,1.6465,1.3663,0.013509,0.75076,1.2831,0.0080737,0.016443,0.74102,23.239,23.239,23.239,3.7874
113.2,113.2,105,104.78,76.916,76.916,72.607,72.607,60,44.704,44.704,42.7,71,59.548,59.548,52.665,195.02,195.02,187.07,187.07,5.3925,1.7753,1.3436,0.96179,14.362,8.0915,1.9373,1.7404,18.442,4.9392,3.1984,2.3769,36.78,30.425,21.466,11.512,17.832,17.197,12.057,11.005,1.5635,1.4298,1.542,1.2111,1.2019,0.0294,1.156,0.96295,0.021276,0.066288,0.85928,43.643,43.643,43.643,10.651
80.826,80.826,69.851,69.851,89,49.613,49.613,37.719,65,35.653,35.653,34.669,55,41.417,41.417,35.086,167.87,167.87,148.51,148.51,4.8193,2.591,0.4817,-0.11667,33.858,19.595,2.3429,1.6572,9.8296,7.3136,2.3959,1.8777,16.593,16.009,14.995,13.898,20.95,19.198,14.858,11.768,1.6398,1.7256,1.3333,1.3581,1.5776,0.026215,0.93312,1.406,0.015859,0.035446,0.85734,39.579,39.579,39.579,10.462
77.782,77.782,77.338,77.338,91,72.189,72.189,59.027,94,52.325,52.325,43.353,38.581,38.581,32.526,32.526,177.29,177.29,175.62,175.62,8.4493,5.5895,1.8018,1.0748,27.563,17.047,11.739,6.2276,14.549,14.133,7.2571,6.4746,19.18,7.0134,4.129,1.8348,16.619,16.014,14.585,12.901,1.4298,1.5563,1.3581,1.4376,1.5916,0.018983,0.85162,1.206,0.018942,0.033775,0.82133,31.934,31.934,31.934,8.1456
55.503,55.503,54.669,54.669,87,65.874,65.874,64.878,52,27.916,27.916,25.113,46,43.451,43.451,42.452,148.04,148.04,131.71,131.71,6.0906,2.7371,1.7091,1.6423,21.27,6.8755,2.3293,0.69354,12.441,9.2595,7.3762,3.3728,26.707,20.038,1.3052,1.0674,20.521,14.422,13.108,12.512,1.3984,1.542,1.3824,1.1643,1.4606,0.016204,1.0111,1.1472,0.013005,0.043703,0.78449,35.882,35.882,35.882,8.9266
58.955,58.955,58.198,58.198,90.957,90.957,79.133,79.133,52.599,52.599,48.06,48.06,64.69,64.69,43.885,43.885,75.629,75.629,65.627,65.627,11.251,3.7575,3.7396,2.3332,51.767,19.241,7.3183,6.6054,7.4632,3.6401,2.1114,1.8854,40.283,23.156,17.457,7.4055,20.958,13.967,13.341,9.3989,1.5492,1.3166,1.3581,1.2996,1.3663,0.015562,0.93312,0.93905,0.014424,0.055139,0.81779,37.231,37.231,37.231,8.9251
83.256,83.256,81.044,81.044,50.106,50.106,38,38,29.547,29.547,17.796,17.796,33,32.128,32.128,29.891,123.86,123.86,112.85,112.85,5.1369,2.8323,2.8248,2.7815,9.0585,3.4024,1.438,1.1885,16.962,5.6333,3.4835,2.6147,13.889,6.9304,3.5264,3.3526,19.411,15.674,14.239,7.7544,1.8196,1.8915,1.4606,5.933,1.5348,0.021874,1.1192,1.6763,0.01362,0.067361,0.7689,37.167,37.167,37.167,8.8643
99.21,99.21,96.845,96.845,44.812,44.812,35.813,35.813,39.045,39.045,37.281,37.281,35.723,35.723,34.86,34.86,162.63,162.63,156.25,156.25,8.1429,4.1406,0.38787,0.19717,21.578,11.144,10.969,9.439,28.022,11.893,10.876,2.5117,47.058,14.773,9.6996,5.108,25.821,17.399,13.99,10.103,1.6931,1.4907,1.4298,1.4376,1.4757,0.034361,1.0259,1.2721,0.017927,0.065673,0.82655,33.341,33.341,33.341,8.5556
82.351,82.351,74.588,74.588,46.412,46.412,45.15,45.15,42,37.472,37.472,33.808,30.094,30.094,29.195,29.195,167.16,167.16,146.65,146.65,5.1273,4.1235,4.0062,3.8433,25.089,18.297,1.9164,0.6593,14.106,3.8974,2.6715,1.9162,12.455,10.842,9.7604,7.5957,20.715,16.522,11.551,10.855,1.5492,1.4682,1.325,1.6667,1.3663,0.021305,0.99087,1.2863,0.014887,0.048936,0.84598,37.104,37.104,37.104,8.634
86.573,86.573,74.36,74.36,55.674,55.674,55.516,55.516,32.99,32.99,28.54,28.54,81.99,81.99,60.322,60.322,136.76,136.76,135.68,135.68,26.6,4.5989,3.8697,2.8578,13.484,5.7904,4.4787,3.6047,29.598,14.138,11.086,2.9817,14.206,9.4679,7.2658,4.7361,20.398,13.832,8.6218,5.2518,1.5129,1.8797,1.3581,1.3663,1.3081,0.021566,1.0622,1.6868,0.012749,0.044765,0.84179,38.902,38.902,38.902,6.5388
78.047,78.047,69.311,69.311,73.532,73.532,57.52,57.52,42.212,42.212,37.534,37.534,54.508,54.508,47.724,47.724,160.32,160.32,157.28,157.28,8.1902,4.7687,3.8214,2.7498,10.075,7.3019,3.2851,3.2613,3.1893,3.1794,3.1773,2.4025,20.133,16.799,14.345,9.8698,20.108,18.763,15.964,15.276,1.6125,2.0763,1.4453,1.3984,1.291,0.027345,1.0636,1.6808,0.018564,0.040638,0.849,39.155,39.155,39.155,8.3823
93.379,93.379,92.08,92.08,41.809,41.809,37.23,37.23,42,39.241,39.241,33.057,52,49,49,39.83,180.29,180.29,172.97,172.97,7.0785,2.6677,1.8587,1.4949,7.2146,4.0411,2.5554,1.9935,24.13,8.7867,3.0058,2.98,32.936,15.782,15.565,5.9992,18.606,17.256,13.092,10.519,1.3824,2.1134,1.2472,1.3984,1.4606,0.023613,0.88933,1.8829,0.017535,0.03013,0.84517,40.15,40.15,40.15,8.3675
84.058,84.058,66.318,66.318,41.409,41.409,35,30.168,27.545,27.545,20.844,20.844,40.83,40.83,36.401,36.401,128.83,128.83,128.69,128.69,7.5068,6.8308,3.5667,3.1739,6.2993,4.8998,4.5015,4.387,15.079,8.6163,7.4617,6.3751,16.926,9.7647,3.3642,0.8432,23.817,15.59,13.913,13.503,1.4682,2.071,1.3663,1.5348,1.5846,0.011278,1.0871,1.7815,0.0125,0.039694,0.86412,40.581,40.581,40.581,8.0248
84,79.805,79.805,74.029,80,49.805,49.805,43.485,58,32.111,32.111,21.793,90,43.552,43.552,38.209,145.41,145.41,142.84,142.84,4.6144,2.944,2.6651,1.8126,8.5713,4.8938,1.6962,1.2517,27.834,4.8841,4.2801,1.0379,11.279,5.6407,2.5986,2.4136,21.794,15.372,13.247,8.9175,1.4832,1.6465,1.422,1.6667,1.6865,0.0082655,1.0185,1.3718,0.013572,0.047869,0.80962,37.43,37.43,37.43,8.4537
89.236,89.236,80.932,80.932,50.993,50.993,46.319,46.319,26.014,26.014,24.687,24.687,50.602,50.602,49.818,49.818,143.62,143.62,139.71,139.71,8.7697,6.7579,5.5515,2.3364,19.829,8.7646,4.3598,3.9097,14.685,14.383,12.475,9.5074,16.694,15.525,5.898,4.0979,19.977,13.303,12.358,11.019,1.7575,1.6533,1.3904,1.2996,1.4453,0.016224,1.1313,1.4754,0.01615,0.049132,0.82809,36.002,36.002,36.002,7.9406
66.756,66.756,57.897,57.897,155,87.2,87.2,85.162,81,27.999,27.999,25.523,110,64.446,64.446,58.604,55.961,55.961,54.24,54.24,5.6691,4.6315,3.6444,1.5972,2.3527,2.1806,1.3664,0.99488,11.245,4.5808,4.248,3.8567,19.87,14.733,4.2305,3.6628,17.139,15.275,12.923,10.416,1.3824,2.3428,1.3581,1.4981,1.7889,0.014025,0.9412,2.0482,0.015594,0.048315,0.82021,42.846,42.846,42.846,8.2038
84.027,84.027,78.968,78.968,58,46.148,46.148,44.746,33.802,33.802,22.459,22.459,55.739,55.739,53.4,53.4,179.69,179.69,154.13,154.13,10.543,6.9287,5.1636,2.31,27.781,19.039,14.861,11.939,18.074,11.813,2.6546,1.107,33.279,16.503,15.196,12.878,20.86,13.448,12.341,11.369,1.5846,2.2559,1.4907,1.4298,1.3904,0.017997,1.2052,1.8565,0.015382,0.045269,0.7886,46.244,46.244,46.244,9.3819
81,55.496,55.496,48.176,54,34.478,34.478,29.867,30.657,30.657,29.191,29.191,87,33.654,33.654,31.11,117.44,117.44,116.8,116.8,2.5998,2.1167,-0.044241,-0.38517,7.3858,4.9736,3.5939,2.1268,5.3075,3.2592,3.2006,2.358,19.96,11.977,7.6079,5.5692,48.783,21.862,20.976,17.016,1.3166,1.5055,1.2019,1.2293,1.3824,0.17875,0.98216,1.342,0.054227,0.32438,0.8121,57.479,57.479,57.479,23.5
57,24.502,24.502,22.552,53.579,53.579,49,46.479,63.455,63.455,59.518,59.518,75,41.587,41.587,35.884,83,56.431,56.431,41.036,1.2644,1.2191,-0.28474,-0.29504,23.686,14.381,13.718,12.437,1.814,1.2817,0.94524,0.78314,55.937,26.896,6.92,6.5782,15.832,9.4052,3.408,2.6626,1.5202,2.3286,1.3904,1.6193,1.5706,0.032588,0.99899,2.2424,0.01372,0.017051,0.81543,27.707,27.707,27.707,5.375
68.291,68.291,60.622,60.622,73,57.845,57.845,55.089,97.998,97.998,57.598,57.598,78.102,78.102,76.931,76.931,102.92,102.92,102.68,102.68,16.089,13.9,2.2024,1.5794,11.023,9.2977,3.0204,2.9315,23.078,1.8213,0.92271,0.90877,52.924,29.734,20.488,20.069,15.146,11.578,11.566,11.149,1.7701,1.4907,1.9607,1.422,1.3904,0.018417,1.4453,1.0973,0.0091737,0.020379,0.80465,28.697,28.697,28.697,7.0024
27.445,27.445,23.448,23.448,56.651,56.651,55.637,55.637,38.506,38.506,35.913,35.913,29.445,29.445,26.441,26.441,48.918,48.918,46,44.539,6.4595,2.0901,1.9855,1.0266,18.847,15.297,10.032,9.6323,9.6967,5.3983,2.3888,0.64304,72.549,45.611,33.541,32.121,15.401,12.087,11.304,10.726,1.6193,1.5492,1.4682,1.5275,1.4682,0.012285,0.99138,1.1362,0.0073823,0.029983,0.83877,29.731,29.731,29.731,5.7252
65,29.867,29.867,26.36,50.075,50.075,43.034,43.034,106.95,106.95,88.801,88.801,81,47.852,47.852,44.8,80.597,80.597,71.351,71.351,5.5934,3.4833,2.6861,1.0612,34.221,33.807,5.6647,4.422,1.0261,0.21853,0.030432,-0.062355,72.687,50.64,39.548,34.47,21.8,15.444,11.763,9.0822,1.9379,6.5422,1.8499,1.5706,1.3081,0.018137,1.8776,6.5941,0.010258,0.04172,0.80557,31.788,31.788,31.788,8.239
85,58.573,58.573,50.167,77.094,77.094,62.957,62.957,67.629,67.629,64.33,64.33,103.79,103.79,100.92,100.92,90.752,90.752,84,81.112,25.367,20.627,3.8596,2.0391,40.432,23.33,13.141,9.4861,2.684,1.2558,0.74366,0.55859,38.51,30.105,28.647,25.304,28.334,17.321,16.408,15.679,2.4855,5.785,4.5043,1.5916,1.6667,0.017657,1.8442,5.8419,0.0081353,0.02352,0.82233,26.443,26.443,26.443,8.872
61,31.757,31.757,31.205,97.171,97.171,88.425,88.425,57.912,57.912,52.4,52.4,75.328,75.328,71.145,71.145,56,53.838,53.838,47.308,7.1787,6.4879,0.93467,0.57898,14.894,9.666,7.7975,4.5508,5.7853,1.064,-0.22911,-0.23954,51.146,45.321,24.273,24.257,16.356,13.41,12.648,12.458,1.8439,3.6667,2.3898,1.3904,1.5563,0.015403,1.3551,3.5408,0.01037,0.022835,0.83783,26.645,26.645,26.645,6.001
52.653,52.653,46.594,46.594,99.805,99.805,95.732,95.732,95.484,95.484,81.561,81.561,86.299,86.299,83.729,83.729,78.58,78.58,77.723,77.723,13.701,12.656,12.081,11.282,28.782,27.818,18.337,14.807,16.069,13.795,5.0412,2.2462,87.13,48.046,37.36,34.626,20.383,15.579,12.208,9.8839,2,2.5734,3.2897,1.909,1.4606,0.016635,1.5076,2.4252,0.0091617,0.021286,0.81765,25.184,25.184,25.184,7.2835
69,49.591,49.591,41.894,100.95,100.95,87,86.179,94.025,94.025,61.724,61.724,129.92,129.92,124.49,124.49,84.216,84.216,82.274,82.274,12.407,8.2495,7.276,5.2054,45.471,18.78,6.1565,3.7726,4.5078,4.4463,3.9858,1.9287,51.466,38.641,34.711,29.803,30.038,19.013,12.699,7.7577,2.1344,2.9963,3.9693,1.5846,1.4907,0.023151,1.9725,2.9073,0.013123,0.024834,0.78246,23.128,23.128,23.128,8.8899
83,80.284,80.284,71.36,152,121.07,121.07,108.92,63.745,63.745,60.038,60.038,187,168.58,168.58,165.39,74.122,74.122,69.055,69.055,19.234,11.117,5.249,2.3904,15.983,9.0808,8.918,7.2849,10.765,8.6819,3.8691,1.8954,48.978,39.332,39.177,32.829,18.578,17.573,8.3073,8.1371,2.0166,1.8318,3.383,1.4981,1.2996,0.017117,1.8998,1.5219,0.0089084,0.01556,0.79674,30.1,30.1,30.1,6.5327
46.675,46.675,45.624,45.624,51.728,51.728,49.758,49.758,111.57,111.57,104.02,104.02,184.49,184.49,180.5,180.5,146.74,146.74,126.58,126.58,47.33,11.8,11.638,6.7442,26.538,10.075,8.4507,6.3027,11.785,8.8761,5.4067,2.1276,49.99,43.33,43.086,37.618,22.11,11.918,11.806,10.436,2.8441,2.071,3.6301,1.5202,1.7826,0.016475,2.5162,1.8085,0.008971,0.030023,0.73517,26.731,26.731,26.731,8.6655
57.456,57.456,41.379,41.379,63.024,63.024,58.93,58.93,103.28,103.28,93.296,93.296,110.42,110.42,109.4,109.4,105.76,105.76,102.41,102.41,61.466,16.721,15.405,11.371,22.819,9.2907,7.6467,6.6668,5.5395,4.8034,4.5527,4.268,60.305,55.765,36.557,36.326,15.683,12.798,11.184,9.9843,3.5277,1.7192,4.4422,1.7321,1.4981,0.021928,3.4847,1.2665,0.0097736,0.017092,0.78397,27.168,27.168,27.168,6.7822
52.999,52.999,47.05,47.05,76.364,76.364,65.94,65.94,128.6,128.6,95.894,95.894,128.08,128.08,110.03,110.03,80,58.097,58.097,57.4,17.405,13.883,9.1361,8.5652,48.677,14.31,2.8341,1.7544,15.454,5.8028,2.8337,2.8052,62.028,24.37,22.471,18.38,17.779,15.876,8.5728,8.083,2.9552,1.6799,4.1446,1.5635,1.5348,0.015797,2.632,1.6444,0.010676,0.0348,0.75111,40.843,40.843,40.843,8.7686
60.819,60.819,53.388,53.388,92.565,92.565,79.614,79.614,138.36,138.36,116.03,116.03,148.21,148.21,135.18,135.18,70.467,70.467,69.092,69.092,37.702,10.424,4.2673,2.9366,12.404,7.9192,6.0353,5.2934,18.411,8.9668,1.8744,0.87831,47.861,43.947,34.619,30.819,19.866,14.31,10.802,10.361,3.0368,1.8196,3.3928,1.6799,1.633,0.020382,2.5962,1.4397,0.0083279,0.032056,0.74648,24.043,24.043,24.043,7.5294
53.836,53.836,44.591,44.591,98.567,98.567,88.81,88.81,98.968,98.968,93,91.479,95.47,95.47,87.468,87.468,66.854,66.854,59.923,59.923,15.51,10.611,9.3238,4.9758,28.632,14.95,9.1341,6.0989,10.072,9.9396,4.63,3.0721,67.783,59.241,53.65,44.24,15.451,13.646,13.362,9.8385,3.2592,1.8619,3.9693,1.66,2.0111,0.014515,2.7019,1.7003,0.0087078,0.029534,0.78355,24.773,24.773,24.773,7.727
36,34.376,34.376,30.177,77,72.259,72.259,49.907,123.28,123.28,121.37,121.37,50,48.908,48.908,41.354,100,89.107,89.107,65.798,3.0738,0.97308,0.8234,0.55078,23.27,9.481,9.403,4.9341,3.4797,1.8378,1.4642,1.3118,43.501,41.591,20.975,20.628,12.62,12.103,11.247,8.2853,2.6998,1.6799,2.6077,1.7321,1.5635,0.01954,2.4458,1.5059,0.010796,0.017769,0.75573,31.239,31.239,31.239,6.4957
44.293,44.293,42.491,42.491,70.225,70.225,48.539,48.539,108.12,108.12,103.42,103.42,55.517,55.517,53.095,53.095,72.876,72.876,59.177,59.177,17.17,4.9944,3.0853,2.3147,7.5204,5.3799,5.2657,4.2611,5.7731,1.7786,1.067,1.0656,40.286,30.423,29.898,27.529,11.346,9.9973,6.5781,6.322,3.0441,1.5776,3.2042,1.5563,1.7826,0.019258,2.9077,1.3751,0.0081574,0.022416,0.78363,40.654,40.654,40.654,6.3059
43,42.741,42.741,27.867,62.338,62.338,49.992,49.992,106.39,106.39,103.37,103.37,52,47.912,47.912,43.796,95.133,95.133,84.333,84.333,10.398,5.0209,2.4735,2.0212,28.61,16.891,10.49,7.6351,3.9566,3.6817,1.8679,1.109,39.481,33.715,26.7,20.221,26.184,17.067,9.769,9.5118,2.7968,1.7127,3.5901,1.7448,1.5706,0.014205,2.6146,1.2784,0.0080274,0.023911,0.79188,29.523,29.523,29.523,7.8796
45.86,45.86,39.284,39.284,53.423,53.423,38.974,38.974,110.15,110.15,99.874,99.874,87.071,87.071,86.382,86.382,62.901,62.901,60.298,60.298,39.158,0.98669,0.59606,0.2312,21.323,14.65,13.712,7.8999,7.9718,4.9035,2.8676,2.4053,50.975,37.305,36.788,35.594,31.708,18.22,12.218,8.6304,2.5342,1.6193,2.5734,1.4453,1.7385,0.015865,2.3549,1.4238,0.0070547,0.027721,0.83118,31.935,31.935,31.935,8.6229
26.929,26.929,25.959,25.959,88.066,88.066,72.718,72.718,98.511,98.511,95.574,95.574,36.096,36.096,33.719,33.719,96.133,96.133,49.779,49.779,10.563,2.8004,1.9305,1.7182,36.271,20.184,19.654,16.841,4.9103,2.3345,2.124,1.6636,50.85,43.538,37.894,34.309,13.9,10.796,9.3553,4.6403,3.1552,1.7575,3.0074,1.5706,1.6931,0.0029767,2.8484,1.5199,0.004519,0.007571,0.23746,12.979,12.979,12.979,4.742
50.205,50.205,50,43.33,87.983,87.983,72.239,72.239,78.795,78.795,70,57.428,54,41.311,41.311,34.117,52.038,52.038,50.758,50.758,4.3166,2.2798,1.9675,0.9893,21.633,12.041,9.1706,7.8684,6.1487,1.4608,0.96814,0.66882,39.975,36.904,35.941,27.125,25.921,19.698,8.0522,5.079,1.2996,4.0743,1.4142,1.6799,1.2111,0.025139,0.95874,3.9705,0.01078,0.048197,0.80719,25.314,25.314,25.314,7.7331
49.433,49.433,39,32.878,46.612,46.612,45.054,45.054,46.509,46.509,45.935,45.935,31,21.291,21.291,17.801,58.971,58.971,57.82,57.82,2.399,2.2488,2.1118,1.321,15.269,11.429,7.2071,7.0267,5.3288,4.0124,1.9068,1.4488,30.664,26.146,20.39,19.049,31.218,25.768,10.786,7.256,1.1738,1.4606,1.1353,1.4757,1.5706,0.035899,0.71985,1.2902,0.011055,0.03341,0.85385,28.763,28.763,28.763,8.0763
41.848,41.848,41.073,41.073,81,44.236,44.236,35.65,52,32.833,32.833,27.179,31.098,31.098,28,17.202,54,50.214,50.214,46.021,2.2796,1.0354,0.96261,0.9074,14.095,12.231,6.3704,4.6656,5.5392,4.3323,3.2083,2.9363,21.373,20.45,17.192,12.554,-2.2097,-2.2097,-2.2097,-2.2097,1,1,0,2,1,1.7964e-15,0,0,8.9821e-16,3.5929e-15,0.8237,25.971,25.971,25.971,0
49.927,49.927,47,34.395,76,63.568,63.568,60.945,34.259,34.259,33.846,33.846,46,30.603,30.603,26.698,56,45.835,45.835,43.798,2.5924,2.1183,0.90298,0.63513,28.174,23.594,21.873,7.5913,2.7156,2.3413,1.3422,0.82246,30.592,9.4186,8.0063,7.4944,-2.2097,-2.2097,-2.2097,-2.2097,1,1,0,2,1,1.7964e-15,0,0,8.9821e-16,3.5929e-15,0.82207,28.936,28.936,28.936,0
38,25.456,25.456,24.713,54,39.329,39.329,37.987,56.296,56.296,47.134,47.134,29,18.256,18.256,14.957,34.605,34.605,33,32.113,1.5871,1.3748,0.9392,0.56047,31.512,21.155,9.7818,7.7901,2.0272,1.7209,1.004,0.5706,40.077,21.929,16.428,13.04,-2.2097,-2.2097,-2.2097,-2.2097,1,1,0,2,1,1.7964e-15,0,0,8.9821e-16,3.5929e-15,0.83255,27.123,27.123,27.123,0
27.113,27.113,26.044,26.044,37.468,37.468,34.536,34.536,54,34.843,34.843,33.91,30.963,30.963,29.015,29.015,49.101,49.101,46.057,46.057,3.7414,3.358,2.6338,2.5133,9.4346,6.2295,5.5749,4.7851,5.4031,3.8362,2.6169,1.7691,28.675,11.735,6.7797,6.7421,-2.2097,-2.2097,-2.2097,-2.2097,1,1,0,2,1,1.7964e-15,0,0,8.9821e-16,3.5929e-15,0.83633,23.071,23.071,23.071,0
68,32.512,32.512,31.313,77,39.255,39.255,37.224,52,36.055,36.055,30.598,53,17.75,17.75,15.481,93,61.789,61.789,59.775,0.99843,0.20144,-0.56848,-0.57833,7.0279,4.3672,0.79683,0.15366,1.6054,1.1251,0.99651,0.67517,27.851,10.549,7.8298,7.449,-2.2097,-2.2097,-2.2097,-2.2097,1,1,0,2,1,1.7964e-15,0,0,8.9821e-16,3.5929e-15,0.80962,23.361,23.361,23.361,0
39.662,39.662,30.29,30.29,40.739,40.739,40.048,40.048,50,33.276,33.276,29.475,30.239,30.239,22.353,22.353,45,41.243,41.243,40.97,5.63,4.7499,2.1831,0.75961,23.909,10.781,9.8434,8.8149,4.6711,2.437,2.3761,1.5446,33.228,17.645,12.63,9.8919,-2.2097,-2.2097,-2.2097,-2.2097,1,1,0,2,1,1.7964e-15,0,0,8.9821e-16,3.5929e-15,0.83636,27.172,27.172,27.172,0
46,43.632,43.632,33.946,44.824,44.824,36.265,36.265,53.476,53.476,45.992,45.992,27,25.617,25.617,17.877,37.598,37.598,36.439,36.439,2.2343,1.9922,1.342,0.83815,16.571,13.036,9.349,6.926,3.7065,2.8949,2.2559,1.2522,11.739,11.63,7.8861,6.7403,-0.17634,-1.8993,-2.1791,-2.2097,0.98883,0.98883,0,1.9777,0.98883,0.43925,0.14907,0.14907,0.14245,0.65596,0.80537,18.807,18.807,18.807,0.23292
42,32.67,32.67,31.428,45.532,45.532,34.907,34.907,37.941,37.941,34.097,34.097,20,18.733,18.733,18.403,43.1,43.1,37,32.809,3.7284,2.0267,1.6324,1.6001,9.8903,7.0261,5.0027,3.0793,6.8886,4.0229,2.2723,0.47284,68.302,18.806,10.481,5.9165,-2.2097,-2.2097,-2.2097,-2.2097,1,1,0,2,1,1.7964e-15,0,0,8.9821e-16,3.5929e-15,0.8204,23.213,23.213,23.213,0
45.022,45.022,43.504,43.504,49.204,49.204,45.31,45.31,58,35.836,35.836,33.654,36,25.646,25.646,25.005,36,33.242,33.242,31.28,6.0993,1.3624,1.016,0.88249,10.305,7.6158,6.8494,3.8576,19.86,1.0061,0.69697,-0.13706,32.846,31.821,20.949,15.806,-2.2097,-2.2097,-2.2097,-2.2097,1,1,0,2,1,1.7964e-15,0,0,8.9821e-16,3.5929e-15,0.84284,32.276,32.276,32.276,0
35,33.233,33.233,29.394,87.873,87.873,59.047,59.047,59.112,59.112,51,49.334,28.572,28.572,25,20.358,39.061,39.061,36.902,36.902,3.8623,2.7562,2.5815,1.7264,16.446,8.7236,7.0112,4.3709,13.451,2.2563,0.09229,-0.47337,17.36,11.624,11.24,6.3112,-2.2097,-2.2097,-2.2097,-2.2097,1,1,0,2,1,1.7964e-15,0,0,8.9821e-16,3.5929e-15,0.86345,27.136,27.136,27.136,0
66,41.114,41.114,35.792,60,44.572,44.572,41.345,48.702,48.702,34.31,34.31,48,24.632,24.632,21.106,43.501,43.501,42,39.634,2.3487,0.85931,0.70809,0.087029,21.44,12.373,11.811,8.3311,2.2893,1.201,0.94245,0.43707,35.079,31.708,11.384,10.621,-2.2097,-2.2097,-2.2097,-2.2097,1,1,0,2,1,1.7964e-15,0,0,8.9821e-16,3.5929e-15,0.81828,29.371,29.371,29.371,0
50,39.945,39.945,38.432,49.17,49.17,39.233,39.233,42.719,42.719,39.069,39.069,36,26.38,26.38,25.263,49,41.141,41.141,37.101,5.193,3.2286,2.4832,0.83122,21.161,10.101,8.3421,8.2161,4.9451,2.2968,1.0015,0.9009,27.222,24.555,22.014,17.678,-2.2097,-2.2097,-2.2097,-2.2097,1,1,0,2,1,1.7964e-15,0,0,8.9821e-16,3.5929e-15,0.84635,31.391,31.391,31.391,0
52.168,52.168,43.407,43.407,38.686,38.686,34.667,34.667,41.547,41.547,40.701,40.701,31.253,31.253,25.959,25.959,85.821,85.821,82.396,82.396,9.2091,3.2458,2.6971,1.7495,15.285,11.207,5.3284,1.9127,21.63,11.814,3.0237,1.6138,15.027,13.224,12.289,10.077,-2.2097,-2.2097,-2.2097,-2.2097,1,1,0,2,1,1.7964e-15,0,0,8.9821e-16,3.5929e-15,0.84254,30.875,30.875,30.875,0
61.051,61.051,59.956,59.956,50.494,50.494,40.701,40.701,41.804,41.804,39.234,39.234,25.424,25.424,21.643,21.643,57.937,57.937,56,48.198,4.0393,3.0173,2.621,0.80413,8.6917,6.7184,6.3952,5.0792,31.379,1.541,1.3183,1.2987,30.052,14.502,10.744,9.5472,-2.2097,-2.2097,-2.2097,-2.2097,1,1,0,2,1,1.7964e-15,0,0,8.9821e-16,3.5929e-15,0.84397,34.208,34.208,34.208,0
36.297,36.297,36.197,36.197,53.753,53.753,53,50.733,56.712,56.712,49.408,49.408,49,24.215,24.215,21.223,53.419,53.419,52.374,52.374,2.8108,1.1808,0.86221,0.48586,27.811,11.079,7.9106,6.4924,6.1407,5.2651,2.8663,1.894,24.256,15.68,14.821,12.537,-2.2097,-2.2097,-2.2097,-2.2097,1,1,0,2,1,1.7964e-15,0,0,8.9821e-16,3.5929e-15,0.78091,27.603,27.603,27.603,0
40,24.143,24.143,22.495,65.302,65.302,56.306,56.306,36.729,36.729,36.108,36.108,37,33.165,33.165,24.792,62.777,62.777,54.689,54.689,4.5782,4.3025,2.1723,1.1919,19.913,15.342,6.1023,6.0341,4.0956,3.0654,1.885,0.73225,27.221,21.547,21.369,10.657,-2.2097,-2.2097,-2.2097,-2.2097,1,1,0,2,1,1.7964e-15,0,0,8.9821e-16,3.5929e-15,0.82696,31.098,31.098,31.098,0
72,49.593,49.593,41.458,50,30.806,30.806,29.8,48,34.665,34.665,26.204,57,45.058,45.058,30.914,77,58.301,58.301,58.274,4.3881,2.0058,1.5762,1.3861,13.469,10.264,8.6261,7.3931,2.0998,1.3225,0.91946,0.59794,16.635,13.454,13.123,12.487,-2.2097,-2.2097,-2.2097,-2.2097,1,1,0,2,1,1.7964e-15,0,0,8.9821e-16,3.5929e-15,0.84501,32.221,32.221,32.221,0
79,61.672,61.672,56.945,108.35,108.35,102.24,102.24,50.661,50.661,47.985,47.985,63,31.537,31.537,24.386,223.77,223.77,219.15,219.15,2.1791,1.886,1.5084,-0.10596,16.945,9.3739,7.9176,5.6597,13.318,3.1667,2.923,1.2247,37.955,24.337,16.551,5.5873,15.238,13.088,8.5421,8.3891,1.6262,1.2111,2.1858,1.3744,1.3904,0.024014,0.97286,0.83182,0.0074212,0.016084,0.79339,40.736,40.736,40.736,4.7785
139.57,139.57,134.77,134.77,216.13,216.13,210.51,210.51,60.143,60.143,57.152,57.152,38.182,38.182,28.649,28.649,89.877,89.877,83.95,83.95,4.8798,4.5597,3.9,3.3608,30.764,12.118,8.0029,7.1855,24.899,21.728,20.281,16.774,53.492,29.978,19.77,13.838,16.194,15.655,12.524,9.1691,1.4682,1.5202,1.4832,1.325,1.2561,0.017439,0.99595,1.2136,0.0078507,0.025796,0.81849,37.341,37.341,37.341,6.3272
230.01,230.01,165,165,187.56,187.56,184.79,184.79,94,75.831,75.831,72.018,81,45.643,45.643,45.46,98.541,98.541,96.297,96.297,5.1365,2.6919,2.0898,-0.37535,11.929,4.6466,3.1954,0.42119,23.141,22.643,14.56,9.7821,32.619,19.224,2.6249,2.4969,27.713,21.341,10.777,9.1035,1.7127,1.5275,1.5706,1.6262,1.6865,0.025501,1.0289,0.98371,0.0065248,0.030621,0.85063,19.295,19.295,19.295,6.7206
93.579,93.579,91.375,91.375,197.93,197.93,183.3,183.3,65.836,65.836,64.056,64.056,39.044,39.044,35.705,35.705,60.478,60.478,52.104,52.104,9.1071,3.8064,2.3346,2.1592,10.855,9.5863,9.2069,6.6577,18.286,13.937,9.1588,8.5054,32.911,26.608,17.717,16.983,19.937,17.557,12.972,12.579,1.7764,1.5492,1.5563,1.5055,2.0923,0.02341,1.4017,1.0435,0.0091825,0.032227,0.81673,33.28,33.28,33.28,6.7883
88.447,88.447,73.683,73.683,175.37,175.37,148.8,148.8,89.575,89.575,69.869,69.869,34,32.501,32.501,28.154,65.153,65.153,57.205,57.205,4.0757,2.1934,2.1504,1.9301,15.211,5.3347,4.1494,4.0102,24.578,7.5722,6.7601,6.742,51.946,51.574,34.098,25.939,31.53,29.988,23.444,19.623,2.0331,1.4606,1.5776,1.3581,4.2869,0.036056,1.6916,1.009,0.010235,0.029192,0.81631,37.265,37.265,37.265,9.849
148,110.43,110.43,106.56,139.22,139.22,119.34,119.34,48.08,48.08,46.131,46.131,43.942,43.942,36,32.871,105,80.026,80.026,72.976,5.7042,3.6879,1.4854,0.61521,14.609,11.405,6.5788,4.838,10.455,6.3293,2.1386,1.2997,15.544,12.77,9.7874,5.464,14.271,14.227,13.833,9.8993,2.2161,1.325,1.9664,1.5563,3.4416,0.026294,1.6997,0.92823,0.0072463,0.021062,0.79534,25.136,25.136,25.136,5.3697
57,54.03,54.03,48.251,105.38,105.38,98.134,98.134,54.053,54.053,52,46.215,31.971,31.971,31,29.507,114.9,114.9,104.59,104.59,3.5765,3.3243,2.4607,2.0287,31.162,13.597,9.9823,9.9661,10.919,5.7147,3.6177,2.413,18.492,17.45,15.635,11.717,30.378,23.262,22.134,19.155,2.0385,1.2824,1.4981,1.453,3.0551,0.020966,1.6827,0.88933,0.0098236,0.029708,0.80595,41.462,41.462,41.462,8.1645
37,30.722,30.722,25.893,269.03,269.03,196.67,196.67,75.278,75.278,73.957,73.957,45,39.046,39.046,37.963,97.294,97.294,92.832,92.832,8.4193,4.3121,4.1389,3.4888,6.1673,3.9521,3.2425,0.92644,1.8651,1.6423,0.9678,0.79169,26.042,14.025,10.376,8.7475,13.017,10.501,6.9432,4.5344,1.6997,1.3416,1.5275,1.4063,2.5298,0.031235,1.2173,0.90453,0.0078475,0.018053,0.84795,21.563,21.563,21.563,3.8866
57,50.035,50.035,38.305,151.35,151.35,118.15,118.15,55.744,55.744,47.039,47.039,44,22.215,22.215,19.443,152.58,152.58,130,126.86,2.9532,1.2608,0.32907,-0.10373,26.273,18.688,16.076,10.856,8.6886,5.5424,3.2649,1.0423,40.506,26.886,15.375,12.971,20.941,14.71,13.767,11.157,1.8257,1.422,1.4453,1.7127,3.515,0.023799,1.7658,1.1042,0.010618,0.016946,0.81785,43.869,43.869,43.869,6.0349
60.882,60.882,40.313,40.313,125.89,125.89,96.389,96.389,42.7,42.7,31.421,31.421,33.302,33.302,28.051,28.051,225.52,225.52,224.64,224.64,6.2904,4.4636,2.9773,1.038,7.9056,6.0881,3.6946,2.7045,7.8102,6.1937,4.8446,4.1759,47.322,42.766,39.837,14.082,26.819,20.925,9.9063,8.9611,1.8074,1.4063,1.5202,1.7127,3.266,0.022308,1.4589,0.84208,0.0082724,0.027102,0.81419,40.829,40.829,40.829,7.2704
44.414,44.414,43.048,43.048,158,152.58,152.58,137.32,62.37,62.37,59.216,59.216,39.391,39.391,34.207,34.207,183.49,183.49,153.14,153.14,7.489,2.4863,1.1349,1.012,12.208,12.091,12.015,11.582,13.648,1.7941,1.3197,1.0842,18.115,10.071,9.9959,9.8776,24.73,15.542,11.442,3.8095,2.0111,1.3416,1.4606,1.4757,3.6667,0.026624,1.5977,1.1643,0.0073035,0.035366,0.80919,22.487,22.487,22.487,5.4531
43,26.962,26.962,23.838,167.92,167.92,152.82,152.82,71,63.918,63.918,55.037,61,30.381,30.381,29.179,140.74,140.74,125.16,125.16,3.2495,0.52286,0.20405,0.17962,7.2311,4.1741,3.0036,1.1588,3.2646,2.3188,1.703,0.49653,9.1273,4.5921,2.1912,1.1024,21.525,18.184,16.528,13.832,2.3046,1.5706,1.6398,1.7321,3.266,0.039377,2.0293,1.0507,0.010588,0.020946,0.80703,33.149,33.149,33.149,5.5251
45,24.216,24.216,21.833,199.03,199.03,176.63,176.63,45.305,45.305,39.346,39.346,59,43.139,43.139,35.09,107.43,107.43,102,96.122,1.8907,1.039,0.83617,0.51221,11.555,5.478,3.4007,1.8,1.9524,1.5904,1.4202,0.96069,9.4115,9.4004,6.8992,4.3841,12.004,11.104,4.9196,4.6893,2.1654,1.3824,1.3663,1.8499,2.8983,0.026542,1.8376,0.9412,0.0073425,0.030474,0.85622,28.92,28.92,28.92,4.8325
55,37.061,37.061,36.343,112.2,112.2,92.063,92.063,46.531,46.531,38.096,38.096,48,43.715,43.715,36.571,257.71,257.71,256.86,256.86,5.7943,4.5142,1.9875,1.6828,41.734,14.445,11.41,9.8053,4.1366,1.5324,1.0807,0.83632,18.349,9.1523,4.6083,3.3572,47.044,10.322,8.2021,5.7462,2.2361,1.3984,1.3984,1.6799,4.0469,0.027893,1.6871,1.0531,0.011768,0.032683,0.89108,24.929,24.929,24.929,9.472
75.306,75.306,72.128,72.128,121.65,121.65,114.63,114.63,46,45.284,45.284,44.351,43,36.216,36.216,29.62,116.81,116.81,116.22,116.22,2.2049,1.7724,1.7437,1.4885,27.384,17.694,15.525,4.5122,13.594,10.842,7.9854,7.64,26.547,15.048,13.86,0.76856,38.211,26.266,14.792,13.795,2.1654,1.4682,1.4063,1.3081,3.5024,0.030626,1.9183,1.0871,0.0095682,0.019339,0.84769,22.417,22.417,22.417,6.8132
45.311,45.311,44.995,44.995,118,111.45,111.45,102.02,59,38.672,38.672,34.23,34,27.874,27.874,24.724,177.01,177.01,176.96,176.96,4.2448,4.1508,1.9725,1.6403,19.631,13.466,10.873,7.9691,4.4801,4.3028,2.3885,2.2608,32.446,19.354,13.372,11.564,22.395,18.946,12.198,6.6952,1.9322,1.422,1.5635,1.6193,1.8856,0.025625,1.2177,0.92496,0.0083435,0.026054,0.82619,38.035,38.035,38.035,8.2971
48.525,48.525,37.79,37.79,62.437,62.437,46.34,46.34,35.199,35.199,29.951,29.951,47,30.718,30.718,29.143,193.85,193.85,178.04,178.04,5.1057,3.1369,1.1597,0.72929,25.779,25.213,10.005,7.5199,10.296,5.2252,3.0071,2.308,16.09,14.091,12.188,7.9751,27.324,18.604,13.663,13.595,2.2361,1.3744,1.5635,1.4606,3.1269,0.025605,1.9995,1.1137,0.0093956,0.03016,0.83655,32.465,32.465,32.465,8.6807
81.866,81.866,69.996,69.996,81.733,81.733,79.976,79.976,65,33.136,33.136,32.251,47,32.031,32.031,30.895,160.2,160.2,149.14,149.14,2.33,2.1443,1.9329,1.6985,14.82,10.051,7.8683,7.2038,10.518,9.1917,4.8788,4.5818,5.432,5.3333,5.1469,4.8451,17.059,16.25,11.911,11.735,1.7826,1.5129,1.7448,1.8196,2.8245,0.03888,1.5754,1.1069,0.011242,0.017183,0.86286,26.001,26.001,26.001,6.1715
42,39.945,39.945,38.006,89.791,89.791,73.614,73.614,62.698,62.698,50.922,50.922,25.928,25.928,24.569,24.569,101,85.984,85.984,77.719,5.4264,2.9411,1.7102,1.6081,27.481,25.83,14.785,5.9892,2.3517,1.8491,1.4727,1.4503,14.875,9.3018,7.841,7.698,16.661,14.376,10.978,10.857,1.7321,2.0494,1.633,2.2261,1.7512,0.028993,1.1446,1.5929,0.0082759,0.034847,0.80993,24.49,24.49,24.49,6.7705
67.089,67.089,62.981,62.981,130.44,130.44,130,129.45,76.066,76.066,65.806,65.806,58.193,58.193,54.186,54.186,135.98,135.98,134.74,134.74,8.9583,8.2722,7.8121,4.0379,30.859,19.99,16.847,10.746,14.501,13.42,8.4792,7.517,57.128,31.75,10.03,7.8157,18.33,14.106,10.216,10.012,4.1339,1.3166,1.542,1.325,1.3663,0.035962,3.9647,0.93905,0.0091163,0.027496,0.88926,26.053,26.053,26.053,6.9078
82.996,82.996,72.763,72.763,92.13,92.13,79.834,79.834,57,43.173,43.173,39.383,43.081,43.081,34.209,34.209,150.64,150.64,116.08,116.08,5.6564,5.3478,2.3965,1.5415,22,14.659,6.3037,5.3243,8.4953,8.0864,7.6058,4.356,19.178,11.976,10.544,7.8721,31.354,13.03,11.495,11.333,1.4063,1.5202,1.4142,1.4907,1.5275,0.039857,0.84208,1.0954,0.011211,0.027846,0.89288,19.817,19.817,19.817,8.2534
70.961,70.961,55.72,55.72,71.017,71.017,66.487,66.487,111.2,111.2,100.93,100.93,54.478,54.478,33.158,33.158,118.73,118.73,114.08,114.08,4.7277,4.6975,2.5309,1.7261,36.829,30.073,19.296,15.068,12.308,5.7943,5.4466,5.3845,40.413,27.832,19.737,17.289,23.951,22.697,19.077,16.227,1.5706,8.7623,3.4577,5.9386,1.6262,0.01605,1.2247,8.5029,0.014082,0.036161,0.8008,38.381,38.381,38.381,9.2209
78.761,78.761,78.496,78.496,97,73.273,73.273,72.29,180,140.11,140.11,127.77,66.257,66.257,59.093,59.093,105.2,105.2,97.155,97.155,7.6352,6.9406,4.0925,3.8073,72.693,22.079,15.231,10.772,15.116,11.301,9.9461,5.6674,32.391,28.185,25.673,21.886,24.253,19.822,17.899,10.692,1.6533,3.6209,2.3286,2.8363,1.5706,0.016453,1.0185,3.6342,0.0071695,0.043901,0.77449,37.456,37.456,37.456,7.4186
93.796,93.796,84.289,84.289,38.952,38.952,37.112,37.112,40,29.72,29.72,26.381,53.448,53.448,51.896,51.896,159.91,159.91,153.98,153.98,6.7006,3.5116,3.5015,3.1897,22.228,12.492,10.341,9.3804,12.911,4.5792,3.8814,3.4755,20.295,16.696,14.219,7.6918,15.049,8.5286,8.1696,7.0288,1.7062,4.5534,2.3898,2.9963,1.7062,0.013445,1.2039,4.6043,0.0065039,0.030571,0.27994,30.828,30.828,30.828,5.2601
107.66,107.66,80.597,80.597,83.593,83.593,81.47,81.47,138,126.78,126.78,121.98,47.404,47.404,44.036,44.036,206.93,206.93,201.99,201.99,10.241,6.677,2.7079,2.0199,41.798,41.489,16.638,14.464,11.288,7.6314,7.3163,5.0346,29.292,27.985,24.673,23.401,13.53,12.951,9.0185,5.78,1.5348,3.9044,2.6625,2.879,1.6465,0.016121,1.0707,3.7716,0.0097754,0.035404,0.78564,38.858,38.858,38.858,6.1662
71.532,71.532,67.795,67.795,72.329,72.329,65.181,65.181,119.36,119.36,110.18,110.18,66,55.451,55.451,47.211,147.29,147.29,127,89.483,5.8738,5.2239,3.2976,2.101,35.764,31.534,26.381,23.397,18.167,8.3423,8.2637,4.5779,31.584,23.417,19.521,17.247,10.142,6.8433,6.2993,5.8973,1.6733,4.2921,2.241,2.4083,1.3581,0.016587,1.0792,4.2417,0.011197,0.036625,0.78665,41.282,41.282,41.282,4.7546
95.461,95.461,91.88,91.88,91.899,91.899,90.205,90.205,221.35,221.35,202.21,202.21,58.721,58.721,46.379,46.379,105.17,105.17,98.338,98.338,9.7428,7.9045,5.4843,4.4799,64.27,48.225,33.968,18.206,17.134,11.4,10.457,5.7223,35.816,24.103,20.338,16.409,14.798,10.096,9.6391,9.5698,1.6465,2.8944,2.5033,2.4495,1.542,0.016241,1.1862,2.8066,0.0086774,0.033117,0.78607,41.674,41.674,41.674,5.6218
63.479,63.479,61.549,61.549,70,69.903,69.903,64.282,101.24,101.24,74.094,74.094,55.639,55.639,48,41.978,120.61,120.61,104.08,104.08,6.7396,5.0686,3.067,2.4608,16.41,9.4911,4.1809,3.7479,10.106,9.8881,7.5094,6.0274,80.998,22.265,21.685,18.585,25.53,20.85,15.752,10.318,1.2383,3.5621,2.0055,2.9021,1.5492,0.014719,0.79646,3.5155,0.006331,0.016214,0.78777,32.325,32.325,32.325,5.928
99,91.22,91.22,74.902,68.345,68.345,64.294,64.294,103.56,103.56,101.02,101.02,80,50.024,50.024,44.763,158.75,158.75,105.89,105.89,7.3626,6.7795,1.0596,0.69477,29.312,16.858,16.647,15.977,9.1632,6.6643,4.3292,4.1558,34.487,27.749,27.547,25.679,15.638,13.783,11.522,6.8228,1.3663,3.6148,2.7039,2.6708,1.2996,0.013205,0.80403,3.4928,0.0085251,0.035396,0.77598,41.14,41.14,41.14,5.5983
80.766,80.766,69.103,69.103,79.509,79.509,52.903,52.903,95.491,95.491,85.724,85.724,47.514,47.514,43.841,43.841,131.16,131.16,126.71,126.71,5.452,4.2867,4.1379,3.894,29.822,28.696,20.801,15.361,18.181,5.2107,5.0877,4.9512,40.854,23.603,21.619,18.723,22.331,16.548,13.439,8.9974,1.6931,2.2211,1.8439,1.9833,1.4606,0.0093058,1.0834,2.0383,0.0082326,0.028509,0.79132,40.353,40.353,40.353,6.7118
64,61.075,61.075,60.724,106.28,106.28,102.79,102.79,112.16,112.16,105.31,105.31,77,70.534,70.534,68.22,154.8,154.8,138.13,138.13,5.2182,3.842,3.5308,3.0544,35.355,26.884,10.27,9.6776,8.9106,7.6146,7.6079,5.6729,45.035,21.419,17.162,15.836,21.734,20.36,15.632,15.172,1.6398,3.1937,2.481,2.7244,1.3333,0.011402,0.99595,3.0196,0.0089497,0.032496,0.75708,39.103,39.103,39.103,6.3773
106,67.972,67.972,51.418,89.842,89.842,89.366,89.366,104.81,104.81,104.45,104.45,73.328,73.328,71.79,71.79,102,77.74,77.74,67.711,6.7408,3.1799,3.0604,2.8469,24.853,21.22,20.9,17.624,7.3993,0.9248,0.74911,0.40118,22.146,14.664,13.825,10.723,12.141,12.076,11.495,8.1701,1.66,2.8713,2.6331,2.8087,1.5055,0.0074259,1.0579,2.6059,0.0088922,0.035789,0.78282,29.775,29.775,29.775,5.2045
89,63.027,63.027,56.545,71.174,71.174,61,51.269,154,96.931,96.931,90.021,56.618,56.618,36,33.665,99.863,99.863,98.739,98.739,6.9055,1.8732,1.6416,0.92634,29.159,18.143,16.352,11.298,5.6098,4.4152,3.3952,0.042239,30.445,28.596,19.007,17.524,20.93,15.621,11.953,6.0205,1.6193,4.1231,2.319,2.6289,1.5776,0.02116,1.0478,4.0091,0.009263,0.021584,0.76469,33.023,33.023,33.023,6.205
97,60.261,60.261,52.219,87.114,87.114,78.039,78.039,107.28,107.28,104.34,104.34,100,54.855,54.855,53.433,126,93.466,93.466,86.02,7.6905,1.4215,0.82898,0.53908,33.668,20.163,19.182,12.423,6.5936,5.2253,4.2698,1.239,14.035,13.489,11.205,8.8999,15.842,14.404,13.498,11.007,1.633,2.6119,2.0055,2.071,1.5275,0.019356,0.95346,2.3798,0.0074453,0.029512,0.77439,34.036,34.036,34.036,6.1406
87,64.297,64.297,53.122,113.05,113.05,84.542,84.542,83.05,83.05,78.031,78.031,69.155,69.155,60.178,60.178,119,95.466,95.466,91.285,21.727,2.6623,2.6138,2.5527,18.445,18.279,13.108,12.3,8.7909,3.4738,1.9135,1.3706,39.228,17.66,14.151,11.843,25.835,17.612,16.295,13.364,1.5916,2.6791,1.8439,2.1858,1.3904,0.010122,0.94441,2.3875,0.0087092,0.028477,0.78405,37.64,37.64,37.64,8.4091
81.628,81.628,80,71.522,69.703,69.703,67.893,67.893,107.04,107.04,106.67,106.67,65.566,65.566,58.477,58.477,111.96,111.96,89.505,89.505,10.124,9.6512,6.0077,4.4523,33.524,26.778,26.504,18.152,4.2663,3.3591,3.2653,2.6336,33.498,28.535,26.276,24.276,23.971,23.681,17.79,14.677,1.6465,2.0817,2.0656,2.2755,1.5846,1.0463,1.0904,1.8928,0.14399,0.87835,0.72837,34.991,34.991,34.991,7.3925
74,57.826,57.826,57.507,73.082,73.082,68.21,68.21,78.749,78.749,77.942,77.942,55,49.281,49.281,46.812,84,73.437,73.437,64.565,0.80899,0.75686,0.69035,0.58566,30.351,28.507,15.019,14.03,1.8842,1.4807,1.2394,0.76097,16.315,13.471,12.856,6.9088,17.97,7.1306,7.1174,4.8413,1.4757,1.5846,1.7575,1.7889,1.3904,0.0095693,0.92823,1.1643,0.0086373,0.038102,0.76952,36.076,36.076,36.076,6.9647
51.798,51.798,50.949,50.949,77.044,77.044,65.886,65.886,116.84,116.84,86.776,86.776,98.963,98.963,95.583,95.583,127.87,127.87,116.91,116.91,39.535,27.673,2.5444,1.4045,58.291,30.254,25.032,16.526,5.8819,3.6218,3.2017,3.1994,53.363,30.783,28.131,22.106,18.882,15.989,5.9708,5.4319,1.6931,2.1082,1.5202,1.8499,1.542,0.013939,1.0259,1.7529,0.013589,0.045273,0.76906,35.071,35.071,35.071,5.9662
58.66,58.66,53.175,53.175,70.435,70.435,69.327,69.327,126.46,126.46,123.92,123.92,40.829,40.829,32.092,32.092,96.46,96.46,91.313,91.313,9.6105,4.4576,4.2102,1.4681,28.448,22.928,19.2,18.076,6.2919,3.5141,3.0334,1.2205,12.044,10.917,10.297,9.1114,17.187,9.6761,6.6828,5.8763,1.3416,1.4682,1.5846,1.8619,1.5492,0.0078774,0.85162,1.1273,0.0086785,0.030711,0.73285,45.806,45.806,45.806,6.3499
54.212,54.212,44.038,44.038,50.715,50.715,49.228,49.228,145.37,145.37,110.91,110.91,46.889,46.889,37.697,37.697,106.02,106.02,99.678,99.678,4.1561,3.6682,3.3345,2.963,39.746,36.488,33.722,28.858,4.922,4.4498,3.1854,2.7733,27.746,16.387,15.433,10.428,14.082,12.695,11.283,11.101,1.5916,1.8135,1.66,1.5706,1.5706,0.0069084,0.94441,1.4832,0.0061607,0.026045,0.74523,36.021,36.021,36.021,6.6463
47,34.672,34.672,31.575,144,79.571,79.571,68.828,167.62,167.62,136.63,136.63,56,47.211,47.211,35.56,91.839,91.839,68.591,68.591,3.3791,3.1865,2.4169,2.1089,36.464,19.863,19.349,8.5211,4.8015,2.8544,2.4336,2.2264,36.562,9.0095,8.4346,7.9619,20.475,18.025,17.379,16.442,1.5275,1.5563,1.3824,1.6997,1.325,0.011006,0.9266,1.2424,0.0087084,0.015139,0.75082,40.814,40.814,40.814,7.1686
206,142.14,142.14,103.4,46,31.268,31.268,28.906,108.14,108.14,101.03,101.03,41,37.146,37.146,32.519,85.282,85.282,85.254,85.254,8.9378,5.8232,2.2675,1.4491,17.352,5.698,5.5535,4.1327,5.5652,4.9749,3.7227,2.9374,30.977,21.649,21.055,17.888,2.9896,2.4348,1.2125,1.1555,1.6865,1.3904,1.7256,1.9149,1.2649,0.011797,1.1,0.97701,0.0063465,0.048348,0.73427,15.719,15.719,15.719,1.9806
214.04,214.04,211.16,211.16,48.007,48.007,34.658,34.658,187.48,187.48,155.5,155.5,62.722,62.722,43.793,43.793,133,94.749,94.749,89.471,6.9467,4.968,4.0908,2.1032,25.685,14.922,8.4247,6.9524,34.286,7.2887,4.7926,4.5745,58.352,18.566,17.208,15.846,16.371,13.005,5.2424,3.937,2.4449,1.5635,1.8559,1.5916,1.3333,0.031237,1.9612,1.0651,0.0094461,0.048609,0.73068,18.418,18.418,18.418,4.8222
115.64,115.64,100.15,100.15,94.973,94.973,84.769,84.769,121.32,121.32,119.32,119.32,36.221,36.221,35.204,35.204,68.484,68.484,65.927,65.927,7.4934,4.6616,3.2817,2.2343,15.704,14.44,10.788,7.0329,33.245,10.807,9.6167,6.1301,14.281,9.2352,7.6408,6.0066,6.054,4.3836,2.8086,2.4147,1.542,1.6193,1.6733,1.8318,1.6733,0.012416,1.1472,1.0478,0.0058353,0.018118,0.70694,20.2,20.2,20.2,2.6478
153.56,153.56,127.31,127.31,42,34.073,34.073,23.319,104.85,104.85,103,90.676,40.048,40.048,40,39.472,62,51.113,51.113,48.575,6.2301,5.8459,1.537,0.2655,15.559,5.7848,5.0581,4.1915,10.08,8.5575,7.2262,4.6733,23.008,11.464,8.2886,5.1566,6.9937,5.3121,4.4132,3.6389,2.4175,1.4606,2.1134,2.5777,1.3166,0.012772,2.0541,1.1362,0.0068686,0.020892,0.71757,16.833,16.833,16.833,2.8627
143,139.45,139.45,134.99,48.571,48.571,45,38.7,127.55,127.55,121.62,121.62,60,40.116,40.116,38.65,129.45,129.45,101.79,101.79,4.4886,2.5664,1.5216,0.86137,18.755,7.5569,7.2263,7.0899,16.525,4.9483,4.7596,4.7339,19.652,17.985,17.558,15.055,7.1942,5.8295,3.9257,3.8637,1.3166,1.4298,2,1.9944,1.1643,0.02206,0.8916,1.1985,0.0098076,0.028836,0.79654,20.036,20.036,20.036,3.5529
93.76,93.76,93,86.022,49,35.765,35.765,30.687,114.81,114.81,103.44,103.44,81,37.419,37.419,34.489,161.5,161.5,140.36,140.36,2.6781,1.5701,1.3714,1.1447,22.453,16.041,12.806,5.4108,8.5173,8.1147,6.081,2.8531,33.531,24.83,15.147,9.8133,7.0723,5.6828,4.3247,3.2922,3.0696,1.2111,2.4129,2.0166,1.2649,0.017955,3.0398,0.95716,0.0076573,0.021265,0.78785,23.493,23.493,23.493,2.8685
210.07,210.07,203.77,203.77,47,27.652,27.652,25.046,77.922,77.922,75.445,75.445,51.031,51.031,49,46.022,96,83.181,83.181,77.457,13.071,5.2818,3.6347,0.81364,21.068,7.9916,7.1328,4.5927,55.044,17.111,5.4118,2.408,10.413,5.0571,3.6545,2.3709,7.5087,7.3954,6.0863,6.0036,1.8619,1.4907,2.2949,3.9721,1.3581,0.019476,1.2665,1.1755,0.009351,0.030619,0.78781,29.424,29.424,29.424,3.5189
180.65,180.65,176.74,176.74,44,41.435,41.435,37.207,172.68,172.68,162.71,162.71,54.322,54.322,39.832,39.832,123.58,123.58,107.74,107.74,6.6642,4.0208,3.3201,2.5416,15.365,7.8982,7.6029,4.4978,64.651,22.866,15.984,6.6868,40.892,17.066,9.8723,9.8257,13.067,11.049,3.7742,3.2582,1.6193,1.7192,2.481,5.6804,1.1926,0.025699,1.2321,1.4744,0.023268,0.033701,0.83185,33.245,33.245,33.245,6.1845
155.68,155.68,140.96,140.96,91.42,91.42,88.821,88.821,208.46,208.46,200.56,200.56,69,58.93,58.93,47.789,94.037,94.037,62.896,62.896,7.5253,3.8723,3.3083,2.1379,27.539,13.099,10.129,8.8016,36.852,21.358,6.0399,3.4147,16.891,14.384,14.366,12.047,7.0341,5.1505,5.0041,4.4093,2.2949,1.7575,2.071,4.1392,1.3416,0.015186,1.6416,1.3585,0.011303,0.030792,0.76307,22.336,22.336,22.336,3.7531
155.9,155.9,120.34,120.34,113,85.343,85.343,76.857,201.95,201.95,191.24,191.24,79.599,79.599,72,62.734,101.27,101.27,86.198,86.198,8.3595,6.7087,3.4551,1.4082,23.576,16.892,13.922,10.695,11.12,7.5321,5.9986,5.6114,35.559,16.766,13.843,11.606,9.6649,3.9683,2.8328,2.7736,4.5436,2.6708,2.319,3.1482,1.4907,0.014098,4.5016,2.2115,0.010714,2.0506,0.79818,20.698,20.698,20.698,4.0032
174,122.83,122.83,91.906,92.054,92.054,91.75,91.75,118.8,118.8,110.45,110.45,113,57.909,57.909,53.796,150.95,150.95,150.48,150.48,6.005,4.361,1.0145,-0.31262,15.349,10.027,7.726,4.3177,12.69,2.4476,2.3397,1.8498,45.548,24.338,22.107,4.727,9.1578,8.4239,5.9395,2.6459,2.087,1.5202,2.4631,2.2211,1.2824,0.012371,1.8878,1.1772,0.0081878,4.015,0.82182,21.314,21.314,21.314,3.2922
125.09,125.09,111.02,111.02,78.357,78.357,75.853,75.853,298.97,298.97,247.91,247.91,49.521,49.521,44.828,44.828,111.74,111.74,65.477,65.477,6.5556,4.2557,3.1306,2.7043,21.714,9.2757,6.8139,6.3875,32.528,18.576,17.336,7.8729,32.956,29.001,19.043,17.695,10.643,6.7317,4.7926,3.428,1.7256,2.071,2.1134,2.5949,1.3984,0.017872,1.4678,1.6569,0.0092896,2.5095,0.78538,29.685,29.685,29.685,3.5306
137.77,137.77,136.52,136.52,63.715,63.715,60.569,60.569,182.21,182.21,158.24,158.24,53.127,53.127,38.821,38.821,149.91,149.91,108.7,108.7,8.4647,8.0173,5.523,2.2118,18.921,16.369,13.899,9.7371,58.41,25.687,15.249,12.784,38.304,24.21,22.629,16.001,13.08,4.0554,2.9591,2.5389,2.1448,2.2361,2.5298,4.0524,1.5986,0.037176,1.6033,1.7633,0.0094989,4.8293,0.8337,24.806,24.806,24.806,3.3207
201.37,201.37,179.92,179.92,106.76,106.76,71.698,71.698,126.29,126.29,109.01,109.01,54.381,54.381,47.592,47.592,68.326,68.326,67.757,67.757,9.6171,5.1824,3.7709,3.5343,18.394,17.315,11.112,7.3593,16.604,14.974,6.7054,5.6935,36.914,19.519,19.039,10.462,12.991,8.0876,5.9574,4.3118,4.8899,1.633,2.4175,3.85,1.3081,0.019368,4.9321,1.2505,0.0084402,0.041466,0.72979,23.619,23.619,23.619,3.601
89.674,89.674,79.469,79.469,91.163,91.163,81.596,81.596,151.58,151.58,140,106.93,40.022,40.022,38.297,38.297,61.446,61.446,56.205,56.205,9.2304,6.3284,3.7383,3.6882,19.839,16.801,8.2082,7.9682,20.154,18.485,13.819,10.534,55.315,24.637,18.374,17.252,6.2946,6.2674,4.6352,4.2929,3.2215,1.66,2.4449,3.9805,1.4142,0.017688,3.209,1.2863,0.0066081,0.061905,0.73258,17.707,17.707,17.707,3.2716
132.77,132.77,92.578,92.578,58.768,58.768,55.366,55.366,220.01,220.01,194.11,194.11,45.415,45.415,42,41.639,87.154,87.154,67.909,67.909,5.1755,2.7932,2.1662,1.3496,18.507,13.824,13.518,10.261,11.149,9.9558,9.5882,9.1393,20.221,18.234,12.987,6.6615,5.5552,4.2614,3.91,3.5738,2.4083,1.8012,3.0732,6.3158,1.6931,0.0083144,1.9488,1.4998,0.0089734,0.051861,0.67741,26.036,26.036,26.036,2.5948
98.15,98.15,81.872,81.872,68.554,68.554,53.572,53.572,167.12,167.12,151.08,151.08,81.541,81.541,71,62.733,69.072,69.072,66.488,66.488,8.6213,1.2353,1.131,0.73802,18.984,15.035,11.365,4.398,12.558,4.0727,3.2573,2.4696,34.814,24.717,20.943,15.931,12.33,11.739,8.5866,7.9145,1.5916,1.8257,2.2901,3.2007,1.4376,0.029113,1.1525,1.2115,0.010212,0.031456,0.78526,58.128,58.128,58.128,6.3973
62.704,62.704,61.451,61.451,71.615,71.615,60.006,60.006,152.34,152.34,141.56,141.56,42.913,42.913,37,33.473,87.871,87.871,61.037,61.037,7.0093,5.2428,2.046,1.745,13.653,12.594,11.75,3.8823,22.705,16.619,5.5857,4.1802,32.006,31.48,16.161,8.0698,14.791,14.678,4.3164,2.9976,1.6533,1.66,2.2061,1.8974,1.4376,0.016727,1.0185,1.2052,0.0087144,0.032323,0.73327,16.622,16.622,16.622,4.1327
103,75.465,75.465,73.597,77,65.978,65.978,60.331,175.82,175.82,148.43,148.43,59.607,59.607,58,46.281,139.89,139.89,87.312,87.312,4.9875,2.3159,2.2928,2.0727,35.935,7.9176,6.6574,4.6948,8.8169,8.7294,4.3311,3.4944,66.725,28.243,17.002,16.655,10.436,6.8068,5.595,4.1204,1.4832,1.4376,1.8559,2.1239,1.4907,0.45391,1.2173,0.94922,0.14045,1.3759,0.81417,22.342,22.342,22.342,3.9785
63.941,63.941,44.846,44.846,80.384,80.384,67.519,67.519,174.85,174.85,174.07,174.07,45.398,45.398,41.601,41.601,30.86,30.86,30.437,30.437,8.4783,8.1812,6.8317,5.5517,22.201,18.886,9.3399,7.3821,10.013,6.4152,4.4196,3.8672,21.679,9.5427,7.6926,7.245,22.863,13.492,12.604,11.808,4.0415,1.3499,1.4907,1.0328,3.7357,0.054433,3.9712,1.0274,0.01556,0.054797,0.70077,24.667,24.667,24.667,7.8575
66.44,66.44,60.848,60.848,91.937,91.937,82.396,82.396,182.74,182.74,170.42,170.42,42.757,42.757,32.572,32.572,72.276,72.276,64.453,64.453,8.0033,7.845,5.9438,4.5244,27.611,16.389,14.577,14.059,6.023,5.3955,5.0311,4.776,22.219,20.446,17.553,9.3054,24.907,16.374,12.266,10.966,7.2679,1.0954,1.291,1.2019,2.925,0.049459,7.3211,0.87905,0.017071,0.055737,0.69618,32.091,32.091,32.091,8.5227
127.46,127.46,113.26,113.26,180,109.31,109.31,94.443,224.31,224.31,200.39,200.39,120,105.96,105.96,101.05,85,29.068,29.068,28.14,9.8548,8.4427,7.122,2.9883,13.134,11.502,8.1344,5.3401,47.414,32.415,3.1405,2.893,14.815,4.1588,1.3201,1.2984,30.621,30.582,30.582,30.582,10.037,0.78881,1.2996,1.0954,3.9441,0.030567,9.2186,0.75076,0.016689,0.038818,0.71849,27.273,27.273,27.273,11.082
48,29.441,29.441,24.438,112.74,112.74,78.917,78.917,216.83,216.83,176.88,176.88,47.819,47.819,41.717,41.717,60,44.621,44.621,32.45,16.898,7.8641,7.7302,3.4393,13.513,12.65,11.292,10.575,7.126,2.7133,0.61938,0.47103,10.455,8.9708,6.5992,3.8788,35.492,32.356,22.945,17.247,7.4863,1.4063,1.453,1.4682,3.4992,0.057131,7.4801,1.1849,0.015118,0.074484,0.67913,27.618,27.618,27.618,13.067
43,31.273,31.273,24.45,65.079,65.079,63.554,63.554,220.76,220.76,183.43,183.43,72.873,72.873,65.891,65.891,49,34.759,34.759,33.035,12.666,12.068,8.0277,7.4877,86.486,31.689,8.6314,6.5185,2.2913,1.9901,1.6601,1.3604,28.962,2.6038,1.8526,0.51125,-3.2704,-3.2704,-3.2704,-3.2704,1,2,0,3,1,2.2455e-15,0,0,8.9821e-16,7.1857e-15,0.71095,22.409,22.409,22.409,0
35,27.029,27.029,25.72,129.41,129.41,117.77,117.77,217.11,217.11,215.82,215.82,74.176,74.176,72,60.288,48.821,48.821,38.882,38.882,7.5675,5.8293,3.7972,3.6319,16.181,10.852,10.167,9.28,4.4399,3.0527,1.4989,1.3267,22.991,9.7512,8.7837,7.2471,-3.2704,-3.2704,-3.2704,-3.2704,1,2,0,3,1,2.2455e-15,0,0,8.9821e-16,7.1857e-15,0.71124,24.596,24.596,24.596,0
122,57.308,57.308,56.262,84,78.862,78.862,69.271,204,195.65,195.65,178.43,123,59.958,59.958,53.37,72,54.524,54.524,52.39,4.9796,4.4553,1.328,1.3092,22.51,17.353,16.193,14.6,2.3328,1.7022,1.4627,0.88462,9.3275,5.8935,5.0142,4.4376,-3.2704,-3.2704,-3.2704,-3.2704,1,2,0,3,1,2.2455e-15,0,0,8.9821e-16,7.1857e-15,0.71379,26.792,26.792,26.792,0
40,27.589,27.589,25.776,96.296,96.296,91.677,91.677,249.81,249.81,237.97,237.97,86,79.149,79.149,78.682,38.298,38.298,31.715,31.715,17.806,6.3307,6.177,4.3671,36.404,9.3771,8.997,7.1542,6.9213,1.6245,0.94881,0.87979,24.182,6.9401,5.7728,5.3912,-3.2704,-3.2704,-3.2704,-3.2704,1,2,0,3,1,2.2455e-15,0,0,8.9821e-16,7.1857e-15,0.67263,31.135,31.135,31.135,0
40.09,40.09,39,31.085,122.86,122.86,99.369,99.369,290.98,290.98,256,256,91.336,91.336,87.616,87.616,43,29.016,29.016,25.239,15.176,12.101,10.418,5.6985,21,7.6456,4.602,4.2258,3.0467,2.6372,2.0098,1.4203,15.144,6.0232,3.1874,3.1088,-3.2704,-3.2704,-3.2704,-3.2704,1,2,0,3,1,2.2455e-15,0,0,8.9821e-16,7.1857e-15,0.64008,22.291,22.291,22.291,0
40,25.654,25.654,24.963,76,63.247,63.247,60.28,178.42,178.42,165.95,165.95,77.031,77.031,66.256,66.256,38.21,38.21,35.385,35.385,14.194,7.5746,6.2636,5.2625,18.842,14.238,12.521,9.0457,0.50007,0.41272,0.37883,0.055602,10.483,6.0967,3.5258,2.9819,-3.2704,-3.2704,-3.2704,-3.2704,1,2,0,3,1,2.2455e-15,0,0,8.9821e-16,7.1857e-15,0.6766,27.787,27.787,27.787,0
66,29.57,29.57,26.794,94.467,94.467,60.825,60.825,352.15,352.15,253.57,253.57,105,68.227,68.227,64.805,34,32.002,32.002,31.475,5.3183,3.6228,1.5166,0.99619,15.954,14.833,2.1266,-0.92326,1.8167,1.0358,0.34174,0.20488,16.126,7.4231,4.3219,4.287,-3.2704,-3.2704,-3.2704,-3.2704,1,2,0,3,1,2.2455e-15,0,0,8.9821e-16,7.1857e-15,0.68337,24.485,24.485,24.485,0
63,46.677,46.677,38.159,122.37,122.37,109.37,109.37,247.82,247.82,247.38,247.38,36.351,36.351,34,27.768,39.72,39.72,35,33.278,5.2558,5.0599,3.2968,1.7282,19.216,11.012,7.764,5.8184,5.4058,1.698,1.4494,0.10516,13.084,6.2055,2.6754,1.1854,-3.2704,-3.2704,-3.2704,-3.2704,1,2,0,3,1,2.2455e-15,0,0,8.9821e-16,7.1857e-15,0.69238,40.926,40.926,40.926,0
57,50.22,50.22,45.398,50.908,50.908,50,31.953,230.87,230.87,213.18,213.18,92,53.511,53.511,52.422,55,42.72,42.72,35.041,7.2494,4.6561,1.5236,1.4613,22.349,11.803,8.8445,6.6429,4.2839,3.3678,2.5741,1.2622,14.116,5.5145,3.347,2.0691,-3.2704,-3.2704,-3.2704,-3.2704,1,2,0,3,1,2.2455e-15,0,0,8.9821e-16,7.1857e-15,0.70258,24.941,24.941,24.941,0
33,21.656,21.656,16.514,38.466,38.466,38,36.746,62,15.14,15.14,13.509,56.421,56.421,43.822,43.822,83,33.721,33.721,17.245,5.4899,4.5078,2.8232,2.57,24.667,15.913,10.235,10.147,3.2352,1.6217,1.3235,1.2137,16.834,14.563,3.5575,3.1483,19.271,11.629,8.3255,7.3885,1.3166,2.4175,1.5776,1.6667,1.5055,0.033318,0.8916,1.8127,0.013349,0.019805,0.40167,31.399,31.399,31.399,4.7451
62.338,62.338,50.955,50.955,79.542,79.542,75.905,75.905,42.125,42.125,41.296,41.296,242.55,242.55,236.92,236.92,54.858,54.858,50.953,50.953,54.988,48.361,22.158,12.2,56.905,37.04,36.603,22.63,9.4445,8.0914,6.7374,5.8441,18.604,18.499,18.23,11.604,20.419,16.068,11.637,8.9248,1.4907,1.4453,1.4063,1.6733,1.2737,0.031595,0.9524,1.246,0.010224,0.033032,0.77552,39.974,39.974,39.974,6.5383
72.387,72.387,68.57,68.57,93.677,93.677,90.779,90.779,60.338,60.338,51.13,51.13,146.07,146.07,100.85,100.85,128.2,128.2,91.503,91.503,19.501,8.2718,8.1606,7.7496,80.067,45.287,21.37,19.39,10.945,5.956,4.9689,4.6359,61.922,39.322,18.659,17.797,15.281,14.749,12.516,9.3679,1.2111,1.6799,1.3984,1.5202,1.6193,0.024612,0.83182,1.4274,0.0097806,0.019468,0.71845,36.653,36.653,36.653,6.0523
104.7,104.7,65.096,65.096,94.748,94.748,74.212,74.212,49.002,49.002,48.217,48.217,109,103.39,103.39,88.689,61.978,61.978,54.153,54.153,15.804,8.0212,7.8352,2.0361,59.656,54.832,43.179,40.148,26.615,13.679,11.682,8.8509,58.885,54.842,35.345,34.301,12.667,6.7924,6.3026,5.3016,1.3416,1.5492,1.2293,1.633,1.2996,0.030076,0.79264,1.3135,0.01087,0.023238,0.73984,31.908,31.908,31.908,3.4701
85.893,85.893,84.77,84.77,91.437,91.437,85.969,85.969,68.057,68.057,67,67,80,55.515,55.515,52.301,87,84.791,84.791,70.731,6.9818,2.8974,2.1386,1.7998,90.294,39.981,35.429,32.527,19.16,6.041,1.6495,0.37569,27.847,24.389,21.225,12.892,12.984,7.9231,6.3758,4.5783,1.8318,1.4063,1.4981,1.3581,1.4063,0.030266,1.1393,0.9524,0.010655,0.027255,0.70282,38.281,38.281,38.281,4.3871
50.82,50.82,44,41.905,106.64,106.64,105.63,105.63,74.444,74.444,66.034,66.034,77.579,77.579,55.699,55.699,88.965,88.965,67.138,67.138,9.4456,6.6236,3.5983,3.3904,39.646,14.874,13.619,13.516,7.7185,1.8491,1.3751,0.76238,34.262,22.981,16.337,15.872,22.829,19.621,12.396,8.8398,1.6533,1.5916,1.633,1.6262,1.2824,0.029752,1.0185,1.1947,0.013483,0.035828,0.74056,43.355,43.355,43.355,7.0838
98,95.704,95.704,91.872,103.73,103.73,89.716,89.716,46.543,46.543,43.716,43.716,127,98.794,98.794,86.736,73.579,73.579,66.323,66.323,3.8942,3.6557,1.4967,1.1359,50.512,43.265,32.857,14.119,1.5063,1.4264,1.2943,0.73588,35.138,28.268,21.96,18.839,30.242,9.5407,7.803,6.5732,1.5563,1.5986,1.5129,1.3824,1.2649,0.48547,1.0787,1.0931,0.13376,0.1348,0.72344,44.644,44.644,44.644,7.4459
70.765,70.765,60.292,60.292,87.092,87.092,79.788,79.788,41.264,41.264,31.732,31.732,76.872,76.872,75.52,75.52,121.09,121.09,116.37,116.37,29.647,9.323,7.4182,4.038,89.004,66.86,46.767,24.476,6.5838,5.5496,4.873,4.6157,40.767,27.105,14.019,10.329,35.454,17.136,11.954,10.615,1.4682,1.3984,1.5563,1.5055,1.5635,0.027589,1.1985,0.96505,0.011122,0.026891,0.74478,53.928,53.928,53.928,9.4083
68.365,68.365,67,52.733,53.81,53.81,49.751,49.751,59,52.447,52.447,42.099,66.895,66.895,65.411,65.411,124.17,124.17,111.84,111.84,25.751,7.7302,5.0573,2.1307,58.638,41.338,32.286,30.823,7.808,5.2461,4.0006,3.481,25.613,19.722,15.133,11.492,15.531,14.275,12.056,5.7842,1.5776,1.633,1.3744,1.5916,1.5129,0.035084,0.8528,1.1201,0.011609,0.03251,0.74301,43.095,43.095,43.095,5.0395
89.256,89.256,77.053,77.053,44.367,44.367,36.717,36.717,57.352,57.352,47.56,47.56,78.439,78.439,74.495,74.495,141.4,141.4,121.6,121.6,17.8,12.471,11.826,9.7859,76.755,28.167,11.237,5.6757,10.499,10.307,8.6393,5.7464,33.72,28.359,26.574,20.842,34.169,13.225,12.368,7.4582,1.4981,1.422,1.4606,1.542,1.2996,0.027266,0.93636,1.0225,0.0099095,0.030895,0.76383,48.876,48.876,48.876,8.8415
84.908,84.908,78.604,78.604,56.777,56.777,49.518,49.518,89,80.046,80.046,56.825,65,64.978,64.978,48.716,150.62,150.62,148.41,148.41,15.611,1.7118,1.325,0.80435,34.077,33.616,19.209,16.269,11.407,8.4895,5.522,3.4113,16.252,13.417,9.4529,8.8642,32.537,19.818,18.161,12.683,1.3824,1.5129,1.3416,1.5563,1.7256,0.024672,1.1069,1.3622,0.010442,0.034828,0.75054,51.529,51.529,51.529,9.887
86,58.643,58.643,56.376,85.85,85.85,64.424,64.424,45,43.568,43.568,36.181,53.858,53.858,49.673,49.673,130,76.497,76.497,61.246,5.7808,3.0402,2.4859,2.0836,48.033,45.307,28.682,22.371,4.5867,4.2512,2.9332,1.6855,36.962,28.673,24.456,7.2323,21.67,10.103,9.1516,7.6833,1.4682,1.7062,1.291,1.5986,1.3081,0.025844,1.0435,1.156,0.01015,0.028515,0.7374,41.537,41.537,41.537,6.074
55,50.251,50.251,45.856,75.952,75.952,61.335,61.335,44.193,44.193,36.905,36.905,68.33,68.33,46.695,46.695,107,56.227,56.227,48.702,13.77,9.4474,4.2308,3.9611,37.345,34.075,27.93,15.049,8.8021,8.6391,1.9973,1.0381,51.409,43.988,32.182,18.151,12.608,11.538,7.9891,5.4738,1.3166,1.8915,1.1643,1.3904,1.4606,0.029431,0.93905,1.235,0.010849,0.033726,0.76874,37.374,37.374,37.374,4.3517
48.953,48.953,47.023,47.023,73,60.744,60.744,55.662,41,39.599,39.599,37.902,42,32.321,32.321,29.019,55.402,55.402,52.098,52.098,6.9086,2.6967,2.4595,0.30089,49.319,39.91,31.13,13.734,20.136,7.9147,5.5746,4.1242,33.902,33.876,13.821,12.488,15.348,13.102,7.4099,5.2073,1.5129,1.7385,1.3984,1.4907,1.2737,0.032894,0.90174,1.2276,0.011111,0.025553,0.76918,41.94,41.94,41.94,3.8324
66,60.92,60.92,58.733,68.648,68.648,54.452,54.452,41,39.954,39.954,35.256,76,71.757,71.757,56.872,128.94,128.94,98.847,98.847,11.677,3.9071,2.1071,1.4186,60.412,49.073,8.0697,4.935,7.6285,7.2498,3.517,1.503,87.729,35.029,16.442,15.589,16.969,14.103,7.1504,5.3002,1.3663,1.4453,1.3333,1.4757,1.3904,0.026237,0.91674,1.116,0.010199,0.023454,0.73881,43.88,43.88,43.88,5.2436
125.87,125.87,103.77,103.77,64.73,64.73,52,47.739,68.157,68.157,54.034,54.034,84,75.058,75.058,65.067,132.12,132.12,109.66,109.66,7.7441,5.5267,4.4013,4.1991,68.892,19.681,14.429,12.702,16.588,14.504,9.2235,3.5107,28.302,26.336,23.512,22.849,22.27,15.725,14.336,13.71,1.5776,1.5986,1.3904,1.4682,1.3081,0.032104,1.0862,1.3585,0.012983,0.029546,0.75047,44.538,44.538,44.538,7.4814
92,52.207,52.207,42.445,72.983,72.983,59.993,59.993,53.855,53.855,50.704,50.704,74,48.207,48.207,32.748,98.857,98.857,88.653,88.653,8.1875,6.5107,2.9693,1.1299,44.048,33.274,24.491,8.4043,4.1158,1.0535,1.0353,0.9974,9.7059,8.2818,7.847,5.8967,11.727,11.469,11.177,8.0393,1.2472,1.6997,1.4832,1.4142,1.4606,0.024119,0.96766,1.4917,0.0092193,0.020107,0.72893,31.917,31.917,31.917,4.8441
55.097,55.097,53.076,53.076,61.175,61.175,55.218,55.218,53,44.677,44.677,44.596,76.656,76.656,74,58.224,103.01,103.01,81.625,81.625,9.5512,3.0276,1.6169,1.5676,24.826,23.05,18.568,15.027,5.2783,5.1313,4.4302,3.6876,33.325,9.9427,9.1329,8.1585,21.184,16.243,14.897,13.452,1.5129,1.7638,1.5129,1.3744,1.3499,0.024188,1.0622,1.3477,0.010955,0.037355,0.74541,45.088,45.088,45.088,7.7991
54.414,54.414,53.607,53.607,83.48,83.48,65.272,65.272,49.867,49.867,48.342,48.342,55.99,55.99,34.808,34.808,127.06,127.06,105.13,105.13,12.536,4.632,3.7859,2.4703,103.22,49.573,48.366,36.929,9.6693,9.0797,8.5361,5.197,33.922,28.404,25.837,22.896,18.941,16.246,14.441,8.3416,1.6667,4.0139,2.3046,1.9322,1.6533,0.024842,1.1459,3.8043,0.010905,0.030975,0.74037,42.675,42.675,42.675,6.5188
91.307,91.307,80.864,80.864,52.458,52.458,45,37.178,53.821,53.821,53.374,53.374,87.005,87.005,74.167,74.167,115.66,115.66,95.865,95.865,17.433,15.37,2.6044,2.4062,44.176,37.084,25.697,22.59,8.103,5.6288,4.3829,2.7286,42.04,24.785,17.755,15.435,25.5,22.154,17.432,14.907,1.3333,2.0111,1.2472,1.7127,1.291,0.48593,0.91674,1.5612,0.13426,0.094751,0.73202,43.359,43.359,43.359,9.3838
