75.107,75.107,74.545,74.545,140.56,140.56,124.73,124.73,166.94,166.94,139.06,139.06,150,137.26,137.26,125.04,87.126,87.126,80.088,80.088,18.717,7.2141,4.0539,3.273,36.301,30.506,30.152,24.606,9.0123,6.4514,1.846,1.7045,58.077,46.725,28.731,22.725,11.99,4.1409,3.4887,2.3212,1.5706,5.9386,1.3499,1.5776,1.3663,0.0055474,1.0507,5.7373,0.0081923,0.0095068,0.31733,17.398,17.398,17.398,2.5954
89.837,89.837,84.382,84.382,154.5,154.5,141.06,141.06,162.92,162.92,113.07,113.07,92.449,92.449,90.159,90.159,86.157,86.157,78.872,78.872,13.983,13.428,12.652,10.629,27.717,25.559,22.853,14.565,17.469,16.714,13.781,8.6626,69.935,37.852,34.524,21.589,7.3907,6.5383,5.9196,5.6444,1.6667,2.4083,1.2472,1.3416,1.2996,0.0070122,1.2358,2.149,0.010756,0.011478,0.38192,24.207,24.207,24.207,4.0809
79.505,79.505,72.515,72.515,173.43,173.43,149.83,149.83,174.1,174.1,165.73,165.73,197,162.13,162.13,136.95,85.461,85.461,81.189,81.189,6.4399,3.1206,2.7628,1.3961,18.92,15.954,14.684,12.959,12.992,7.7843,5.1963,4.2836,50.282,50.11,41.983,34.804,6.3644,5.3807,4.2566,3.9752,1.542,1.8379,1.2996,1.6193,1.5275,0.0028406,1.1472,1.5738,0.0090237,0.0095534,0.37374,19.225,19.225,19.225,2.3737
47.857,47.857,43.13,43.13,134.61,134.61,101.99,101.99,159.58,159.58,130.52,130.52,92.589,92.589,89.82,89.82,62.193,62.193,61.304,61.304,14.943,12.937,11.902,10.681,32.712,20.817,14.646,10.44,11.618,3.9133,2.0266,1.4067,76.127,36.74,35.087,14.54,10.626,8.7221,8.1344,5.884,1.7575,1.6799,1.4142,1.4298,1.2561,0.0070845,1.0745,1.4274,0.0093072,0.013425,0.29392,22.609,22.609,22.609,4.3872
97,63.135,63.135,58.665,176.58,176.58,164.03,164.03,182.4,182.4,165.05,165.05,146,104.7,104.7,94.062,110.25,110.25,77.734,77.734,15.115,7.5435,6.9413,4.3053,44.273,22.489,21.827,11.089,8.0261,5.9624,3.6621,0.90478,39.771,24.337,24.165,21.133,8.2436,7.1196,5.6286,5.3844,1.6465,2.9021,1.3904,1.2561,1.3984,0.004936,1.2289,2.8146,0.010017,0.0092436,0.36085,18.278,18.278,18.278,2.6389
108.09,108.09,49.69,49.69,135.79,135.79,112.02,112.02,126.81,126.81,91.384,91.384,120.78,120.78,108.08,108.08,115.28,115.28,111.73,111.73,28.693,10.418,9.7486,5.2112,22.062,20.764,20.686,14.214,4.7097,4.3591,4.226,4.1624,50.422,43.42,24.61,13.713,8.0273,5.4361,4.0017,3.2912,1.8257,1.6262,1.2649,1.542,1.3904,0.0077454,1.2115,1.2605,0.011049,0.011552,0.34336,29.387,29.387,29.387,3.4078
66.067,66.067,57.883,57.883,164.95,164.95,105.07,105.07,141.81,141.81,125.42,125.42,212.2,212.2,165.15,165.15,133.57,133.57,107.35,107.35,43.721,43.299,17.547,15.825,37.939,24.488,19.584,10.622,8.7638,5.7151,5.3049,2.5228,114.58,76.909,37.403,23.21,7.9783,4.2802,4.2095,3.0905,3.9356,4.714,1.5846,1.633,1.5129,0.0083753,3.7365,4.5307,0.01152,0.020725,0.40009,29.199,29.199,29.199,4.9019
92.986,92.986,82.522,82.522,166.44,166.44,162.69,162.69,117.49,117.49,113.04,113.04,207.32,207.32,205.42,205.42,95.193,95.193,84.721,84.721,37.614,30.475,29.954,6.5976,18.275,8.4471,6.6794,6.0571,9.0187,8.7988,8.3484,5.9419,39.224,33.128,22.205,22.156,14.897,10.098,7.7974,7.4598,2.0548,6.2111,2.0923,1.7127,1.4453,0.0078785,1.9141,6.2497,0.012181,0.01396,0.33023,18.697,18.697,18.697,4.1538
70.481,70.481,69.302,69.302,176,126.21,126.21,98.014,177.68,177.68,124.43,124.43,150,90.104,90.104,87.78,119,77.865,77.865,77.712,8.5185,8.1931,4.2138,4.086,44.098,30.62,19.257,14.51,21.491,9.5435,2.1871,0.96839,85.026,63.506,49.017,42.663,9.6699,7.2061,6.9266,3.1997,2.7689,2.1705,1.9664,1.422,1.4682,0.003567,2.1277,2.0405,0.0071027,0.01013,0.31554,18.276,18.276,18.276,3.2952
72.491,72.491,62.567,62.567,144.26,144.26,131.44,131.44,136.28,136.28,131.93,131.93,264.72,264.72,179.44,179.44,105.61,105.61,82.788,82.788,27.777,10.964,10.717,8.5708,11.583,6.6379,2.3254,1.1984,9.3196,3.1224,2.7191,2.5863,42.257,39.444,11.317,10.923,8.5373,7.9408,7.8774,7.1099,1.9607,2.5777,1.422,1.453,1.3744,0.010149,1.5853,2.6067,0.0080394,0.015233,0.41695,26.235,26.235,26.235,4.5416
102.47,102.47,82,77.264,118.11,118.11,83,79.652,115.66,115.66,114.74,114.74,104.61,104.61,96.633,96.633,90.508,90.508,84.012,84.012,23.492,14.673,13.545,11.91,71.869,39.651,8.5519,8.0131,15.203,12.594,9.9622,8.6406,81.534,69.855,65.77,58.674,11.849,9.3421,8.2475,7.3942,2.5033,3.4673,1.6398,1.8196,1.3663,0.0058178,2.3109,3.4272,0.016894,0.01604,0.44934,33.525,33.525,33.525,4.7115
70.043,70.043,60.089,60.089,95,74.62,74.62,65.303,187.35,187.35,147,146.24,108.8,108.8,96.272,96.272,106.43,106.43,91.77,91.77,15.083,12.428,8.0937,6.9793,27.905,22.864,11.9,11.187,14.114,13.784,7.0023,5.5573,22.157,9.7959,6.3356,3.8469,5.4155,5.2273,5.0934,4.5545,1.8318,1.7512,1.7127,1.4757,1.2111,0.0046156,1.5219,1.4379,0.0076928,0.013108,0.29126,17.627,17.627,17.627,2.7647
83.099,83.099,80.552,80.552,102.53,102.53,101.56,101.56,128.93,128.93,122.22,122.22,165.58,165.58,142.13,142.13,74.664,74.664,63,53.698,31.716,16.403,10.276,9.4062,21.549,20.726,9.774,8.8527,13.797,8.4435,6.6212,5.5437,20.693,11.38,8.6891,6.0061,7.1158,5.8188,3.5906,2.9674,2.1499,1.8559,2.3381,1.8974,1.4757,0.0035496,1.6305,1.5199,0.01053,0.0077512,0.35331,20.479,20.479,20.479,2.5167
56.371,56.371,47.077,47.077,119.56,119.56,117.78,117.78,120.42,120.42,116.69,116.69,123.14,123.14,104.51,104.51,98.861,98.861,92.672,92.672,23.828,15.096,14.592,12.46,67.385,56.114,45.956,17.685,9.0251,8.4145,6.7033,2.2296,118.51,99.885,47.134,23.113,10.736,7.8019,1.8341,1.4132,4.1177,4.1366,3.9777,2.0385,3.9721,0.079461,4.1198,4.0168,0.019995,0.097975,0.39691,18.179,18.179,18.179,14.679
77.231,77.231,62,58.283,120.55,120.55,103.16,103.16,135.86,135.86,110.48,110.48,102.35,102.35,64.664,64.664,195.53,195.53,138.6,138.6,10.209,9.2857,8.2134,6.09,31.528,26.428,24.212,18.749,10.511,7.8085,1.8138,1.7198,28.735,22.374,21.859,19.309,7.9182,5.6523,3.8965,2.7917,1.7127,1.7575,1.9944,1.7127,1.3904,0.0052166,1.422,1.6352,0.01264,0.01779,0.34922,21.123,21.123,21.123,3.114
71.989,71.989,57.787,57.787,83.383,83.383,75.784,75.784,117.86,117.86,104.16,104.16,154.51,154.51,113.61,113.61,99.04,99.04,94.337,94.337,14.491,12.303,11.195,10.533,41.001,40.312,10.98,6.1193,7.969,7.929,6.4557,4.3956,41.464,16.299,9.7064,9.0225,14.006,6.4367,5.3221,4.965,2.5033,1.7062,2.2755,2.087,1.3663,0.0076637,2.2458,1.4589,0.010426,0.023709,0.39833,23.125,23.125,23.125,4.3367
75.481,75.481,69.389,69.389,174,135.76,135.76,120.3,154.54,154.54,150,122.19,205.98,205.98,205.32,205.32,81.105,81.105,74.373,74.373,50.764,19.904,13.995,10.016,38.339,19.256,17.012,14.231,6.8079,6.7607,5.5333,4.1007,67.558,35.96,20.908,19.824,9.8129,7.0733,6.8309,5.2956,2.8752,1.5846,2.319,1.5916,1.325,0.0085698,2.9073,1.3112,0.0080325,0.015941,0.36423,22.697,22.697,22.697,3.6538
67.165,67.165,60.303,60.303,163.15,163.15,157.25,157.25,126.65,126.65,94.704,94.704,172.4,172.4,164.81,164.81,102.4,102.4,101.69,101.69,46.823,38.801,13.276,7.9116,70.566,66.275,36.439,30.259,13.083,9.955,6.4407,5.1454,128.01,76.815,73.293,25.868,8.474,4.096,3.8219,3.081,2.6791,4.5092,3.6757,6.6667,1.2737,0.0091179,2.6505,4.4995,0.013997,0.016578,0.34299,21.254,21.254,21.254,4.0827
103,59.358,59.358,45.222,96.909,96.909,90.282,90.282,180.42,180.42,166.36,166.36,94.256,94.256,81.769,81.769,79.599,79.599,77.346,77.346,19.564,9.8261,2.8523,2.5545,39.268,38.719,13.422,12.393,3.3309,1.5707,1.4861,1.2112,45.09,38.471,16.601,8.4469,9.1215,6.3895,5.1628,4.5617,9.0443,2.4631,2.0494,2.974,1.7575,0.017962,8.8939,2.348,0.0098093,0.011664,0.24539,20.947,20.947,20.947,3.1682
103.43,103.43,94.542,94.542,49.693,49.693,47.645,47.645,43.762,43.762,42.824,42.824,40.649,40.649,39.492,39.492,183.57,183.57,171.83,171.83,12.669,5.7348,1.9964,1.9377,43.557,6.8699,5.7867,4.0455,7.447,5.9389,1.4466,0.69305,16.508,9.5447,5.2084,3.8605,10.701,8.6957,5.0991,3.4844,1.3984,1.9322,1.2996,1.2996,1.5129,0.014774,0.96505,1.6853,0.026353,0.040165,0.71454,30.431,30.431,30.431,5.6562
68.422,68.422,59.619,59.619,46.379,46.379,38.165,38.165,43.087,43.087,36.746,36.746,34.551,34.551,33.271,33.271,132.56,132.56,108.41,108.41,6.8675,3.8573,3.4676,2.7821,7.6203,4.8138,3.6171,3.1826,8.4439,6.9511,6.7917,5.0326,11.576,11.288,10.434,10.041,15.55,8.8472,6.9723,6.8416,1.7826,1.8619,1.4063,1.453,1.3081,0.019673,1.116,1.4764,0.016619,0.047448,0.68979,23.712,23.712,23.712,11.019
174.13,174.13,144.37,144.37,290.81,290.81,268.17,268.17,83.895,83.895,81.58,81.58,103.09,103.09,100.22,100.22,104.76,104.76,90.917,90.917,34.178,9.9967,7.2179,6.515,27.777,25.68,25.041,19.627,15.495,4.8094,4.8061,4.7655,68.622,43.747,36.564,27.955,14.117,10.428,7.2218,4.5428,1.5275,1.4981,1.3581,1.5846,1.3333,0.022953,1.0357,1.0862,0.019792,0.15594,0.49991,33.501,33.501,33.501,8.7089
95.112,95.112,62.891,62.891,136.72,136.72,129.01,129.01,81,61.869,61.869,54.692,82.615,82.615,73.485,73.485,172,118.13,118.13,107.09,10.321,7.0555,6.4919,5.1511,11.518,5.4256,5.1391,2.8695,13.558,9.73,8.8105,3.14,10.769,9.3361,7.9474,6.6355,28.502,14.831,13.237,6.6482,1.7385,1.9777,1.3663,1.5129,1.4298,0.025594,1.2276,1.6231,0.017014,0.077892,0.75868,25.994,25.994,25.994,7.793
100.69,100.69,93.132,93.132,108.98,108.98,108.79,108.79,80,57.312,57.312,50.311,75.702,75.702,60.523,60.523,135.31,135.31,120.71,120.71,9.3233,8.2154,7.7246,7.7085,13.555,3.5887,3.5163,3.1881,16.03,14.43,9.8245,7.858,12.25,5.4156,3.396,2.5106,13.972,13.514,5.4297,5.028,2.0055,3.1091,3.3993,5.2281,3.6393,0.57203,1.7032,2.6823,0.19707,0.69804,0.66419,27.512,27.512,27.512,26.248
65.562,65.562,64.277,64.277,89.589,89.589,69.217,69.217,49,43.391,43.391,43.256,65.247,65.247,58.194,58.194,235.96,235.96,164.08,164.08,12.094,11.027,6.751,5.1762,45.85,43.583,27.954,14.178,17.13,9.7641,6.0097,3.056,13.835,13.815,10.019,3.5897,8.3845,7.5448,4.8319,4.7609,1.3904,1.8135,1.5055,1.7764,1.3499,0.0095955,0.97701,1.4495,0.014212,0.028646,0.71617,25.982,25.982,25.982,4.9803
137.15,137.15,136.35,136.35,171,171,163.85,163.85,95.627,95.627,85.181,85.181,109.6,109.6,104.76,104.76,126.88,126.88,125.36,125.36,26.631,12.393,7.6182,5.7211,10.594,9.858,6.6634,2.358,16.162,8.2818,6.0774,3.9268,24.874,11.566,6.8362,4.2395,11.427,8.6591,7.7742,6.3152,1.5846,1.3904,1.3824,1.66,1.4682,0.0089757,0.90006,1.0996,0.015446,0.022938,0.75515,29.308,29.308,29.308,5.1665
122.71,122.71,109.21,109.21,52.811,52.811,51.607,51.607,62,55.041,55.041,44.297,106,79.16,79.16,67.481,152.94,152.94,146.13,146.13,18.838,5.7859,1.41,-0.43164,5.2088,4.3602,1.4667,1.2068,37.899,6.977,5.9103,4.7518,19.938,19.045,3.0015,2.8876,8.1022,4.7876,2.8607,2.6997,1.4298,2.0548,1.3663,1.5202,1.2649,0.0076979,1.0551,1.7183,0.013945,0.030725,0.71133,17.361,17.361,17.361,3.3331
110.85,110.85,99.039,99.039,96.654,96.654,89.502,89.502,32.755,32.755,29.889,29.889,73.364,73.364,66.347,66.347,138.44,138.44,135.54,135.54,12.301,5.0586,4.2206,2.2601,22.133,16.871,7.0778,6.3054,19.045,12.481,6.399,3.1515,41.028,28.491,3.9386,2.4365,16.242,7.6491,6.6546,5.6204,1.1255,1.453,1.2472,1.6667,1.2202,0.01001,0.72614,0.97286,0.01262,0.016966,0.74851,25.384,25.384,25.384,4.5302
89,77.822,77.822,72.273,65.9,65.9,65.894,65.894,74,50.516,50.516,47.759,70,56.162,56.162,48.446,149.96,149.96,132.05,132.05,18.98,1.3997,0.34313,0.065712,2.8988,2.6994,0.61897,0.34964,12.974,12,8.5054,0.9183,22.318,1.9659,0.80452,0.72398,5.1123,5.0282,4.9224,4.1831,1.4063,1.3166,1.633,1.66,1.291,0.011427,0.9524,1.0215,0.013003,0.023685,0.76499,26.58,26.58,26.58,4.5892
125.13,125.13,125.02,125.02,95.441,95.441,85.477,85.477,64,54.535,54.535,53.363,53.41,53.41,52.998,52.998,185.93,185.93,175.44,175.44,12.605,11.214,6.0844,4.3185,13.366,13.167,4.3483,2.9449,42.737,28.474,11.791,2.8142,52.41,4.8682,1.3135,0.79012,8.6974,6.4349,4.545,4.205,1.633,1.5492,1.5492,1.5055,1.453,0.0089964,1.0693,1.0918,0.016193,0.038032,0.75592,32.325,32.325,32.325,4.3271
75.481,75.481,64.507,64.507,83.182,83.182,79.993,79.993,68,26.623,26.623,26.247,65.023,65.023,56.152,56.152,117.13,117.13,114.7,114.7,18.737,2.4462,1.8314,1.1438,3.585,2.5429,0.54872,-0.14698,11.722,8.7024,1.0261,0.8831,8.3588,6.224,0.16851,0.10907,15.558,12.761,9.0674,6.451,1.3416,1.3984,1.5563,1.5202,1.4907,0.023532,0.85162,1.0531,0.017172,0.030215,0.74507,33.412,33.412,33.412,5.7106
87.778,87.778,71.894,71.894,65.216,65.216,59.104,59.104,32.17,32.17,32,30.728,54.719,54.719,54.525,54.525,140.17,140.17,128.93,128.93,13.091,9.5062,6.1206,1.9877,13.913,5.922,5.809,4.3137,28.428,7.176,6.1169,2.3802,6.0194,5.5232,5.0611,1.2374,10.617,8.3533,5.3903,4.8574,1.5129,1.4142,1.3663,1.5492,1.291,0.0091465,0.96032,1.1124,0.011616,0.024738,0.68848,33.973,33.973,33.973,4.7419
115.15,115.15,114.65,114.65,97.228,97.228,96.475,96.475,54.432,54.432,51.012,51.012,66.927,66.927,59.456,59.456,211.83,211.83,210.08,210.08,6.63,6.165,3.1154,1.5334,20.734,14.497,9.2143,5.8076,34.28,5.0858,3.4328,1.6158,18.373,15.803,15.718,7.2932,14.937,10.243,6.6478,3.3636,1.7448,1.542,1.4757,1.4606,1.325,0.013295,1.1643,1.1871,0.015174,0.032786,0.7553,29.106,29.106,29.106,5.7046
50.665,50.665,43.631,43.631,141.03,141.03,132,119.8,72.507,72.507,49.754,49.754,82.529,82.529,66.289,66.289,87.054,87.054,80,70.001,11.548,4.4714,2.3776,2.3171,19.758,10.881,2.1309,1.5113,11.322,6.4965,3.6689,2.4003,10.113,7.4419,7.1029,4.4847,10.216,9.3132,6.4097,6.2634,1.5706,1.325,1.3984,1.2649,1.5129,0.016043,0.99747,0.97286,0.01314,0.041686,0.77321,23.565,23.565,23.565,4.627
68.475,68.475,66.446,66.446,149.82,149.82,138.53,138.53,48.647,48.647,46.827,46.827,43.175,43.175,42.407,42.407,124,91.617,91.617,85.547,15.683,8.6593,6.1606,2.7585,21.309,17.15,15.698,9.3201,6.9862,4.9152,1.1613,0.082639,23.807,19.334,8.1451,6.3712,9.3288,7.3578,4.8466,4.7313,1.1255,1.4142,1.4757,1.5348,1.3081,0.011425,0.8634,0.8245,0.014718,0.037491,0.78917,29.64,29.64,29.64,4.0207
102.52,102.52,95.025,95.025,53.107,53.107,49.812,49.812,63,23.147,23.147,23.111,69.077,69.077,60.577,60.577,145.22,145.22,144.59,144.59,8.5405,6.3981,6.2261,6.1505,19.725,7.4131,4.4751,1.4375,29.685,9.6695,6.9569,3.4619,21.561,14.712,11.614,3.7469,6.606,5.8993,5.3522,3.5214,1.3166,1.2996,1.2649,1.4376,1.3081,0.012299,0.8916,1.0357,0.01582,0.029964,0.78409,29.819,29.819,29.819,4.1692
61.349,61.349,49,37.318,98.901,98.901,88.337,88.337,50.676,50.676,40.639,40.639,56,32.144,32.144,30.627,96.671,96.671,66.627,66.627,2.2894,1.3903,1.0337,0.89066,22.505,9.6135,8.6967,3.2234,10.355,1.6631,0.43035,0.13504,22.018,12.944,3.5521,3.4722,9.3492,7.6949,5.0734,4.3336,1.4453,1.3081,1.422,1.1832,1.3904,0.017503,0.8779,0.94922,0.016637,0.048464,0.75208,33.918,33.918,33.918,5.8243
98,81.388,81.388,71.806,174.27,174.27,173.74,173.74,40.228,40.228,38.844,38.844,74,69.239,69.239,59.607,132,88.81,88.81,63.502,10.116,4.9483,2.0115,1.9777,13.343,7.3242,4.3121,3.0027,3.5759,2.8388,1.3267,0.98818,10.323,9.8813,0.45002,0.094352,8.0519,7.2225,5.6286,5.5171,1.5275,1.3581,1.3333,1.3824,1.4682,0.012234,0.98371,0.92932,0.013242,0.040672,0.74867,29.074,29.074,29.074,4.4937
88.836,88.836,88.463,88.463,129.25,129.25,105.6,105.6,93,70.453,70.453,64.634,62,50.388,50.388,49.836,98.541,98.541,98.396,98.396,4.1067,3.247,1.6147,1.028,6.8305,3.0274,3.0072,2.0367,25.491,10.256,6.9527,1.4996,13.273,11.362,0.84919,0.23466,48.39,21.114,14.86,14.453,1.422,1.3824,1.453,1.3984,1.4757,0.02329,0.97597,0.9412,0.019337,0.04967,0.79948,31.64,31.64,31.64,11.199
219.33,219.33,198.7,198.7,208.33,208.33,182.52,182.52,207.51,207.51,152.99,152.99,458.76,458.76,408.57,408.57,287.35,287.35,265.38,265.38,68.205,42.371,39.801,30.801,52.664,49.682,43.885,35.113,37.914,23.193,10.11,8.593,88.159,85.372,83.394,34.335,12.661,11.47,11.029,10.554,1.5348,3.2352,3.5182,2.0817,1.453,0.0099133,1.0707,3.2699,0.021951,0.035547,0.69859,28.539,28.539,28.539,5.7444
98.403,98.403,72.012,72.012,135.54,135.54,134.54,134.54,137.32,137.32,118.23,118.23,216.67,216.67,160.31,160.31,77.473,77.473,67,62.504,14.439,8.2238,8.1249,7.9554,24.779,18.601,11.897,11.779,8.4052,7.5288,6.1837,4.6117,73.732,60.017,35.242,30.545,9.02,5.779,3.1316,1.65,1.453,1.5202,1.5846,1.4376,1.6193,0.0053903,0.97286,1.3341,0.0081028,0.014791,0.68415,19.183,19.183,19.183,2.9291
152.92,152.92,105.6,105.6,141.13,141.13,132.23,132.23,166.26,166.26,156.69,156.69,240.86,240.86,209.1,209.1,217.72,217.72,188.01,188.01,31.536,21.859,21.369,19.368,54.3,33.388,30.099,27.95,20.744,12.786,12.343,11.497,84.456,82.292,62.873,46.143,12.112,5.9149,4.4753,2.2703,2.3238,1.4981,1.6799,1.3333,1.6398,0.011634,1.8757,1.4242,0.0079082,0.014512,0.58501,17.986,17.986,17.986,2.7255
60,57.151,57.151,55.845,64.536,64.536,63.881,63.881,98.723,98.723,90.367,90.367,97.588,97.588,88.561,88.561,54.669,54.669,51,47.742,34.861,30.232,11.125,10.83,19.072,16.218,6.8274,5.2561,10.848,2.6844,0.55557,-0.10066,39.267,34.782,31.928,25.174,40.555,28.49,9.5114,5.2887,1.5275,22.216,3.4992,7.3333,2.3046,0.019268,1.2052,22.419,0.023667,0.094835,0.60194,14.517,14.517,14.517,16.426
65.03,65.03,64.317,64.317,143.38,143.38,127.05,127.05,254.87,254.87,194.84,194.84,186.11,186.11,182.26,182.26,96.863,96.863,93.242,93.242,44.827,23.376,10.438,7.8685,45.865,41.741,41.51,34.805,14.52,4.9486,3.8292,2.7511,174.66,76.946,68.26,30.22,26.212,12.146,6.9013,6.3451,1.8679,9.0578,2.8752,2.3286,1.8012,0.02522,1.6961,9.1531,0.011661,0.063544,0.65777,23.451,23.451,23.451,6.7618
119.95,119.95,93.536,93.536,124.05,124.05,121.84,121.84,168.13,168.13,153.47,153.47,217.27,217.27,197.82,197.82,156.43,156.43,145.75,145.75,30.826,27.46,12.253,8.0829,63.682,44.225,16.417,13.714,19.502,6.5854,5.214,3.9489,123.47,41.233,30.666,26.769,15.731,4.749,4.7303,3.8936,1.9607,5.4569,3.5056,2.2161,1.6733,0.0097586,1.4744,5.4121,0.010126,0.010652,0.70565,25.095,25.095,25.095,4.4842
92.444,92.444,74.729,74.729,131.06,131.06,128.37,128.37,191.96,191.96,164.28,164.28,385.84,385.84,340.62,340.62,111.89,111.89,102.27,102.27,83.225,33.054,30.334,28.705,42.403,33.32,26.332,8.3479,25.545,9.706,5.6138,5.3905,50.191,29.33,27.373,25.778,19.163,7.0688,5.4872,4.7875,1.542,8.7851,4.5436,2.1134,1.6733,0.0095324,1.2239,8.7399,0.012143,0.023806,0.7061,26.191,26.191,26.191,5.0166
133,96.639,96.639,94.21,114.15,114.15,100.46,100.46,134.97,134.97,126.43,126.43,175.65,175.65,144.74,144.74,100,95.731,95.731,76.374,28.664,9.9917,8.1311,8.0855,50.569,40.219,39.035,34.628,3.9782,2.8102,2.6178,1.4587,98.835,69.262,59.116,44.389,10.059,5.9237,5.6664,3.8927,1.4832,2.7729,5.8614,2.5122,1.6931,0.0089887,1.0185,2.6981,0.012852,0.012434,0.6907,29.849,29.849,29.849,4.1458
92,89.423,89.423,76.653,166.23,166.23,129.27,129.27,139.43,139.43,135.01,135.01,260.53,260.53,257,236.05,80.145,80.145,78,58.422,18.018,10.097,8.1914,4.4169,61.51,31.145,22.144,21.719,5.7061,4.5443,4.315,3.6794,38.424,30.086,28.93,19.136,13.255,8.3808,5.8293,4.4734,1.66,4.4422,5.179,1.9833,1.542,0.017325,1.2472,4.4868,0.008231,0.01513,0.69474,35.832,35.832,35.832,5.546
181.09,181.09,177.83,177.83,230.78,230.78,219.72,219.72,148.35,148.35,146.78,146.78,494.34,494.34,428.4,428.4,153.72,153.72,150.72,150.72,79.759,38.709,37.191,11.171,34.387,33.864,18.512,16.295,46.164,40.131,26.08,16.562,43.171,30.167,25.873,21.491,29.605,14.043,6.5349,5.8468,1.6931,4.9554,7.1243,2.481,1.5563,0.0097165,1.3112,4.9492,0.018891,0.030381,0.71229,23.616,23.616,23.616,7.8867
126.26,126.26,104.64,104.64,249.59,249.59,223.41,223.41,146.77,146.77,134.13,134.13,410.37,410.37,374.94,374.94,109.76,109.76,109.3,109.3,29.411,20.964,9.5191,5.5608,41.973,40.066,39.968,31.169,19.621,19.376,5.2042,3.638,47.97,42.164,38.255,33.942,18.428,16.596,14.5,9.7156,1.5776,7.4312,4.8808,2.4037,1.8559,0.0082934,1.2152,7.5124,0.016118,0.025541,0.70218,25.282,25.282,25.282,7.9913
206.25,206.25,178.37,178.37,212.91,212.91,202.08,202.08,119.05,119.05,117.68,117.68,468.02,468.02,464.88,464.88,197.45,197.45,146.62,146.62,138.18,74.176,37.911,29.925,82.084,22.819,20.274,18.155,50.741,31.554,19.706,6.0482,89.028,39.837,36.483,36.47,30.479,12.962,9.7791,7.2547,1.5916,5.7174,6.479,3.0984,1.3824,0.015619,1.1069,5.488,0.011666,0.03126,0.72529,34.849,34.849,34.849,9.1449
105.93,105.93,96.65,96.65,173.86,173.86,147.08,147.08,194.89,194.89,186.49,186.49,338.36,338.36,325,325,135.38,135.38,89.069,89.069,94.235,29.572,6.4979,6.431,65.231,26.696,24.969,12.958,27.916,24.527,20.575,11.684,55.08,10.333,9.5626,8.8427,25.261,18.928,14.851,7.6292,2.1499,4.2531,5.302,2.4631,1.8679,0.0073629,1.5897,4.0373,0.0090164,0.018742,0.742,29.918,29.918,29.918,7.8898
173.32,173.32,158.26,158.26,167.73,167.73,158.97,158.97,181.52,181.52,153.92,153.92,596.1,596.1,425.66,425.66,124.81,124.81,113.43,113.43,75.036,53.849,52.762,19.542,62.596,27.869,25.943,15.078,18.717,15.464,13.02,12.203,75.964,57.489,48.401,44.507,16.052,15.368,10.537,6.3907,1.8856,1.5916,5.5277,2.3851,1.3904,0.011984,1.4327,1.4616,0.011507,0.020423,0.73811,32.192,32.192,32.192,6.6708
174.49,174.49,131.57,131.57,153.51,153.51,147.98,147.98,270.48,270.48,264.44,264.44,519.2,519.2,428.23,428.23,170.99,170.99,151.11,151.11,57.033,24.544,17.836,6.7608,44.497,41.838,9.1829,5.605,21.037,14.839,10.75,3.6275,52.891,52.762,30.932,25.075,37.28,31.374,18.629,15.811,1.8257,14.855,2.0817,2.974,2.1654,0.062878,1.5298,15.019,0.074521,0.072345,0.70543,25.022,25.022,25.022,8.9513
54.659,54.659,53.822,53.822,208.66,208.66,196.47,196.47,125.22,125.22,109.97,109.97,268.87,268.87,261.97,261.97,75.597,75.597,72.225,72.225,112.22,55.335,35.354,20.159,40.188,23.245,21.19,16.36,22.672,22.033,5.97,3.9984,78.665,57.309,27.347,17.001,9.3445,5.6058,5.2962,4.873,1.7385,9.4481,4.3792,2.201,1.6799,0.027498,1.1282,9.5103,0.013473,0.066465,0.71142,22.075,22.075,22.075,5.092
107.56,107.56,93,87.857,182.49,182.49,175.05,175.05,136.34,136.34,131.66,131.66,450,390.86,390.86,337.58,87.514,87.514,83.565,83.565,51.114,49.99,10.952,2.2109,37.581,28.742,20.376,18.612,27.309,9.1668,1.5279,1.4051,68.751,47.953,38.237,36.31,74.753,26.759,22.827,6.0734,2.4495,8.3387,4.1633,2.7406,2.1909,0.13437,1.984,8.2891,0.068811,0.12053,0.69854,24.361,24.361,24.361,12.054
155.75,155.75,139.5,139.5,177.4,177.4,135.73,135.73,254.83,254.83,204.55,204.55,434.16,434.16,376.75,376.75,142,126.9,126.9,122.63,70.593,69.673,24.704,21.796,68.065,20.216,13.332,8.8838,56.793,33.998,32.314,24.076,37.221,27.829,21.66,20.468,13.536,12.622,12.343,7.7864,1.5129,3.4833,2.2657,4.4347,1.4063,0.018511,1.1862,3.2354,0.012182,0.032595,0.72092,27.893,27.893,27.893,6.6249
156.87,156.87,144.27,144.27,191.14,191.14,190.92,190.92,179.73,179.73,177.25,177.25,437.25,437.25,427.32,427.32,127.33,127.33,120.15,120.15,85.101,58.777,52.735,49.234,80.895,48.666,22.445,21.392,27.391,21.023,9.7419,8.7311,112.06,50.713,39.012,36.026,21.521,20.355,19.844,17.591,1.8974,9.5464,4.8374,3.5402,1.7826,0.006125,1.3192,9.6448,0.012321,0.011058,0.73037,21.024,21.024,21.024,9.8146
67.645,67.645,57.28,57.28,33.289,33.289,32.005,32.005,46.519,46.519,42.634,42.634,33.853,33.853,30.118,30.118,143.52,143.52,103.69,103.69,5.8503,5.7607,4.2491,2.5858,38.858,32.088,11.06,7.4469,9.8488,7.7185,4.2234,3.6901,26.14,25.041,21.446,15.936,-2.2097,-2.2097,-2.2097,-2.2097,1,1,0,2,1,1.7964e-15,0,0,8.9821e-16,3.5929e-15,0.62536,26.669,26.669,26.669,0
44.267,44.267,41.781,41.781,40,29.949,29.949,25.716,30.893,30.893,27.115,27.115,36,22.323,22.323,20.289,67.77,67.77,55.927,55.927,2.2672,1.8607,1.0092,0.72317,15.796,13.242,7.4597,6.4748,4.1487,3.7475,2.8857,1.6282,52.596,41.541,18.137,13.916,-0.17634,-1.8993,-2.1791,-2.2097,0.98883,0.98883,0,1.9777,0.98883,0.43925,0.14907,0.14907,0.14245,0.65596,0.49998,23.46,23.46,23.46,0.23292
108.01,108.01,106.79,106.79,41,31.117,31.117,29.411,62,31.602,31.602,31.006,41.616,41.616,39.727,39.727,195.47,195.47,186.17,186.17,2.1177,0.98297,0.92905,0.55926,25.884,8.5341,7.0378,6.1506,6.4814,2.191,1.4917,1.1861,80.63,5.7947,5.4769,3.901,-2.2097,-2.2097,-2.2097,-2.2097,1,1,0,2,1,1.7964e-15,0,0,8.9821e-16,3.5929e-15,0.47522,20.404,20.404,20.404,0
37.845,37.845,30.842,30.842,29,25.19,25.19,24.945,33.928,33.928,33,29.856,39.611,39.611,32,25.913,87,59.978,59.978,53.304,9.268,0.59571,0.56645,0.48142,18.891,8.6381,7.4426,7.3276,6.3719,2.4523,1.1511,1.0609,68.132,4.7457,3.4341,2.6444,-2.2097,-2.2097,-2.2097,-2.2097,1,1,0,2,1,1.7964e-15,0,0,8.9821e-16,3.5929e-15,0.40244,26.228,26.228,26.228,0
58,51.253,51.253,43.664,31,20.669,20.669,20.051,27,26.211,26.211,25.538,36,22.83,22.83,22.28,107,100.2,100.2,93.812,3.9603,2.1351,0.80725,0.5461,7.7082,6.3764,4.2455,3.1223,7.7854,1.367,1.0122,0.37563,7.8141,7.016,6.9137,5.0111,-2.2097,-2.2097,-2.2097,-2.2097,1,1,0,2,1,1.7964e-15,0,0,8.9821e-16,3.5929e-15,0.38198,17.723,17.723,17.723,0
58.23,58.23,52.548,52.548,30.907,30.907,28.758,28.758,32.966,32.966,26.974,26.974,44.631,44.631,30.967,30.967,110.22,110.22,101.85,101.85,8.1941,6.2284,2.6809,2.1687,17.831,16.41,13.429,11.076,19.054,7.3311,4.9436,2.1215,41.541,32.55,31.434,23.712,-2.2097,-2.2097,-2.2097,-2.2097,1,1,0,2,1,1.7964e-15,0,0,8.9821e-16,3.5929e-15,0.45877,20.303,20.303,20.303,0
73,40.669,40.669,40.666,71,43.136,43.136,40.619,46,38.588,38.588,35.635,56,40.553,40.553,37.018,104.78,104.78,103,94.33,4.1928,2.2188,1.5067,0.73669,31.213,5.7898,4.4515,3.9175,8.2797,2.4087,0.95608,-0.2187,37.484,17.043,15.142,14.875,-2.2097,-2.2097,-2.2097,-2.2097,1,1,0,2,1,1.7964e-15,0,0,8.9821e-16,3.5929e-15,0.45895,20.78,20.78,20.78,0
65,38.2,38.2,29.928,32,21.207,21.207,18.824,35,25.232,25.232,23.41,65,24.625,24.625,21.381,99,54.808,54.808,44.373,2.0741,0.53071,-0.10971,-0.28916,28.563,14.066,9.922,6.6526,1.9372,1.6047,1.5417,0.86497,23.963,13.459,7.1238,6.6963,-2.2097,-2.2097,-2.2097,-2.2097,1,1,0,2,1,1.7964e-15,0,0,8.9821e-16,3.5929e-15,0.45886,20.009,20.009,20.009,0
58.578,58.578,56.984,56.984,34.415,34.415,22.606,22.606,53,36.25,36.25,33.02,31,29.813,29.813,29.555,128.11,128.11,96.803,96.803,4.8562,4.2144,2.5902,1.8283,11.941,8.2763,4.0586,3.1457,11.845,10.35,8.8211,7.9835,16.746,14.532,6.4934,4.4561,-2.2097,-2.2097,-2.2097,-2.2097,1,1,0,2,1,1.7964e-15,0,0,8.9821e-16,3.5929e-15,0.43564,19.97,19.97,19.97,0
72.752,72.752,62.67,62.67,49,38.748,38.748,28.334,36.199,36.199,31.329,31.329,32,22.564,22.564,16.529,112.13,112.13,104.77,104.77,2.5377,1.9148,1.2856,0.1931,12.823,11.326,11.05,8.5942,7.3166,4.2667,3.0498,0.90768,64.157,27.855,22.023,11.725,-2.2097,-2.2097,-2.2097,-2.2097,1,1,0,2,1,1.7964e-15,0,0,8.9821e-16,3.5929e-15,0.41335,17.771,17.771,17.771,0
81.846,81.846,66.222,66.222,43,32.155,32.155,31.341,52.623,52.623,38.648,38.648,66,44.814,44.814,31.266,121.03,121.03,115.91,115.91,2.7051,0.50972,0.48418,-0.86588,26.675,24.787,16.836,12.712,5.6551,4.3494,2.8789,2.6345,92.638,61.333,32.958,31.317,-2.2097,-2.2097,-2.2097,-2.2097,1,1,0,2,1,1.7964e-15,0,0,8.9821e-16,3.5929e-15,0.52383,19.308,19.308,19.308,0
31.705,31.705,29.07,29.07,22.719,22.719,22.712,22.712,42,27.76,27.76,25.003,28.458,28.458,22.403,22.403,91.497,91.497,84.424,84.424,6.8862,1.6284,1.3906,1.0519,9.6515,8.9781,8.3373,1.1665,11.643,2.6685,1.5538,0.89778,63.227,45.797,4.7148,4.389,-2.2097,-2.2097,-2.2097,-2.2097,1,1,0,2,1,1.7964e-15,0,0,8.9821e-16,3.5929e-15,0.43566,19.692,19.692,19.692,0
43.57,43.57,39.713,39.713,37,28.883,28.883,21.656,43,35.341,35.341,32.956,31,26.457,26.457,26.26,128.8,128.8,117.94,117.94,2.8813,2.5389,2.4218,1.8937,20.513,5.882,3.1464,2.704,7.855,5.4174,3.6116,1.2267,52.437,34.154,28.385,16.148,-2.2097,-2.2097,-2.2097,-2.2097,1,1,0,2,1,1.7964e-15,0,0,8.9821e-16,3.5929e-15,0.44319,19.708,19.708,19.708,0
63.087,63.087,45.026,45.026,32.643,32.643,31.413,31.413,36.14,36.14,34.305,34.305,52,30.593,30.593,30.023,144.2,144.2,122.47,122.47,3.0018,1.5702,1.4825,1.3953,14.677,13.839,10.24,9.0244,6.6575,4.8924,4.3449,3.7634,101.34,36.007,32.544,3.2389,-2.2097,-2.2097,-2.2097,-2.2097,1,1,0,2,1,1.7964e-15,0,0,8.9821e-16,3.5929e-15,0.45599,23.297,23.297,23.297,0
59.769,59.769,54.945,54.945,43,25.815,25.815,22.925,35.169,35.169,34.608,34.608,52,27.329,27.329,24.269,91.505,91.505,88.589,88.589,3.4795,0.37212,0.16005,-0.0098881,32.123,21.07,10.317,8.4977,9.788,8.8589,2.9029,1.8648,59.888,44.047,39.639,30.133,-2.2097,-2.2097,-2.2097,-2.2097,1,1,0,2,1,1.7964e-15,0,0,8.9821e-16,3.5929e-15,0.43539,17.288,17.288,17.288,0
43.282,43.282,42.093,42.093,33,24.635,24.635,21.345,32.456,32.456,31,23.39,35,16.231,16.231,14.651,94.644,94.644,92.542,92.542,1.6966,1.1822,0.27545,0.21801,9.8209,9.496,8.241,8.0918,11.774,5.5017,4.6099,1.2571,72.989,36.948,20.993,13.119,-2.2097,-2.2097,-2.2097,-2.2097,1,1,0,2,1,1.7964e-15,0,0,8.9821e-16,3.5929e-15,0.4281,18.589,18.589,18.589,0
63.753,63.753,44.898,44.898,35.031,35.031,30.067,30.067,37.877,37.877,36.032,36.032,28.596,28.596,28.195,28.195,111.08,111.08,91.279,91.279,2.8335,2.5825,1.8047,1.4659,23.479,8.1607,5.2418,4.9114,5.7669,5.2495,4.5234,3.4505,36.29,18.888,14.932,7.9116,-2.2097,-2.2097,-2.2097,-2.2097,1,1,0,2,1,1.7964e-15,0,0,8.9821e-16,3.5929e-15,0.39605,22.367,22.367,22.367,0
84.695,84.695,82.808,82.808,38.351,38.351,34.398,34.398,57.641,57.641,43.676,43.676,33.431,33.431,32.459,32.459,227.33,227.33,210.1,210.1,5.9824,3.789,2.7554,2.5461,30.296,7.0839,6.3321,5.0653,11.027,6.9646,5.4797,5.3195,84.325,79.385,16.672,6.2645,-2.2097,-2.2097,-2.2097,-2.2097,1,1,0,2,1,1.7964e-15,0,0,8.9821e-16,3.5929e-15,0.35027,20.817,20.817,20.817,0
56.677,56.677,54.095,54.095,25.343,25.343,24,19.429,30.672,30.672,24.799,24.799,25.368,25.368,22.855,22.855,131.24,131.24,127.58,127.58,5.5727,1.7881,1.0928,0.84677,26.972,20.604,12.947,5.2595,12.921,6.5606,4.0195,2.8723,99.887,49.165,39.061,35.054,-2.2097,-2.2097,-2.2097,-2.2097,1,1,0,2,1,1.7964e-15,0,0,8.9821e-16,3.5929e-15,0.33374,17.708,17.708,17.708,0
66,52.852,52.852,52.011,34,33.092,33.092,25.833,34.471,34.471,31.787,31.787,32,20.49,20.49,20.344,145.54,145.54,145.46,145.46,1.8051,1.7716,1.2274,0.60372,22.401,15.768,14.308,11.452,10.357,3.5447,2.2059,0.51341,54.895,28.036,20.394,14.165,25.178,17.721,7.5362,4.0131,1.4606,1.3904,1.3166,1.4063,1.4298,0.0084162,0.95874,1.134,0.0056585,0.016003,0.33896,18.253,18.253,18.253,5.9073
133.34,133.34,99.075,99.075,279.05,279.05,198.51,198.51,110.17,110.17,80.621,80.621,100.54,100.54,82.165,82.165,140.57,140.57,123.49,123.49,32.045,6.4818,5.6131,2.567,51.374,48.367,24.438,21.087,12.212,8.6883,5.6812,3.9617,38.661,37.525,35.383,23.86,12.039,9.9878,7.0319,6.4286,1.4376,1.8257,1.4142,1.7321,1.3333,0.43769,0.83364,1.5869,0.14354,1.3088,0.50345,37.335,37.335,37.335,4.0091
123.77,123.77,110.11,110.11,67,47.267,47.267,41.444,76,55.789,55.789,50.022,63,38.401,38.401,37.576,178.99,178.99,171.27,171.27,6.1587,3.328,2.3408,1.7046,33.33,17.624,14.943,9.3311,16.674,7.2825,5.3496,4.0805,84.632,67.829,55.691,42.916,13.203,8.2031,4.4444,4.2498,1.3663,7.671,1.2737,1.8318,1.5916,0.013824,0.8634,7.6823,0.0079839,0.014497,0.39188,24.954,24.954,24.954,3.9996
150.84,150.84,142.84,142.84,70.514,70.514,65.3,65.3,61.029,61.029,58.953,58.953,44.56,44.56,44.137,44.137,206.92,206.92,167.54,167.54,5.1383,4.8578,4.313,2.6922,73.635,7.8321,6.5201,6.3608,72.972,47.179,17.979,1.8542,83.308,65.52,18.665,7.7119,9.6508,7.6911,7.3591,6.3434,1.5846,4.402,1.4376,1.66,1.5129,0.014956,1.02,4.2702,0.010389,0.014313,0.46338,31.706,31.706,31.706,3.9242
107.54,107.54,90.398,90.398,39.467,39.467,38.896,38.896,65.594,65.594,54,49.685,54.622,54.622,43.955,43.955,127.18,127.18,97.519,97.519,7.6589,5.3181,2.9829,2.7998,17.171,12.093,9.0953,7.8234,26.779,8.6383,5.7276,4.8268,58.153,37.076,29.476,28.897,17.954,7.1038,7.0841,6.9772,1.422,3.1482,1.325,1.7638,1.3499,0.020463,0.86865,2.9615,0.010639,0.015376,0.42517,25.911,25.911,25.911,4.667
126.97,126.97,89.932,89.932,57.404,57.404,53.869,53.869,51.733,51.733,43.062,43.062,39.714,39.714,36.112,36.112,179.78,179.78,119.89,119.89,9.0747,7.3837,4.9437,2.363,66.822,27.157,18.656,15.696,28.236,10.042,9.199,8.4514,65.128,56.737,26.685,15.88,9.0862,8.9699,8.7632,8.7222,1.4981,7.7187,1.3824,1.4832,1.453,0.015992,0.99087,7.7001,0.0089434,0.04113,0.45775,26.812,26.812,26.812,4.1194
92.722,92.722,91.015,91.015,80.705,80.705,77.975,77.975,52.172,52.172,47.27,47.27,43,32.883,32.883,31.234,113.83,113.83,109.23,109.23,3.8915,1.447,1.0613,0.52543,39.719,35.293,27.401,19.546,28.648,24.347,24.272,3.7829,76.386,51.763,29.314,26.624,16.53,7.7117,4.5189,2.8984,1.5776,3.0948,1.4682,1.6398,1.6262,0.0085344,0.92004,2.8136,0.0061575,0.023107,0.42113,18.569,18.569,18.569,4.1296
95.129,95.129,93.866,93.866,42,38.669,38.669,36.393,113,71.695,71.695,58.046,37,36.155,36.155,35.352,154.8,154.8,145.14,145.14,6.128,1.8487,1.5877,1.3311,32.091,13.184,11.926,11.234,8.9002,7.9669,5.797,5.577,92.26,74.883,15.877,14.234,8.9199,4.935,3.2372,2.4173,1.5348,5.2239,1.5563,1.542,1.3081,0.006996,0.90843,4.9167,0.0091541,0.0079863,0.42832,28.322,28.322,28.322,2.9376
98.85,98.85,94.547,94.547,58.225,58.225,51.416,51.416,67.529,67.529,59.247,59.247,60,59.643,59.643,55.397,204.71,204.71,196.98,196.98,7.3704,6.3556,3.4699,1.8533,61.927,34.065,24.961,23.71,25.491,15.744,6.6616,5.2186,61.5,61.323,51.492,49.193,8.6109,6.8021,6.2644,4.5742,1.2561,1.5846,1.4142,1.4142,1.6733,0.010585,0.8245,1.3112,0.0079464,0.016686,0.4154,24.775,24.775,24.775,2.8987
120,108.58,108.58,107.85,69,24.797,24.797,23.257,64,44.522,44.522,39.047,58,30.677,30.677,26.514,211,160.7,160.7,159.14,2.4141,1.9817,1.2033,0.49532,28.583,5.9395,4.7589,4.6439,8.1076,4.0877,3.5554,3.3502,122.29,18.518,15.885,13.413,6.523,4.7459,3.9994,3.381,1.6193,1.4606,1.4907,1.7951,1.3663,0.0077236,1.0478,1.2902,0.0078528,0.030595,0.42317,22.244,22.244,22.244,2.5776
128.16,128.16,113.52,113.52,44.547,44.547,40.869,40.869,93,84.172,84.172,77.999,57.68,57.68,54.452,54.452,103.7,103.7,102.34,102.34,10.264,0.8317,0.78153,0.28629,62.39,33.472,10.684,1.3397,25.827,16.237,6.9614,4.889,45.051,7.6561,0.87476,-0.12193,23.51,15.985,12.967,10.38,1.4606,5.5398,1.5776,2.6034,1.3904,0.072494,0.77329,5.3284,0.040954,0.15646,0.31231,51.596,51.596,51.596,10.032
82.671,82.671,77.769,77.769,35.473,35.473,29.462,29.462,53.834,53.834,40.378,40.378,34.005,34.005,29.316,29.316,167.75,167.75,164.2,164.2,3.9866,3.7699,2.3839,2.1448,27.306,18.427,10.143,7.4306,15.572,12.948,8.0155,6.4228,50.265,18.415,12.816,10.737,19.695,18.546,11.473,8.493,1.5846,4.5729,1.325,1.5846,1.4606,0.022846,0.82999,4.4304,0.014123,0.033639,0.45372,27.995,27.995,27.995,6.5198
107.11,107.11,101.08,101.08,49.386,49.386,45,42.461,49.27,49.27,48.179,48.179,21.439,21.439,20.924,20.924,140.34,140.34,132.27,132.27,5.2383,4.4095,3.1393,2.9207,46.732,25.293,22.2,7.793,19.108,11.257,10.404,4.1463,21.124,10.148,7.0623,1.6044,22.574,15.844,12.159,10.581,1.3824,2.9364,1.5563,1.7321,1.2996,0.027097,1.0313,2.6458,0.022527,0.077592,0.4444,24.69,24.69,24.69,6.1634
137,67.569,67.569,58.243,60.358,60.358,58.842,58.842,40.058,40.058,36.919,36.919,21.943,21.943,21.562,21.562,135.29,135.29,125.08,125.08,4.2563,3.1621,2.9071,2.533,41.008,25.706,16.472,14.694,6.1236,4.2039,2.3452,2.287,100.68,14.004,6.9682,5.3936,15.271,14.086,9.7665,8.7462,1.4453,3.3961,1.2649,1.7889,1.4907,0.012392,0.81464,3.4255,0.0097794,0.044761,0.53234,33.904,33.904,33.904,6.0559
78,63.442,63.442,49.021,55.496,55.496,51.844,51.844,83,52.297,52.297,36.214,40.066,40.066,35.287,35.287,81.615,81.615,71.487,71.487,12.55,2.5728,1.9935,1.847,17.018,7.8142,6.7836,6.663,11.891,4.7054,4.4226,3.9049,16.814,7.5722,6.6926,2.8093,15.1,9.3055,8.9065,8.5467,1.633,3.1798,1.2649,1.7127,3.0221,0.010148,1.2505,2.8414,0.016168,0.030738,0.48961,26.245,26.245,26.245,4.3727
75.999,75.999,74.557,74.557,67.168,67.168,58.662,58.662,96.431,96.431,80.137,80.137,45,44.002,44.002,36.28,183.07,183.07,176.36,176.36,6.5802,4.3843,1.5585,1.2722,72.513,45.938,23.07,16.861,13.252,8.181,7.0357,6.1283,109.41,54.403,27.291,20.417,9.2101,9.0177,4.2584,2.3377,1.4682,1.4298,1.542,1.2649,1.1547,0.01264,1.0871,1.0111,0.0068848,0.021277,0.48117,19.589,19.589,19.589,3.0999
87.887,87.887,84.344,84.344,58.29,58.29,57.816,57.816,51.321,51.321,40.006,40.006,77,49.132,49.132,48.279,163.38,163.38,145.06,145.06,2.9092,1.2597,0.9248,0.61234,16.861,11.344,4.2476,3.7024,5.1104,2.6483,2.6438,2.2563,44.823,38.777,17.982,6.8211,102.63,69.73,38.238,35.263,1.5916,6.2111,1.4376,2.0166,1.3333,0.033948,0.94441,6.1539,0.028391,0.31884,0.42825,27.398,27.398,27.398,46.323
97.611,97.611,92.973,92.973,65.019,65.019,57.196,57.196,75,65.913,65.913,43.264,47.045,47.045,39.799,39.799,196,183.24,183.24,180.07,10.883,7.534,4.1782,1.4709,41.32,31.101,13.47,3.5467,6.1665,5.7577,4.6151,2.5842,53.052,50.684,9.1607,6.9038,9.2926,5.5486,3.0046,2.6149,1.5776,2.3142,1.3984,1.5563,1.5129,0.0050533,1.0862,2.2478,0.0065904,0.022164,0.40799,25.232,25.232,25.232,2.9986
110.69,110.69,102.46,102.46,147.3,147.3,143.05,143.05,55.362,55.362,54.149,54.149,48.361,48.361,41,39.386,181.2,181.2,156.22,156.22,6.6532,4.987,2.9482,1.6363,44.129,38.119,29.318,10.141,37.044,19.891,11.417,7.8404,33.905,5.2032,3.0868,1.7499,5.8635,5.0837,4.4805,3.4665,1.6865,3.1198,1.3663,1.3744,1.7638,0.0060933,1.0445,3.0373,0.0077156,0.019612,0.41968,18.039,18.039,18.039,2.9923
115.34,115.34,113.67,113.67,88,64.826,64.826,62.171,76.579,76.579,61.543,61.543,48,35.094,35.094,33.992,179.2,179.2,178.43,178.43,2.8891,2.6121,1.5645,1.1247,30.085,22.155,16.475,11.614,12.936,10.408,5.3499,2.4801,46.973,19.934,13.756,10.031,8.9945,4.3122,4.1463,3.3829,1.6055,1.4907,1.1643,1.4757,1.6193,0.0068359,0.96818,1.1755,0.008164,0.018545,0.38337,26.705,26.705,26.705,2.8572
53,45.037,45.037,42.06,77.979,77.979,76.834,76.834,93.427,93.427,84.066,84.066,75,29.51,29.51,27.494,146.6,146.6,136,134.39,2.0967,1.5922,1.2832,1.1653,46.413,29.384,16.593,10.875,8.0393,5.6593,5.0373,3.4748,110.53,54.942,48.65,34.535,17.389,12.428,9.4395,7.1164,1.5635,5.262,1.4757,1.7062,1.5635,0.0078101,1.0135,5.2941,0.0072241,0.012941,0.43506,21.074,21.074,21.074,4.5065
115,98.303,98.303,67.513,66.756,66.756,54.984,54.984,112.06,112.06,79,71.113,49,25.958,25.958,23.546,148,146.47,146.47,137.18,3.452,0.86292,0.78898,0.48139,34.93,23.975,19.948,19.858,5.5054,5.4282,5.2979,4.2095,60.228,53.165,43.296,18.027,10.465,8.6768,7.7225,7.4009,1.5129,2.1239,1.3416,1.2383,1.2824,0.0053873,0.76343,2.0318,0.0094756,0.019008,0.40571,28.319,28.319,28.319,3.5761
138.79,138.79,99.24,99.24,108.22,108.22,66.452,66.452,118,64.419,64.419,62.918,47.945,47.945,40.706,40.706,220.51,220.51,195.28,195.28,7.1812,7.0245,3.5468,3.2981,16.253,10.464,9.7673,-1.258,28.6,13.3,6.719,5.8642,49.458,39.588,19.202,14.017,7.9984,7.9477,7.6918,5.5231,1.3416,1.7575,1.4453,1.6465,1.145,0.010404,0.90453,1.4616,0.007254,0.026554,0.44971,26.018,26.018,26.018,3.2107
84,68.289,68.289,67.605,46.479,46.479,39.509,39.509,50.296,50.296,44.519,44.519,27,21.582,21.582,19.522,112,72.881,72.881,65.852,4.3733,2.8368,1.4153,1.1921,24.338,18.274,15.668,11.029,20.701,2.5468,1.8452,0.69359,57.346,26.433,8.4,7.8318,8.3367,4.2885,4.2143,4.0154,1.3663,7.1259,1.1832,1.6125,1.2649,0.0070052,0.96505,7.2061,0.005466,0.023203,0.41488,20.614,20.614,20.614,2.9175
211.59,211.59,124.98,124.98,168,87.644,87.644,72.822,119.85,119.85,90,80.067,69,68.313,68.313,57.574,146.48,146.48,129.42,129.42,7.5658,6.3412,5.323,2.4209,25.914,20.19,14.203,4.7201,36.088,21.44,13.918,12.042,113,51.218,50.958,35.228,6.904,4.7567,4.4497,4.4258,1.8012,3.1091,1.3663,1.6262,2.6119,0.0086066,1.3973,3.1345,0.0059384,0.017178,0.41316,16.542,16.542,16.542,2.6325
118.6,118.6,104.5,104.5,99.872,99.872,84.473,84.473,199.93,199.93,172.88,172.88,69,63.092,63.092,63.087,156.4,156.4,128.38,128.38,9.8217,9.4397,4.3317,3.5436,57.708,33.107,27.431,23.614,10.402,10.054,4.5003,2.9171,55.555,24.217,18.084,17.265,22.477,15.233,15.09,7.6586,1.6997,2.3991,1.5055,1.5916,1.3416,0.025491,1.066,2.2254,0.0097961,0.081063,0.52868,31.203,31.203,31.203,8.3928
211,189.87,189.87,183.68,87.067,87.067,83.174,83.174,203.31,203.31,188.14,188.14,51.776,51.776,49.746,49.746,161.85,161.85,148.88,148.88,10.351,6.2991,4.9665,4.2632,44.104,27.158,27.12,23.504,67.404,44.985,38.958,7.8548,50.422,22.377,22.368,20.607,15.661,5.9557,5.5295,4.8801,1.325,1.7448,1.5055,1.6931,1.4682,0.016006,0.97286,1.3788,0.0057241,0.015049,0.47838,38.416,38.416,38.416,4.7395
144.23,144.23,140.44,140.44,140.27,140.27,103.97,103.97,149.07,149.07,132.87,132.87,94.227,94.227,71.28,71.28,158.16,158.16,147.46,147.46,12.388,7.0654,6.5013,6.0738,66.246,63.817,61.777,35.277,22.072,19.031,18.395,15.038,141.72,85.589,81.651,56.096,6.3146,5.7964,5.0756,5.0423,1.3904,1.9322,1.3581,1.9777,1.3984,0.0091836,0.81464,1.5661,0.0041164,0.018009,0.44953,18.698,18.698,18.698,4.0339
221.15,221.15,146.52,146.52,96.834,96.834,82.646,82.646,239.49,239.49,136.6,136.6,74.897,74.897,65.024,65.024,136.17,136.17,121.97,121.97,13.698,7.9233,7.596,6.8822,93.484,56.11,49.78,41.104,32.086,22.619,22.508,7.3643,90.861,65.312,42.684,19.061,26.057,21.501,13.086,12.031,1.5129,1.5055,1.2649,1.66,1.4606,0.010365,0.96032,1.2605,0.0094357,0.035357,0.43645,33.086,33.086,33.086,7.2944
174.19,174.19,163.94,163.94,88.164,88.164,77.281,77.281,174.9,174.9,160.23,160.23,40.124,40.124,39.345,39.345,255.62,255.62,193.69,193.69,9.9515,9.1669,6.8305,2.8387,98.299,46.17,42.995,37.902,53.84,12.51,11.322,8.4941,109.23,53.07,41.434,31.687,10.354,9.9686,7.8956,7.8703,1.5275,1.2649,1.3984,1.4298,1.3663,0.017136,0.98371,0.9524,0.0054595,0.073984,0.4028,25.504,25.504,25.504,6.7079
114.57,114.57,92.608,92.608,130,81.267,81.267,77.998,117.18,117.18,109.84,109.84,82,72.627,72.627,57.07,135.83,135.83,109.6,109.6,7.6103,6.3852,4.3041,1.7498,62.982,60.967,48.512,17.135,15.604,15.003,12.269,10.91,63.233,55.266,27.034,20.802,12.672,9.4552,6.7769,4.7754,1.6262,1.4376,1.7321,1.453,1.5776,0.0086759,1.0848,0.99899,0.0047669,0.045085,0.32081,18.458,18.458,18.458,5.1109
200.1,200.1,197.76,197.76,143.47,143.47,111.36,111.36,200.46,200.46,198.56,198.56,93,79.688,79.688,69.968,161.81,161.81,153.1,153.1,11.576,7.1216,1.9399,0.6607,91.692,45.958,20.834,20.693,43.742,21.319,20.742,5.0605,122.15,28.748,23.719,19.292,10.297,5.4719,5.2256,3.9529,1.5706,1.8135,1.4981,1.5776,1.2649,0.014019,1.0996,1.6673,0.0050528,0.052243,0.39859,18.736,18.736,18.736,3.9823
172.88,172.88,148.52,148.52,119,94.25,94.25,77.602,146.64,146.64,144.3,144.3,98,83.888,83.888,66.942,185.04,185.04,147.42,147.42,10.049,7.5773,4.7397,3.5172,103.47,38.842,35.329,29.43,71.228,22.996,14.298,7.4492,64.045,59.823,41.803,38.922,5.7228,4.052,3.5051,2.5789,1.7575,1.3499,1.2996,1.3663,1.3581,0.024181,1.1313,1.0651,0.0064271,0.034177,0.40428,16.064,16.064,16.064,3.6779
157.48,157.48,143.52,143.52,89.332,89.332,87.914,87.914,196.88,196.88,155.02,155.02,96.683,96.683,91.732,91.732,242.78,242.78,212.02,212.02,10.133,9.9808,5.7013,3.6662,57.02,55.177,35.788,28.385,41.888,23.971,13.322,11.719,102.16,81.65,68.7,68.5,12.792,10.172,2.0317,1.6614,1.325,1.6125,2.3094,2.9515,1.4142,0.0088067,0.87905,1.3454,0.0050505,0.024948,0.41311,24.104,24.104,24.104,5.4045
142.03,142.03,137.33,137.33,131.59,131.59,95.972,95.972,139.67,139.67,134.82,134.82,77.094,77.094,76.937,76.937,111.78,111.78,101.05,101.05,17.479,16.394,10.053,5.2122,56.678,49.481,27.4,24.528,21.573,18.352,7.7882,5.7744,61.999,54.403,28.772,28.65,12.373,8.6639,6.8023,6.3438,1.6398,1.4453,1.8619,1.9889,1.422,0.014855,0.99595,1.246,0.0055034,0.037163,0.34009,21.031,21.031,21.031,4.9027
114.32,114.32,109.59,109.59,112.6,112.6,109.99,109.99,266.37,266.37,251.98,251.98,145.01,145.01,123.99,123.99,132.83,132.83,126.85,126.85,48.37,19.46,10.295,4.4307,125.11,62.132,49.982,46.591,15.937,12.26,8.4339,7.8367,63.921,45.203,43.997,10.482,6.4765,5.8667,5.253,4.1725,1.3416,1.5916,1.5986,1.4832,1.3744,0.0074889,0.79264,1.1525,0.006218,0.064043,0.39925,16.216,16.216,16.216,3.6273
176.43,176.43,156.45,156.45,82.379,82.379,67.324,67.324,173.39,173.39,121.71,121.71,73.135,73.135,71.664,71.664,164.9,164.9,153.56,153.56,16.394,8.1658,4.2456,1.5204,60.776,32.696,31.362,24.265,48.391,32.175,11.79,10.002,69.12,42.739,40.16,39.986,7.5782,3.74,2.7538,2.3268,1.5348,1.3081,1.5846,1.8619,1.2293,0.01383,1.0215,0.94922,0.0048083,0.022203,0.39106,27.269,27.269,27.269,4.1232
182.56,182.56,147.51,147.51,97.377,97.377,95.919,95.919,216.16,216.16,210.72,210.72,79.226,79.226,74.478,74.478,232.25,232.25,177.65,177.65,13.267,8.4521,7.8174,6.0275,48.505,41.405,34.262,33.781,31.634,17.291,14.44,12.554,64.218,58.16,43.532,20.884,7.6534,2.848,2.2846,1.7731,1.2111,1.4757,1.4298,1.3499,1.4063,0.024623,0.83182,1.0764,0.0066842,0.027827,0.42705,19.618,19.618,19.618,3.2412
119.7,119.7,116.19,116.19,68.09,68.09,66.744,66.744,161.41,161.41,144.98,144.98,73.091,73.091,60.247,60.247,138.83,138.83,138.37,138.37,8.3371,7.7905,6.9079,6.2609,67.963,39.021,36.713,34.439,25.166,22.59,19.438,12.258,74.768,43.001,35.069,27.015,9.3572,5.506,3.2689,3.1836,1.3824,2.5517,1.4453,1.2649,1.325,0.0063952,0.98832,2.1574,0.0038038,0.035959,0.3773,20.104,20.104,20.104,4.1919
182.86,182.86,152.84,152.84,49.051,49.051,48.77,48.77,152.72,152.72,132.94,132.94,51.701,51.701,47,44.982,149.97,149.97,140.73,140.73,4.2641,4.1503,3.962,3.6878,62.426,55.399,30.26,25.471,17.367,11.045,8.3719,5.3199,69.05,42.913,38.363,32.874,9.0541,7.6665,5.8644,4.8922,1.3416,1.8679,1.2824,1.3081,1.2996,0.0098537,0.9524,1.6733,0.0052744,0.046028,0.35015,20.318,20.318,20.318,4.3738
156.86,156.86,129.81,129.81,114.44,114.44,112.58,112.58,167.27,167.27,158.89,158.89,69.238,69.238,66.813,66.813,160.19,160.19,118.14,118.14,10.703,5.4468,2.8538,2.3345,85.464,34.842,25.154,21.218,17.919,16.192,14.962,13.574,39.365,26.291,15.902,12.513,13.023,6.9118,5.1634,3.836,1.5846,1.5129,1.4757,1.4907,1.5563,0.025234,0.90006,1.1481,0.008013,0.05331,0.34622,19.605,19.605,19.605,4.9118
121.15,121.15,113.98,113.98,93.086,93.086,76.088,76.088,163.58,163.58,114,107.37,88,79.207,79.207,79.041,197.88,197.88,195.87,195.87,23.289,8.1661,2.5556,2.4881,66.689,57.948,26.169,24.944,11.917,9.6383,9.4773,7.9903,56.28,49.858,35.96,26.897,8.6448,7.0157,5.4629,3.5852,1.5916,1.3499,1.3904,1.291,1.6931,0.018381,0.94441,0.8916,0.0065971,0.062004,0.35307,22.5,22.5,22.5,5.3678
199.71,199.71,180.39,180.39,109.46,109.46,84.273,84.273,260,233.16,233.16,215.38,125.49,125.49,99.847,99.847,172.39,172.39,145.33,145.33,8.7831,7.853,6.3742,3.9013,19.996,18.864,12.033,9.4817,42.574,21.521,18.593,17.739,29.42,28.627,28.229,28.166,24.394,20.032,15.071,13.746,1.4832,1.3904,1.6125,1.6997,1.4063,0.019651,0.78044,0.92823,0.0066435,0.071116,0.38954,30.611,30.611,30.611,7.5945
115.94,115.94,115.66,115.66,52.551,52.551,47.331,47.331,121.04,121.04,84.66,84.66,40.48,40.48,35.682,35.682,146.79,146.79,140.7,140.7,6.7002,4.1593,3.5227,3.3282,54.082,31.87,19.26,10.143,22.228,10.643,5.0765,2.6255,49.876,34.535,26.25,11.005,9.532,5.9352,5.2067,3.2564,1.3499,1.5129,1.4142,1.3904,1.2649,0.018342,0.8916,1.0622,0.0053305,0.029059,0.38884,25.841,25.841,25.841,3.6053
200,195.47,195.47,177.74,81.093,81.093,70.097,70.097,168.36,168.36,135.07,135.07,131.74,131.74,131.7,131.7,246.41,246.41,236.57,236.57,20.069,10.874,5.5411,4.6657,112.39,53.458,27.311,24.876,29.638,10.84,6.8287,6.5523,108.82,73.399,52.092,31.454,11.788,11.074,8.5913,7.2195,1.5986,1.4298,1.3081,1.4063,1.3166,0.015024,1.042,1.0551,0.0057005,0.052036,0.40999,32.176,32.176,32.176,6.1537
263.7,263.7,197.5,197.5,409.75,409.75,372,356.98,188.08,188.08,182.29,182.29,307.48,307.48,272.65,272.65,178.11,178.11,127.49,127.49,32.06,28.737,22.38,18.715,11.732,10.055,6.0166,5.2638,15.161,12.404,11.437,11.24,57.198,47.274,41.023,35.194,8.7284,4.3941,2.7576,1.6236,3.7178,4.5558,2.1134,2.3898,1.4981,0.010354,3.0793,4.1823,0.0067744,0.020222,0.43813,34.961,34.961,34.961,3.3137
279.93,279.93,274.11,274.11,455.73,455.73,410.32,410.32,213.17,213.17,187.01,187.01,244.27,244.27,242.04,242.04,239.31,239.31,195.65,195.65,70.368,65.691,24.16,10.901,36.975,25.946,24.466,11.365,53.535,47.256,46.7,46.425,86.386,20.611,19.833,11.195,8.2386,7.8926,6.6953,5.0023,1.422,2.9098,1.5129,2.2998,1.5275,0.015453,0.92496,2.859,0.015805,0.022386,0.42554,45.402,45.402,45.402,4.1844
283.11,283.11,232.66,232.66,469.24,469.24,365.6,365.6,155.04,155.04,148.65,148.65,249.23,249.23,234.2,234.2,145.83,145.83,107,104.23,26.964,21.493,17.129,4.4269,67.341,22.004,17.18,14.147,16.566,12.285,11.813,11.783,33.499,30.092,29.733,29.586,9.3706,2.2331,1.6914,1.6847,1.5846,3.3862,1.5776,2.5298,1.7062,0.013788,0.96295,3.4245,0.0088312,0.020025,0.40915,46.471,46.471,46.471,3.4132
225.18,225.18,216.01,216.01,402.55,402.55,311.61,311.61,202.01,202.01,201.57,201.57,228.51,228.51,206.27,206.27,190.13,190.13,185,185,70.137,42.848,24.27,17.358,19.188,17.478,12.103,10.079,76.413,48.94,15.964,14.814,83.727,80.859,77.413,58.729,4.5783,4.1949,3.3332,2.6055,1.3824,4.174,1.291,2.9401,1.4453,0.023692,0.9412,4.1514,0.008426,0.019735,0.42699,35.189,35.189,35.189,2.2076
189.51,189.51,174.46,174.46,431.15,431.15,388.89,388.89,199.16,199.16,131.55,131.55,201.11,201.11,199.46,199.46,184,177.59,177.59,168.52,60.678,7.6828,4.2197,4.1547,32.795,15.817,14.8,12.376,49.781,40.339,25.895,9.6744,59.23,25.986,19.846,13.35,7.841,5.1943,4.7744,3.6379,3.0912,3.9665,1.8619,2.6499,1.3416,0.014561,3.0526,4.0103,0.0076811,0.036561,0.38978,46.054,46.054,46.054,3.5133
207.93,207.93,173.92,173.92,371.96,371.96,291.35,291.35,194.32,194.32,153.89,153.89,224.62,224.62,183.74,183.74,260.3,260.3,202.98,202.98,34.975,17.75,14.267,9.4252,34.602,19.098,12.111,7.7447,23.407,12.951,10.105,10.062,42.497,40.475,37.168,31.83,6.5099,4.1097,2.7305,1.3352,3.1517,2.6119,1.8619,2.4585,1.4376,0.013054,3.1522,2.4211,0.0071472,0.022222,0.38588,25.341,25.341,25.341,2.6422
197.92,197.92,168.38,168.38,434.99,434.99,431.16,431.16,286.16,286.16,192.08,192.08,243.19,243.19,231.9,231.9,176.18,176.18,174.41,174.41,90.073,35.268,25.228,23.243,31.945,23.02,16.134,15.277,63.225,21.303,19.599,18.009,80.238,76.278,47.641,42.406,7.1354,5.8629,5.6081,4.3073,1.4298,3.2558,1.7701,2.4083,1.5129,0.016829,1.0954,3.2586,0.0089241,0.019373,0.35806,25.482,25.482,25.482,2.5421
238.33,238.33,208.31,208.31,464.83,464.83,341.07,341.07,324.4,324.4,304.33,304.33,289.92,289.92,239.1,239.1,286.49,286.49,233.91,233.91,73.897,41.234,19.977,15.353,54.651,23.954,21.609,12.374,60.101,23.542,22.457,8.1096,109.3,39.474,37.552,28.572,5.2007,4.6983,2.4868,1.635,1.5275,2.9059,1.9149,2.241,1.3333,0.0086864,1.1273,2.8604,0.007885,0.013603,0.14169,15.301,15.301,15.301,2.9322
209.8,209.8,147.91,147.91,483.28,483.28,353.04,353.04,232.55,232.55,222.95,222.95,269.44,269.44,263.36,263.36,275.25,275.25,212,190.36,55.707,34.27,23.131,21.61,28.349,24.605,22.814,15.708,33.965,19.289,13.066,12.664,112.78,74.283,59.467,57.29,9.4304,4.7369,4.4129,4.0226,3.4059,2.6625,1.542,2.8363,1.3824,0.016698,2.9379,2.6333,0.0064732,0.017823,0.42481,30.109,30.109,30.109,3.0316
260.69,260.69,220.07,220.07,479.18,479.18,424.86,424.86,185.63,185.63,184.81,184.81,386.1,386.1,238.83,238.83,243.23,243.23,220.63,220.63,50.168,30.636,25.083,13.502,64.872,25.824,24.416,18.294,37.861,24.514,11.228,8.0958,83.154,81.8,60.212,39.123,5.4497,3.6408,3.012,2.9698,2.044,2.3428,1.8439,2.4175,1.3333,0.0040222,1.735,2.2349,0.0053064,0.014855,0.11897,23.703,23.703,23.703,2.396
214.49,214.49,202.2,202.2,308.18,308.18,276.15,276.15,170.22,170.22,138,138,239.65,239.65,225.75,225.75,129.2,129.2,121.04,121.04,34.858,30.642,19.217,16.572,34.159,16.563,15.029,12.02,30.638,16.129,13.624,9.9499,83.651,66.846,49.692,48.456,6.1168,3.05,1.9534,1.2202,2.5078,2.5033,1.4757,4.158,1.2202,0.0047071,2.0068,2.3666,0.0060061,0.020208,0.35805,30.312,30.312,30.312,1.9426
184.57,184.57,149.56,149.56,308.79,308.79,294.43,294.43,156.51,156.51,137.63,137.63,270.08,270.08,235.87,235.87,165.91,165.91,147.84,147.84,48.261,34.813,23.052,11.549,46.205,23.984,20.127,20.016,30.418,27.275,25.566,20.187,81.424,57.093,56.175,52.376,12.134,3.6818,2.2893,2.0779,2.0817,3.7801,1.4142,2.556,1.1832,0.0076804,1.4713,3.6174,0.0064712,0.021705,0.13256,16.763,16.763,16.763,2.5784
248.42,248.42,224.3,224.3,383.3,383.3,305.56,305.56,139.57,139.57,107.11,107.11,224.13,224.13,215.44,215.44,170.3,170.3,156.42,156.42,44.934,25.901,17.244,13.224,29.225,22.197,21.071,12.126,27.545,27.291,23.445,19.504,92.05,52.631,40.615,34.564,3.0054,1.7044,1.1622,0.85258,2.4221,4.0222,1.8135,3.0514,1.2649,0.0068179,1.9828,3.7511,0.0047929,0.013087,0.19269,18.089,18.089,18.089,1.3971
332.66,332.66,298.75,298.75,426.79,426.79,384.94,384.94,225.49,225.49,186.14,186.14,242.67,242.67,225.14,225.14,279.94,279.94,279.06,279.06,24.445,17.595,14.818,14.025,36.018,9.3479,8.5923,7.9781,104.64,52.904,44.163,14.46,104.1,67.495,52.641,19.616,5.3295,5.2265,3.8421,2.6241,1.66,3.5621,1.9032,3.7594,1.3081,0.014213,1.3227,3.43,0.0062869,0.01945,0.34501,18.22,18.22,18.22,2.3618
323.38,323.38,243.82,243.82,312,307.53,307.53,283.88,164.62,164.62,154.05,154.05,484.26,484.26,387.01,387.01,276.36,276.36,250.5,250.5,69.172,61.928,51.556,29.794,37.809,23.58,16.958,14.933,68.475,40.496,32.387,26.244,104.69,96.775,52.364,51.184,6.8568,3.4292,1.761,1.0074,2.2755,3.5559,1.6262,4.4672,1.4376,0.014209,2.1277,3.3056,0.0053687,0.020473,0.44673,16.513,16.513,16.513,2.0121
193.53,193.53,190,190,186.13,186.13,182.73,182.73,110.82,110.82,88.479,88.479,188.56,188.56,183.12,183.12,254,221.47,221.47,204.44,39.236,19.502,19.411,14.641,16.745,15.785,12.477,12.081,39.214,20.38,10.718,6.2276,92.103,72.49,66.043,58.569,4.566,4.089,1.7264,1.6323,1.7321,5.7735,1.7512,2.6458,1.4907,0.0091907,1.1947,5.4936,0.0076901,0.018241,0.11469,15.921,15.921,15.921,2.1997
175.57,175.57,165.49,165.49,244.86,244.86,212.41,212.41,94.024,94.024,81.886,81.886,233.9,233.9,214.01,214.01,252.73,252.73,210.82,210.82,60.619,15.021,14.435,6.1136,34.438,33.783,22.675,20.245,41.131,23.639,12.477,10.18,122.2,101.27,75.54,31.25,5.1152,0.46625,0.30535,0.17664,1.5129,3.9243,1.6125,3.266,1.2383,0.0091313,1.0622,3.9543,0.0054937,0.017048,0.045629,15.555,15.555,15.555,1.5501
202.72,202.72,196.31,196.31,364.07,364.07,340.65,340.65,157.99,157.99,139.1,139.1,246.64,246.64,232.21,232.21,200.02,200.02,187.31,187.31,54.704,36.436,18.543,16.404,21.812,18.223,17.541,14.301,46.318,29.661,15.135,14.244,81.776,68.634,62.403,56.466,8.5117,8.095,2.9104,2.6719,1.7127,3.6301,1.3904,5.6431,1.3333,0.01562,1.2358,3.5955,0.0080472,0.017582,0.4876,22.296,22.296,22.296,2.7499
164.14,164.14,158.18,158.18,585.64,585.64,371.53,371.53,140.32,140.32,122.76,122.76,247.05,247.05,242.7,242.7,159.43,159.43,143.5,143.5,35.637,22.033,13.634,10.862,23.431,19.106,14.649,12.56,21.612,14.818,14.562,13.754,75.766,49.298,37.515,32.243,5.5089,3.9485,1.8957,1.034,2.7406,1.8856,1.5635,1.633,1.1832,0.013823,2.6059,1.6817,0.0061181,0.019854,0.4551,15.329,15.329,15.329,2.119
245.79,245.79,239.94,239.94,630.65,630.65,484.71,484.71,124.87,124.87,122.44,122.44,408.42,408.42,315.73,315.73,287.03,287.03,282.15,282.15,31.757,28.69,24.875,18.629,29.003,26.94,21.776,16.883,35.931,28.319,25.683,14.028,80.317,60.297,33.094,30.503,4.4172,2.2097,1.8501,1.2447,1.6262,4.3767,1.8499,5.8386,1.6533,0.0075421,1.2605,4.2691,0.0056158,0.020742,0.12517,13.356,13.356,13.356,1.9577
250.67,250.67,186,172.22,504.16,504.16,497.64,497.64,167.97,167.97,155.9,155.9,334.73,334.73,276.82,276.82,248.71,248.71,239.88,239.88,34.58,24.138,13.913,13.253,21.826,21.642,18.562,17.078,13.503,7.0347,6.5932,4.3704,66.414,62.046,61.944,58.238,4.1598,3.0102,1.2953,1.2862,2.5254,2.5906,1.66,2.9851,1.3984,0.010856,2.2095,2.3218,0.0055817,0.010039,0.34638,15.819,15.819,15.819,1.6464
87,54.01,54.01,51.645,63.53,63.53,62.501,62.501,151.03,151.03,146.34,146.34,57,39.258,39.258,34.845,101,78.261,78.261,78.047,4.3163,1.8107,1.2428,1.0126,75.441,52.845,30.185,28.041,4.1281,2.7183,1.4064,1.1955,103.81,32.469,7.8294,7.0825,-3.2704,-3.2704,-3.2704,-3.2704,1,2,0,3,1,2.2455e-15,0,0,8.9821e-16,7.1857e-15,0.47762,26.526,26.526,26.526,0
187.75,187.75,161.95,161.95,64.163,64.163,60.913,60.913,84.47,84.47,82.621,82.621,111.31,111.31,92.818,92.818,93.941,93.941,58.99,58.99,19.065,13.081,4.0904,1.0506,38.328,32.733,20.95,19.871,57.314,44.197,22.582,6.9624,13.827,5.0753,1.3174,1.1115,-3.2704,-3.2704,-3.2704,-3.2704,1,2,0,3,1,2.2455e-15,0,0,8.9821e-16,7.1857e-15,0.47741,28.51,28.51,28.51,0
154,127.88,127.88,119.75,52,35.969,35.969,31.957,131,93.862,93.862,92.877,83,46.878,46.878,43.914,58,25.116,25.116,24.949,0.79159,0.124,0.097935,-0.060544,10.586,1.7893,0.86587,-0.35486,5.2128,3.2648,0.79028,-0.126,17.77,17.747,14.221,5.9192,-3.2704,-3.2704,-3.2704,-3.2704,1,2,0,3,1,2.2455e-15,0,0,8.9821e-16,7.1857e-15,0.19577,16.267,16.267,16.267,0
120.13,120.13,114.59,114.59,52.764,52.764,51.438,51.438,128.36,128.36,109.37,109.37,62,59.871,59.871,53.404,53.039,53.039,51.987,51.987,4.7103,2.0591,1.5756,1.1413,57.158,49.941,43.897,28.189,30.799,7.3843,3.0403,2.1151,43.341,22.454,16.938,12.031,-3.2704,-3.2704,-3.2704,-3.2704,1,2,0,3,1,2.2455e-15,0,0,8.9821e-16,7.1857e-15,0.44572,24.36,24.36,24.36,0
125,91.326,91.326,84.604,112,72.657,72.657,55.001,144,126.75,126.75,94.709,65,46.443,46.443,45.409,73.817,73.817,66.72,66.72,8.9245,1.9744,1.8162,1.6797,32.975,18.582,11.664,10.564,7.8605,6.204,5.6574,4.7863,10.185,7.4737,3.2466,3.1488,-3.2704,-3.2704,-3.2704,-3.2704,1,2,0,3,1,2.2455e-15,0,0,8.9821e-16,7.1857e-15,0.45074,22.514,22.514,22.514,0
157.4,157.4,149.96,149.96,93.8,93.8,69.702,69.702,106.85,106.85,100.95,100.95,88.06,88.06,78.032,78.032,109.16,109.16,103.02,103.02,14.755,5.8814,1.9539,1.5471,105.77,8.0396,7.3227,6.1641,51.239,4.6615,2.6461,2.274,4.3611,4.2655,3.0742,-0.59787,-3.2704,-3.2704,-3.2704,-3.2704,1,2,0,3,1,2.2455e-15,0,0,8.9821e-16,7.1857e-15,0.39756,22.458,22.458,22.458,0
229.87,229.87,223.47,223.47,82.319,82.319,63.093,63.093,166.12,166.12,160.06,160.06,51.542,51.542,45.692,45.692,71.202,71.202,62.865,62.865,14.183,5.0433,4.9777,3.3458,53.764,33.03,14.989,13.821,59.191,14.27,9.9252,3.8132,46.232,39.038,6.9527,4.6275,-3.2704,-3.2704,-3.2704,-3.2704,1,2,0,3,1,2.2455e-15,0,0,8.9821e-16,7.1857e-15,0.48786,26.811,26.811,26.811,0
113.51,113.51,108.99,108.99,68.121,68.121,63.037,63.037,151,91.665,91.665,88.641,56.4,56.4,51.685,51.685,57.813,57.813,57,44.435,16.275,2.9038,0.34452,-0.13853,44.119,11.686,8.0326,6.9106,37.318,2.8139,1.9643,0.95684,29.229,5.805,5.5937,4.8271,-3.2704,-3.2704,-3.2704,-3.2704,1,2,0,3,1,2.2455e-15,0,0,8.9821e-16,7.1857e-15,0.50573,23.402,23.402,23.402,0
195.29,195.29,173.89,173.89,73.51,73.51,71.24,71.24,71.539,71.539,66.829,66.829,137.22,137.22,134.87,134.87,53.807,53.807,42.762,42.762,31.517,25.835,2.9191,2.5778,101.47,62.946,55.198,13.409,63.143,22.356,16.067,1.1003,20.952,13.677,10.423,4.5837,-3.2704,-3.2704,-3.2704,-3.2704,1,2,0,3,1,2.2455e-15,0,0,8.9821e-16,7.1857e-15,0.46892,23.155,23.155,23.155,0
139.14,139.14,136.52,136.52,56.948,56.948,54.954,54.954,116,110.88,110.88,106.17,43.01,43.01,38.862,38.862,74.977,74.977,68.254,68.254,8.4609,5.6617,2.5734,0.84708,36.765,23.7,20.044,7.6977,27.267,8.2232,3.0831,1.0164,42.209,27.466,7.4238,6.0369,-3.2704,-3.2704,-3.2704,-3.2704,1,2,0,3,1,2.2455e-15,0,0,8.9821e-16,7.1857e-15,0.44842,19.81,19.81,19.81,0
135.67,135.67,121.79,121.79,67.951,67.951,49.348,49.348,125.47,125.47,98.747,98.747,58,55.407,55.407,39.927,69.591,69.591,68.187,68.187,7.9362,2.8488,2.4791,0.47322,86.013,29.738,8.1288,7.4386,22.9,12.656,10.165,8.2994,152.09,33.614,25.169,16.394,-3.2704,-3.2704,-3.2704,-3.2704,1,2,0,3,1,2.2455e-15,0,0,8.9821e-16,7.1857e-15,0.46961,21.449,21.449,21.449,0
151.02,151.02,121.52,121.52,118.78,118.78,111.63,111.63,91.307,91.307,83.942,83.942,115.53,115.53,98.774,98.774,45.835,45.835,38,36.63,18.783,5.4826,4.8926,4.7266,69.045,53.899,47.072,7.794,8.603,7.6753,6.4368,6.1141,11.244,7.9395,7.7183,5.2132,-3.2704,-3.2704,-3.2704,-3.2704,1,2,0,3,1,2.2455e-15,0,0,8.9821e-16,7.1857e-15,0.4915,25.892,25.892,25.892,0
103.5,103.5,102.96,102.96,91.819,91.819,77.429,77.429,191.99,191.99,182.72,182.72,60.711,60.711,56.599,56.599,104.94,104.94,93.116,93.116,17.457,9.2705,7.2756,7.1199,77.422,24.049,15.594,8.4324,9.5743,5.8053,4.0699,2.2771,19.192,9.5527,7.8304,4.5652,-3.2704,-3.2704,-3.2704,-3.2704,1,2,0,3,1,2.2455e-15,0,0,8.9821e-16,7.1857e-15,0.47367,25.84,25.84,25.84,0
163.2,163.2,143.82,143.82,167.56,167.56,166.86,166.86,141.63,141.63,135.4,135.4,128.48,128.48,119.45,119.45,50.921,50.921,47.966,47.966,22.7,11.291,5.8978,4.2598,79.045,78.803,49.939,12.424,26.455,22.818,18.447,8.5429,88.416,23.836,15.671,13.374,-3.2704,-3.2704,-3.2704,-3.2704,1,2,0,3,1,2.2455e-15,0,0,8.9821e-16,7.1857e-15,0.47804,24.289,24.289,24.289,0
181.11,181.11,180.53,180.53,62.682,62.682,57,47.809,96.284,96.284,92.153,92.153,73,39.092,39.092,35.07,77,63.553,63.553,58.849,5.4561,1.9237,0.48525,0.4691,116.19,61.513,7.3803,5.9004,23.798,15.157,7.0613,6.3185,43.158,16.637,1.7082,0.55454,-3.2704,-3.2704,-3.2704,-3.2704,1,2,0,3,1,2.2455e-15,0,0,8.9821e-16,7.1857e-15,0.49831,23.487,23.487,23.487,0
69.799,69.799,62.435,62.435,57,55.776,55.776,51.189,117,113.51,113.51,98.597,57.046,57.046,39.618,39.618,68.205,68.205,64.417,64.417,4.5173,4.3611,3.9618,3.8056,143.18,42.665,20.691,5.4724,14.165,9.7994,5.5641,2.5411,63.642,38.358,5.6608,5.2381,-3.2704,-3.2704,-3.2704,-3.2704,1,2,0,3,1,2.2455e-15,0,0,8.9821e-16,7.1857e-15,0.46225,21.655,21.655,21.655,0
237,148.12,148.12,143.38,91.49,91.49,89.701,89.701,195.81,195.81,191.22,191.22,128.18,128.18,125.29,125.29,126,89.959,89.959,59.5,21.217,6.2109,1.5187,1.5157,36.168,27.347,17.979,8.5337,2.7915,1.3846,0.39058,-0.23996,19.442,5.8939,3.701,2.5707,-3.2704,-3.2704,-3.2704,-3.2704,1,2,0,3,1,2.2455e-15,0,0,8.9821e-16,7.1857e-15,0.49677,20.917,20.917,20.917,0
130.28,130.28,106.9,106.9,336.53,336.53,291.81,291.81,166.25,166.25,166,162.82,168.56,168.56,154.95,154.95,135.46,135.46,122.91,122.91,12.34,8.8995,6.8529,4.3841,72.315,40.568,38.005,30.523,25.154,16.687,11.563,4.3118,39.161,37.175,24.672,15.446,9.0516,6.2235,5.6033,3.9702,1.3984,1.5129,1.4606,1.5348,1.2202,0.010715,1.0531,1.0135,0.0095731,0.01306,0.59292,17.971,17.971,17.971,3.5664
83.78,83.78,83.593,83.593,182.75,182.75,176.6,176.6,103.55,103.55,94.706,94.706,104.5,104.5,69.996,69.996,151.83,151.83,133.34,133.34,24.328,7.4482,6.1538,4.6311,99.157,69.841,66.137,51.992,17.525,11.886,11.415,9.702,39.604,38.82,37.563,25.193,9.8707,9.1903,8.8329,7.9757,1.8196,1.66,1.325,1.2737,1.4376,0.017472,1.0579,1.3227,0.0099103,0.02569,0.59862,23.257,23.257,23.257,5.1161
112.01,112.01,81.431,81.431,156.88,156.88,147.8,147.8,167.96,167.96,167.44,167.44,285.89,285.89,260.84,260.84,163.56,163.56,117.46,117.46,69.332,29.397,25.043,15.76,49.072,44.862,26.016,14.379,13.074,9.9255,9.0982,8.7432,74.331,71.547,52.879,30.842,8.7074,7.1647,7.0498,5.5666,1.7826,1.8797,1.4682,1.5129,1.3904,0.022422,1.0565,1.5805,0.010568,0.018522,0.54956,21.223,21.223,21.223,4.4191
79.758,79.758,74.759,74.759,143.47,143.47,128.76,128.76,92.334,92.334,81.851,81.851,112.59,112.59,108,106.7,151.11,151.11,144.45,144.45,11.26,10.449,9.3439,6.0004,77.661,34.082,24.366,17.445,14.053,4.3276,3.9769,0.9473,85.285,51.324,27.591,16.944,12.493,8.1735,5.9876,4.6253,1.8318,1.4832,2.0276,1.5129,1.3081,0.024169,1.1947,1.1472,0.011944,0.014317,0.5693,21.386,21.386,21.386,5.3098
98.204,98.204,97.128,97.128,151.8,151.8,115,96.284,123.44,123.44,121.27,121.27,134.76,134.76,123.37,123.37,157.16,157.16,140.59,140.59,22.974,19.72,4.4472,1.9548,114.96,54.426,34.172,30.416,24.92,4.616,3.6954,2.6928,46.439,17.269,14.351,13.391,9.8474,7.937,6.0345,5.0726,1.4063,1.6125,1.7448,1.1926,1.3581,0.48149,1,1.0636,0.13436,0.056391,0.56423,19.95,19.95,19.95,3.8442
111.69,111.69,101.96,101.96,229.21,229.21,220.37,220.37,125.42,125.42,111,110.32,156.28,156.28,128.01,128.01,149.7,149.7,134.21,134.21,44.396,19.231,16.588,10.69,113.92,16.096,15.646,12.604,21.984,13.548,10.943,10.51,68.408,61.703,48.447,47.393,6.9871,6.6756,4.7493,4.6889,1.7192,1.542,1.3081,1.5055,1.2472,0.0091871,1.1755,1.1042,0.0080898,0.015727,0.50635,13.671,13.671,13.671,3.3316
117.24,117.24,85.922,85.922,97.815,97.815,88.362,88.362,100.78,100.78,88.691,88.691,200.88,200.88,193.35,193.35,184.14,184.14,150.86,150.86,43.605,26.605,18.989,8.5812,30.971,21.403,19.983,14.528,14.993,13.255,9.9051,9.4265,59.616,18.314,17.978,15.246,9.6509,5.7676,5.6799,2.9482,1.4832,1.6931,1.5275,1.5202,1.633,0.48232,0.91176,1.3817,0.1346,0.045894,0.53947,17.43,17.43,17.43,3.6848
118,103.36,103.36,85.161,184,105.93,105.93,98.986,127.65,127.65,109.73,109.73,224,207.21,207.21,170.44,220,155.4,155.4,146.27,6.1292,3.1925,2.3187,0.51093,19.642,6.3146,3.1084,1.6679,9.16,8.9254,3.8561,3.1518,68.739,36.331,21.836,11.069,7.7917,5.3172,5.2252,4.3352,1.5916,1.5348,1.4453,1.325,1.4063,0.014754,1.1069,1.0707,0.011082,0.014991,0.52919,16.536,16.536,16.536,4.1409
127.35,127.35,100,97.632,169.34,169.34,166.77,166.77,160.93,160.93,146.88,146.88,339,260.31,260.31,247.98,146.56,146.56,139.7,139.7,6.5772,6.1411,3.1046,2.5151,32.608,14.468,13.436,7.7352,8.7591,4.9717,2.3575,0.37121,34.045,32.389,19.902,19.858,14.602,12.216,11.598,11.23,1.5846,1.5706,1.4376,1.2383,1.3744,0.013631,1.0721,1.1862,0.013093,0.022069,0.56246,22.699,22.699,22.699,5.4106
211,174.66,174.66,156.66,238,226.18,226.18,208.65,141.1,141.1,129.96,129.96,385.5,385.5,359.66,359.66,152.11,152.11,125.69,125.69,42.434,33.995,17.34,10.533,65.257,29.528,27.364,21.454,25.568,3.3501,3.0669,0.24303,34.112,28.151,16.384,14.726,9.0225,7.7977,7.1554,6.7805,2.1705,1.8074,2.7809,1.9607,1.5492,0.48163,2.0025,1.3038,0.13447,0.039348,0.54779,14.445,14.445,14.445,3.9093
120.27,120.27,101.06,101.06,266.37,266.37,265.13,265.13,177.47,177.47,162.6,162.6,283.92,283.92,245.65,245.65,184,184,181.96,181.96,30.816,18.424,11.381,7.4013,51.6,18.582,12.449,8.7656,20.868,15.903,8.393,3.0981,47.936,42.713,42.042,30.668,7.6206,7.1538,5.8147,3.9585,1.6865,1.6193,1.2824,1.5706,1.4142,0.017683,1.1,1.3688,0.010545,0.019875,0.6006,20.869,20.869,20.869,4.5571
85.178,85.178,75.167,75.167,211.31,211.31,209.09,209.09,164.85,164.85,149.18,149.18,237.87,237.87,230.31,230.31,76.262,76.262,69.885,69.885,56.372,12.977,8.674,2.8112,38.697,19.705,10.196,8.0573,15.99,11.979,6.3429,6.0365,63.221,20.007,17.911,12.227,9.2497,7.7482,5.9509,2.0003,1.9379,1.8856,1.66,1.4376,1.5202,0.013141,1.6508,1.4327,0.013112,0.012381,0.62058,21.768,21.768,21.768,3.5319
86.065,86.065,72.752,72.752,295.27,295.27,273.86,273.86,172.55,172.55,160.76,160.76,205.18,205.18,178.14,178.14,155.56,155.56,148.22,148.22,34.491,33.32,9.6833,3.7848,24.536,18.784,18.416,13.869,14.588,13.316,9.1705,7.5263,73.551,49.267,24.38,14.644,8.3447,6.8645,6.7148,5.9816,1.5055,1.6193,1.542,1.4832,1.2996,0.010129,1.0745,1.1913,0.010054,0.011108,0.58034,21.868,21.868,21.868,4.9426
92.082,92.082,83.052,83.052,103.23,103.23,100.29,100.29,140.81,140.81,140.61,140.61,188,144.43,144.43,132.87,115.43,115.43,108.76,108.76,16.214,3.8647,0.52338,0.47279,46.908,23.273,20.844,15.32,14.46,11.693,7.2463,5.855,101.44,44.614,23.581,17.895,14.487,9.5632,5.8043,4.4561,1.4298,1.7448,1.3081,1.4606,1.3166,0.48057,1.0954,1.5563,0.13511,0.031823,0.53767,15.139,15.139,15.139,4.4379
90,55.307,55.307,46.362,120.01,120.01,111,103.61,100.8,100.8,82.813,82.813,114.05,114.05,96.352,96.352,69,53.968,53.968,53.652,17.598,7.4913,4.8861,1.1189,42.219,39.471,34.029,10.518,5.803,3.1955,2.5211,0.36661,1.6905,0.97062,0.75676,0.28735,6.5802,5.7534,3.0065,2.4607,2.7406,1.8196,2.071,1.453,1.5492,0.010199,2.5132,1.0579,0.0094979,0.013536,0.56549,16.066,16.066,16.066,3.0812
119.89,119.89,96,87.759,195.18,195.18,178.59,178.59,106.89,106.89,100.6,100.6,129,122,122,119.67,206,139.07,139.07,119.03,33.897,15.639,6.5394,1.4238,48.138,46.877,35.916,11.857,12.47,9.8178,8.5695,2.0987,60.829,54.592,42.486,30.688,9.6235,6.2109,5.7998,4.4376,1.7951,1.291,1.5129,1.5275,1.3984,0.026517,1.4432,1.042,0.016896,2.5043,0.51897,21.941,21.941,21.941,5.7493
135.15,135.15,105.8,105.8,111.45,111.45,108.07,108.07,123,105.51,105.51,103.43,342.5,342.5,303.33,303.33,125.2,125.2,109.18,109.18,57.567,46.621,45.559,22.034,38.531,13.94,11.88,9.1313,21.89,11.419,6.5967,5.0244,53.8,35.846,22.959,19.7,13.203,11.138,7.6928,6.9999,1.3984,1.8915,1.7062,1.7764,1.3744,0.015002,0.96505,1.7633,0.011686,0.015496,0.58274,18.333,18.333,18.333,5.2696
81.165,81.165,71.679,71.679,195.9,195.9,191.78,191.78,168.46,168.46,168,142.96,231.16,231.16,215.18,215.18,168.62,168.62,150.28,150.28,29.029,12.259,5.7686,5.4105,56.444,53.717,31.852,13.81,11.829,8.6413,8.114,6.2711,102.07,42.551,15.643,14.998,10.888,6.4606,6.1485,5.1022,1.4981,1.633,1.4376,1.3333,1.3824,0.014852,0.99087,1.2102,0.011933,1.4819,0.54731,14.958,14.958,14.958,4.5772
111.95,111.95,108.38,108.38,228.13,228.13,213.97,213.97,143.05,143.05,141.38,141.38,230.31,230.31,199.54,199.54,146.64,146.64,140.14,140.14,26.458,18.31,14.299,12.374,48.203,27.621,17.406,14.008,19.9,15.009,14.775,9.3666,65.928,55.258,48.793,38.819,11.417,10.996,10.317,10.045,2.3758,1.422,1.3416,1.5776,1.633,0.011349,2.0467,1.0225,0.022969,0.036652,0.58906,24.877,24.877,24.877,6.3087
92.043,92.043,89.514,89.514,271.42,271.42,220.74,220.74,103.08,103.08,85.386,85.386,176,172.89,172.89,157.21,141.84,141.84,110,108.45,45.542,27.068,26.546,21.757,27.091,26.672,20.545,19.114,15.206,11.933,8.2687,6.9545,32.315,29.652,14.772,12.807,12.195,9.7043,5.3785,3.2062,1.4757,1.5563,1.4063,1.1155,1.3081,0.4794,0.92823,1.0787,0.13473,0.032252,0.54437,13.694,13.694,13.694,4.0801
