290.76,257.31,72.284,-228.3,11.929,-71.43,1.6564,31.984,-12.486,-18.064,35.686,18.161,-17.937,15.918,7.9316,-18.666,22.374,-35.145,16.373,-17.246,1.8084,12.181,-10.16,-16.215,-9.131,4.5483,-2.4878,10.458,-2.2739,5.917,0.79612,-6.0337,1.3144,-0.064296,-2.8362,0.65509,0.33797,1.5429,-5.6441,-4.8859,1.5302,3.7914,2.2208,-0.40201,-1.7383,-1.0862,-1.6308,-0.44982,0.019855,-0.28248,0.0024495,-0.063688,0.015849,-1.1488e-05,-0.00012885
161.73,269.68,-21.148,-144.02,147.59,-40.007,47.08,-52.094,-62.715,12.704,20.302,5.1943,-2.8446,-10.554,-0.18985,-11.147,7.1513,0.090484,8.4341,-10.758,11.061,-17.903,-6.3298,8.0564,-2.0147,3.9543,-1.1381,-0.026266,2.1474,-4.3113,3.9804,5.484,-7.2636,-4.8251,0.13021,6.5638,2.9992,1.2328,3.0554,4.9945,-7.7757,-0.45362,-8.9952,1.5602,-1.1702,-1.5214,0.56025,0.22343,-0.095881,-0.18659,-0.035293,0.055094,0.0095311,-0.00017731,2.3802e-06
415.88,164.08,172.37,-66.025,111.99,48.004,18.896,-39.63,-11.443,-37.353,-9.1695,-11.284,8.2816,-12.259,18.19,2.0845,-16.769,-2.4148,-5.1284,-8.8688,0.053423,-0.49304,1.3204,-2.1677,-7.7501,1.805,7.0713,7.0358,-1.1972,0.21114,3.7593,-1.4347,12.61,3.6385,-0.4092,1.096,3.1068,-2.0139,-2.3049,0.39127,0.68455,-0.13267,2.5725,-1.6581,1.3783,0.57904,0.072703,-0.04901,-0.084699,-0.10682,0.048387,0.035219,-0.040295,-0.00014911,-3.7099e-06
275.29,109.51,164.92,-79.435,86.435,-3.7038,1.6646,-11.817,-16.114,-37.54,20.571,31.047,24.6,-18.318,6.1222,16.988,-10.199,-10.701,12.012,-4.87,2.3942,-3.9453,3.1542,-5.7835,-3.1625,6.152,-0.73534,8.0821,-3.0484,2.8243,-1.267,-1.0429,-6.6043,4.1325,0.88259,-5.7309,-2.3807,-0.73946,2.3074,-1.7439,0.38064,1.983,0.35936,0.80314,0.81552,-1.0929,0.43356,0.41154,0.18517,0.15306,0.10259,0.028847,-0.0045821,0.00048073,0.00013362
389.15,159.52,86.938,76.264,10.197,10.948,0.85794,21.935,-16.056,-23.789,3.0729,-18.003,-18.714,23.662,27.696,2.1021,15.006,4.8165,-5.0594,0.852,10.849,-10.213,8.9865,7.2683,-2.7075,3.5909,4.4209,6.8737,2.55,1.0146,1.8088,-0.79551,0.35788,3.3756,1.1062,-1.2274,2.6853,-0.052726,3.4,1.8227,2.1932,-0.48567,2.4812,2.5215,-1.2712,2.1486,-0.81366,-0.16663,0.066634,-0.005097,-0.081757,-0.038277,-0.013171,0.00054643,-5.0252e-05
156.05,179.46,-29.303,-138.52,133.51,3.8074,11.852,-25.935,-46.22,-37.042,26.999,15.575,-23.415,-1.5467,18.476,-4.9147,14.383,1.3135,9.9464,-14.925,2.0659,-9.1175,-0.92642,1.5975,-1.7837,0.96882,4.0025,-2.2923,-3.9785,-1.2089,8.43,4.0047,-1.177,0.045194,-2.6092,-4.3225,-1.5439,6.1224,-4.2481,3.0733,0.63154,1.107,-0.46907,-1.7434,-0.14769,-1.9968,-1.1495,-0.22408,-0.1699,0.092566,-0.020893,0.024825,0.023487,-9.0744e-05,-8.7931e-05
262.47,283.93,127.56,-72.367,41.909,-46.679,79.768,-126.21,-77.466,51.5,14.988,10.673,12.05,45.535,-16.452,-15.583,-2.1749,6.3916,3.3109,-2.5162,-4.7451,4.0325,-1.7767,3.2726,13.113,-5.7537,-2.5141,0.3861,0.78585,-3.1856,-7.0532,-0.45137,3.7731,-4.9692,1.4334,-2.7305,-2.2854,-3.4707,-2.0904,-0.81939,5.032,1.3463,1.6395,-0.33335,0.92252,1.0286,-0.34336,-0.16268,0.1176,0.22193,-0.051123,0.048377,0.014089,0.00047627,0.00016415
211.43,219.31,156.27,-83.2,57.615,10.601,-7.295,-16.169,10.019,-33.217,4.4512,16.869,20.125,-1.7797,4.4295,-1.7497,7.3952,7.5052,4.974,1.3421,7.1191,0.98345,5.154,-7.3161,8.0613,8.364,-2.2427,-2.2272,1.7782,6.1142,-5.1269,1.1144,2.7705,4.8252,-2.3403,5.276,-5.4686,9.2582,1.7386,1.7161,2.3827,-2.2228,-1.9389,-5.8863,-0.84116,2.255,-1.0699,-0.084681,0.0214,-0.10993,-0.091504,-0.024268,0.0078012,7.1392e-05,-2.831e-06
136.35,117.04,46.143,-107.6,38.655,-11.534,-20.809,0.76675,-13.792,-33.654,1.9428,-3.8582,-16.492,-27.664,9.1664,26.583,10.584,45.659,-0.54642,10.733,-7.9877,1.0656,-7.9212,2.327,-5.3954,6.7787,8.9566,0.26997,2.6385,-3.627,6.9498,-1.1024,-0.81639,1.5231,-0.78874,-5.3167,-7.3396,-5.5353,3.2583,-4.3239,0.85378,-2.8388,0.11995,-2.2797,-0.9306,0.78459,-0.15569,-0.69432,-0.035583,-0.14498,0.18595,0.0085389,0.036615,-3.9445e-05,0.00037107
250.14,170.67,30.459,-76.624,2.5839,-25.099,19.128,21.005,2.6692,-10.261,-21.06,24.243,-59.563,-0.94901,-19.106,-19.566,-1.561,18.913,8.5902,4.6371,-7.1894,6.3687,-2.7134,-8.0508,0.0021224,3.7389,-2.6344,-8.6648,-2.6547,-8.8146,5.5006,-1.2789,1.6003,0.13442,-3.5403,-2.8158,-5.1031,1.2137,-2.1795,2.5053,0.23707,-0.58709,-0.57655,-0.69241,0.58534,-0.12607,1.0787,-0.79765,-0.14021,-0.073407,-0.073302,-0.0049807,-0.030499,-0.00022016,8.1155e-05
295.52,125.62,-33.15,-106.63,98.368,-36.725,-41.743,11.568,5.9213,-9.3796,-1.4517,-21.804,3.7969,28.216,9.908,7.692,15.7,-13.251,2.0604,-13.53,12.943,12.031,-12.517,-2.5349,-10.237,-2.6695,9.7675,-0.93318,4.7697,-2.5984,-4.7927,3.0209,-2.0425,3.9974,11.959,-2.49,-1.301,1.4496,0.62453,7.7521,-1.8756,-0.99266,2.2212,-1.9122,0.70154,0.21163,1.2408,0.24177,-0.049791,-0.20814,0.16173,-0.032723,0.0045953,8.5765e-05,-0.00011128
493.01,313.88,26.838,-275.46,33.724,-41.014,-13.155,0.83534,43.857,-21.719,32.632,-3.5609,-8.8082,-11.47,0.92915,-14.242,-11.705,5.2137,7.3348,2.2039,-13.441,-5.4095,2.961,3.0351,-4.1917,9.4934,-9.6805,-5.503,-4.5922,-6.1965,-2.6717,-3.3475,-2.995,3.6787,3.9387,-2.9715,3.8005,-2.7155,1.9308,0.40146,-2.1823,1.1633,-1.0107,3.5007,-0.019078,-0.54634,-0.17757,-0.067366,-0.16796,0.3751,-0.046529,-0.008436,0.029356,0.00031527,0.00041695
225.47,165.04,55.41,-111.96,96.981,-33.528,-15.539,-33.671,-1.1792,12.138,-10.951,12.488,25.894,4.6855,1.0492,3.3532,-0.93883,4.7408,8.0747,21.614,15.04,-0.88612,3.0587,-8.3895,-5.4916,3.1306,13.817,-4.9831,-2.611,-6.7747,7.7357,0.50754,-4.3424,-2.8687,-0.090785,-3.4766,2.0114,-5.7334,1.6201,-1.7474,-1.4802,-2.2492,1.7281,-0.93091,0.59637,1.3076,0.93494,0.14612,-0.13208,-0.13457,-0.048778,0.002622,-0.046645,-4.9278e-05,0.00014271
416.46,171.89,69.305,-159.58,32.963,-10.098,-42.771,-2.9171,13.003,-16.764,16.246,-2.1788,-11.215,-11.72,-12,5.5893,19.816,-8.1058,3.0657,14.848,13.362,-8.108,2.7428,8.6156,-0.83211,6.4386,5.239,-10.35,2.9576,-0.6182,-3.1161,-4.5309,-5.8304,1.8682,-3.1208,3.5162,-1.8704,3.323,1.6504,0.56999,1.2831,-1.319,1.5196,-1.786,4.4174,0.48079,-2.2463,0.27824,0.21705,0.19416,0.12722,0.0052349,-0.029503,0.00051462,-2.1582e-05
492.27,249.03,-20.006,-153.57,58.222,44.136,13.315,61.605,41.37,-39.457,27.031,-48.286,-37.464,14.74,19.636,-15.922,-25.642,13.611,-14.264,-8.0861,-7.3347,-7.2353,10.033,4.6319,0.95844,3.9388,-2.8923,-8.0576,4.3529,-7.3035,0.025958,-4.4517,-2.9514,-0.48664,1.7813,1.377,5.318,0.66194,4.5244,-0.74865,4.6404,0.45338,0.092517,2.3127,-0.19846,2.8435,0.77296,-0.04044,0.1647,-0.058435,-0.071021,-0.077457,0.027372,2.4697e-06,-4.8286e-05
294.33,310.12,-49.748,-101.57,182.59,40.334,13.371,-37.673,15.315,12.387,-54.25,3.5655,21.897,-4.1,15.831,-18.907,-13.896,1.312,-5.4631,10.08,2.4699,-1.973,-4.9656,0.71093,-2.0547,1.4396,5.3777,3.5189,-3.7563,-7.3099,5.6411,-1.5385,-0.89867,-2.6288,-2.6555,-0.53687,-0.35081,2.5918,-0.73125,-7.0124,0.51951,1.3701,1.2676,1.9032,-1.8948,-2.3255,0.88707,0.67059,0.1442,-0.22128,-0.00020077,-0.041223,-0.0097353,-7.2557e-05,-9.6732e-05
439.5,297.71,92.586,-249.04,-70.45,-24.699,8.2231,22.325,65.557,6.5833,-30.451,54.097,-10.202,-9.737,8.0765,-0.76599,3.4313,-15.821,-26.426,9.1768,-14.266,-35.4,-6.238,-15.843,14.181,-33.622,7.5659,1.5263,16.912,18.484,6.0899,4.9774,1.5875,-2.2547,3.9124,-2.8196,1.5094,0.60056,0.84474,0.48799,-1.2672,0.67391,-0.22261,0.84145,0.47472,0.027452,-0.1034,0.041485,-0.087843,0.0051613,0.047795,-0.024235,0.00042645,-0.00027434,0.00025291
252.8,244.22,21.583,-251.7,23.37,34.637,-6.9077,9.6437,20.648,-25.052,13.679,-17.007,18.193,-5.0732,-20.715,24.37,0.17965,-17.326,14.37,14.614,10.638,-0.39071,4.3736,-12.661,1.6053,-6.5342,-3.9197,0.055693,-3.6845,-6.0449,-13.472,5.8305,-0.91086,-7.937,1.4402,5.4651,-2.5326,-0.54146,1.704,-2.4304,6.0128,-0.66414,2.7512,3.7292,-3.7708,-3.6988,-0.86084,-0.16074,-0.16501,-0.013674,-0.055776,-0.0023281,0.00020715,-0.00010329,-7.9559e-05
51.946,172.19,8.7643,-38.108,-43.664,-14.583,-7.7105,-10.436,9.0385,22.011,3.2079,3.7369,-18.078,-3.7221,-14.027,-14.245,9.1399,0.46577,12.849,-21.668,8.1419,-1.4874,9.7309,-20.24,0.90445,11.306,1.5986,-0.52138,-0.54843,3.7189,1.1654,0.42816,-1.0669,4.4852,4.2113,-3.5184,1.3182,-1.9343,-1.7446,1.3352,2.4215,-2.9701,2.2694,1.7861,4.5362,-0.25098,0.87312,-0.043693,0.095612,-0.014558,0.06233,-0.033042,0.018412,-0.00022142,-0.00012108
301.24,242.8,9.5865,-247.97,77.737,21.514,19.092,-53.014,12.947,42.585,-39.503,-10.817,5.7146,5.9534,-13.448,-11.38,-31.756,10.119,2.9554,-7.2375,-8.4924,3.8452,-0.75457,-10.064,-3.9399,0.43042,-3.7071,-5.4688,-2.2688,-1.6646,0.74791,-3.3765,1.4347,5.4741,-1.9835,3.858,0.85424,3.4156,-1.8675,0.65659,-4.9419,-0.49874,2.4737,0.53139,-3.4294,2.8745,-1.1005,-0.33674,-0.59522,0.2678,-0.074819,-0.045379,0.013696,2.9963e-05,1.7021e-05
-45.523,-12.344,-159.31,-58.825,5.8304,33.018,-31.627,2.7957,-7.5136,28.378,-22.857,37.072,2.9464,12.413,-2.5518,6.8298,5.3631,-2.7686,11.431,1.8532,5.6042,5.4835,8.5123,7.4561,-1.6289,-4.5594,-7.4864,1.0638,-0.57771,-2.1637,-3.1334,1.8147,0.48014,2.7996,2.9129,-0.73845,-0.70278,0.72468,6.3026,1.6564,-1.896,-2.7919,1.4902,-0.95313,1.4027,-0.67136,-0.96339,-0.39336,0.12781,-0.12953,0.15449,-0.043039,0.0042111,0.00016753,-0.00012147
-203.99,-89.885,-46.173,-1.0321,22.728,12.849,-20.797,10.731,-2.4914,29.414,20.332,2.2665,1.3681,3.3219,-8.2926,19.246,3.1904,7.3885,8.5772,-4.5993,-4.8011,-4.8597,0.77327,-3.6136,-2.8509,-4.2366,-5.6456,-4.0698,-3.4859,-3.8988,-5.4911,-1.6975,1.2991,0.49533,4.2073,-3.8893,3.5039,0.81201,-2.0687,-4.5663,1.8871,-1.1003,-1.4652,-0.59359,0.61788,-1.2226,-0.84768,0.0065295,0.015012,-0.0043813,-0.073649,0.043898,-0.017388,-1.9612e-05,0.00025717
-80.701,-35.861,-122.59,6.9784,79.187,41.098,-16.606,7.2737,-21.869,52.135,19.057,11.853,2.7349,21.016,27.906,5.2721,-8.852,11.459,6.073,10.793,-0.53586,-1.9182,1.4163,1.1397,-2.7482,-2.6925,-2.2587,-1.6813,2.0078,-5.5043,-2.751,2.1244,0.40673,2.6707,2.7538,-4.6615,5.437,9.6751,4.7309,-1.6668,-0.48182,5.8074,-1.9094,0.62251,0.72635,-0.43237,0.29056,-0.44045,-0.44683,-0.22745,0.088228,0.046263,-0.1296,-7.6341e-05,-0.00013959
-129.84,2.2678,-110.88,-34.31,33.042,17.604,-4.1518,23.891,14.538,28.903,15.575,-4.4996,1.485,2.6812,15.775,-18.531,-15.057,-0.02001,0.47837,-4.826,7.281,3.6376,-4.2439,4.9487,-4.3211,-6.2079,-1.4037,0.99762,4.1469,3.1028,-1.6797,1.8505,2.8652,-2.1512,-1.2369,-2.5181,-1.4626,-5.2718,1.3891,1.8127,1.4443,0.6978,-1.2118,-0.46426,1.1596,0.29612,0.080629,0.1312,-0.054438,-0.2192,-0.1739,0.00927,0.022578,-0.00021951,-0.00010626
-158.76,-122.71,-64.128,-7.4905,70.076,21.349,-29.056,2.194,-12.149,9.3425,0.054428,-0.35977,-2.1775,-1.7334,28.372,-12.683,15.226,1.4736,-2.7859,5.3792,0.50433,4.6013,3.668,6.9081,3.4025,0.65054,-6.0866,-1.6051,2.8515,2.2231,-0.025839,6.1254,-5.0147,2.4076,-2.3589,0.88389,3.4345,-1.0745,3.5299,3.9719,2.6556,-0.33249,3.1333,0.0097496,-1.5898,-2.3762,0.79517,-0.57604,0.061974,0.048544,-0.053909,-0.020874,0.024194,3.2673e-05,3.2348e-05
-279.49,-49.781,-76.544,-38.407,51.705,91.927,-15.654,-6.7904,-9.6908,4.7051,-13.139,11.252,0.99201,1.2086,25.509,-18.786,5.3365,8.8809,2.3891,11.722,-2.1091,-8.0369,-12.918,5.576,-0.33926,8.8467,-13.936,-9.1727,-2.1717,3.6288,-3.5002,-2.6635,2.0575,-0.193,2.4898,0.063169,1.6776,1.164,3.2337,-2.1567,2.471,0.64687,2.1071,0.44006,0.30081,-1.3279,1.8019,-0.22639,-0.11441,-0.29567,-0.062119,-0.02911,0.018319,-7.1999e-05,0.00011869
74.504,-63.972,-131.29,-73.041,21.541,29.034,-21.497,3.1148,27.571,46.016,27.888,-9.2493,21.107,2.4392,1.795,10.022,-25.909,-16.997,9.9081,-6.3517,-2.6235,6.0229,4.0577,5.9353,-6.4268,7.4904,5.0335,-2.5261,11.588,9.5185,-0.19169,-2.0129,1.7007,-2.2638,1.1305,-1.6668,-3.4617,0.74035,-3.233,-0.72114,-5.8189,-2.4756,2.8805,0.64408,-1.0915,0.29269,0.23036,-0.6679,0.34133,-0.039852,-0.010427,-0.0047788,0.026688,0.00046589,4.4323e-05
-197.26,-33.774,-89.721,20.519,38.094,72.297,-25.998,8.2836,-7.1337,3.7859,1.5137,14.147,0.36055,-5.2732,12.674,-2.2938,11.744,-7.9699,-0.53451,-4.8999,-13.059,7.9876,7.8463,-6.9816,-6.3332,-2.7693,5.7286,2.2523,3.9676,-4.1347,-0.34984,-0.44429,-3.1158,-5.5381,-2.4997,-1.3745,-4.1936,-1.0438,-0.93792,-3.1634,-1.7402,0.14798,-0.64614,0.98705,1.4903,2.5661,1.5749,0.10489,-0.18393,0.021312,-0.076863,-0.032526,0.012513,3.8693e-05,-0.00013885
-201.95,-18.782,-104.19,44.764,-3.1538,23.652,-1.6104,10.363,14.421,35.178,23.375,6.1701,-18.475,-5.4426,14.708,0.072682,-11.396,-12.775,-9.8572,0.39543,1.2541,-7.2744,-8.5649,-0.095458,13.531,14.42,5.3388,7.0848,-3.4316,-1.033,-0.35452,-0.36312,1.629,-0.41106,-2.283,0.35456,-0.53126,-0.023408,1.4703,1.279,-0.95312,-0.19411,0.6989,1.2354,-2.0171,0.76968,0.58559,-0.30796,0.17578,-0.20496,-0.0020449,-0.060129,0.016584,-0.00022706,-5.5136e-05
-154.53,20.182,-78.759,32.549,10.818,72.871,19.121,12.067,-39.709,17.125,58.483,11.802,-18.648,-3.0373,-8.959,9.2938,-2.955,11.056,-9.7044,24.024,11.323,17.361,0.012427,-4.1887,-0.88422,-3.2342,17.889,1.929,-2.8742,10.205,0.85937,-6.895,3.9852,3.0884,5.5148,5.7337,6.743,3.111,2.7859,-4.6438,0.2055,-0.58616,-5.4167,-0.68459,0.44609,0.50634,1.6397,-0.10184,-0.32371,0.17331,-0.044615,-0.12074,0.030527,5.002e-05,-8.2937e-05
-203.65,-80.937,-75.684,-52.843,-16.74,50.967,-28.575,12.817,-6.9803,11.912,-5.3016,13.303,11.901,9.2298,32.534,-10.094,15.101,-0.83742,1.4918,4.8604,-0.40053,2.3471,9.1145,1.9338,-3.2151,0.79585,-1.9036,2.8072,1.0415,-0.13637,-1.8661,-0.33893,5.0519,-0.78287,1.4296,-1.681,-1.7377,-1.6664,-0.18684,3.8406,-2.4398,-0.68147,0.55715,1.0259,-0.29982,-0.92462,-0.15957,0.21173,-0.16732,-0.077873,-0.073029,-0.010897,-0.012087,0.00023586,-2.9555e-05
-305.05,-54.603,-45.592,8.6039,16.553,27.502,-1.2773,20.096,7.2017,25.751,18.472,0.13806,-4.7603,-10.644,7.9852,2.3995,11.085,-0.76427,9.0476,-2.7899,-3.7899,-4.8101,1.5546,-8.314,1.724,-7.3433,0.8045,6.2548,-2.0648,-6.8435,1.1934,-2.5023,1.2172,3.1089,1.022,-1.0533,-0.58721,-1.8827,-2.1498,0.64239,-0.42445,-0.20676,-1.005,1.5866,1.1208,-0.72517,1.2046,0.069718,-0.2968,0.19385,-0.064992,-0.0081287,0.017086,-0.0001914,-2.3588e-05
-101.34,-76.594,-51.272,-55.266,71.882,42.072,-23.653,7.2156,-0.20457,35.983,21.719,10.229,-14.292,15.009,-7.3552,10.779,-9.5558,4.444,2.0731,-5.5197,-4.9236,-5.0214,-1.224,-0.41853,13.734,2.2987,9.1439,6.0691,-2.0356,-1.5875,-8.0132,-4.7693,-1.2152,1.3194,1.1251,-2.7405,0.9693,-2.4869,-1.0292,-0.90373,-1.6122,1.7777,-1.5954,-0.79926,-0.023122,-0.94541,-1.3557,0.39064,-0.028096,0.025226,-0.1009,-0.022777,-0.0067927,0.00050779,0.00026707
-159.38,12.658,-107.96,3.2921,10.076,41.706,0.37703,26.424,14.995,17.929,20.527,-23.81,6.3844,-4.0237,18.766,-12.202,10.979,8.6178,5.0503,3.6493,-9.188,-0.17411,1.5623,-3.2925,-1.8876,-7.5684,-5.2995,4.2992,-10.654,6.6644,-3.0392,6.3022,-0.9716,-6.2067,-3.0297,-1.2168,-5.1581,0.5259,0.84713,1.6134,2.5634,-0.10443,-1.9186,-1.0501,0.97894,1.6134,0.74092,-0.036881,-0.14176,-0.001967,0.23528,-0.031575,0.037051,-0.00052252,-7.6556e-05
-182.48,-14.689,-122.27,-1.5739,46.181,-0.44471,28.858,4.3277,18.418,38.892,26.171,-5.8061,-4.2944,-0.46773,-2.1186,18.259,1.6841,4.3027,8.9909,1.3376,10.595,-7.071,1.4628,-3.9085,4.9197,-15.805,-5.7251,10.831,-4.3887,-11.832,4.7836,-6.7527,-4.6952,5.0024,-0.93599,2.4604,0.13502,-1.9054,-3.0315,3.2775,1.2066,1.5256,1.8787,0.43969,0.17659,0.68818,2.1739,0.15608,0.24948,-0.04138,-0.067803,-0.066005,-3.8773e-05,1.0644e-05,-0.00015446
-255.19,-27.868,14.812,6.5321,0.23995,27.767,-2.6513,4.5917,1.64,38.339,15.173,3.3234,-8.3877,5.2521,3.0544,7.0025,-17.36,-7.0685,15.436,5.8562,-2.1129,2.5182,1.6039,4.1016,-4.3102,10.653,3.2083,-3.8714,3.413,14.012,-0.42443,4.9837,-1.4967,-4.6065,-1.6342,-4.9647,-2.0796,1.4987,0.038315,0.46367,1.085,0.225,-0.83271,0.05288,-0.85779,-1.0754,-0.41002,-0.4395,0.16303,0.19338,-0.015017,-0.0052347,-0.039994,0.00055045,0.00010096
-142.68,-62.229,-24.828,-29.48,50.939,79.748,-14.068,4.2539,-5.6346,-4.4546,-4.2748,17.241,4.2419,3.8908,1.9432,-1.6416,-1.9382,-6.2566,1.1923,0.22265,0.59428,6.9503,-2.7083,4.4186,0.56816,-1.6865,-2.8782,-1.7693,6.5596,-2.7876,3.0706,4.9449,-8.4524,-2.0958,-6.4866,-1.165,-0.86062,-0.43181,0.75145,3.2795,2.2391,-1.186,1.6649,-0.14731,-1.3566,0.72784,-0.51824,-0.82897,-0.41389,0.20494,0.09675,0.012867,-0.010955,5.9021e-05,-0.00013353
-187.03,-1.9001,-78.472,-2.1658,16.189,45.352,-18.105,0.27588,7.899,14.149,14.117,13.107,0.87653,-3.841,4.3295,-5.8805,-9.305,-1.4168,4.6565,-4.4895,1.6878,4.3908,4.8208,-1.0545,3.3274,0.086525,-2.4938,-3.55,3.6788,2.6256,-0.96367,-1.6303,-1.6594,0.36362,-1.6967,0.39781,-2.8931,-1.6833,-0.48276,-1.1211,-0.13251,1.3662,0.081655,0.42409,1.3157,0.94613,0.70461,0.15143,-0.1057,0.16682,0.34128,-0.0059198,0.016968,-0.00011312,-0.000107
-313.48,-69.658,-58.474,-3.9056,29.953,-7.7219,-8.6512,4.6867,-12.019,27.693,10.581,6.2958,4.4844,15.07,-4.7251,-4.7092,-5.0264,-2.0058,6.1077,-0.53967,5.5396,-1.8649,8.2991,-1.4849,-1.1922,-2.9747,3.6409,-0.51409,2.3716,0.19952,3.9404,-0.50358,-3.0908,0.9729,-2.7986,1.5595,-1.2873,-4.6568,-3.0243,2.281,0.19438,0.13393,1.8664,-0.73288,-0.24802,0.1505,-0.59371,0.015218,-0.14946,-0.016781,-0.19115,0.014087,0.00042833,6.9844e-05,7.3345e-06
-13.388,-69.542,70.07,33.367,-40.061,-26.421,32.728,-36.506,-46.016,22.368,37.466,-15.89,-39.383,-1.145,0.85111,-5.6639,-0.19704,-22.5,9.1731,-2.488,-11.441,-2.2846,-2.6211,14.058,-3.0177,0.69846,-1.8806,0.21082,2.6459,6.7976,-2.8219,7.5687,-1.4408,-1.3268,-2.4412,-5.6504,1.3119,6.3921,1.5207,-2.2983,-1.6126,-4.4116,7.2525,-1.3294,-2.5059,1.4366,0.97492,2.153,-0.58013,0.020221,0.010244,-0.00013252,0.014633,0.00021178,8.7113e-05
412.05,-202.37,7.0828,29.492,-81.719,66.99,18.58,33.78,-35.09,-18.565,-16.61,32.549,6.2645,30.745,43.433,-8.0311,15.332,8.0616,4.8802,10.366,1.9182,-9.1582,1.6831,-7.2905,-2.9608,5.7634,-2.387,1.254,-5.082,6.5865,-3.2182,-3.3786,2.8716,0.28549,-2.5519,6.0285,-0.46184,-7.7568,-2.8289,-5.2554,-0.72321,-0.068024,2.7742,0.27351,-1.4678,-1.5317,0.99713,0.54167,-0.058266,0.056616,-0.095087,0.007472,-0.047489,0.00072032,0.00029016
430.45,180.68,14.96,65.554,163.07,39.614,-6.6222,-19.123,4.4884,33.831,14.592,-13.842,-12.731,14.252,18.628,1.5928,15.026,-16.36,-28.884,7.4864,-10.314,11.751,1.8536,-12.807,0.093453,-0.16734,-6.9555,-11.645,5.0331,-1.7055,-6.4372,-0.012736,0.29128,-2.4075,-2.5285,5.4805,-4.3633,3.2384,-3.289,-4.1556,2.05,-2.1864,-4.8489,1.9414,1.8395,-0.0077667,-1.2047,0.36444,0.36048,-0.1492,-0.010175,0.047481,-0.054735,0.00017155,-0.00010136
673.46,-127.11,7.8296,127.21,-155.13,-22.67,-17.11,-10.282,27.014,11.819,-11.084,-5.0433,-38.016,10.385,-9.4932,-15.361,-6.1001,-7.3811,-0.47608,9.0968,8.5924,2.5964,7.6944,2.4683,-0.45651,-1.7417,1.9043,-6.3543,4.212,-1.0327,-1.3667,-6.0415,-7.3949,5.1356,-1.2951,-1.1504,1.9972,-2.7473,-3.1151,-5.708,-2.0255,4.7482,0.93799,-1.3193,0.86066,1.0385,0.9692,-0.54964,0.0095971,-0.26965,0.014205,0.082197,0.033452,-0.00035229,4.834e-06
466.59,-129.14,-56.587,164.66,-73.836,62.029,54.093,-42.499,44.914,-21.254,45.849,-49.755,16.567,-25.688,15.179,-30.862,20.882,18.731,20.798,15.384,15.523,-2.0779,-8.2716,-11.119,20.262,-9.961,-7.877,0.87008,0.81937,-2.2547,2.8943,0.3917,-0.97386,-0.26974,-3.4533,-0.21182,-0.30531,-1.5119,-0.79984,-0.20312,-4.2662,-2.1885,1.1175,0.1885,0.82408,0.46338,-1.2229,0.029488,0.051973,0.08692,0.15677,-0.0091541,-0.1095,0.00043897,0.00023804
817.26,-220.49,-150.34,-98.244,-38.069,-16.724,152.95,136.03,-61.371,6.7639,12.963,22.604,28.947,-12.344,-4.5554,1.2582,-35.504,-3.049,-2.6731,-3.2242,0.34299,-7.9718,7.0918,0.22233,1.2511,4.8874,7.1808,-6.5888,-1.121,-0.74422,-3.8934,-3.7731,2.8376,0.4754,-7.5247,-1.3095,-0.33948,3.0743,0.77271,2.6245,-2.3362,-3.6528,2.8486,1.4474,2.5432,-1.7387,-0.093883,-0.19699,0.065171,0.072129,0.071296,0.037937,-0.042388,-0.00026013,-0.00031137
756.15,-159.66,28.923,42.495,-32.774,47.655,23.099,30.955,-24.357,-4.006,9.8063,3.5148,2.3504,-11.362,24.133,20.6,-14.993,7.3705,-9.9057,-2.5696,-7.582,14.957,-10.612,8.1876,13.594,-7.4917,3.4627,-16.849,-10.094,2.2141,5.4911,5.7819,-4.5399,3.2971,8.4734,3.07,-6.132,-0.2577,-5.5322,0.71796,0.89952,2.318,-0.68042,-0.29566,-1.3972,-0.93807,0.67577,-0.25233,0.25651,-0.13848,-0.14177,0.031279,0.0084166,-0.00018453,0.00015028
303.83,-75.102,-64.025,97.028,-197.01,17.61,63.92,15.786,-53.865,-10.686,-14.328,21.736,-12.101,-14.822,9.5641,-10.118,0.0076758,-22.016,0.14662,-25.168,1.7495,-0.93915,2.417,1.9901,3.4152,-1.0693,-9.6473,8.9383,-4.259,4.2827,6.7981,-2.9641,-9.5268,-6.7531,4.6026,1.0423,-2.6096,-2.2667,4.5519,-7.7811,3.9504,-0.49024,-0.12514,-2.0595,0.11385,3.4259,-1.3724,-0.42585,0.18254,-0.018124,-0.02525,-0.036267,0.0086246,-2.6874e-05,-0.00016823
616.53,-41.309,-148.15,-124.78,-92.841,60.427,18.009,-16.627,25.931,6.9472,1.8425,-29.09,-37.448,1.124,-46.735,-25.726,-13.738,15.454,-6.6119,20.298,12.568,-2.0742,-0.2127,3.4253,-28.065,-4.2337,7.3749,15.224,-16.914,17.532,-7.4492,15.49,-0.52585,1.283,-0.96011,-0.27013,-1.1738,-2.9214,-1.8752,1.6341,2.0218,3.616,-2.0962,0.37947,1.1239,-0.18669,0.064258,-0.21742,0.10664,0.0075031,-0.034195,0.010541,-0.0090262,0.00019072,5.4408e-05
598.54,-217.74,-202.49,-177.94,-61.23,-15.978,-57.68,-28.793,43.86,-5.8026,1.3167,-5.1972,23.463,0.45625,21.036,12.83,-9.8153,1.9073,-0.85633,-14.92,9.0647,4.5612,2.1255,2.6004,15.291,4.8814,9.1862,12.554,-0.63371,-4.7865,-3.8494,6.3543,-4.7031,-5.7846,10.985,6.8726,-3.4262,-0.77393,-3.2928,-4.103,-2.3477,-2.5702,0.79512,-0.085851,1.6411,-0.51816,0.74273,-0.13676,-0.47249,0.34304,-0.19969,0.049992,0.0028447,-0.00018421,-0.00012878
716.09,-189.1,-203.13,-217.82,-154.09,-27.274,-46.834,-63.93,-33.164,5.1017,-9.3289,-3.611,5.2541,-11.011,36.714,30.902,5.3041,-1.4656,9.2299,-12.68,7.4592,-7.5941,2.1521,7.4528,-0.67273,-5.8419,-0.35565,-11.286,-7.1518,5.0393,-4.0622,-4.3417,4.863,-2.1195,-6.0952,-1.697,1.9658,-0.71378,1.1702,3.1317,-0.3628,2.7184,-2.0204,0.24086,-1.6425,1.7359,2.8479,-0.17082,0.34308,0.21656,0.11772,0.0050993,0.026285,-0.00061434,1.3924e-05
532.51,47.887,-135.43,-34.406,-202.26,12.788,-4.0819,-80.758,-15.351,-7.7788,-25.831,-20.017,-3.1619,6.203,18.281,11.107,-7.196,-2.8544,-9.0773,-13.216,-6.9676,7.3209,8.8609,16.297,-4.5049,-13.885,4.3893,4.5696,-1.3454,2.0312,-0.0071331,-9.4906,-0.022223,2.821,0.04362,-2.0317,0.23239,0.37638,2.9941,2.277,1.7191,1.2945,2.4438,-2.5139,0.95867,-3.449,-1.1369,-0.42731,0.19536,0.055867,0.099063,-0.024149,0.009385,0.00016709,-4.438e-05
776.03,-62.156,-300.7,-61.746,-207.25,10.357,-3.2249,7.955,18.858,21.66,-2.4049,5.6019,4.2288,-14.815,-54.255,-17.395,34.915,-12.654,-1.8909,4.7216,-2.9195,1.6657,0.38328,9.4498,0.95164,9.0731,-6.7023,-6.3844,4.2057,-3.6911,1.1081,-4.5469,-0.93041,-5.1486,-0.32483,5.4906,0.69667,-3.7902,-0.035819,2.5171,-4.7977,-1.708,-2.0835,-0.88932,-1.9572,-0.58892,-1.4313,-0.32926,-0.092402,-0.047626,0.037468,-0.076664,-0.017084,0.00039619,0.00042943
281.56,69.508,-2.7138,70.662,-245.12,-44.625,-35.206,-6.4227,25.925,9.4426,-6.9571,61.572,-82.344,-14.641,3.229,8.9716,-31.768,11.128,28.799,-3.4868,9.3241,16.102,3.6522,-0.044551,3.4355,-6.4543,-11.167,-3.7898,-1.1708,-5.8096,-0.60957,4.9361,2.8303,-6.3136,-1.0227,4.4497,4.7513,-1.4305,2.0986,-0.89607,0.03319,-3.4903,2.0844,-0.54283,2.3186,0.94357,-0.40139,0.93934,-0.08767,-0.071533,0.063844,0.016365,0.011,-0.00039762,-0.00019383
404.95,-117.77,-56.723,-72.518,-152.02,3.8332,2.165,22.364,2.4779,-6.7834,-15.37,-36.461,23.168,1.7004,14.924,0.55098,7.393,6.3341,-5.5785,-12.807,8.9517,6.5511,-30.037,1.6237,-2.2999,5.673,-3.4955,-2.9273,5.5505,3.5902,10.302,5.2893,-1.5014,-1.348,-7.1571,-0.027427,6.0366,-0.97902,1.4786,-1.0744,-0.20063,2.1573,-1.9414,-0.59134,1.7794,0.04243,-0.7434,0.48106,-0.59335,0.34478,-0.11492,-0.010815,0.0074854,-0.00038031,-0.00043747
382.75,72.367,-159.21,74.967,-209.59,-2.3739,-16.376,-35.256,5.7244,-11.885,-12.386,14.057,33.09,47.285,-3.6391,4.0153,3.9477,-28.655,3.2834,18.248,-3.0163,5.8551,3.7252,-3.1098,-2.1759,-1.4953,-5.1357,1.4202,-10.976,3.4215,14.949,-2.5108,-0.9159,4.4533,1.2316,-2.7504,4.4331,0.56921,-0.62149,-1.6259,0.9567,-7.8641,-3.9186,0.73416,-2.2521,0.68516,1.9775,-0.17648,-0.069276,-0.10264,0.11855,-0.051775,-0.013612,-0.00062341,5.72e-05
277.39,5.808,-120.84,118.7,-161.71,13.548,-20.367,-28.362,8.6195,-20.338,16.104,-3.969,1.4683,9.5285,-16.881,19.826,-6.5244,11.276,1.6071,8.1237,-4.6185,11.859,-3.5617,-14.272,6.0951,9.7836,-2.5152,3.1251,8.855,2.2172,8.7209,5.709,4.0096,5.7585,0.65866,-4.0457,-6.4106,2.7094,3.9352,0.74348,0.41106,3.3397,0.34416,3.4655,0.028905,-0.65257,-1.1643,1.0693,-0.28081,-0.052899,-0.065305,0.15296,-0.015264,7.7648e-05,-0.00012452
547.34,-187.01,-184.69,-184.14,-145.9,-6.0868,38.475,-5.9397,-15.042,15.683,20.973,12.673,9,-4.3703,-20.545,15.945,6.9712,11.41,-30.364,24.319,-2.5327,12.228,-1.2657,-0.38614,3.0433,1.177,-4.5047,5.9096,12.093,-11.079,4.2664,4.9787,4.3365,4.0952,0.20889,-4.6412,3.7446,2.0023,-2.1259,1.8191,5.6219,-1.4548,1.1888,-1.422,-2.1431,0.21285,-0.5835,0.60747,0.04804,-0.20342,-0.0067664,-0.0084193,0.017415,-0.00014854,-0.00013381
634.42,63.996,-239.25,-20.368,-109.13,8.581,-19.663,37.726,7.6015,28.953,8.5324,-30.698,14.704,-18.541,-21.623,27.618,28.296,13.814,-2.9712,-33.679,-20.147,2.3139,3.6801,-3.0847,4.0686,7.7635,-2.6987,-0.82889,-5.3532,6.8724,3.4172,-0.60811,2.1363,2.2292,1.5412,-1.478,0.38928,-2.2699,2.8733,0.63993,1.0013,1.32,1.1488,-0.45935,-0.76697,-0.49297,0.60176,0.8139,-0.013034,-0.28952,-0.11476,0.028635,-0.032073,-0.00015385,0.00040891
-378.46,-63.823,-75.613,6.9166,32.211,25.035,9.8175,4.2496,3.8695,-19.56,-9.2217,-7.2372,-2.2835,5.3248,-14.41,0.86256,5.1804,-4.9632,4.1699,-2.9908,6.3322,-5.6922,2.9219,-2.2874,1.1516,-10.188,-4.5647,2.0744,-2.1376,-4.9134,2.654,-1.607,0.18582,0.79034,1.8433,-1.2485,-0.62185,-0.96992,0.20392,-0.55582,-0.48545,0.92724,1.3498,0.24744,-0.75117,-0.34012,0.89056,0.26392,0.069641,0.266,-0.063357,0.082596,0.0034181,-4.2538e-05,-1.4628e-05
-373.59,-129.32,-55.878,-60.924,40.616,17.097,-13.427,-7.5886,-7.7997,-10.757,-14.233,-0.96075,-3.7639,2.3603,-6.4204,-6.5551,-0.33346,-1.3323,-1.5354,-1.7761,1.3694,-3.0567,0.2677,-3.7015,-2.4792,1.2784,1.7122,-0.68435,-0.22759,-1.0448,5.6086,1.2947,1.0114,1.804,-2.5288,-0.82552,0.66741,-0.43025,-4.54,1.8883,-0.61544,0.17519,0.95627,-0.65117,-1.3421,-0.40069,-0.31864,0.11691,0.087119,0.11111,-0.083453,0.068455,0.00332,-0.00015447,1.4236e-05
-431.32,-95.281,-40.683,-9.0896,34.506,19.996,0.71021,-10.465,-5.5145,-21.882,-4.0597,-1.1395,-2.6085,6.4804,-9.1765,-8.3951,7.3852,1.8901,-5.9519,-3.7806,-1.2755,-3.2328,0.65,-5.948,-4.1471,0.27924,-3.2811,-6.1736,-1.7132,-0.87236,3.3663,-0.51633,-0.59742,-0.58555,-0.67436,-1.5719,0.77549,-0.71271,-2.5476,0.86895,-0.20757,0.77628,1.3525,-0.93772,-1.3612,-0.48028,0.50897,0.20939,0.10347,0.11574,-0.025678,0.089335,0.0091174,-8.5906e-05,0.0001614
-371.26,-126.53,-55.1,-43.877,30.801,-12.427,-9.9011,2.3666,9.1725,-14.54,0.67615,-2.3671,-5.9676,14.161,-3.2265,-12.538,-6.0125,1.7694,-2.0797,-12.129,1.8927,2.9094,-16.353,-2.0293,8.9047,0.68278,8.7738,7.7537,3.3352,-0.63754,-2.2557,-0.64492,-2.3301,1.246,-3.4871,2.6459,-2.5868,-2.2085,4.0514,0.96393,1.5748,-1.1333,-1.3902,-0.78613,-1.8129,0.6811,0.53492,0.32271,-0.015263,0.053869,0.020263,0.0037672,0.0091484,-0.00011381,0.00011684
-264.31,-103.16,-51.043,-64.007,14.84,4.6303,29.231,5.0219,22.422,-1.3318,10.412,-15.409,-0.84271,15.731,-1.0094,10.254,8.4105,-5.5091,18.064,-4.5477,5.9582,2.5074,-19.256,-1.2208,-7.0252,-15.864,-3.4075,-4.7379,11.075,-1.5165,-0.58646,-6.3335,-0.93888,1.2792,1.1648,-2.5845,2.3859,0.31144,2.6671,-0.60944,2.1844,0.0002303,-1.0698,-1.121,0.45113,-0.024931,-0.7496,-0.43978,0.34615,0.24333,0.0023975,0.085304,0.019053,0.00026026,5.3414e-05
-279.64,-124.35,-57.466,-59.057,16.488,27.875,-18.05,-5.4816,2.4559,-14.493,-17.574,-8.7299,-7.6625,5.0852,-10.327,-2.2798,-7.5521,-6.4616,-4.6009,-7.6798,3.1617,-2.03,-5.0937,0.62044,7.3042,2.6565,4.6397,0.64621,-1.9773,-2.9848,-3.2473,-0.57644,0.28354,0.061101,2.3632,3.2012,-1.0474,-0.28389,2.3992,-0.62596,-0.36572,-1.3478,-0.76597,-0.59207,-0.80746,0.32668,-0.11621,0.47357,0.22942,-0.0004877,0.16838,0.041292,-0.012542,-0.00019689,5.6117e-05
-294.22,-105.06,-76.468,-65.388,11.057,65.014,-10.869,7.6222,-0.61604,6.9129,16.595,14.722,1.4382,2.8959,-9.7522,10.224,-4.4989,-3.9654,-3.7307,-6.1249,6.8294,-8.2959,5.4194,-6.3314,-13.211,1.8753,-0.55384,-0.70888,1.5115,-5.1752,4.8807,-4.3566,2.846,-6.73,5.2963,-5.5738,-4.609,2.9881,4.2394,-2.9492,-0.84392,1.1015,-1.0422,-1.2368,-0.71915,1.7727,-1.1244,0.31562,0.21523,-0.17703,-0.091399,-0.034666,0.011181,0.00046958,-2.5686e-06
-316.26,-130.13,-69.722,-60.107,28.058,-11.933,-9.1835,-10.117,2.2181,5.5993,11.143,-7.201,-0.23262,-7.4803,-0.14619,7.4592,-9.0958,10.027,-5.7851,-5.431,4.1667,-6.7401,2.3412,-7.4931,-9.0426,-0.64932,-2.1552,-4.6067,1.1857,-3.7075,5.6483,0.66455,0.2593,-5.2286,0.51862,3.5845,1.4877,0.72929,1.0843,-0.0064639,2.8297,-2.4526,-0.4643,-1.6454,-1.5852,-0.67912,-0.60845,0.16478,0.3189,0.024014,-0.047069,0.050233,0.040947,-0.00021839,0.00010557
-280.74,-112.62,-82.044,-81.309,24.364,21.322,0.72993,5.2267,2.4948,-0.38246,-12.443,8.8721,-1.5512,2.3675,-8.5596,-3.2763,-8.8443,-5.1874,-7.6158,-2.9044,1.151,-3.6944,1.4075,-2.16,-0.20091,1.1503,1.3203,2.4309,-4.6009,-7.434,3.0682,3.9487,2.1473,6.4499,1.1271,1.4632,1.7311,0.70853,3.6576,-1.2847,-1.445,0.096774,0.83029,-0.83931,-0.70225,0.37545,0.2492,0.11538,0.38006,-0.04023,-0.016498,0.028026,0.0091642,-0.00027299,-6.0878e-05
-274.89,-111.14,-54.591,-72.481,-20.784,60.642,27.235,-3.079,0.35117,-20.701,-8.4613,-14.468,-2.4556,-13.12,-8.2723,-7.4875,6.3311,1.276,-4.512,11.055,6.1673,4.6503,0.85152,-5.9928,-7.1427,-13.183,-2.9705,4.0643,-11.172,1.8016,-4.1773,1.6432,-1.6419,-6.078,-0.39584,-5.8864,-4.9198,3.376,2.5691,1.5742,-1.691,-2.2517,0.084889,-2.7517,-0.35304,1.5299,0.32794,0.20101,0.1991,-0.041633,-0.11079,0.052507,-0.0015006,-9.3439e-05,-9.9773e-05
-280.81,-74.822,-91.816,-73.882,61.561,10.46,-8.0339,19.269,-6.7209,11.861,4.8277,-5.876,5.324,-6.3224,1.2833,-8.3407,-0.089592,2.3678,-0.50562,-5.4656,-4.0722,-2.7693,4.7758,-0.85626,-3.9543,-0.54613,1.5559,-1.6061,1.7454,-2.0791,5.1085,-0.81694,0.40732,-1.5446,-0.77341,4.2959,-3.5282,1.9306,1.3233,1.353,1.1532,-0.46203,-0.86312,-0.61182,-0.6225,0.84612,-0.11681,0.27747,0.048123,0.12349,-0.060025,0.061056,0.021027,-0.0001326,1.8729e-05
-315.75,-60.324,-51.338,-18.091,20.295,2.6563,43.214,3.6956,25.204,15.428,7.5436,-1.2657,-13.149,-7.1596,10.209,18.018,-2.6052,-6.4605,18.748,5.2401,-4.6157,-3.9262,-3.2765,-2.1056,6.0552,1.203,2.1595,3.7903,-5.669,-3.5118,0.34307,-1.0142,2.7662,1.4727,0.60881,-0.56033,-1.9141,-1.4569,-0.2146,-0.28345,0.97455,0.13667,-3.424,-0.5863,-0.49695,0.69649,-0.60808,-0.53247,0.24579,0.27081,0.18449,0.13325,-0.046913,-0.00023535,0.00014676
-340.86,-110.59,-3.5058,-59.707,23.951,73.867,-2.4472,-3.0882,-8.324,-35.898,-19.058,7.0064,-5.1585,2.3277,-6.0082,-6.9101,-8.2471,3.2469,-2.7327,-1.7437,1.9914,1.5355,-0.018083,2.8098,1.0292,-0.92155,-3.9475,-2.1761,1.1392,5.4156,0.73083,-0.51647,6.8846,5.5425,3.1637,2.7216,0.84533,-3.7996,2.9122,-1.8496,-2.3425,-1.9058,0.24585,1.2602,-0.50253,-0.14892,-1.4772,0.012337,-0.064464,0.018732,0.19653,0.054373,-0.01187,-3.342e-05,0.00011816
-324.72,-125.03,-47.895,-66.546,11.489,-7.2099,-10.788,5.166,-8.8327,-6.6981,5.5015,-9.359,-1.6442,7.0022,-6.3077,-9.1118,-0.93783,-0.0020466,-0.75834,-0.77022,3.2047,-0.62008,6.0168,-2.8041,2.3531,0.34887,0.51365,-5.4719,-0.036631,1.0558,1.4693,-2.7945,-0.22215,-1.6997,0.78904,-0.69702,1.6728,0.037029,-0.3894,-0.091526,0.58803,1.433,-0.51701,0.053303,-2.4937,0.092924,-0.3676,0.14139,0.050308,0.12157,0.12307,0.029786,-0.0040166,-0.00014962,0.00013902
-336.49,-101.13,-27.938,-25.346,21.594,29.289,-15.703,1.3755,-4.9295,-16.325,-9.9819,2.8893,-9.4084,-4.7398,-5.3405,-5.9206,-4.136,-0.49223,-0.62302,-0.66321,4.0104,-0.91797,-0.44513,-0.63076,4.3027,-3.0281,-1.7627,-5.9753,3.085,5.4656,0.93965,-0.13381,3.1264,-0.00061908,2.0945,-1.8461,2.7144,-0.99619,1.1724,0.357,-0.30609,0.27465,-0.12302,-0.13872,-0.99961,-0.2882,-1.6053,-0.0056516,0.0023764,0.078369,-0.04025,0.06668,-0.005424,-8.1641e-05,0.00013246
-162.76,-35.718,-88.6,-46.529,-38.512,22.969,-21.795,-2.3551,27.039,7.291,-5.6709,7.9562,-25.096,4.233,2.9704,-8.8216,-0.99777,-14.307,-9.8035,-0.34806,-7.2089,-11.855,-22.161,8.1758,13.922,8.4118,6.8817,11.402,-9.5944,-11.072,-2.5192,-0.88763,-1.3729,1.5479,-4.3647,-0.41646,-0.1492,3.3831,-0.64338,-0.92504,0.96973,0.81297,-0.37536,-1.2615,0.31712,1.4843,-0.78856,0.21865,0.33555,-0.046096,0.12277,-0.0015085,-0.021776,-0.00023677,-1.2204e-05
-278.84,-153.59,-24.493,-56.651,-14.945,3.252,-16.684,6.6609,-0.99106,15.867,4.6466,-4.7083,-2.9616,-7.6078,12.677,-4.4914,-4.6914,8.6823,1.4486,-0.89032,1.6908,-5.0345,2.0519,-0.66027,-4.9506,5.7896,-5.7798,0.69781,4.3414,1.0609,1.2381,-0.24311,2.547,-0.70874,2.1839,-0.69391,2.0135,1.8256,-3.9047,-1.4476,2.4019,-2.9213,-1.0393,-0.78084,0.79979,-0.84602,-1.2917,-0.0062509,-0.12327,0.37124,0.095513,0.066366,0.0091124,-7.4013e-05,-7.6777e-06
-350.09,-161.35,-61.929,-65.438,13.74,19.637,-7.88,-6.2691,-3.0848,-14.082,-7.5549,-5.9499,-9.8298,-5.1616,-7.9352,-7.9615,-1.2135,-3.5857,-9.6767,-2.3022,-0.061494,-4.5005,0.47119,-0.32648,-1.3823,1.2718,2.3127,2.3847,0.32014,-2.3177,1.8227,-0.5381,2.9051,2.3428,1.35,1.236,2.0233,-0.27487,0.29014,-0.94152,-0.42874,0.38623,0.95346,0.51327,0.11632,0.47364,0.035541,0.19352,0.21695,0.13109,0.0087931,0.084829,-0.043547,-6.6036e-05,7.3064e-05
58.999,-40.622,-148.09,-58.17,101.73,-3.6489,-4.8803,58.129,-4.3648,-11.444,-12.067,37.429,17.631,8.5633,-10.996,1.9575,22.194,10.652,7.1544,-8.5346,-15.346,13.081,-2.6511,-15.546,-2.9592,-4.2361,6.0234,0.1854,-3.7385,-4.1949,-6.254,5.0378,-1.0299,0.39672,-4.2319,-0.93358,4.5566,2.0566,0.68373,0.84434,-1.7267,0.087877,-0.17727,0.077135,0.55429,2.3689,1.3591,-0.12245,0.19046,0.14766,-0.14083,-0.017955,0.026337,-9.6432e-05,8.1745e-05
149.83,-9.6477,-56.201,4.075,-7.397,-24.302,30.607,65.705,-1.474,-30.475,-25.988,25.05,11.468,23.939,1.2043,-23.544,21.03,13.429,1.2413,-6.9936,9.545,17.39,-17.29,3.5352,-1.8955,-2.7636,-0.77577,1.1943,-0.82647,-0.99916,-5.9789,-2.104,4.2087,-5.0291,4.7935,-0.33559,1.1292,2.4543,-1.0148,2.2828,-0.12106,-1.5963,-0.11353,2.8621,0.1238,-2.8784,-1.0477,0.31876,0.13854,0.15121,0.24251,0.028977,0.035216,0.00018231,-3.2382e-05
86.043,111.75,33.847,194.61,62.584,15.472,-3.6757,-5.6859,4.4383,-51.436,14.878,4.7258,-19.174,23.206,-3.7676,3.5497,0.70589,17.011,0.82517,-12.633,-13.622,6.7081,6.771,-2.9794,2.4282,-1.2339,-0.99843,6.9541,1.9525,-0.97319,-4.555,1.9464,0.86121,-9.4198,1.1135,0.85923,8.8714,-0.12142,-3.2865,-1.953,-4.35,-0.78146,-2.1812,-2.0537,0.5951,-0.95881,1.6086,-0.17689,-0.061838,-0.033722,-0.015681,0.049364,-0.0051595,9.4021e-05,0.00026163
44.778,202.53,-35.74,107.37,4.5542,-34.145,8.5301,30.985,7.5581,-22.55,19.278,-38.758,-3.2895,31.216,7.563,1.8896,-17.764,2.2461,-8.6009,10.824,-7.3661,-5.0822,0.79153,2.2497,-0.49648,2.8998,-10.036,7.8253,-1.2372,6.0215,0.0027803,-0.37619,-0.30165,-3.6499,-1.0949,-3.9892,-2.6603,-0.33207,-0.72473,0.69699,-5.9097,-2.5189,-0.52259,-0.51068,0.30184,-1.0133,-0.81846,0.0044868,0.22855,-0.043648,0.059882,0.056746,0.041068,9.3204e-05,-8.3277e-05
-27.634,223.11,-7.1856,218.03,38.932,-27.523,4.7231,9.8548,7.6444,3.5331,-20.699,-2.5208,-4.9121,-11.546,-10.385,-4.4647,-2.8732,-2.9458,-0.67732,-7.5424,4.2444,4.2613,-1.8128,1.8913,5.8099,-0.60557,-1.1138,-6.4385,-6.9911,1.5359,5.7212,-0.8389,5.7805,0.084376,0.36205,-6.0768,-2.569,-2.6151,1.3895,-0.68195,0.61443,0.023722,-0.61313,0.0089987,1.4154,1.2167,0.60706,-0.14476,-0.18667,0.2417,-0.1424,0.0057833,-0.0021281,-0.00043152,-3.0068e-06
24.541,367.15,-22.074,137.83,104,-23.212,-7.3395,15.099,11.514,-14.125,9.0795,-18.079,18.463,-13.341,-2.1124,7.2842,-7.4532,-23.577,-9.0704,8.4361,1.5631,5.7136,-0.64579,9.4303,2.4156,-0.28693,-2.8562,1.3334,-3.2994,-0.38351,4.5786,-2.6298,6.7933,-6.8247,1.5237,0.52259,4.1882,-0.8358,0.83396,-0.28292,1.2391,-1.4417,-0.31218,-0.65963,2.5364,0.49941,0.32907,-0.0090153,0.010587,-0.023696,-0.022024,0.030654,0.0020681,-0.00062601,-0.00018306
253.09,203.36,-61.256,98.056,74.312,-20.35,14.787,16.416,-26.065,-6.9103,-9.866,-2.0234,5.8515,-4.4943,2.5357,12.065,-5.973,-15.319,-9.1199,18.673,-3.4252,11.907,-3.4407,-3.246,2.9046,4.4476,-9.2166,7.3737,5.9853,-1.997,-7.9671,-1.966,5.4852,-3.5662,1.1187,-1.7387,-1.1398,-5.522,-2.4597,3.795,1.3701,0.26592,0.54791,-1.7014,0.83778,-0.015655,0.49657,-0.259,0.0077295,0.16915,-0.11251,0.059798,-0.016715,0.00011276,-0.00010899
9.3182,173.4,-72.637,131.37,92.753,-14.349,-1.5228,-16.76,-4.967,20.127,-33.74,-3.1361,-1.7773,-10.955,-6.5894,8.9589,-4.4702,12.098,-4.009,-5.6106,10.433,4.7135,-3.8368,0.90622,11.651,-2.7171,8.9671,-0.0090225,-3.8944,3.553,1.2183,-0.84365,1.0746,-2.7353,-0.16515,-0.41308,1.8303,-1.0998,1.6285,-1.9961,1.6266,-0.050053,0.74149,0.79117,-2.4603,-4.2053,-3.0344,0.012964,0.25216,-0.11273,0.062635,-0.050762,0.027361,-8.054e-05,9.0794e-05
-187.3,241.09,-38.046,8.7223,228.14,-33.416,-12.874,27.291,5.8821,-10.715,12.088,-14.381,6.7004,-21.985,8.4383,7.2578,-14.77,-9.6845,-2.4505,10.249,-2.4707,3.0503,-1.4377,1.2528,-1.5274,-5.6692,0.32399,-6.073,-7.333,-0.32881,-2.0708,2.204,-3.4812,2.1613,-1.7581,-0.22166,-1.6169,-4.8406,2.6805,0.71152,2.0746,-0.23481,-1.0604,0.069228,0.89589,-0.18066,-0.61785,0.51724,-0.062456,-0.06147,0.026639,-0.046329,0.077767,-0.00062972,-5.7069e-05
78.481,191.14,-2.4162,6.7249,142.44,-21.951,3.4463,33.945,5.4154,0.20548,-9.872,9.2688,18.352,0.40118,-18.166,-0.32696,11.826,7.876,-3.3021,5.512,-0.51876,-5.4535,4.836,17.219,2.0819,-8.1875,0.22248,0.62222,2.7219,0.96013,1.2631,-0.72586,1.144,1.3137,-2.4529,2.8193,-2.7606,2.4225,-0.051855,-0.84271,0.060898,-1.7665,-0.47982,-2.8374,1.7152,1.8773,1.335,0.23517,-0.088516,0.18434,-0.1127,0.06477,-0.061432,0.00011221,0.00014506
-30.453,48.945,23.355,31.62,127.84,-34.173,-2.4313,21.37,-10.499,-1.5922,-18.514,-3.3763,4.9508,10.228,0.042957,4.2145,-1.6829,2.0476,-3.6761,0.88824,6.6266,2.4825,9.301,7.1039,2.7598,-7.8774,4.2517,-4.006,-3.1551,-1.0304,0.52379,0.72565,0.014185,2.7208,-2.374,-1.1477,-1.9093,-6.2397,1.0463,-0.41456,-0.51435,-1.7993,0.22153,-0.16796,0.60669,-1.6142,-0.014714,0.44328,-0.17053,0.27415,-0.19158,0.02341,0.0036079,-1.9243e-05,2.695e-05
-20.329,197.24,-36.267,21.48,153.32,-22.648,-7.2857,33.033,-20.066,-17.668,18.994,5.4981,2.5758,-14.132,0.4058,7.984,13.044,-11.203,-0.38214,2.5717,15.352,-1.9507,6.4155,13.53,0.7027,0.90488,-0.95181,6.0957,3.885,-2.3458,1.3805,4.4485,-0.42061,0.18073,0.50292,-5.9168,3.1152,-4.6469,-0.36623,-5.5026,-6.3276,0.33373,-3.2054,-1.9429,0.06091,-1.5562,0.18418,0.13459,-0.057826,-0.19639,-0.12891,0.040062,-0.00016837,-0.00018935,-0.00011044
270.99,216.52,-126.83,-72.777,234.68,35.305,18.201,-2.6589,-1.4041,24.639,-43.633,-15.927,13.505,9.7057,1.3879,-5.942,-15.083,12.73,-7.6512,-1.8661,3.8706,1.9313,3.4287,0.40252,-0.089245,2.5361,-8.5199,6.5557,7.6112,4.4569,-1.0803,-5.7181,0.12737,3.705,-1.4534,5.5135,-2.8801,2.2595,-1.8999,-1.0094,-1.5991,1.1717,-1.5996,-3.2304,1.7972,1.758,0.11881,0.45254,0.1649,-0.16633,0.065827,-0.0028697,0.0077827,0.00012333,-0.00031892
-0.20476,212.34,9.6736,135.97,42.799,-24.91,-16.981,0.69522,-8.3206,0.33814,-41.38,14.479,13.608,-2.2637,4.0202,17.979,4.7884,7.4381,5.712,7.5514,16.142,5.012,0.46122,-2.9043,2.998,4.9589,-5.0289,5.9242,0.71438,3.7545,-2.9574,4.0458,-1.2883,0.96624,-0.62383,-4.9778,3.9268,-0.87456,-0.55744,2.9336,-2.5618,0.39029,-0.41532,4.8894,-2.42,7.5459,-1.753,-0.48259,0.061415,0.025537,-0.063497,0.024281,-0.00089849,-8.8516e-05,-0.00023673
-42.277,216.8,-102.04,208.3,-11.017,-26.298,-14.915,22.304,23.765,-28.442,4.5844,18.71,2.8772,25.069,-0.36864,5.4009,-14.434,0.39243,6.2037,14.749,-5.5669,-1.6087,2.0576,7.1432,-3.1612,-2.0977,-9.2259,4.1757,0.061239,-1.6834,-1.2049,-1.4034,-1.6771,1.8687,0.26033,3.018,-1.1735,3.6622,1.7311,3.765,-1.1465,-0.16107,-0.62337,-1.3999,-1.6088,-0.4896,-0.9332,0.46507,0.14777,0.10894,0.043244,-0.069196,-0.0023232,0.00063296,0.00013903
-97.574,97.202,-53.898,108.6,105.45,16.061,20.712,-8.1961,-9.0387,17.752,-39.373,-3.2382,0.45398,-5.2837,-1.263,-12.001,-8.1351,11.962,-3.1714,-6.2764,-1.0512,1.7688,-9.2406,-7.6969,9.0839,6.0654,-6.8354,0.93007,-1.9311,4.9658,-0.53201,0.85303,-1.9303,-0.10006,1.9671,-3.7984,6.0371,-2.3355,-0.13653,1.4553,0.94433,1.5382,0.91348,-1.0011,0.85168,0.21741,0.7291,-0.19746,0.11228,0.12269,-0.033396,-0.020173,0.021002,-0.00011412,2.1862e-05
-118.68,352.43,-95.055,177.76,224.74,11.494,-0.71741,2.791,-3.6766,20.61,-25.673,-1.4527,0.63579,-3.6714,-17.272,0.91469,8.5705,2.1006,-4.3038,-8.2794,-12.567,6.0873,-1.8699,2.6398,-0.2263,-2.7639,-2.8198,1.3177,-2.1841,3.5813,-5.1098,-2.4624,-5.2216,2.2594,3.9216,0.92533,-0.29992,-0.35051,3.4678,-0.31489,0.58482,-0.46868,1.3508,1.4892,-0.51542,-1.4888,-0.13705,0.20366,-0.16006,0.12209,0.12994,-0.066503,0.021886,0.00035219,0.00025232
37.663,19.266,-15.566,18.041,78.307,-21.357,-22.358,32.525,21.044,-4.2049,-0.28922,-12.91,-24.059,4.1589,-2.3556,-6.4459,-8.9246,-3.9138,-3.7581,-6.1914,6.6139,8.0187,15.271,4.0923,4.3746,-4.6932,-0.79337,-2.0623,3.8833,-1.6584,-0.78424,-0.1555,2.2642,1.3733,-0.80082,-1.546,0.95448,-2.4976,-1.4013,2.0078,-0.95484,0.2536,-0.31933,-2.9689,-2.5096,-0.69828,0.58171,-0.21454,0.00081649,-0.11351,-0.14085,0.011256,-0.06933,-7.7395e-05,0.00013274
-154.48,231.85,-76.526,195.84,55.221,-12.893,-3.6429,-8.4543,-5.9674,9.6498,-17.773,4.963,4.4227,-14.149,-8.1237,14.107,-10.139,7.475,4.9191,1.5388,1.7764,-0.76621,-8.1937,0.68439,-4.5455,3.3268,-4.1998,9.1078,2.9735,3.1972,5.8623,-1.8704,-0.71181,-3.7238,-1.4696,2.7373,-1.5428,1.3465,-2.3049,-0.51636,0.3306,0.88052,0.64667,0.42189,0.33815,-2.2459,1.0826,-0.14665,0.075455,0.051901,-0.099643,0.071334,-0.024424,8.7764e-05,-4.8562e-05
-126.62,208.35,-96.365,168.9,76.559,-8.7962,-14.42,6.5488,-2.0253,14.982,1.0445,-0.54538,6.3323,-0.52926,-6.3692,5.42,16.014,12.602,5.4981,-12.482,-6.8988,-1.6541,-2.1472,-6.9313,2.58,2.8916,1.8865,-6.5131,-5.85,4.1592,-0.22171,2.6107,1.6221,2.4427,-0.8049,-0.87424,0.12457,0.90116,-0.40245,0.36996,-1.2288,1.1894,-0.288,-1.8126,1.0638,1.7645,-2.3335,-0.21652,0.075134,-0.13339,-0.062874,0.054367,-0.015805,-0.00017473,0.0002019
-10.114,148.35,-64.81,167.78,40.813,14.074,-25.357,2.0271,9.9461,-4.2756,18.518,34.492,-5.2631,-9.8538,1.7203,2.3764,-6.7341,-10.879,12.768,12.425,-1.3516,-7.9067,-22.146,18.512,-9.8561,-3.8626,-2.8055,-6.8999,-4.5063,-0.91477,2.2766,-2.9459,-0.76833,0.54812,7.5,-0.14816,-3.4375,1.0627,-4.5607,0.16384,0.75101,0.25931,2.7768,0.57816,-0.31118,0.40498,-0.96299,-0.18424,-0.028662,-0.11857,-0.074842,0.076945,-0.028861,0.00038169,0.0004564
-42.732,241.88,-86.482,201.48,-7.5842,-5.0653,2.8405,25.949,7.0675,16.77,-12.819,-1.4709,-11.995,-8.2677,-25.155,1.0036,9.8611,9.2119,1.2909,-12.167,16.741,-3.1813,5.6515,6.8659,2.8645,-0.18077,1.9748,2.1559,9.6354,-1.1826,1.713,5.8943,2.67,0.89546,-2.631,3.3514,-4.9886,5.1872,-0.69609,-4.4981,1.1655,2.5482,1.883,1.9636,-3.1021,-2.1392,3.7674,-0.42928,0.073252,0.035812,0.33422,-0.041444,-0.0021972,-0.00033264,-0.00025574
20.865,52.48,-14.621,105.52,134.27,-16.702,2.4702,20.109,-13.61,-10.373,16.567,9.8331,2.7199,-16.399,-9.9531,0.92633,15.233,9.0882,1.0592,-13.336,15.201,-1.0568,9.4274,12.062,4.4674,-1.5373,5.4739,3.6582,1.1629,4.3096,-3.3844,-1.795,4.2226,-0.89954,-0.52358,-1.3381,4.4553,0.015041,-3.7316,0.53657,2.3203,0.28968,1.9746,0.25265,-3.1281,3.2711,-0.091387,0.071309,-0.065414,-0.012313,0.16485,-0.034396,-0.0071873,-4.4792e-05,0.00022243
37.724,148.66,-36.3,257.27,-8.4433,-21.306,-16.193,6.3459,16.306,7.1274,-2.4631,-23.003,1.1126,-10.4,-5.8393,-9.4761,0.9712,-32.877,-6.7883,3.7294,-5.7195,-1.5209,-4.4768,3.4176,-1.6731,0.082808,-3.1589,-7.4398,-4.4875,0.29406,1.9441,-0.91744,1.1735,1.9229,-0.95049,0.49395,1.8335,0.52224,-0.28706,0.93283,0.8118,3.4223,0.51585,-0.41585,0.13981,-0.17168,1.4373,0.48081,0.08558,0.09498,0.032307,-0.11111,-0.022788,-0.00016664,5.0397e-05
-129,195.49,-5.6347,203.68,-224.39,-13.168,-1.3381,9.998,7.0325,-10.355,25.002,-15.168,10.177,80.018,-2.3997,6.7195,9.8255,20.273,5.9772,-1.3684,4.4833,-20.605,11.08,2.5858,3.2025,-0.43826,6.7193,-2.7769,-0.047279,1.7293,3.3209,-0.29434,-0.44973,0.72302,-0.13497,2.4343,-4.2148,0.48377,1.6874,0.1849,0.67698,-0.46745,2.056,0.87879,2.1689,0.19695,-1.0132,-0.0014278,0.082021,0.14991,-0.11075,0.014848,0.029137,0.00049911,-6.1163e-05
-147.2,139.17,76.412,89.274,-165.3,16.473,10.378,2.2268,-18.49,11.113,3.7633,5.8075,8.9818,-24.159,0.56071,-7.739,21.925,-4.5751,-5.2355,12.831,5.4549,5.7372,-2.3382,-6.8908,4.2802,7.2519,9.2824,-6.9583,-0.37609,0.78507,-7.8091,-4.9259,-0.44018,-1.2934,3.1703,-2.3133,0.49794,0.94686,2.5906,1.6399,1.2932,2.5533,0.56645,0.27793,-0.23597,0.47097,-0.4665,-0.051286,-0.024297,0.17097,-0.24548,-0.012763,0.0070543,0.00025611,4.785e-05
-109.26,199.22,25.379,119.54,-146.77,-4.0483,27.646,-10.996,-22.057,-9.6123,23.511,-0.81424,13.574,5.3146,-0.13168,3.0253,-5.8619,-9.3439,-1.3369,5.591,-3.8703,-6.3121,-4.4001,-1.1563,0.11157,-1.7807,6.8762,-9.8741,-0.051092,-9.5979,-2.1815,6.0145,6.7667,0.1493,-0.84411,-0.6098,-4.0579,-6.4205,2.7993,-0.81816,-0.57484,0.5166,-1.2062,-0.04567,-0.29811,2.2626,0.49972,-0.19276,-0.056319,-0.090033,0.12506,0.037731,0.0453,-0.00069014,-1.4237e-05
-196.48,53.144,131.09,46.775,-171.5,3.914,11.603,4.273,13.867,-5.2209,-0.65489,3.022,12.496,4.4075,-0.8686,-18.135,0.19779,4.4131,1.206,-4.0148,6.8378,-5.1401,7.6279,3.1544,5.088,2.957,-2.5488,-2.7852,3.4174,-0.77903,-6.9473,1.6441,1.3832,2.2239,0.2549,-2.3116,-2.167,-2.252,-2.0263,-1.6739,-0.69505,2.3515,1.0783,-1.5742,-0.78834,-0.44828,-0.17852,0.12635,0.10768,-0.12206,-0.13324,-0.0017225,0.020691,6.9663e-05,2.6565e-05
-222.56,50.461,82.125,42.486,-120.32,19.941,24.227,-26.178,8.4723,-6.7333,-1.3745,9.7163,-0.13538,-12.154,20.058,-3.5608,6.6991,6.6916,-9.6788,-4.0177,9.7698,-5.8988,2.3097,-5.6358,-7.2502,-0.6266,-8.4792,-1.9105,2.0278,-3.4906,-3.3407,-0.94861,-1.9101,1.851,-0.95371,-2.5469,-0.11383,-0.6947,-2.9125,1.7052,-2.4489,0.52316,-2.5449,1.7579,-1.1554,-0.042981,2.2204,0.4931,0.49175,-0.12305,-0.020348,0.029429,0.0067566,2.1558e-05,-6.133e-05
-39.003,229.57,99.195,163.81,-126.07,43.978,6.867,-16.339,9.8827,10.662,-1.32,4.3726,3.4994,-17.531,12.572,-11.746,12.677,7.8368,-5.6776,-5.518,-18.512,9.7901,5.1404,-2.8268,-7.7322,-1.7602,13.284,6.7495,0.89671,-3.5676,1.1158,-2.8411,-6.0065,-1.8834,-0.93664,1.9946,0.4332,2.0953,0.62347,3.0379,0.14029,-1.6511,0.035189,-1.2041,1.1126,-0.90822,0.16336,-0.0691,-0.1967,0.14271,0.19594,-0.00057792,-0.019346,0.00024894,0.00016262
-60.368,138.69,-5.4772,119.56,-189.26,26.6,20.248,15.456,13.065,-8.1301,-16.795,-1.0374,6.6047,-1.8436,-4.8575,-9.6485,-0.86928,-0.52112,-5.1226,-9.8511,-7.5696,-1.7703,9.9909,4.4716,-8.7385,-5.159,8.0362,5.6356,2.2172,-8.7388,3.4903,-2.7514,-0.78377,-3.6963,-0.49641,-0.9625,-4.8248,2.4164,1.7142,0.53689,0.16122,0.41706,-0.45259,3.8653,-2.4063,0.51293,-1.4768,-0.15558,-0.13654,0.12162,-0.16348,-0.032975,0.00012134,0.00029711,-4.3141e-05
-156.45,137.88,76.497,50.241,-138.41,12.153,11.309,-23.751,-19.17,20.984,3.4389,1.3776,4.0214,4.1534,-2.8303,-4.4932,9.2513,-6.2823,2.2063,-4.2338,-1.186,-5.9693,-5.0693,-1.812,3.0423,4.3343,-5.4704,-7.194,-3.8751,2.1026,0.37338,4.6356,2.2495,3.8286,0.70444,4.087,-1.1434,2.5449,6.8726,-0.32047,-4.6633,0.5194,-1.6756,1.0913,2.9871,-1.9552,0.25623,-0.17927,0.2907,0.035071,-0.054448,0.046729,0.049895,-0.00018538,-0.00019341
-194.32,72.249,50.802,86.133,-108.96,15.283,-2.3637,3.7281,2.9438,6.3704,-17.342,1.2152,5.2931,-17.394,-2.7157,-6.0221,-0.057863,-8.876,-0.14788,-3.0229,7.1197,-1.7547,1.5491,-1.057,0.52173,2.4936,-1.5436,-3.6243,3.0382,0.2116,-5.839,2.59,0.91775,4.3768,0.1338,1.9601,-2.5616,0.47058,2.0143,-1.0159,-0.56808,2.3758,0.56489,0.28675,-0.71424,0.21504,0.6058,0.031625,-0.046386,0.11912,-0.18049,-0.020635,0.023934,-7.7172e-05,-0.00016227
-165.88,99.474,26.008,101.7,-126.78,37.246,-9.2703,-7.3312,5.058,-0.51276,-2.2805,2.4013,10.989,-24.654,7.1356,-3.3726,-3.0459,-16.567,2.8125,-0.35041,1.1429,-5.7894,-1.1678,-9.4859,-10.8,5.9597,4.9863,1.3678,3.2973,-1.5742,-5.5132,1.154,1.2639,1.1048,-0.2365,4.2182,2.1358,-1.7755,-2.2511,3.5058,-0.96944,1.598,2.931,-1.5137,1.6408,0.33665,-1.3681,0.11737,-0.015359,-0.14994,-0.057335,0.0061209,-0.0068985,-5.284e-06,-0.00010322
-95.765,169.71,10.87,102.22,-188.21,24.835,-3.3201,-10.681,0.27689,-1.0735,1.0567,2.5511,-16.24,-16.573,12.475,-9.5875,5.3352,-6.2046,-3.3765,6.3649,1.5019,4.7653,2.4379,2.117,-4.6968,0.35858,7.7723,1.4781,4.2002,-1.2415,0.99401,-4.3172,-1.6875,3.2238,0.27001,-1.0023,-2.5811,-0.69373,1.9469,2.8137,-3.3655,2.0185,-0.87664,-0.89864,-0.51091,-2.4865,0.91146,-0.13647,-0.1777,0.085357,-0.13252,-0.052301,0.020055,0.00025099,-7.2405e-05
-10.599,197.19,-14.053,228.54,-235.02,9.8926,-0.60507,-12.568,8.1122,-8.3814,-4.5165,9.0588,22.939,-17.909,15.879,25.237,-22.36,8.7378,6.6242,0.19024,-7.0832,-7.3965,-7.5177,-0.96032,-11.078,-0.64434,2.7405,5.0169,0.66797,-4.1915,-2.7365,0.87414,-0.5329,-6.0849,-3.2961,5.482,5.531,3.4899,-1.9305,3.1043,0.40648,2.022,0.83934,-1.3035,-0.70336,1.337,-1.5201,-0.24044,0.009099,-0.03932,-0.071585,0.045433,0.011671,-0.00017003,-7.3182e-05
-4.5858,-2.0006,82.371,64.737,-92.841,22.41,-3.5558,-7.2823,-2.4687,17.244,-33.518,-16.378,10.655,-10.636,-0.42342,6.8509,2.5677,7.3536,-7.1152,-5.6421,-4.5887,-3.4906,2.1436,1.5635,-7.5826,-1.7707,5.5591,0.4328,3.3752,-5.224,-4.9615,-0.073832,-6.795,0.30231,-1.3007,-3.7783,2.1516,-0.12412,-2.2668,-2.2835,1.0774,-0.71639,-0.84124,0.98073,1.2632,-1.0858,-1.572,0.27965,0.1211,0.14285,0.11068,0.028427,-0.0056795,0.00011438,-2.6683e-05
-80.849,104.67,0.45703,168.27,-135.52,19.607,2.9261,-7.711,4.4957,8.9707,-4.8583,1.0691,1.4414,-15.904,8.5075,-2.1066,-7.0239,-3.9203,0.81266,-11.128,8.4784,-10.489,0.2275,-2.1894,-5.8903,1.7118,0.55805,-2.1529,4.3547,0.83769,-6.5614,0.41231,-2.6694,11.59,-1.5036,-3.9166,2.9631,1.4087,-9.242,-0.42789,7.7179,-12.387,-8.2355,0.35811,-0.93489,-1.849,-0.16796,0.17709,0.017694,-0.025027,-0.12625,-0.061592,0.025672,-0.00056549,1.6277e-05
-110.69,55.642,49.497,17.413,-97.944,-11.313,10.775,0.5441,-11.771,8.4628,14.902,-4.4209,17.768,-13.259,5.2948,-8.3129,3.6742,-8.7532,-5.2698,8.5799,-0.7909,-0.56711,2.0882,1.2027,0.91841,0.56741,2.5813,-4.9827,6.032,-8.6028,-8.2983,6.0358,3.8804,1.9813,-0.77373,-2.8673,-2.5886,-4.1664,-1.3293,-2.3536,0.61349,3.2131,1.2021,-1.9586,-0.70235,0.41285,0.44252,-0.25338,-0.23443,0.097291,0.35108,0.0086017,0.022918,-0.00053061,-6.8307e-05
-139.72,74.121,-19.308,107.34,-98.426,-1.8026,-0.51176,14.174,9.1516,-13.391,5.5781,3.0108,22.918,19.305,-1.9996,10.628,-11.112,15.32,6.1502,-0.1704,-3.7809,-9.8472,1.3557,-9.3339,-1.3418,-0.16928,4.3466,-9.4183,-2.0445,-1.5349,-10.338,3.0013,-4.1441,1.8881,-2.1066,4.175,5.6421,-0.75925,-3.6184,-1.5161,-2.7659,3.9275,0.4821,-2.5482,-1.6623,-1.303,-0.055456,0.16247,-0.33524,-0.24396,0.25085,0.016936,0.048201,-0.00061597,0.00011071
363.6,-112.99,26.612,96.353,175.45,9.7402,-47.165,-4.7876,-6.2609,3.8122,6.4435,0.46306,-16.238,-5.3403,-9.7861,18.379,15.53,8.4781,5.0147,2.3568,3.1241,-5.1971,-3.5433,10.313,-3.6095,1.8087,0.77736,1.9933,5.2627,1.5078,5.8615,4.3822,2.0158,-0.68899,-7.1951,3.8192,-0.38366,1.907,-3.8382,-3.451,2.1902,-0.008446,2.7698,4.2419,2.5269,-0.6654,0.47301,-0.27192,0.042254,0.0084662,-0.0018936,0.067461,0.017099,2.3886e-05,-5.2366e-05
215.3,-100.47,7.4463,141.97,173.38,3.0576,-31.908,1.085,0.7056,-2.2076,16.655,-8.5101,5.8177,12.415,15.595,-1.3892,0.0081126,-21.802,-1.9296,2.2409,-8.9445,5.815,3.926,-10.646,1.4133,0.24962,1.0716,-2.1758,-2.0952,4.8457,6.5642,2.4015,-4.8516,-1.0967,-5.7554,3.4993,0.85405,-5.6793,-1.4613,1.4756,0.34934,0.14437,-0.019332,0.65437,-0.50066,1.5001,-0.21484,0.19766,0.0031718,0.089554,0.23571,0.01716,0.0078533,-0.0001293,0.00016936
514.55,-419.67,63.035,132.68,163.14,-2.7379,-12.482,-41.529,30.387,-31.287,21.456,42.217,39.128,-6.3757,-8.8001,-17.397,-14.768,-1.9576,5.7836,-12.921,-3.0075,11.944,16.677,6.2877,7.714,-10.243,0.67989,-0.24977,-0.40836,1.62,-1.0695,4.7204,-0.76881,3.9119,-5.8319,-0.11798,-2.1546,3.8141,2.4816,1.9556,0.18298,1.1458,-2.3603,2.3853,1.7082,-0.43039,-0.056199,0.092626,0.17119,-0.31359,-0.067259,-0.064233,0.059105,-8.583e-05,0.00020341
557.43,-432.51,37.763,61.359,88.923,-5.2969,-21.177,3.3604,-42.641,7.0552,-39.302,-19.043,-24.682,8.328,0.81716,15.616,11.264,-0.77434,-9.0003,7.6828,-4.2283,-5.8065,-1.6011,7.6584,-7.019,-3.7536,-0.21821,-1.2604,3.2629,-2.3602,-7.3044,-6.5667,0.86767,-2.3225,-3.9443,-1.0576,-0.85018,-2.4357,-2.1998,0.64169,0.034867,1.0012,-2.6972,3.013,1.093,1.807,-1.7215,0.22159,-0.2195,-0.030397,-0.0057005,-0.089743,0.037196,0.00023644,9.0152e-06
253.22,-250.35,-46.236,-39.197,-5.153,-47.596,-51.115,-16.155,17.069,-1.6504,-14.066,21.228,-3.2624,6.0579,4.2236,-0.052327,3.2143,-7.9901,4.8665,17.493,-5.0351,-5.5137,-3.7373,2.6732,7.7235,7.0805,1.2745,12.073,-7.3634,-3.8001,-2.373,-4.5077,5.6824,1.8024,-3.2961,-2.9707,-4.2269,1.7088,-2.5569,4.3289,-1.2233,0.51415,-1.1919,1.3544,2.6934,-0.70975,-0.47282,0.072295,-0.067304,-0.048749,-0.032001,-0.05222,0.037671,-0.00015377,-2.1229e-05
174.2,-239.9,65.523,66.937,82.543,-30.511,-6.4309,14.264,-33.783,12.069,-28.14,0.35745,-11.997,10.13,3.9253,5.0345,-2.0881,-9.6158,-1.2705,12.289,-0.32366,4.6769,2.4854,-11.938,-1.7279,0.36487,-4.0776,3.1632,3.6802,-2.3512,0.96385,7.436,-12.134,5.0318,-1.43,1.2037,1.7023,0.48979,4.1749,-3.0456,-0.11273,2.2043,-0.29496,-2.2356,0.12394,-0.6299,-1.5776,-0.12711,0.23634,0.30109,0.0016832,0.02928,0.028129,0.0002799,-0.00017143
252.48,-316.48,54.138,180.81,115.44,-19.953,4.1883,-29.115,39.87,-12.168,41.793,28.507,35.486,-0.87795,-11.266,-34.067,-17.128,2.3188,10.44,-6.4656,-2.9272,5.7146,-13.434,7.2328,-8.9618,-2.8141,4.1505,1.2197,5.1835,-2.2804,1.6443,0.3668,3.7763,0.87785,-2.621,0.43393,2.0991,1.578,1.3586,-1.0175,3.3112,1.4477,0.52873,1.051,-0.41152,1.2277,0.28329,-0.053083,0.3032,0.057668,-0.10919,0.057827,0.02127,0.00047321,0.00063921
144.34,-187.4,123.79,2.6607,42.074,36.94,-14.564,-31.637,17.798,-33.977,-9.4965,-8.0987,20.614,-16.162,-4.3952,-11.482,-4.2011,0.6087,-6.9297,-4.6992,4.3434,4.0657,5.3664,1.4254,4.1426,3.8002,-0.2278,-1.3068,2.7418,3.0265,-4.7484,-4.9618,4.4641,-2.7462,1.9855,-4.8054,2.055,4.2004,0.0012927,-0.61845,0.84497,2.4118,-1.0107,-0.75181,0.4832,-0.95972,0.71334,0.27382,-0.036008,0.13483,-0.0006714,-0.00082552,0.0019187,0.00011194,0.00013578
83.396,-229.64,21.036,75.745,62.318,7.1099,12.726,-7.8406,15.785,7.0281,11.289,-34.086,1.7753,-13.612,-4.0225,0.56433,0.22946,-6.1105,19.664,-3.3269,2.7437,-3.2754,2.231,-3.1771,4.7038,-3.8182,-7.9645,6.2428,4.3856,-0.83379,3.5023,-4.2003,3.8812,-0.13947,2.1272,-1.6912,0.75862,3.7246,-0.85978,-0.25675,-1.0372,1.2958,-2.1683,0.4858,2.0028,-0.9378,-1.06,-0.72969,-0.29368,-0.12855,-0.050059,-0.037306,0.058361,-0.00036063,-0.00018785
590.34,-238.11,158.57,145.81,174.76,-15.065,-31.279,-31.703,35.125,-1.0225,33.688,26.591,5.2613,-4.9322,-20.799,-16.727,12.634,20.803,10.447,0.72531,-24.081,-12.678,-5.0459,3.5423,-4.1726,0.13929,4.0396,-4.7972,-2.0253,5.0949,-2.7493,-6.1464,-0.3867,-0.14865,5.7241,-0.78038,0.69532,-6.5183,1.7981,0.52439,0.2165,-1.7307,0.2694,-1.1755,-4.1921,-0.74529,-0.30158,0.10826,0.22193,0.10911,-0.028309,0.024651,-0.056821,-0.0010714,-0.0022355
348.44,-136.14,170.88,90.834,82.265,-25.818,-27.152,-3.7913,-9.0224,17.519,2.0093,-27.59,-27.254,12.068,6.6177,0.37901,-1.7208,-16.23,-1.834,1.3576,-1.31,-0.26545,3.4845,-11.543,-1.5846,4.5875,-0.12006,0.1636,3.3006,-4.7973,3.3574,4.3034,5.4021,-5.2726,1.3102,1.6137,2.4096,0.48866,4.2842,6.0365,3.7431,-0.6603,0.58537,-0.192,-1.9398,-1.4368,1.3551,-0.62927,0.21001,0.14056,-0.10382,0.05711,-0.040666,0.00013548,0.00021266
305.73,-272.9,240.94,170.12,60.9,-7.6505,18.372,-7.9427,-15.112,22.073,-20.361,-3.2973,5.09,2.1888,-12.168,-4.5422,-14.508,3.5201,4.4534,-4.4544,8.9886,-14.05,-5.2745,-11.533,-5.7444,9.0593,3.9883,0.9269,1.9534,-2.6375,1.3258,-3.8899,1.8552,-7.1914,7.3325,3.0502,-3.8974,-3.1586,5.3748,5.6731,3.4743,-3.2382,-0.51796,0.14408,1.7146,-0.049904,2.1422,0.32325,-0.25196,-0.23181,0.21806,-0.084339,0.0065335,0.00014882,0.00030017
478.61,-375.75,301.46,166.29,53.473,-15.725,0.75202,5.9968,-1.527,-5.0393,-15.071,0.36645,16.272,0.10871,-6.5749,-3.9792,-3.4081,-4.9755,-1.8597,3.915,2.4901,-4.8325,2.8109,-3.1457,-0.0018523,3.4803,0.34167,-0.024061,-1.0549,-2.4995,0.957,4.1422,-4.5626,0.54484,1.2481,-0.66778,2.3431,-0.4042,6.5994,-2.6195,1.6313,0.16801,-1.0883,-1.4835,-0.59585,-0.62711,-0.73298,-0.42147,-0.32568,-0.29007,-0.17042,-0.071165,-0.010336,7.1972e-05,0.00031479
298.58,-142.19,212.76,94.166,31.269,-43.681,-28.613,11.82,-15.476,0.48163,-25.494,-4.5837,-47.476,-1.6179,13.158,10.35,-1.3024,-4.4627,3.4724,-6.267,3.9568,3.8033,5.8517,-11.687,0.68394,-2.6237,3.8926,-4.0486,-2.4974,1.3196,0.61246,-1.2239,7.5491,-0.1953,-4.1948,-0.47279,-6.7763,1.8835,0.18309,0.36411,-2.4394,2.16,-5.3917,0.49503,-2.7417,-1.8101,-0.53051,0.4683,0.13099,0.16511,0.022067,0.069091,-0.020596,-4.6796e-05,7.4458e-05
197.07,-187.57,31.365,-53.809,-10.181,-35.287,-27.234,3.008,20.853,10.831,1.3224,-11.761,20.15,-6.663,-8.9857,-8.1957,0.73226,-4.7804,1.7243,3.9476,-0.1083,-3.5305,7.151,-3.9097,-3.5717,8.3028,-5.9706,5.2252,3.3115,0.15837,3.8151,-2.0403,-0.18914,-0.83006,2.8084,-0.1656,-0.096979,0.87301,-0.11303,-4.3258,-0.91283,2.1493,-0.82394,-1.3077,-0.1868,1.5588,0.28152,0.059416,0.33931,0.25159,0.10283,0.0073108,0.023025,0.00023163,0.0001536
458.36,-254.99,195.13,97.165,11.221,-25.412,22.081,55.68,-12.49,6.7066,-16.851,-7.7045,5.6079,4.3049,-5.7535,-1.6333,-6.1701,-9.142,-4.677,2.2734,2.0358,-2.8137,0.18197,0.33679,-1.1521,2.3994,-2.2413,1.2909,-3.8735,-5.1165,4.638,6.1749,-2.4047,3.3135,12.814,-0.71689,0.034794,4.2403,-6.7801,2.0105,-1.4338,3.0862,-0.0087285,-1.3947,-0.49534,1.1166,0.27248,0.17973,0.1094,0.23593,0.25121,0.045445,0.020248,2.2905e-06,-1.1821e-05
243.53,-263.64,228.83,121.09,77.982,-30.636,16.273,6.6022,-1.9569,15.259,-5.8631,-53.509,-8.1225,-11.259,4.186,12.45,4.661,6.1162,12.832,-0.69245,1.3804,-1.1853,-9.0471,-9.3511,1.9862,-14.95,0.019983,2.6697,-4.9575,-0.61168,-6.649,-4.5233,-0.56474,1.4036,-2.3776,-2.2876,0.27235,5.69,1.1062,-1.9488,-6.5358,-5.841,5.616,0.4822,-1.2755,0.099764,-0.53995,-0.4168,-0.13095,-0.37168,-0.050985,-0.047332,0.020884,-0.00016471,9.1135e-05
232.82,-230.87,76.947,18.492,52.742,-27.12,-22.195,19.257,-14.93,6.9612,-23.651,9.8951,-10.198,0.27974,-11.792,6.0715,14.773,9.7356,5.1326,13.616,-7.9763,-19.304,-7.8282,1.7544,-8.1824,0.069256,-3.6695,2.0421,4.7194,1.8292,-2.2755,-3.2891,3.4136,-2.6946,1.2104,3.1576,-0.8556,2.5706,-1.2776,-1.6714,0.79529,0.31639,0.013526,-2.0901,0.58473,0.5227,2.2999,-0.083509,-0.27304,0.076853,-0.089531,-0.072785,0.053597,0.00018806,0.00029852
-434.32,-154.94,-59.446,-98.909,102.79,10.676,179.16,-25.958,88.775,-14.576,-55.888,-12.82,-18.69,3.8369,15.018,30.286,25.642,-11.973,53.363,17.081,-14.664,9.2354,12.05,10.415,0.44036,10.849,10.007,-3.3985,6.6364,3.6721,2.6016,1.7433,-0.10036,0.14101,3.1402,2.0406,2.3724,-1.807,-0.47971,0.87783,2.3125,3.031,-1.9347,-0.12741,0.26926,0.18729,0.1663,0.61263,0.14254,-0.247,-0.052568,-0.033483,0.035604,5.5814e-05,-6.7957e-05
-177.17,128.37,400.36,-173.63,-204.88,-68.776,-13.696,42.898,33.296,30.04,7.9193,-7.8011,14.807,21.299,-1.8965,4.9138,-8.2837,5.4848,7.78,-7.3321,3.2034,20.281,-21.697,5.4031,-6.778,-5.8693,2.279,4.4394,3.6872,0.59984,-0.50225,-5.6837,0.8782,2.6832,-7.8906,1.1302,-1.2372,-3.3948,4.6716,-2.2897,-0.20412,0.41585,-2.4823,-0.71779,-0.22837,-0.62891,2.0781,0.10196,0.16099,-0.17763,-0.0093582,0.026573,-0.035611,-9.1734e-05,-8.9437e-06
-345.79,-14.935,105.06,-77,-1.9503,-4.9286,-7.6764,20.806,1.6447,22.335,0.28057,-1.7612,2.2042,4.7158,-2.5021,-2.4335,-5.0614,1.6795,0.53789,-3.7032,1.3545,-2.7976,-6.6281,0.58638,6.9064,0.58162,2.9672,5.3165,0.14573,1.6837,-0.50287,-0.47228,0.89499,0.99474,0.3929,-1.8702,1.5822,-1.9886,1.0847,0.10188,0.88962,0.48109,0.02054,0.54399,1.5333,0.26809,-0.12797,0.27915,-0.023586,0.024391,-0.10604,-0.0080328,0.0075462,-7.5538e-05,-5.0667e-05
-265.01,51.282,193.58,-92.16,-52.972,3.5992,-16.356,18.507,5.8774,27.56,-2.8951,3.3215,20.13,-7.0827,8.8427,-4.8492,15.133,14.741,3.1998,3.0306,-1.7845,1.3856,3.2275,7.0637,2.6454,5.4718,-4.4133,3.2667,-5.1328,4.6025,5.8402,0.33949,2.8902,0.095217,-0.50187,1.9765,1.2232,-0.1794,-0.064991,-0.40151,1.0415,-1.2429,2.1957,1.5561,0.44335,-0.49405,0.0016877,-0.070672,0.093169,-0.064297,0.046788,-0.032758,0.028941,-9.0788e-05,1.9227e-05
-305.13,-25.425,176.87,-68.279,-19.316,81.203,-10.646,0.066565,-16.328,-18.677,-6.9809,-4.7623,-0.04673,7.1011,-20.367,15.619,-7.8408,-13.8,-2.4258,-0.68932,-3.5286,2.1243,-3.2012,1.0584,-0.052082,1.2437,-1.7162,-2.5715,-1.6134,1.8007,2.3427,0.4177,5.1758,2.9779,-0.01058,2.2765,1.078,-2.7469,0.83654,-0.19354,-2.6195,-1.4059,-0.73746,0.97093,0.54303,0.32453,-2.051,-0.29703,-0.26018,-0.20977,0.13057,-0.019135,-0.0098929,-0.0002242,-0.00010326
-269.05,-66.822,108.76,-10.596,13.27,62.3,14.197,0.08294,-17.168,-1.566,3.198,1.5594,-8.9258,11.906,-18.71,0.15489,-16.457,0.46532,-1.7313,-3.9281,0.10807,4.7202,-0.94742,2.2762,2.8993,-1.7108,1.9919,-1.4413,0.45067,1.1035,5.9678,-2.4053,-4.2079,-1.8573,2.549,-0.42422,-0.32757,-2.0776,-3.8041,2.9484,-2.0633,-0.22847,-1.7059,0.16575,-0.41872,-0.75795,-1.5324,-0.073996,-0.29006,-0.22925,0.091312,-0.050791,-0.00019958,9.3021e-05,-4.0322e-06
-288.79,23.314,180.76,-97.679,-32.173,-21.851,-9.1431,17.926,-4.2689,19.784,9.0691,-7.9765,15.482,2.0518,-5.0198,3.4437,10.267,3.5405,4.2283,5.6249,-0.10085,-0.010795,3.6849,3.8682,5.6874,-1.0345,-3.2812,0.20034,-3.7783,3.3808,4.2152,0.55252,-0.56429,-0.92763,-3.9785,5.9814,-1.6265,2.1187,-1.3419,1.4922,2.0483,-0.42698,-0.18234,-2.0955,-1.8272,0.61674,-0.28662,-0.079651,-0.026179,-0.054913,-0.11573,-0.055979,0.02324,-0.00017964,-1.473e-05
-278.79,-76.691,116.81,-68.837,12.868,-3.529,-7.4742,7.0528,1.3334,10.892,19.361,1.2797,-9.175,-4.5019,5.061,-13.511,-5.3569,11.173,-2.1347,7.8757,1.6082,10.854,8.1534,2.1436,4.5274,-1.8133,5.4037,-1.1854,1.9023,0.56468,5.4992,-2.7603,-2.7252,-1.3915,-2.2537,1.4849,1.779,-2.5194,-1.3875,0.63914,1.075,-0.47445,0.39749,0.79873,0.91426,-0.31906,-1.4305,0.26999,-0.028041,0.10383,0.14571,-0.05391,0.0067356,0.00011138,2.9466e-06
-315.94,-36.294,149.17,-62.253,-22.344,14.322,-15.981,12.387,-1.3561,13.219,7.6282,-4.0824,13.769,-0.70059,2.4345,1.4335,-1.6432,-2.1902,1.8789,0.31605,-6.2764,-1.4739,3.893,1.0237,-4.6515,0.46307,2.1325,2.9016,-2.8763,-0.27859,7.7628,-0.7697,3.2166,-0.33898,-1.8931,1.0969,-0.29376,-0.25675,-2.1236,0.24194,-0.29113,0.33734,0.28504,0.99856,-0.49408,-0.5286,-1.5561,-0.061083,-0.10802,-0.12892,0.17003,-0.0098675,0.010035,-0.00023332,-4.2021e-06
-102.33,54.341,441.94,-183.62,-162.99,-29.955,-10.34,27.857,9.5142,20.712,-4.5267,-6.9911,13.176,-9.6119,-10.176,11.319,0.16088,2.0472,1.2411,-1.5606,-1.2621,2.0858,8.7143,10.87,4.5752,0.025328,-6.7054,3.6439,-8.2394,2.7426,-3.6045,-0.15814,0.16285,-2.0107,0.059829,-0.053015,2.319,4.0544,0.95783,-1.5618,0.037017,1.1166,-2.7527,1.3626,-0.84731,1.3703,-0.26667,0.1495,0.20499,0.10202,0.0050103,0.035827,-0.041184,-7.1149e-05,1.2277e-05
-318.67,-19.099,134.17,-110.63,-40.238,-26.948,-13.268,18.024,3.377,19.017,3.1765,3.8091,11.939,-5.5097,1.3526,-5.6471,-1.0431,1.6121,3.2527,3.7336,1.3534,0.26432,5.5672,2.14,4.2263,-0.78041,-2.7469,-0.10495,-1.7823,5.1781,3.4939,-2.1451,2.9705,-0.15043,0.8855,0.0074481,0.95708,-2.8308,-1.0029,1.902,0.38251,-0.28025,0.58454,-0.95192,-1.0245,0.1131,-0.18467,0.069435,-0.1652,0.17467,0.070862,-0.046968,0.03562,-0.00016347,9.9702e-05
-222.59,-26.461,263.3,-65.912,-36.583,-29.637,3.7734,5.2656,-16.886,25.479,-2.7315,-9.2845,6.8338,2.173,-5.5103,-0.61222,-0.69977,1.9595,-2.9082,10.876,-2.389,2.7545,-1.6253,6.3357,3.2585,-0.71817,-0.11908,-3.1453,-4.0099,-0.25629,2.4244,0.67339,-3.5935,-0.26248,3.5164,4.4128,0.81132,-1.0392,-4.3032,0.787,-1.003,0.35423,-0.24767,0.53181,0.1903,-0.30591,0.061428,0.18429,0.046418,0.10046,-0.089689,0.061542,0.0015516,-2.9148e-05,6.8852e-05
-241.62,26.242,249.13,-71.2,-104.38,25.34,-11.01,14.636,18.757,-0.36677,-20.087,1.0284,-7.0007,-4.1012,36.369,-23.324,3.0837,15.381,-4.6689,4.9703,-0.043153,11.857,3.8076,8.9443,5.4021,0.83913,-5.5452,0.44072,0.1687,-1.1838,1.6625,2.979,0.54753,-2.7037,6.6534,-0.47389,-3.176,3.1024,-2.929,1.0086,-1.1941,-0.86937,0.043778,-0.16036,-0.03672,0.084418,0.12764,0.0028179,-0.050804,-0.10367,-0.049999,0.015109,0.0057389,-5.7566e-05,-0.00015564
-144.47,6.2363,261.16,-54.599,-28.765,19.918,-13.243,3.6389,-2.2001,-0.57039,1.2528,2.6573,6.9805,-12.617,-1.9177,3.1247,4.2984,-7.2685,-3.6632,2.8064,-11.587,8.3565,6.5852,5.9095,-4.212,-2.8967,3.8423,5.4999,-1.0699,-5.1956,0.25027,-0.055077,-2.9353,-2.3369,-1.0414,-1.155,3.7685,1.6222,0.12344,1.6944,-1.0508,-0.16419,-0.31977,0.57557,0.80317,-0.99478,0.37466,0.041832,0.032715,0.15378,-0.041543,0.026586,-0.033255,0.00023425,6.4402e-05
-136.56,12.464,202.62,-102.56,-22.878,11.444,17.236,-28.268,-6.3981,18.64,7.698,2.8544,6.9182,6.0276,-8.8246,3.642,21.379,10.551,-19.597,-9.7596,-9.9202,2.0475,6.9054,4.7854,-8.3722,-1.9601,-8.1286,2.2959,-0.81991,-7.2176,1.0414,9.038,1.3194,-0.31894,0.34291,-2.9661,2.3702,-2.7368,-0.5105,-1.7944,-2.0068,-1.4079,1.2666,1.2986,2.1198,0.15312,0.45917,-0.33503,0.43271,-0.30263,0.11406,0.039213,0.0029214,-8.3818e-05,2.2752e-06
-195.25,-70.45,84.205,-71.227,4.2779,73.427,-21.222,-0.58039,-9.54,-22.022,-15.623,5.4171,-14.2,6.8794,-19.723,10.769,3.7551,-8.1479,-3.753,1.2428,0.95739,-4.3133,-7.2449,7.9306,12.143,3.6878,0.39131,-0.8685,-0.32983,-1.1194,-5.5586,0.25892,-3.5686,-0.4092,-3.5467,-2.592,1.3906,0.54041,-0.59286,1.4337,1.0292,-0.81341,0.60097,0.29669,0.91965,0.97414,-0.64132,-0.072608,0.00019587,0.041322,0.016322,-0.051899,-0.00061598,0.00010929,-0.00011009
-219.49,-64.748,132.2,8.943,-1.5675,15.898,19.154,-13.403,-2.7218,0.38592,37.662,17.247,-15.972,-4.9341,-5.5482,17.055,7.5663,7.3551,-30.584,4.4056,6.9809,1.2886,-4.9737,-3.7784,6.581,2.8891,-0.50922,1.8815,2.2434,5.1581,4.9273,-2.2578,-5.2706,-2.6036,0.17149,2.0928,3.1915,-1.806,-2.1498,4.7652,-1.1827,3.3496,3.1908,0.41777,1.0104,-0.68434,-0.56159,0.093496,0.51256,-0.32963,-0.035911,-0.045048,0.02353,0.0004602,-3.2338e-05
-192.55,-21.659,137.14,-30.179,3.1228,91.03,20.153,-19.823,-43.067,-34.079,9.9323,-6.9322,-22.126,-8.2588,-17.284,9.4603,12.235,-21.5,1.792,-8.6411,-8.6744,3.3517,-2.9549,3.5488,-1.5291,-8.3356,-0.98117,5.632,1.6058,-2.4201,-0.18204,3.0767,5.9556,10.186,2.128,10.765,0.46776,-0.62786,1.0478,-0.84502,-1.4136,-1.1954,1.8571,1.3353,0.9996,0.92961,1.6909,-0.48024,-0.047083,0.213,-0.10495,0.00059058,-0.02077,0.0001446,-0.00010169
-216.55,19.436,170.47,-96.236,-57.696,134.94,-14.253,-9.827,4.5933,-51.637,-11.799,-1.9058,9.9448,20.875,-40.95,28.812,-15.084,-6.6545,3.4028,-8.4634,3.3544,-2.8077,-5.9563,-0.68846,9.5824,4.3955,-6.0861,-8.9087,1.814,4.0188,-1.0131,-4.1,-7.8115,-6.6729,-5.4689,-6.7322,-1.313,0.83854,-3.9891,2.2596,0.90052,0.61642,-0.27338,-0.03838,1.2234,-0.59726,3.98,-0.032579,-0.15382,-0.11117,-0.026084,-0.051171,-0.032476,1.6954e-05,-0.00020127
-307.34,-36.737,-67.96,-2.3066,-39.996,-65.04,-17.196,0.89823,-4.3739,-16.425,-4.2864,-3.4571,10.934,4.2626,-0.082106,7.4925,-7.2309,7.8094,4.7765,5.5225,-2.732,-2.1671,0.00016742,-5.0155,0.51551,0.51055,-2.3723,-0.68856,-3.6965,-3.9468,4.2341,6.0229,3.5477,-0.72571,-0.75298,-1.7319,2.82,3.1271,-0.35621,-0.75904,0.63392,1.8299,0.74499,-1.7075,1.1478,-1.8964,0.67834,-0.049088,0.30275,0.25807,0.038779,-0.45701,-0.072691,0.00045308,-0.00013521
-293.43,-62.103,-51.04,-18.19,-22.484,-55.125,17.987,-27.069,-41.726,-32.35,18.214,-5.6295,-4.9324,-2.372,-0.46366,2.728,-8.6203,9.2789,-1.2015,0.63121,-9.3894,-0.77405,-1.9874,0.81913,0.59609,1.1916,-8.6852,7.6645,8.8578,-2.0114,-2.9814,3.3846,3.3717,0.71367,0.18961,-0.58215,-5.3707,-4.9533,-1.0995,-2.142,-2.8416,1.8806,-4.114,0.10726,-0.79432,-0.52641,-0.55069,-0.039691,-0.039647,0.16291,0.015989,-0.35125,-0.0060167,0.00066856,-4.0417e-06
-293.58,-82.579,-67.911,-70.474,-21.517,-72.197,11.698,17.25,-19.465,-18.467,-3.3957,-2.7593,8.653,-12.303,-1.7031,-1.3572,-10.525,5.6625,1.5599,0.92717,-8.2295,-4.8343,0.62189,0.54479,-3.5675,2.827,-10.662,6.3796,-0.42543,2.1738,0.55463,-2.2014,-6.2017,5.3699,0.15274,0.63045,-2.3638,-1.0478,0.1234,1.8731,2.8866,2.1579,1.3504,1.0683,0.86442,-1.5363,0.40743,-0.14847,-0.24611,-0.11622,-0.065535,0.075138,-0.01546,-0.00045639,-7.5487e-06
-276.36,-67.958,-119.08,-62.521,-19.273,-66.689,-13.578,-7.4942,-4.402,-13.776,0.95523,-11.183,-5.2901,-6.5051,3.0337,-12.274,2.4716,-10.695,-6.5396,1.1151,-6.9582,-4.5462,1.2882,2.5543,8.0654,-3.0147,-1.1495,0.52044,-0.62754,-2.3228,-4.9163,3.2127,2.3487,1.0252,0.16329,0.8827,1.5886,-1.6444,0.10311,0.48989,2.0341,-0.070603,-0.022381,0.3878,0.23491,0.48793,-0.1003,-0.37662,-0.35064,-0.37115,-0.046215,-0.0088428,0.012531,-0.0011805,-5.6376e-05
-356.57,-69.444,-55.52,-28.842,-16.479,-76.119,-0.3063,-11.053,-4.903,-14.088,1.6191,-13.388,4.1147,2.4825,4.9955,2.3268,-3.9185,6.3063,-1.039,-7.2048,-0.10769,4.1186,-9.3137,4.1447,-5.4563,-3.1902,6.1493,-12.375,1.2366,1.2607,0.24923,6.535,-1.9405,-0.56671,7.3595,1.791,-4.817,2.7924,-5.552,-2.2944,-0.044911,-0.23572,0.396,2.9529,1.0065,3.7305,0.035741,-0.023477,0.11918,-0.054868,-0.047528,-0.2078,-0.051809,-3.3158e-05,-0.00010018
-249.37,-30.693,-103.95,-29.504,-44.332,-69.485,-12.859,4.6948,5.5,-5.6661,-11.166,-8.6152,5.1368,-17.439,-0.35487,-3.4458,-4.5266,-5.0671,-3.2879,-3.2156,-3.2945,-2.8203,-0.01058,-2.8182,6.3264,-3.7933,2.2059,-5.3985,-6.6637,-0.6002,1.3097,2.1806,2.7346,0.77413,-1.4853,0.12711,2.5696,-0.54167,-0.71791,-0.82633,2.006,-1.0741,-1.9674,-0.16984,-0.19875,0.44614,1.2638,-0.26119,-0.31017,-0.29776,0.099311,0.13226,0.030717,0.008117,-0.00059627
-274.7,-27.011,-103.1,-15.885,-47.984,-43.629,-2.2429,-7.6935,-13,-23.672,1.6059,-12.591,5.3753,12.784,-14.045,-8.7584,8.4065,-2.2692,-6.4636,11.447,1.5643,2.6035,4.6175,-2.1148,4.2906,-2.1203,6.3848,-3.8887,-2.5642,-1.5192,4.3708,-4.6477,2.7704,-4.8538,0.85152,-1.7848,1.8952,7.2399,-0.74655,-2.1335,1.621,2.6826,-0.76388,0.51585,0.8848,-0.72921,-0.29436,-0.34212,-0.39357,-0.087147,0.0033689,0.12631,0.11964,-0.0013195,-0.00036027
-362.83,-54.111,-73.817,19.107,-37.766,-79.052,13.337,-28.4,-31.367,-25.222,20.421,8.8512,-6.6791,-12.671,1.4468,6.5594,-1.3539,9.8962,-10.134,7.0521,3.2582,7.7904,3.8282,-5.4726,-1.0693,-1.2805,-0.68384,2.7029,-0.99296,8.2744,-2.8941,-12.176,-5.4497,0.21464,3.277,2.9634,1.3363,2.2827,1.5245,2.7244,0.77168,3.0318,-1.5997,3.4496,-0.63376,2.0592,0.7728,0.31421,-0.16112,-0.050335,0.13395,0.030068,-0.059936,-0.00015763,9.4364e-05
-291.71,-44.305,-80.521,-19.94,-51.723,-77.817,0.52278,-16.97,-11.838,-20.035,1.9456,-4.8468,-5.1446,-5.6171,5.0693,11.413,-12.001,8.554,-0.32769,-0.17863,-12.061,-2.7702,-0.20085,-0.27821,4.5129,4.3177,-5.1251,10.69,8.6873,8.9928,-5.8435,2.66,-4.0593,2.6705,2.1851,2.2416,-1.0521,-0.89006,1.4942,-0.058286,2.2501,-2.8906,-0.57332,-0.059887,-0.33693,-0.20559,0.74141,-0.76837,-0.084009,-0.13703,0.017957,0.1177,-0.042844,-0.00046354,0.00016401
-353.27,-62.812,-86.413,-0.42606,-9.7824,-57.422,5.7339,-25.78,-14.168,-20.036,3.121,-3.6485,-4.5793,-15.669,-1.6518,-2.239,-5.617,4.7866,-13.264,21.3,-3.6619,8.6067,-5.0437,-7.2022,0.055554,3.5162,1.4751,-3.2876,0.34811,3.3505,-1.8411,-6.5638,-4.3652,1.9147,-0.54406,-1.1138,-1.7838,3.7431,0.75528,-2.7974,-5.5763,-5.4834,5.1648,1.1842,-0.3438,-0.66157,1.7073,-0.14968,0.4076,0.17798,-0.10328,0.016376,0.065006,2.3578e-05,1.9763e-05
-336.61,-55.458,-89.309,-8.5093,-4.6059,-65.385,-1.533,-14.178,-18.061,-5.2425,-7.6697,-6.7007,5.233,4.7546,-2.3409,-10.929,0.96707,-1.4629,-0.053112,0.59306,-0.48637,-2.6788,5.051,0.85971,0.25121,-4.7573,-0.1839,-4.8327,-3.7576,1.9441,0.015703,-3.2024,-3.8395,1.6824,-0.59081,1.4708,-1.2256,1.5104,0.56439,-0.53494,2.4825,1.86,0.97607,-0.19541,1.0308,-0.62731,0.14805,0.088798,-0.4338,-0.11362,0.0044633,0.064488,-0.073796,-0.00062855,2.0909e-05
-302.84,-145.49,-86.235,-59.618,-19.019,-55.451,5.5949,0.83506,6.8467,-13.183,-17.054,-0.17692,5.4296,10.785,2.54,-12.176,4.6353,-2.933,-3.2178,-2.1954,-1.5537,1.014,-8.6505,6.3644,-6.9273,2.1666,5.5085,-2.0465,4.2901,1.6393,-5.434,1.1483,-1.0569,-0.17706,-0.61937,1.0124,0.35982,-1.9645,0.89001,-0.84758,-0.10056,-2.1481,-2.6242,1.9527,-0.18446,0.90056,0.43829,-0.040544,0.16315,-0.13963,0.010212,0.11093,-0.028015,-0.00041694,0.00014525
-330.28,-75.485,-85.286,6.1592,-30.263,-48.995,11.428,-9.4527,12.625,-8.7332,-14.882,-10.059,-12.392,13.069,0.80718,-13.176,1.0714,-6.1354,-8.2287,-0.19365,-6.7021,-3.2098,3.9589,4.295,11.067,11.493,17.682,4.4083,-4.6729,-1.07,-2.6461,2.3836,0.038603,-2.5956,-3.037,-0.17397,1.4606,3.319,-0.2714,-1.0385,-0.57291,-2.0474,0.43709,-0.056654,0.15591,0.03309,0.72751,-0.33707,0.13579,-0.068908,-0.037709,0.049117,-0.032382,-0.00062594,-1.9543e-05
-346.36,-81.202,-60.612,-27.922,-40.127,-59.914,-10.067,6.1689,-6.5052,-8.8492,-11.77,-3.3437,7.9057,-10.234,-2.7808,-8.7093,0.82919,-5.5494,0.42573,1.102,0.077451,-1.6112,6.3063,-0.5064,-2.6707,-1.0593,-2.5967,-0.1184,-1.9687,-0.084824,0.5617,-2.9909,-0.4156,-0.27005,1.0606,-0.4473,-2.3521,0.15673,0.015129,-1.5052,1.4351,0.22376,-0.070548,0.71438,1.6682,-0.35158,-0.60105,0.032601,-0.37688,-0.28379,0.098667,0.071502,-0.076666,-0.00078194,-4.7393e-05
-340.06,-86.656,-72.785,-27.235,-6.0689,-68.608,3.8062,-13.798,-2.2574,-1.7955,-9.289,-8.4337,-0.632,-6.3705,-0.11105,-4.3422,-2.5685,-6.4644,-1.6726,3.371,-4.1136,1.4284,4.4082,-2.395,0.40262,2.5007,6.5079,-11.047,3.5798,7.2975,0.045145,6.0122,1.7095,-3.8877,-0.13201,-1.6972,3.6616,0.75506,1.2169,-1.3577,-2.3217,-1.4813,1.3789,0.33298,1.4334,-1.2818,0.19592,-0.49964,0.35387,0.12641,-0.013151,-0.065235,-0.049201,-0.00017707,3.481e-05
-338.87,-83.885,-111.77,-16.738,-20.559,-23.581,-10.784,-13.498,-7.9545,-24.815,-2.3548,2.7997,4.3757,-2.1637,2.0156,11.404,-7.6302,5.7374,-2.8472,-2.7247,0.47421,-4.3277,0.60217,-3.4477,-6.9495,-3.6739,-2.0508,-6.4719,-3.8034,-0.90455,1.4029,1.8188,5.1786,-2.2756,-1.2526,5.9189,3.0926,-1.6966,-0.45572,-1.171,-0.90599,0.42011,2.3164,-0.044362,2.0189,0.019911,-1.6433,0.24056,0.29202,-0.012245,-0.087614,-0.064637,0.0051898,-0.00015252,-9.2285e-05
-287.17,-117.97,-94.001,-78.162,-8.4738,-63.764,-8.3184,-12.727,1.0488,-3.0775,-8.221,0.84476,8.1318,-10.087,-2.5571,-0.11471,0.76696,4.525,-10.221,0.8646,4.3205,3.7181,9.2477,-5.3126,-4.2664,-1.5122,-5.187,-1.0782,2.2399,1.6035,-1.1099,-3.9712,-0.6501,-2.451,-1.3323,5.1037,-2.1166,-1.1641,-2.0962,2.5138,0.032412,0.54729,1.0929,-0.51396,0.11868,0.26346,0.74664,0.19539,0.033197,-0.21105,-0.007913,0.05329,-0.010177,-0.0004872,-5.9327e-05
-320.33,-67.798,-107.65,-32.874,-2.5273,-28.293,-5.12,-4.1538,-8.0201,-7.5559,-8.8329,-5.8133,0.98214,1.8162,0.18255,-9.3189,-1.1121,-0.96964,0.19505,-12.586,1.9571,2.8223,-3.5534,-0.88488,-5.5517,-5.6874,2.3554,-3.5799,1.34,-1.593,0.33138,-0.28411,-1.9214,-0.23955,-0.010774,-1.217,-1.6091,-0.65382,-0.80354,-0.57355,0.63962,0.68813,0.18779,0.15554,0.38113,-0.54007,-2.3428,0.1139,0.050766,-0.17655,-0.13998,-0.14424,-0.085158,0.00024349,4.6379e-06
-274.94,-231.46,71.196,84.693,137.49,-54.604,106.33,-45.396,129.16,14.478,22.887,41.608,-13.95,16.285,14.967,36.237,15.366,-4.4221,-55.17,-19.083,16.238,0.54633,-1.4332,2.3227,-12.326,8.8231,-9.7483,-4.0988,-10.362,0.44927,-2.8179,-0.35195,0.77052,0.40104,-3.0456,-0.31161,-2.5458,-0.057509,1.8495,-0.89367,-1.355,-0.51643,1.3091,-0.86661,-0.27851,-0.76267,-0.46582,-0.49309,-0.77838,0.29594,0.029739,-0.030284,-0.0085972,8.9484e-05,1.0767e-05
