-173.95,151.62,-29.453,55.015,56.245,-4.1289,-0.3205,-14.807,19.111,-8.9105,-3.0311,-15.121,19.338,2.1895,-2.784,5.871,12.548,-8.4447,3.1225,-1.3935,1.9657,13.05,5.8151,-2.1405,0.49763,2.5079,0.69012,-0.41064,-3.0732,-1.576,-2.391,-3.742,1.5285,3.5815,-0.34142,-1.5296,1.3046,-0.48316,0.93507,-0.97722,-1.7354,-3.1588,-1.676,-1.1645,-2.0385,0.68078,-0.52713,0.17787,0.039492,-0.13123,-0.052146,-0.021778,0.00020156,-1.098e-13,-2.7099e-14
-265.47,29.094,-54.209,-28.875,109.57,-9.7217,-5.8094,-5.851,2.3494,9.9175,21.296,-9.7898,2.0722,7.43,15.048,13.987,-5.5274,-4.688,6.8623,-3.0386,7.6239,-2.6597,7.8717,-0.4485,-0.050201,-2.4027,-1.2357,-3.6811,-3.6829,5.1842,-1.0428,0.78297,1.7222,0.028643,0.7947,0.32455,1.7076,-0.019135,-0.30553,0.079716,-2.8842,1.5382,-1.8919,-1.4085,-0.86285,0.06113,-0.34576,0.18092,0.013714,-0.031058,-0.032336,-0.023297,-0.0002419,1.3112e-14,1.8343e-14
-203.19,56.405,-22.283,69.067,151.78,-0.87589,-3.6024,6.7911,4.967,32.362,11.263,-23.516,8.0379,1.9678,4.622,9.7705,29.013,-22.83,-26.686,9.2472,-9.9979,-6.0035,-0.16697,1.5428,-3.3496,3.5964,-1.944,-0.82653,-3.3238,2.8224,-2.6814,-0.32502,1.5277,-2.9205,-1.0292,3.496,-1.6912,0.11572,0.78011,-0.77724,0.73209,1.6473,0.82286,1.1874,-0.65323,0.14241,0.33736,-0.082046,-0.086916,-0.19823,0.058183,-0.028363,0.0052066,-2.8815e-14,-2.0103e-14
-221.71,66.541,-39.943,83.985,177.94,13.027,-29.702,-5.7088,-21.44,12.276,9.0613,-17.143,9.1495,16.348,20.49,14.407,-27.751,4.7564,10.409,3.9314,-5.5528,-8.1361,0.56279,-1.3813,-0.093516,3.7163,0.24066,0.48502,1.7025,-1.295,2.3743,3.5206,4.4617,1.5487,0.19217,-1.321,0.65859,1.2361,2.7532,-4.2841,-1.6496,-0.45392,-1.3039,-1.2185,-0.54203,0.052047,-0.55342,-0.12645,-0.060318,-0.072238,0.0021982,0.021282,-0.0036811,2.5138e-14,-1.9804e-14
-187.42,47.22,19.265,52.101,144.08,5.1908,-13.096,-7.5706,3.4978,-10.687,-24.38,-9.1782,8.6433,17.936,-1.5376,11.913,-6.726,5.315,-0.11871,-4.9944,-2.9646,-5.7753,-1.2078,3.5231,-0.62019,3.3555,-0.073482,2.115,0.62664,4.2684,3.3851,-2.1531,-2.3485,-0.21105,-0.40175,-0.6936,-1.0219,-3.0332,1.372,-2.5467,-2.5417,-0.74752,-0.13495,-0.94085,-0.11969,0.78574,-0.12763,-0.0043023,-0.095423,-0.23013,-0.036752,-0.013088,-9.4312e-05,3.3309e-14,1.5866e-14
202.99,273.08,224.49,43.01,2.4843,-37.379,-40.15,-59.652,8.5522,31.551,14.709,-2.407,-5.5313,16.584,-11.074,7.7319,-13.759,-3.5363,-1.1033,-18.507,1.5703,-7.1093,0.41617,-18.673,-9.8006,0.85799,-8.6975,6.951,8.0523,4.9825,-4.4141,4.3492,2.4214,-3.7321,0.39699,3.9805,1.7287,-2.9265,-2.7799,-3.1148,2.1112,1.2785,-1.2902,-1.9099,-0.095868,0.59751,1.0214,-0.1872,0.12573,-0.075087,-0.033003,-0.086298,-0.004392,-3.9831e-14,-8.6345e-14
124.96,121.22,30.93,135.14,177.82,2.5407,22.687,-17.59,8.4313,1.0256,10.252,33.371,-6.5114,12.505,27.651,-4.1832,11.275,14.588,8.0043,2.2172,19.349,-10.029,-1.6327,5.7751,1.5875,-1.3437,-0.49053,4.5245,7.9803,1.029,6.6778,-1.8235,-2.8092,-4.6877,-1.0836,-0.6412,1.2446,-5.9256,5.8417,-2.3076,2.0001,2.6956,-1.1922,-0.27518,1.4624,0.48671,-0.060185,-0.32393,-0.20842,0.0043552,0.090937,0.0012796,-0.00042959,-3.0441e-14,1.616e-14
-10.735,85.887,67.71,-13.56,129.4,4.7861,-14.098,-0.31506,50.193,-14.734,-52.375,-24.074,11.536,8.2793,3.9536,1.6861,-10.481,-7.1529,12.498,2.5181,-7.7467,-12.275,0.39941,4.1606,-3.1032,-3.1752,2.148,3.3901,0.17158,-0.23017,-1.7076,1.8194,-1.5715,0.43777,-2.2103,-1.5279,-3.3972,-0.69282,1.0252,1.3659,2.5148,0.30715,0.37373,0.52309,1.1571,0.10823,0.16067,0.027747,-0.052033,-0.14038,-0.00035375,-0.014176,0.0027491,3.0402e-14,3.1169e-14
168.84,175.4,10.345,99.406,84.941,61.153,45.504,-20.014,-19.95,-6.5491,-5.4381,18.058,4.0481,-11.757,16.048,-5.713,-18.737,9.0363,-5.0082,-6.7165,-2.9032,-4.0029,-5.1194,2.2543,6.938,3.295,0.2092,13.395,1.7991,-4.1868,-10.342,8.1751,-6.3134,-0.50011,3.6529,-7.4089,0.45291,-0.1425,-2.826,2.1788,2.6438,2.1938,2.8461,0.77532,1.0416,-1.0701,-1.713,-0.016249,0.44032,0.12466,-0.031361,0.030236,0.00040059,-5.1438e-14,-3.335e-14
102.24,245.04,-16.739,110.01,99.319,-17.367,16.558,-32.488,12.072,8.4849,24.788,7.9286,8.5664,13.026,12.15,14.312,20.378,23.456,4.756,-8.6207,20.403,-9.4344,9.6198,3.8467,1.4942,-1.9045,-3.2161,5.7545,-0.48974,-7.7445,-2.6867,6.428,1.83,1.3444,-1.5467,-1.9822,4.5156,4.0839,-1.2221,1.0015,0.706,0.66899,0.039636,-0.89083,1.1172,0.64101,-0.57236,-0.033905,-0.17492,-0.11597,0.031155,-0.013785,-0.0046217,2.9874e-14,2.6904e-14
56.303,127.99,-76.438,5.8886,55.512,46.995,18.532,-35.082,9.9306,-10.922,12.687,2.2639,1.9386,-0.031638,18.181,-3.1383,0.87853,-15.19,-6.1795,-6.223,10.411,5.9889,0.41039,5.2574,1.8899,8.0182,0.068469,-0.40808,-1.3746,2.464,3.3347,1.0736,-2.4869,-1.4366,-2.152,-0.73895,-0.74985,-1.9177,-2.1203,1.2784,-1.7989,0.85458,-0.013768,-1.0276,-0.31324,0.53203,-0.58234,0.1707,-0.12266,-0.033928,7.2071e-05,-0.028593,0.0014954,-1.2096e-14,2.8866e-14
-39.545,108.31,-46.903,73.233,180.03,-16.437,15.471,-4.1299,10.253,8.3143,8.1187,23.563,-17.743,1.178,25.64,5.5532,-1.4853,-9.0007,17.43,-1.2069,1.8155,12.544,-1.5292,-7.4192,-1.2306,4.1971,-2.5915,-4.1339,1.2685,2.889,3.1419,-0.72154,1.1413,-1.9477,3.5182,-1.2972,-0.047634,6.5216,-3.1026,0.29798,1.7759,0.75946,-1.5194,0.32426,-0.55065,-0.37426,-0.41315,-0.18036,0.0065341,-0.023466,0.021362,0.018682,0.00056337,1.4093e-14,4.4756e-14
3.4956,184.94,-18.672,42.245,68.665,-17.728,21.351,-19.405,14.021,16.956,-25.618,20.819,-12.785,-3.7789,-0.45053,4.9515,1.1038,-13.418,-13.703,13.949,-11.496,4.2162,5.3592,4.1967,9.1644,2.3438,0.072135,4.7218,-5.0321,-3.589,-4.6577,5.423,-7.5064,5.7313,2.1271,-3.566,-1.533,4.2201,-2.0764,-0.78363,1.717,-0.41355,2.7128,0.76414,0.063903,0.39173,-0.7616,0.12665,-0.13287,0.25913,0.034878,-0.015298,0.001928,-4.4528e-14,-6.2387e-14
27.815,64.247,-98.377,34.967,143.19,-30.968,16.994,-5.9822,-1.5466,-3.1855,-4.8789,8.2684,-1.7003,29.41,5.0059,-2.8756,-15.269,8.3718,11.653,7.5324,5.6258,-8.7685,-8.2943,-12.487,14.262,-4.7421,-3.7285,-4.241,-2.7708,1.8982,0.63274,2.1815,-1.517,-1.4955,3.0134,-0.90912,3.2756,2.6988,2.6729,-0.30265,2.3179,1.5387,-0.16956,0.67937,0.76958,0.20886,-0.32176,-0.33789,-0.034616,-0.034667,0.058437,0.031944,0.00048341,-2.1592e-14,4.9136e-14
-128.03,105.44,-88.601,71.969,105.39,62.056,-1.2687,-11.83,-29.751,-18.243,19.297,-12.057,18.522,-22.886,-0.11553,-10.454,-10.37,1.3475,-0.12476,9.2446,-8.752,6.6475,-5.8599,0.044375,-2.1671,1.6847,-1.5692,-2.4907,4.0667,-1.0005,-3.3873,8.6603,-1.4158,-0.043132,-0.23277,-5.6474,7.3963,4.7081,-2.2398,1.8128,-0.37486,-0.83259,0.62299,-0.95304,0.089261,0.37516,-1.5833,0.14112,-0.095681,0.057969,0.070133,0.032372,0.00064923,8.7933e-14,-3.5035e-14
-135.61,85.786,-24.38,-24.333,110.51,28.123,-2.5383,26.195,26.248,30.98,10.946,22.266,-4.1227,-8.3443,13.886,-0.59009,11.798,7.9275,15.976,-5.9437,1.3461,2.6766,-7.0079,-0.11861,-3.6389,4.2263,3.6025,3.0424,-0.25265,-3.2653,-2.7402,4.0189,1.3349,-0.011746,1.4852,-2.9278,-0.99746,7.3769,-3.4843,-0.22943,0.18628,-0.15708,1.03,-0.46917,-0.29501,-0.25199,-0.59845,0.11393,-0.098182,-0.22207,-0.040593,0.011705,0.00047539,-1.2945e-14,-1.2982e-14
259.43,168.99,-41.502,125.78,127.27,73.083,-23.49,-7.9676,-7.2781,-8.8272,-56.822,-2.5799,23.756,-27.854,11.376,8.2742,-0.93912,6.1266,-3.0841,-5.3455,-12.096,8.5083,2.9564,-1.6335,-1.4765,5.539,3.4618,1.7402,6.0741,3.2336,0.45631,-2.556,-4.442,-1.2675,-1.8565,-3.461,-1.2406,0.032902,-2.2403,1.8573,1.6317,4.0968,0.97034,-0.17107,-1.3629,0.34492,-0.97637,-0.13784,-0.099191,-0.034517,0.039306,-0.00085795,0.0018568,4.3553e-14,-1.7138e-14
144.24,97.534,43.241,143.8,136.9,1.4379,-5.3592,-33.725,-8.4434,1.49,28.663,-14.948,-0.08357,-40.674,-43.492,-6.6456,-24.569,-20.362,-8.7004,9.0267,-4.4713,-15.203,-1.432,3.832,-4.2098,13.182,3.3258,-7.4307,6.5896,-6.9188,-4.5321,-9.4079,-8.7272,8.8522,2.671,0.1978,-3.0354,1.8236,0.18071,-1.3477,-0.5971,-0.047432,1.0013,0.33219,-0.084394,1.4206,-0.19269,0.026571,-0.11157,-0.15958,0.0723,-0.030223,-0.0022831,2.7519e-14,1.1522e-13
-224.61,59.943,-52.323,90.929,68.376,0.68861,-3.2482,2.0259,10.908,12.16,7.9164,2.3362,-6.6683,4.8227,23.022,1.2835,9.7431,-18.332,10.573,-2.2077,6.2949,-1.7462,-4.6182,0.26747,-2.5581,5.1939,-1.8795,0.99416,-1.7295,-4.0792,-0.57027,4.2232,-2.7517,4.0522,0.96598,-4.713,2.5302,1.4959,-1.2352,-1.128,-0.90466,-0.23771,0.35938,0.64674,0.99791,-0.052636,-0.43306,-0.0015257,-0.18137,-0.14117,0.035056,0.0079784,-0.00013982,-3.1614e-14,-4.5726e-14
-173.32,103.97,-113.22,16.838,46.828,79.198,35.619,14.979,48.944,18.426,0.79469,16.553,-14.541,34.62,-28.161,14.317,-22.999,-1.1285,-5.3833,14.721,29.88,24.575,-4.1769,4.0106,4.3544,-2.2585,1.949,-4.0542,0.81726,-0.66958,-2.0127,1.0516,2.3667,0.64427,0.36485,-1.6313,0.98827,-1.6778,-1.5924,0.21804,-2.3244,-0.37474,-0.66183,-2.2237,-1.1116,-0.19891,-1.037,0.11301,0.036609,-0.12337,-0.024908,0.0052536,0.0014291,1.8259e-16,-8.2535e-15
-179.68,14.619,-24.304,-1.7963,-47.554,-8.388,54.011,33.241,11.974,-16.317,-22.96,2.537,11.745,0.73731,16.533,15.338,5.9919,-10.4,-9.0211,-6.0947,18.43,-4.9177,3.2445,3.6678,-7.4187,-2.1943,11.924,5.1232,1.9646,-1.2147,0.89957,-1.8972,-1.731,6.0391,-9.2703,3.5887,5.3662,2.2401,-2.3338,4.218,-1.0353,0.27216,-1.7962,-1.7508,0.52932,-2.2159,1.8318,0.27159,-0.11272,-0.069872,0.018865,0.0059894,-0.0050831,7.4525e-15,1.989e-14
-228.11,17.473,-27.892,40.838,-5.0352,16.457,-33.179,22.214,-22.183,-7.8955,1.8518,-25.523,-2.5502,-10.273,19.441,36.981,1.6398,6.7239,6.653,0.14096,-6.6763,2.397,-4.1463,-6.2662,-4.9396,1.6201,1.0647,-0.92939,0.51565,2.036,-1.2212,0.4994,0.85232,-0.1912,-1.2392,-0.29678,-0.15403,0.58788,1.6668,-2.7104,0.31676,2.0284,1.9809,0.41716,-0.90579,-1.32,0.28238,-0.31077,-0.030018,0.032169,-0.036926,-0.0036503,0.0028511,-6.2007e-14,1.1029e-14
-244.22,-14.05,-70.22,74.033,-85.635,16.549,9.862,26.85,4.8684,11.055,11.106,-23.777,-11.351,10.836,2.4466,27.346,-2.3625,2.7097,4.1862,0.23406,-0.041488,5.2669,10.475,-6.3246,1.7838,-3.2398,-0.69867,3.3774,7.8245,-3.7269,-6.2797,-5.1095,1.3839,-1.7838,-3.8539,4.8874,4.7709,4.5004,-0.14172,1.5902,0.26689,0.32988,1.8369,-0.86996,0.033314,-0.30381,-0.42251,0.20232,0.075939,0.10609,0.054938,-0.040207,0.0020121,-6.2376e-15,2.9082e-14
-309.38,11.151,-15.75,20.911,-0.11504,8.7285,37.574,25.713,8.0496,1.4932,-32.982,-12.812,3.3242,-31.651,-12.126,-11.026,14.419,14.21,-0.21511,-11.519,-0.89486,-1.2973,5.7799,2.5743,-7.8237,-4.3929,-5.0287,2.6743,7.7988,-3.3027,0.0074541,-2.6416,1.4654,-5.6202,9.898,3.5972,3.2039,3.5893,3.071,0.72042,-0.60736,-4.9085,0.75322,-1.9572,0.65842,0.5708,-0.24092,-0.00062282,-0.09802,-0.0032202,0.062192,-0.0027233,-0.0015203,-5.9153e-15,8.0901e-14
-268.92,-46.671,-87.937,30.956,-46.679,7.2311,3.7958,1.3089,-13.601,-4.7373,3.2599,-5.8978,-6.6015,8.3105,5.7727,6.0122,-8.8483,-6.0677,-2.1276,-5.5855,1.408,-2.6708,2.0426,5.0984,-1.2478,3.5686,-3.9366,-0.83273,-5.3653,-0.2037,3.9407,1.6547,1.0796,0.16089,-1.3603,1.2508,-0.68714,-0.88215,0.79617,-1.0985,-0.92212,0.065834,-0.79534,0.17626,1.0022,-0.047413,0.163,0.077555,-0.022463,-0.073293,0.10016,-0.01733,-0.0032171,5.4738e-14,6.486e-14
-268.41,-40.396,-1.0572,131.37,-115.47,-6.1518,18.745,20.684,-1.3106,4.9473,3.5334,-14.34,-12.204,2.531,8.2672,-1.0196,17.728,-4.3247,7.3452,-2.3346,-1.6898,-1.9538,-9.2318,-1.2974,-2.6719,0.5425,-2.2032,1.699,0.38511,-1.4668,-2.859,-1.4742,-4.6625,-1.1912,-0.086222,-2.6709,-3.0631,-3.0767,-0.77682,0.41979,0.14201,-0.1757,-0.63145,0.69283,0.2753,-0.91624,-0.23856,0.051669,-0.098096,0.012508,0.085805,0.010333,-8.8705e-05,6.8647e-14,-1.8408e-14
-373.43,-25.488,49.82,38.427,-98.396,14.425,2.1082,21.938,13.498,15.477,8.103,-22.963,-4.7089,-6.3777,4.5433,-2.1412,-15.473,1.2675,-6.87,13.9,-3.0948,-9.8592,-4.0061,-11.262,-5.9161,2.6855,0.25408,7.0419,0.1071,3.6626,5.4912,1.9381,0.59866,-1.3902,1.3092,1.1811,-2.4275,0.50215,2.3745,-2.7772,0.33969,-1.7363,1.4752,-1.9096,0.16246,-0.60186,-0.1908,0.083245,-0.10231,0.15799,0.10129,0.019328,0.0037998,8.6118e-14,1.1191e-14
-323.77,-9.5419,-32.011,11.128,-87.718,-3.6279,32.31,-5.437,-0.99092,7.2953,-11.822,-10.008,-4.5954,-0.18324,0.949,7.8947,6.1322,11.237,12.054,8.376,-3.1994,8.4332,2.7905,0.55317,-1.9277,2.4018,-2.5113,-6.7726,-7.2142,2.1262,1.7926,2.71,0.56308,2.1091,-0.48197,-0.63626,0.58163,0.75477,-0.16555,-0.12858,-0.20223,-3.5114,1.6339,0.11191,1.5946,0.36435,0.57376,0.018876,0.047074,-0.098516,0.072174,-0.016218,0.0015629,-9.6958e-15,9.3048e-15
-268.18,71.703,-11.201,-7.487,-63.841,-24.713,-12.593,11.211,-14.542,-5.0018,11.319,-1.3202,14.958,14.479,8.2632,17.573,0.14784,2.3139,3.741,-4.5374,-3.0078,-1.5943,-7.6188,-1.1104,-3.9378,1.8112,-2.7761,-0.5768,-1.0014,-1.2111,-0.86035,1.6405,0.12864,-0.028705,-2.831,-0.1257,1.4831,0.45459,0.43233,0.67858,-0.75243,-1.8999,2.8963,-0.09704,-0.69514,-0.47406,0.37235,0.010266,0.51714,-0.21373,0.046111,0.14958,-0.0018846,6.9846e-14,-1.0424e-14
-350.97,1.6189,-17.324,47.909,-56.779,-14.558,-10.044,21.606,-21.273,-22.191,6.4155,-9.0059,8.111,-25.21,-16.432,25.143,-0.31695,-7.5749,2.7357,5.5741,-4.2119,3.4915,-5.5784,-1.2132,-0.66271,0.60993,-5.953,-0.059883,-2.348,3.7006,-0.98067,-1.0197,-3.2873,-4.8081,0.31356,-0.068012,0.55054,-1.431,0.0040193,0.2289,-0.061438,-0.12831,-1.0015,0.31185,0.41958,-0.96274,-0.65101,-0.082676,-0.027765,0.022384,0.078018,0.013731,0.0051863,-9.1852e-14,6.1609e-15
-441.03,16.096,-55.405,-13.419,-50.077,-11.242,-8.5284,25.234,-20.614,-4.8756,15.555,-6.5008,10.788,4.6675,16.146,12.636,-4.7771,-0.87038,1.8827,-0.21696,-0.12589,3.1399,0.43039,-1.2534,-0.096047,0.74212,-4.2876,1.1133,-2.5255,-0.11865,-2.1668,0.31228,-4.3205,1.0652,1.6146,3.9851,-2.2842,1.3832,-1.1402,-1.8446,-0.20481,-1.1576,0.44638,0.8095,-0.35876,-0.6779,-0.11147,0.17268,-0.065153,-0.02698,0.1616,-0.015784,0.0047996,-2.0065e-14,-1.3385e-14
-275.7,-1.0115,-123.3,-5.3677,-59.073,-13.858,-22.227,16.603,-10.771,-28.832,10.467,-7.0079,-6.1991,-6.5633,2.1711,16.362,-0.49472,-4.9171,4.9618,5.5056,-0.61857,9.2748,-0.22191,1.1285,2.5688,2.8531,-2.1246,2.3657,-4.3724,0.092491,2.2285,-4.7508,-0.93025,-0.46578,0.34371,-0.6907,-0.31961,0.87527,-1.4702,0.42484,-0.97554,1.8874,-1.2894,1.2827,1.203,-0.18065,0.031712,0.1945,-0.022656,-0.035515,0.090963,0.016054,0.0062162,5.6442e-14,4.9195e-14
-356.63,9.2643,84.803,56.968,-49.698,9.6589,-11.942,-1.5495,2.137,-21.078,-25.248,7.011,1.3441,-15.696,9.0353,29.27,7.3957,28.191,3.8438,2.0424,-4.7397,7.4855,5.5408,0.021296,-1.0203,3.8338,-6.2613,-0.41537,-4.9266,2.0385,0.62661,0.66663,-1.7366,-3.4524,-0.27595,-0.45109,0.38954,-0.79842,-1.4809,1.3998,0.53657,-1.8294,-2.6115,0.40079,1.2883,0.024749,-0.1435,-0.36354,-0.0025149,0.070496,0.08156,0.0041025,0.0011406,-2.6492e-14,-3.6624e-14
-268.72,2.4957,-29.265,3.1764,-59.508,-23.68,23.752,14.977,-9.4109,-16.807,9.5418,-5.0698,-21.049,6.6789,0.018509,-8.2247,6.7757,30.863,9.6945,1.8719,-6.6636,8.2976,0.88092,1.8995,1.9053,3.7207,-2.65,-0.38309,5.1097,0.43842,1.7947,2.1452,-6.6588,-6.7675,6.0227,0.21647,1.4363,-4.5796,0.36351,1.0629,0.91662,-0.58936,-1.5523,-0.10115,1.3754,-0.79365,-0.41994,0.1547,-0.036993,-0.10493,0.048423,0.042996,-0.00060309,5.657e-14,-9.2371e-15
-307.91,-71.566,56.841,101.6,-84.652,-10.572,0.95318,10.619,-23.309,-12.512,6.3143,-6.877,13.032,-14.147,-21.964,17.851,3.5902,-3.4036,-5.8796,1.3141,-0.07634,-8.6368,6.585,-4.908,22.511,8.8263,-4.3269,-4.0844,9.3224,12.377,-0.69059,5.3106,6.8048,5.7125,-3.2517,3.5997,-0.75754,-3.7621,-0.09415,3.6195,-0.87646,2.0743,-0.39152,0.96069,2.5342,-0.76177,-0.5435,0.075352,0.065475,-0.10007,0.15474,0.0059698,0.00032867,2.0325e-14,-9.8355e-16
-410.65,15.171,-26.865,19.869,-107.92,20.997,10.539,22.789,10.333,-6.5977,-9.9241,-2.2831,-9.7924,-9.5412,-11.038,6.5576,-8.1311,0.78504,-9.158,11.405,0.88181,-10.962,0.33592,-27.797,-2.2908,5.3104,5.2976,-0.56812,-4.8862,-5.7856,3.9457,-1.2857,-2.5138,-5.38,-0.51943,-0.82015,-1.8886,3.2006,1.1852,-1.9893,-0.58515,-0.43984,0.99479,-0.22435,1.6125,-1.034,-0.53679,-0.0013291,-0.015574,-0.038912,-0.011562,-0.023236,0.00081046,-1.515e-16,4.5574e-14
-418.29,4.9937,2.2229,35.009,-86.582,-9.2084,-9.7138,12.809,-3.2476,-7.1986,-4.6023,-10.01,-1.8969,-1.8368,12.2,12.803,-10.461,2.5915,4.4913,2.905,1.8518,-1.3327,-1.9369,3.2894,0.04489,2.3689,-5.1687,1.1097,-4.9563,0.069379,0.94064,-0.31803,-2.3205,-0.38648,-0.12769,-1.3363,-0.20287,-0.46347,-1.4686,1.4343,-0.71152,1.0547,-2.3326,0.58198,0.75485,-0.90471,-0.3487,0.10909,-0.0348,-0.033254,0.11045,0.0010749,-0.0049078,-1.8985e-14,1.665e-14
-373.97,41.456,-59.646,-7.3021,-106.26,0.42564,38.642,20.517,-5.9032,0.96832,-4.1113,-18.626,12.778,-10.638,-4.055,-3.7259,0.084271,-14.35,0.014554,1.1531,5.3963,-0.1039,-2.4761,2.253,-0.57343,0.10108,-4.3021,6.7223,4.1879,-2.9581,0.44042,-8.5278,1.5268,-2.6243,2.4516,-1.6867,-0.43075,5.8582,3.4565,-3.7696,1.9481,-2.8601,-0.085316,-0.59149,0.69157,-0.75908,-0.32132,0.23029,-0.040978,-0.0037407,0.095985,0.0094866,-0.0003794,-4.7151e-14,-3.3168e-14
-394.73,31.425,-39.631,31.389,-124.34,-17.118,-16.176,19.424,-16.822,-2.1561,10.815,-18.099,-10.078,-11.709,9.5901,19.399,-10.03,0.67408,8.0259,4.4705,-2.1648,-0.70633,-1.2494,0.68645,1.726,1.1245,9.9308,1.3886,-0.036234,1.4081,3.9747,-0.10641,0.49759,2.3825,-1.0279,-1.3037,4.4267,-2.7394,-4.7648,-6.6077,6.9892,-3.1531,1.917,0.3947,1.8668,0.60554,0.29182,0.42963,-0.0067285,-0.025851,0.072176,0.0034823,-0.002798,-3.6981e-14,2.9408e-15
741.73,-14.754,69.063,-160.92,160.76,-31.023,36.961,7.1538,-69.398,51.857,14.174,20.307,40.837,-7.8188,-24.354,40.722,12.267,29.464,5.0057,-3.3139,1.8029,-27.158,5.7521,-15.766,6.9327,-18.053,6.4893,-3.0968,1.8045,-2.5753,9.996,-5.0657,-3.9855,7.0736,1.0771,-5.4283,-3.3638,-0.86227,-2.9313,-0.42814,-3.6966,-1.642,-1.8871,0.19927,0.84785,0.73898,-0.19485,0.084633,0.20184,0.068582,-0.018188,-0.056859,0.010849,4.6538e-14,-1.1395e-14
838.98,278.75,10.293,-206.49,-60.458,13.768,61.064,-37.054,22.494,-19.014,18.274,-59.684,13.107,14.207,1.8217,-13.789,10.75,52.415,5.3239,2.1804,4.8327,13.374,2.8071,10.222,2.9764,10.563,2.7405,2.0252,-11.369,-0.65564,-1.3927,-5.2412,-0.55529,5.3977,0.13427,2.9234,-0.66439,1.4506,-1.0525,-0.12323,-0.71695,3.7747,-0.96683,-1.1971,2.1858,0.63946,0.62218,0.1414,0.090929,-0.058588,0.048025,-0.021254,0.00065925,-3.7211e-14,-6.1064e-14
858.05,260.95,133.52,5.814,-178.84,-59.887,-15.684,-5.0354,-13.031,25.282,-31.391,-14.227,-10.164,9.1109,-5.6767,18.895,-25.007,-7.8761,10.554,-3.4154,-2.5732,0.80642,-3.4877,2.0576,3.081,2.4832,2.2973,-6.603,-1.6448,0.92482,2.7766,6.4135,-2.6567,-2.9195,-5.4713,0.19438,-2.9001,1.4544,2.6213,-2.4102,1.7293,4.416,-0.41358,1.2876,0.84188,-0.88079,-0.20673,-0.014674,0.13293,0.099324,0.064102,0.0063524,-0.0029995,-5.2785e-14,-9.8079e-15
1125.1,225.49,73.338,-135.73,-19.089,-70.049,20.782,76.939,-18.701,-8.3621,-13.469,36.268,12.412,-8.8358,19.516,-7.5681,-9.9637,1.8527,-17.433,-39.458,20.629,-1.6162,24.19,1.4035,-13.68,1.7084,5.9477,-7.1141,4.4839,-3.3677,-5.9659,5.2282,0.050035,-5.1193,-1.0837,0.75952,-2.5074,1.656,1.9584,-2.8646,2.6905,1.309,-0.45096,0.42333,1.4225,-1.6752,-0.90685,-0.029461,-0.068154,-0.077575,-0.06726,-0.03005,0.0072033,2.3454e-16,1.6293e-14
1226.4,91.528,453.63,-161.43,-48.134,-13.953,-4.0391,-5.3074,37.978,17.821,-8.8535,-27.455,-40.111,-33.86,24.7,-0.12986,-12.033,6.0336,10.217,-8.282,5.6271,6.1594,-7.3771,-0.15726,-6.0111,-0.69886,2.7168,-9.0785,4.3958,2.0039,1.1727,-3.091,0.14566,1.4971,-1.9008,0.40905,4.3148,1.5474,0.62379,2.6772,1.5227,-4.2571,4.0291,-1.1572,2.8892,0.95687,0.049665,-0.53205,-0.016004,-0.0014735,0.045406,0.03269,0.0041833,-1.8907e-15,-2.5562e-14
827.49,461.1,85.552,42.249,-121.05,-1.8654,-26.962,-32.663,-8.4388,-18.653,-15.453,-21.359,10.81,25.803,-3.5399,36.981,25.499,-4.6159,-3.491,-2.7077,7.6407,7.0731,-12.896,-0.88426,1.4879,-4.4162,17.63,2.247,6.5109,-6.2338,6.2954,7.9994,-2.5756,0.86889,12.87,7.9895,-4.6098,0.35013,5.211,-0.057385,0.098696,2.5228,2.0887,1.3854,-2.0057,-0.81213,-0.7152,0.097951,-0.1682,-0.026959,-0.055969,0.018726,-0.0032742,6.1594e-14,1.5876e-14
648.92,315.46,44.199,-150.28,26.618,-47.828,-5.6808,-14.019,29.103,5.6887,21.07,-29.055,-2.998,-22.793,-5.6479,28.262,15.377,-11.528,5.0863,-14.75,17.042,9.1381,10.244,-3.6335,-2.6395,-6.3559,-1.2155,-11.023,1.1792,3.5706,-0.81166,6.8955,-1.5212,-1.3267,-0.80142,-2.228,-5.4649,2.651,1.147,-4.383,0.021625,-1.311,-0.69724,-0.31715,-1.3636,0.52073,-0.40312,-0.043281,0.10423,0.2321,0.069998,-0.040247,-0.005562,-1.6206e-15,-1.2122e-14
971.76,358.46,-9.7242,-21.627,82.777,-115.55,25.024,38.679,10.316,25.715,8.8648,1.9954,-23.954,-1.1872,24.332,6.9989,-20.011,24.265,-51.961,10.463,-33.449,-3.0149,-3.5125,3.2552,-2.6206,2.879,-2.4518,-2.4322,6.3977,1.7013,5.0454,-6.441,-7.3589,5.3566,-2.4937,0.7564,5.4623,-2.4712,-0.61344,7.4368,1.3292,0.24671,-1.3577,-1.2853,-1.4663,-1.1808,0.069344,-0.051862,-0.11777,-0.024301,-0.0098249,0.02515,-0.0030302,-4.2136e-15,-2.2369e-14
1068.6,376.12,-128.39,99.121,-109.06,161.38,-28.352,84.967,98.541,43.168,66.668,60.804,23.173,14.864,-43.328,19.971,-19.6,19.541,5.2986,-9.5757,-5.3955,-7.0357,-3.2745,8.8603,-1.6456,-2.0967,-0.85712,-1.04,-4.5629,0.34037,-0.14163,-1.8274,-2.1908,-1.482,0.43298,1.9104,-2.2664,-3.7498,1.3176,1.6241,1.2281,0.23686,-0.24144,0.73363,-0.84307,0.84078,0.40628,-0.24927,-0.07522,0.0037441,0.047347,-0.017685,0.001653,-4.266e-15,1.5764e-14
846.19,391.94,94.954,-29.864,-61.945,-67.997,-10.674,-6.1294,24.812,-11.48,-26.484,20.443,5.5344,4.3043,0.33469,-18.545,-20.116,-13.154,0.70589,-8.0862,10.894,13.075,-5.3897,-4.9283,-8.1542,-2.2662,-8.847,-1.0888,-2.8044,1.0553,-1.1091,-0.023911,-2.0315,3.3619,1.3731,-1.6626,1.445,-0.86318,0.55044,-2.0912,-1.5829,-1.9489,-0.84003,2.1949,0.91383,1.3057,0.56669,0.049141,-0.071996,-0.072788,-0.0040338,-0.014875,0.0086164,6.2141e-14,-3.3698e-14
914.78,220.79,-91.349,-241.41,-10.988,96.517,17.511,-10.389,-56.41,5.6589,-28.551,-11.697,33.625,13.624,13.091,2.2527,-4.2058,-11.69,-13.244,-3.0351,2.2143,-1.0172,-10.511,5.4189,-4.7329,4.0286,-15.298,-2.5227,7.2817,-1.8597,3.9804,-6.7148,0.64029,-4.521,0.93529,3.0158,-2.5007,-0.46957,-4.0587,-1.4679,-2.4793,-0.074451,-0.13611,-0.22809,3.8525,1.3733,-0.28852,0.032504,-0.10189,0.076399,0.049049,-0.029363,-0.0027108,-1.2073e-14,-3.0919e-14
825.39,415.36,-146.46,19.712,50.877,-94.677,-4.4371,13.405,30.963,29.995,0.22634,-22.413,-9.7731,6.1018,2.96,-0.45391,30.837,-12.976,-45.603,33.404,-16.61,0.65265,-7.7114,8.1732,0.044162,-3.3033,1.7124,-0.18976,-6.5574,-4.8496,1.7306,0.40566,14.131,-5.2998,1.9408,-9.6259,-1.6911,-2.361,1.6747,-2.9199,-1.2439,-0.091017,-0.04767,-0.90309,-0.59707,1.2,-0.4562,0.33456,0.0068842,0.029271,0.059897,0.060746,-0.00096286,9.3706e-16,-8.0208e-15
1129.8,305.33,-137.41,-115.38,46.067,-52.289,6.1521,36.378,-11.789,5.9438,-9.4119,21.901,-11.033,-29.853,-8.3188,-11.74,0.69017,-8.5723,25.503,-2.4203,-1.1534,-5.2608,7.8713,11.376,16.969,21.446,3.7717,14.771,-8.0065,-4.5212,-0.40011,-3.7612,8.0623,-3.774,-1.2435,10.019,3.2994,-2.8496,3.58,-1.113,0.11778,1.0118,1.8445,1.1364,0.739,1.697,-0.83398,-0.085006,0.15939,0.10762,-0.029674,-0.0453,-0.0019185,7.6064e-14,-2.5132e-14
1371.7,607.11,-51.2,-62.745,-82.507,25.541,-35.76,-27.948,-42.107,0.38231,12.97,3.9848,-9.4874,-9.4317,-6.498,-32.304,9.1666,-18.741,5.5248,17.145,6.752,23.006,17.135,-26.841,-9.8874,-0.33486,-5.7102,11.87,0.66074,10.984,0.21699,-0.55529,-0.40697,8.8464,0.58115,-2.3834,0.31486,-1.6225,1.6489,3.2668,2.9505,0.87091,0.5825,-0.17566,-0.25863,0.89108,-0.081211,-0.010762,0.019636,-0.164,0.024884,0.011593,-0.0023583,-4.9996e-14,1.7629e-13
738.49,229.96,-162.76,-31.599,149.59,-27.904,46.778,18.673,-46.777,27.706,-23.904,16.453,0.9909,0.004937,-14.682,-5.808,-27.408,-4.5522,17.227,-6.5688,-13.816,-2.4192,-3.782,3.387,8.9017,13.2,7.183,13.561,-6.3022,-5.0617,-5.1033,6.3864,4.8659,-4.6807,-0.19953,3.0838,-1.279,-0.41973,-3.4054,0.34656,-2.5888,-4.7565,-2.1505,-1.22,-1.665,-0.9355,1.2345,0.035938,-0.05737,-0.011922,-0.027315,0.040537,0.0019373,-1.1148e-14,5.433e-14
1224,467.19,-134.33,-109.34,-171.16,187.4,-4.663,-27.38,-103.06,1.1599,-11.189,-25.666,-36.863,-5.1095,30.539,-6.671,0.087626,1.3675,-7.2037,15.727,1.4836,-7.4129,4.0782,12.66,7.6574,-7.4877,5.1133,-4.2759,2.3868,1.6115,2.8021,1.4661,3.1563,-1.5984,-2.5306,-2.4054,0.54554,0.83508,2.3489,-1.071,0.54566,-3.1328,-2.603,0.71652,-3.0342,-0.74337,1.4574,-0.02901,-0.030406,-0.052419,-0.011035,0.0012179,0.0012257,1.7677e-14,-3.8878e-14
1028.7,259.31,-139.36,-119.53,-182.01,30.807,15.883,8.9732,70.381,-77.247,17.06,28.448,18.992,17.174,22.826,-2.8386,22.221,-30.113,34.014,1.3004,-60.128,-39.906,11.632,-3.1676,-3.632,-2.2457,-3.0045,-6.8091,5.6265,0.72814,0.99578,1.8802,0.29261,2.7117,0.46932,-2.1701,1.3863,2.4513,-1.2515,-2.0757,-2.6533,1.2306,-1.2465,-0.95947,-0.11336,-0.13672,-0.7149,0.29419,0.094093,-0.0018041,-0.019563,0.0091811,-0.0026242,-7.3423e-15,-1.0402e-14
923.37,87.688,-192.79,-43.71,85.377,-58.244,-23.28,0.10887,-5.1518,-59.247,-3.3411,7.2957,-18.213,3.8395,-16.245,23.111,-14.395,4.9521,11.652,10.554,-3.3186,18.89,-2.6395,-5.9303,2.6254,-13.389,-1.7971,1.2575,7.1197,-6.5178,-1.8519,-2.1487,5.5571,-1.6151,-2.5001,0.93109,5.3801,-0.26629,-0.84044,2.6064,0.9366,1.603,1.8905,2.572,0.19709,-0.029871,0.48605,-0.069007,0.028145,-0.083592,0.006098,0.014972,0.00099336,-1.4923e-14,-1.9022e-14
514.77,12.008,-46.278,45.271,-6.9819,-38.024,-1.9271,13.546,6.3604,-21.053,18.396,-25.531,-24.589,14.767,10.931,18.804,0.99337,-2.6242,7.3746,-2.0514,6.3361,2.5954,-5.1798,-3.939,5.1258,-6.2448,5.6029,9.0518,-0.15601,-3.8558,-6.3207,-2.3598,3.7184,-1.2001,-0.76618,-2.0963,-3.1025,-5.96,-7.5803,-0.85395,-9.8124,-7.1085,-1.5869,-2.3446,-1.5852,1.5159,-0.95079,-0.19817,-0.093637,0.14387,0.080183,0.022497,0.0037649,-4.6553e-15,3.0078e-14
-527.29,112.51,-129.76,-100.35,-43.055,-8.0476,7.5069,-6.0584,4.2291,0.68079,-10.337,-16.215,9.0587,-2.9116,4.9375,14.755,-5.7524,12.915,8.6758,0.94325,-2.6064,3.7534,-5.4099,-0.69528,-1.6784,-1.2709,-0.20364,-0.41995,1.0854,-0.14704,-2.8204,0.88162,-0.25543,0.73763,-1.0934,-2.8367,-2.4727,1.6302,0.36845,0.95642,-0.33335,-0.73659,0.7003,-0.054092,-1.2653,-1.2625,0.40354,0.61045,-0.0069502,-0.024897,-0.03289,-0.029713,-0.0011187,3.4208e-15,1.5905e-14
-456.66,71.32,-123.91,-96.053,-6.1084,-16.172,-21.337,10.739,-1.7133,8.6929,-8.8193,-7.7805,9.4804,-5.804,13.718,18.119,-4.4005,0.077115,11.186,1.3173,0.39863,4.2054,1.1598,-1.7937,-0.083187,-0.25336,-4.6987,-1.5603,-1.2418,2.5273,-3.0096,-2.0517,-1.3221,-1.2648,1.7426,-2.0907,-1.3295,0.44457,-0.51559,0.56851,-1.2847,-0.068013,1.4402,0.18582,-0.11725,-0.65736,0.43189,0.29696,-0.037861,-0.1068,-0.037734,-0.03402,0.0025385,1.5038e-14,5.9985e-15
-515.98,117.82,-116.36,-80.732,-49.07,-14.948,-30.269,-21.939,8.6781,13.687,3.5366,1.8761,3.282,-3.108,-0.61405,-2.1405,4.7115,3.9184,-2.542,-1.1845,-2.504,1.7931,3.5004,5.4482,3.1577,-2.9248,4.5716,-1.9097,0.84347,1.0477,-0.20785,-1.2943,0.13256,-1.4551,2.1692,-0.31482,0.27163,1.3643,3.049,3.7567,-2.8342,-1.0746,-0.013938,0.61345,-0.22005,-0.059037,-0.40282,-0.45811,-0.058838,-0.030263,-0.02484,-0.00013185,-0.00054218,-6.9321e-15,-7.6369e-15
-492.95,106.69,-110.92,-60.792,-10.194,-13.706,-7.0972,-22.407,6.1829,12.015,-2.0073,-1.5322,9.0215,10.591,-1.856,-15.764,6.4805,15.58,4.2359,5.7369,-1.2842,1.821,0.91155,2.7763,-1.8341,-1.4782,4.2299,-1.6105,1.7763,-0.64278,-0.011518,0.049714,3.176,-1.3949,-0.30506,0.036766,-2.1119,2.8742,0.36616,4.1411,-1.5397,-0.067365,0.44496,0.63107,0.025727,-0.64117,-0.054444,-0.453,-0.0026434,0.0016394,0.029661,0.021638,0.00078931,2.2314e-14,-8.1215e-17
-483.27,60.844,-105.05,-56.397,-48.117,-10.604,-3.8911,-17.002,5.2972,14.326,-0.27375,4.1298,0.76436,2.8193,-1.532,-14.402,1.1998,1.051,1.8381,-11.057,-0.90444,-0.27173,1.1931,3.5946,1.2802,-6.2557,2.7387,-1.5092,0.87171,-0.85784,-3.8015,-2.2021,0.26567,1.554,-1.2723,-3.1947,-1.9128,0.14599,0.64961,1.3223,-2.9121,0.1822,0.12255,1.0833,0.70783,-0.38925,0.094717,-0.42925,-0.088714,-0.0097648,0.027996,0.0022696,-0.0016639,1.0571e-14,1.105e-14
-530.25,110.54,-115.83,-94.284,-22.405,-3.0423,-27.876,-19.008,13.211,6.7574,3.7682,-0.17046,6.9563,1.246,-3.633,-1.6402,-0.28311,-3.3922,-0.019231,-2.5951,1.9358,-4.2093,-4.3507,0.20366,6.9341,-2.1496,5.9648,-2.3002,1.2943,0.14649,1.5555,-3.2654,0.32301,-0.45153,0.055568,-0.11704,4.4683,-2.7308,-4.9267,-4.5693,5.2707,-0.58232,-0.59837,0.72432,-0.21312,-0.19052,-0.2385,-0.17549,0.028894,0.015877,-0.054431,-0.0058831,0.00077957,1.2498e-14,2.52e-16
-463.86,132.73,-126.02,-82.29,-55.06,-10.789,-30.273,-26.471,-4.6397,13.519,-5.7057,-2.5499,-6.4872,11.518,-7.2265,-4.9885,-4.0251,-0.24263,6.277,0.90225,4.0525,-7.9176,-0.172,9.1929,3.8096,-5.5362,0.50294,-1.6724,2.3,-1.5807,1.0851,-0.63558,0.49573,-0.86991,-1.513,-1.2935,2.1283,1.1174,-0.653,1.5401,0.23554,-0.44202,-0.33677,0.615,-0.073501,-0.42325,-0.24806,-0.3466,0.0096712,0.00087188,0.021552,0.011399,-0.00078121,3.8168e-14,1.0302e-14
-510.72,112.25,-105.15,-96.226,-56.411,-4.8461,-20.025,-6.2501,18.023,13.282,-16.545,-6.7081,-4.2787,-4.3572,-6.3846,-24.709,7.9353,8.3023,-13.876,6.3676,-16.383,-9.7927,3.0116,-20.561,-4.8468,-0.45445,5.0151,0.77786,-7.4212,-1.8052,4.1274,2.403,-1.2148,-5.1046,0.88129,0.046262,2.6496,0.23408,-1.4721,-0.22255,-0.17962,0.24104,0.88326,-0.50876,0.11924,-0.66764,-0.45441,-0.38809,-0.023147,0.0073338,-0.036039,0.024716,0.001628,1.3947e-14,3.9268e-15
-519.55,100.96,-151.06,-78.784,-24.638,-10.549,-9.541,-13.365,8.1708,11.407,0.66227,3.9582,7.6175,0.10772,3.9199,-8.5532,2.792,-5.2375,-10.768,-2.9919,-0.9327,-0.48753,1.0132,4.917,2.7661,-4.9908,2.894,1.4248,4.0676,-0.84936,-1.7865,-2.4978,1.3493,-3.2869,1.4517,-2.0357,-0.76635,-3.3437,-2.6839,-0.50557,2.0465,1.2193,0.44137,1.3079,0.31341,-0.59649,0.076729,-0.28984,-0.12012,0.015218,-0.045727,-0.0044895,0.0013521,6.666e-15,1.3347e-14
-486.33,89.757,-134.31,-36.02,-61.118,-6.8169,-21.481,-15.753,0.92954,2.1778,4.5524,1.9692,-1.3524,5.5257,-2.0966,-11.458,-2.4612,-10.725,-2.1071,-4.3288,7.2257,-3.3111,3.4649,2.4062,-4.27,4.5911,7.2079,-1.5247,0.54625,-1.4473,-1.5919,-3.4016,0.58277,2.3261,0.33389,-0.36008,-0.52068,-2.7,-5.8286,-1.7594,2.8444,-0.18643,-1.0446,1.161,0.040699,-0.21164,-0.14017,-0.18145,-0.020529,0.0065464,-0.017328,-0.0095523,0.00078749,1.5485e-14,-1.2348e-14
-534.76,84.882,-139.5,-57.595,-33.314,-9.8283,-28.642,-12.14,2.2142,11.144,-6.021,4.8388,7.8733,-3.81,3.1536,-6.4156,-0.10739,2.1505,4.4883,-4.4196,0.75584,0.60618,2.6884,3.7165,0.38541,1.015,5.006,-0.52314,0.73301,-0.3302,-2.4573,-3.2724,-0.1222,0.16743,-2.2772,-2.1761,-1.7403,0.087626,1.6209,0.10488,-3.3023,1.0534,-0.19483,0.81909,0.074871,-0.31101,-0.16406,-0.4476,-0.041347,0.014253,-0.043287,-0.016672,-0.00017955,-1.0789e-14,1.9456e-15
-540.27,72.056,-152.82,-90.67,-40.554,9.0826,-17.613,-8.5647,14.721,20.686,0.31382,-3.0069,-1.0296,-3.0859,-11.561,-12.163,-1.1418,11.954,-10.014,3.4333,-6.9755,1.0863,1.4322,-5.803,-4.8098,-1.0691,4.159,2.5857,-0.21515,2.522,1.7452,2.4039,0.96329,1.3359,-0.825,4.8838,3.3616,-3.3311,-7.1428,-5.2584,4.7338,-0.22595,-0.64633,-0.74243,-0.38433,-0.084,-0.54378,-0.20295,0.027843,0.059485,-0.030724,-0.012702,0.001634,3.438e-14,3.4354e-14
-530.87,72.2,-72.532,-64.32,-45.552,-7.1939,-27.526,-19.434,4.8418,5.8193,0.74138,-4.2766,8.878,1.3699,-8.5053,-6.322,5.8225,-3.5485,-0.72182,-4.2153,-0.93751,-2.8133,-3.6984,5.7943,-1.8187,-0.45731,7.8753,-2.5184,3.6091,-2.8298,0.93975,-0.99632,0.30771,-0.10703,5.1189,3.3965,3.2502,-1.9529,-5.4197,-1.7852,2.9146,-0.59835,-0.43663,0.5867,-0.21093,-0.23488,-0.29693,-0.17878,-0.039826,-0.027824,-0.043514,0.014801,0.0019097,1.2378e-14,8.2905e-15
-549.31,92.644,-151.47,-97.93,-27.961,-1.3533,-31.42,-7.8494,-2.1985,6.559,4.0526,1.6988,-2.8291,13.363,-9.4686,-9.2888,-4.0169,-0.46933,0.64768,-1.5341,-2.314,-4.6375,4.8231,-7.7682,-9.3745,0.40173,0.71752,11.012,1.6019,5.4007,2.2337,3.3144,-0.95301,4.3243,-1.7215,4.0915,-1.8142,0.30513,0.40075,2.0678,-5.0351,0.81127,-0.28359,-0.3343,1.1073,-0.40119,-0.1868,-0.52447,-0.1097,0.074948,0.011066,-0.0093679,-0.0007863,1.6264e-16,-4.2668e-14
-486.9,72.43,-156.91,-55.973,-48.55,-5.0236,-28.878,-4.677,-6.6214,-6.1544,1.297,6.4614,4.7243,-2.8325,-2.708,-15.307,-5.0716,-4.3505,-2.3696,-5.7531,0.64774,-0.34682,0.69384,0.67463,7.7678,-0.68951,4.3386,-1.1901,-3.1952,-4.1366,3.6314,-3.7446,-2.8105,-1.3748,-3.5193,-2.7724,1.2016,-0.77667,3.4287,0.29621,-2.6128,-0.40561,0.10581,1.0118,-0.0020805,-0.60399,-0.68274,-0.40252,-0.057747,-0.087113,0.041588,0.009294,-0.002714,4.1734e-15,3.3155e-16
-468.79,120.32,-147.33,-82.83,-43.397,-14.701,-11.036,-24.463,11.132,7.8352,-5.9284,-9.4271,13.107,0.52939,-8.5617,-15.1,-2.9448,7.3012,4.9015,-0.33481,2.0549,-1.5615,-2.2039,4.185,6.7004,-2.4303,5.0454,-4.943,3.4148,3.9642,1.1213,-0.89544,2.6206,1.8344,1.4763,1.8167,3.9527,-2.2278,-6.748,-4.0276,5.1137,-0.15926,-0.38165,-0.11769,-0.68436,-0.072171,-0.15055,-0.071515,0.079348,-0.031776,0.066418,0.024587,-0.00052792,-1.5116e-14,8.1331e-15
-520.99,66.433,-136.01,-79.806,-24.892,-2.425,-29.311,-1.6277,2.8543,8.9759,-10.112,5.0494,12.223,-4.0317,11.037,-10.646,-0.099648,-1.4513,-13.754,4.5095,-8.3256,3.329,3.1352,5.2442,2.6955,-5.4287,2.4794,1.1328,-0.13303,-1.5386,-4.3781,-2.6431,-0.23896,0.26754,-3.2648,1.054,-3.8641,1.3526,-0.10183,1.043,-2.0698,1.125,0.47647,1.5021,-0.1097,-0.57172,-0.46671,-0.35394,-0.090894,-0.039318,0.02273,-0.027523,-0.0011941,-1.495e-14,-5.7675e-15
-567.41,92.019,-157.04,-81.1,-19.384,-13.126,-21.019,-10.168,2.6689,2.7581,6.0548,-4.6688,8.4442,3.0093,-1.1358,-10.932,-7.6104,-4.525,0.94489,-5.3988,2.4363,-0.11615,3.5324,5.7848,2.8647,-3.4415,1.9628,0.60419,1.9153,-1.5618,-0.4482,-3.4778,0.25318,1.0747,-2.5528,-1.2577,-1.4889,2.2635,1.1171,0.76275,-2.7277,0.040687,-0.11967,0.73108,0.052526,-0.49453,-0.082496,-0.36225,-0.047647,-0.0063511,0.030271,-0.0056289,-0.0020641,-7.3367e-15,-1.8568e-15
-499.22,45.578,-138.16,-100.51,-21.396,-10.453,15.825,-15.793,14.619,8.0391,-15.723,-13.211,7.5105,10.365,-12.413,-27.627,-3.1358,10.45,0.56014,-5.9649,0.62097,-3.1173,-0.095614,-6.3061,-3.2502,3.0062,2.2807,-1.5932,0.86006,3.9308,-2.3814,1.385,4.4388,3.8808,-1.9882,0.67795,-3.7063,2.7127,0.066323,0.68953,-2.9046,0.050885,0.21253,-0.12759,0.41363,-0.82747,-0.095536,-0.39593,0.04278,0.051744,0.01994,0.0017255,0.0009291,-1.4088e-14,2.6593e-15
124.11,-308.31,346.33,-271.58,99.966,21.692,-34.9,0.10876,-29.141,1.528,21.818,3.8277,12.733,16.332,-6.4701,-4.7076,10.569,-10.884,-2.6726,3.273,-4.7957,2.3736,-7.9231,2.0816,-3.6992,1.6787,-8.2102,-2.7307,0.63751,-7.3475,-0.84102,2.3454,3.1003,0.95214,-0.1861,2.1798,-1.1565,-3.5134,2.0742,-0.28548,1.124,-3.2149,-0.22837,-0.38752,1.9554,-1.8087,-1.2994,0.11741,0.017845,-0.093506,-0.01081,0.027043,-0.0035021,-9.8059e-15,6.6505e-14
156.87,-368.57,183.75,-71.339,106.08,44.883,65.541,9.8323,-3.4416,9.9309,-16.143,13.023,11.741,2.1307,19.149,1.8989,6.874,-26.285,2.1079,6.6837,-2.0559,7.5798,-17.863,-7.5064,-5.8105,-6.5727,11.635,0.87486,-5.6599,11.385,-6.0553,-5.5696,3.4433,3.0367,1.6539,3.0426,-0.26626,-5.1711,1.532,-1.1544,0.084462,0.40324,0.68892,-0.84694,2.0337,-0.54391,-1.536,0.029563,0.035299,0.0018315,-0.020446,-0.078599,-0.0026292,-3.2755e-15,-1.6514e-14
247.53,-272.15,406.11,-41.44,44.604,13.217,-38.009,-3.2888,13.777,-18.388,-40.478,-8.1309,8.7455,14.066,2.5933,3.2032,-10.491,2.9672,-3.6245,4.4017,-7.9471,7.7921,4.5923,1.9532,-2.1185,0.041538,-3.5922,-3.6487,-1.9718,-5.1005,4.7148,3.5319,2.9196,0.53656,-2.7946,0.59739,-7.1733,-4.1233,-4.2095,-2.33,-2.4584,0.13305,-0.13849,-2.8322,-0.22277,-1.1682,-1.0165,-0.083038,0.090068,0.023264,-0.0077777,0.014964,-0.004645,-1.9031e-15,1.9535e-14
2.4493,-163.65,238.93,16.846,11.748,13.565,54.542,-21.728,-15.668,-2.416,-1.2952,36.377,-59.318,18.895,-18.6,6.3969,15.102,-17.803,-6.7544,-18.579,-6.4576,-3.0376,-5.5194,0.011722,6.1184,-2.8391,10.642,3.8255,-0.17753,9.81,4.0827,-5.71,1.8629,-6.6643,0.46674,1.6388,-8.8298,6.9634,-4.8267,1.5352,1.0859,-3.1143,0.14588,-0.24699,0.48762,-0.032018,0.25377,0.084137,-0.038308,-0.20721,0.074565,0.0072017,-0.0028136,-2.9011e-14,-1.6507e-15
156.66,-328.39,352.22,-70.21,-46.814,1.2629,62.545,-10.427,-0.25446,17.328,9.8409,-2.1368,-8.4037,1.9649,-5.218,2.2482,-10.467,-9.5402,-5.7075,-7.2387,-4.7134,5.9205,22.107,-6.2687,4.5102,-5.2704,-1.0222,1.9179,7.8345,-9.7865,-3.0561,-5.7215,7.5299,2.1865,0.612,0.30169,1.3539,-2.162,0.54052,-1.2132,-0.95467,1.991,2.5448,-3.5305,0.57914,-2.3915,-0.063093,-0.081065,0.0064786,-0.0061602,-0.012972,0.031914,-0.00090776,1.4402e-14,-1.1556e-14
36.531,-181.96,433.32,18.869,-77.435,-6.3373,81.126,-14.643,15.268,50.428,10.702,-7.5165,1.6954,-15.595,3.3692,-18.307,2.1423,24.038,2.1267,-13.47,-3.4472,-2.2888,5.9346,2.3059,-4.9791,9.9721,1.0316,-6.012,0.53098,2.1236,5.5852,0.26876,-1.7043,1.2263,-0.65758,-0.42101,1.2511,-0.11173,-0.50475,-2.9155,-3.8865,-0.094569,-1.7789,4.6679,-4.573,0.10007,-0.26294,0.32923,0.10075,0.33269,0.054261,0.015494,-0.0015767,-1.3609e-14,6.7625e-14
28.432,-199.94,223.12,-122.86,34.468,-0.80093,-13.861,-18.395,-4.6254,2.6692,36.159,-10.114,2.799,-7.4334,-2.0554,3.3361,1.1429,5.048,9.1449,11.882,-2.0465,5.732,-2.7755,-1.4169,1.8215,-3.6622,-0.74798,-3.547,-1.7117,2.8079,-3.2071,-0.41909,2.9848,-3.3447,1.7526,0.86349,-0.81123,1.4266,1.1115,-2.1549,-0.72601,1.4399,0.46316,2.6549,-0.65804,-0.40904,-0.38365,-0.017297,0.076061,-0.13963,-0.026961,-0.009583,-0.0025312,2.6331e-15,-1.3165e-14
182.8,-317.36,371.54,-186.49,135.46,26.36,-22.891,7.4642,32.478,-58.921,-60.428,-6.2801,5.4085,2.228,-5.9749,3.1011,-17.659,4.6526,-5.914,19.195,7.4334,-4.6736,0.16411,14.584,-1.5361,-7.8058,-1.4564,6.4768,-7.8678,5.076,3.996,-0.88976,1.7439,-1.0423,-0.53724,2.4479,5.1414,0.5664,-0.54304,0.76347,0.44976,-0.84951,-1.2445,3.2593,-0.49298,0.24054,-0.78067,-0.10811,0.056381,0.052968,0.026663,0.026297,0.0031896,-1.0278e-14,4.4125e-14
-202.98,-51.079,161.99,-54.321,31.049,7.5044,35.767,-4.5106,-1.5108,-2.6407,-17.629,-8.0108,2.8495,13.576,-16.821,-14.652,-12.085,-2.0219,-1.7772,12.887,5.5139,-3.5626,22.348,-13.856,-10.444,-2.7542,-10.887,13.268,4.5847,2.1101,-0.99782,-0.13108,5.152,1.2431,4.4195,-0.67091,0.70387,1.7855,-0.73069,-3.1867,-2.3709,0.11433,-2.3531,5.7703,-2.3572,0.15675,-0.12737,0.19799,0.0017245,0.0096727,-0.015299,0.0029184,-0.0023888,2.52e-14,-6.5306e-14
-96.876,-304.34,207.05,-74.769,3.0813,-7.9762,-15.618,19.731,-16.699,-28.734,45.858,1.1169,9.4251,-16.158,-9.4453,12.333,-0.9245,2.8285,-9.7123,-3.8674,3.3342,-1.133,8.3305,4.2099,0.17476,-0.2222,-7.0484,2.7504,-6.9919,1.3657,1.076,1.0362,-0.050692,-2.6035,1.7278,2.0128,-0.063482,-1.7209,-0.35538,-0.62047,-0.34151,0.80442,-0.4937,1.5869,-3.0488,-1.9475,-1.2951,-0.126,-0.06636,-0.12844,-0.04032,0.010222,0.0011796,-1.4153e-14,1.0274e-14
-78.155,-126.01,285.61,-115.84,47.975,24.102,18.165,22.549,32.089,7.0229,15.549,-30.954,-6.3182,-6.3878,1.3105,-1.1392,-20.308,-22.237,8.4649,7.7105,-1.4335,-14.037,6.3784,3.4341,-0.66844,-2.8477,7.1848,1.3604,4.2895,0.036381,-1.0775,3.4394,2.2094,-0.59762,-5.241,-0.45462,6.5554,0.47015,-2.1647,5.5891,-2.0873,-1.1111,1.5786,3.244,-1.0753,-0.23595,-0.088234,0.21547,0.053325,-0.080178,-0.029037,0.0019344,-4.2154e-05,-1.1352e-14,5.3028e-15
-179.56,-213.36,91.873,-61.915,-24.261,-7.6117,50.267,-3.5807,8.0311,-11.633,12.997,12.113,1.1096,4.4465,8.2152,-6.5551,11.17,22.971,-0.82051,-3.5569,-1.4062,8.2055,-4.2424,-0.20631,-0.24255,6.2768,3.8394,4.8258,15.977,1.692,2.6903,-2.8856,-4.531,-8.5399,-4.0657,-2.4714,3.9634,-5.7049,2.281,-1.0971,-4.0619,-1.2681,2.8299,3.7052,-2.2059,2.2008,0.19762,0.12145,-0.1513,-0.2548,0.0014955,-0.0065279,-0.0014312,-6.7666e-14,-3.629e-15
-191.45,-42.243,154.35,-10.004,-51.296,38.451,31.077,25.477,9.0853,33.35,31.932,10.065,12.415,16.541,-18.588,7.7714,-11.865,-7.7764,-24.487,8.3233,1.9097,20.856,5.3398,1.7781,3.7111,7.0349,1.8958,-3.5076,-1.3587,-3.3417,4.1385,8.0833,3.4321,1.2996,-0.69884,-4.271,0.18725,3.9786,-2.0771,-4.3236,-2.6081,1.3175,2.5653,3.9134,4.1187,1.3618,0.98917,-0.095257,-0.10785,0.053931,-0.01215,0.024448,-0.003922,3.476e-14,6.318e-15
-78.674,-188.29,289.2,-81.294,-19.295,5.1116,46.344,1.0624,-1.1183,2.5683,8.5319,8.5897,-9.6165,2.0169,7.8946,17.651,0.78673,-14.937,-3.3,-0.9891,6.1856,-4.9147,-4.7265,0.0019724,3.671,-4.4315,12.188,5.1967,-2.7477,11.663,-3.7886,-2.8455,-3.9802,0.81961,0.4215,-2.2496,4.4135,0.34426,-0.18465,0.98776,-1.673,3.7302,0.91795,0.62069,0.11923,0.77495,-0.64233,0.13356,-0.025508,0.26043,0.044391,-0.012291,-0.0017756,2.7749e-14,7.7873e-15
-79.054,-176.19,86.579,-12.644,-63.785,10.154,45.479,3.5921,-21.158,0.18076,27.297,8.6688,10.269,2.4507,11.091,-7.9233,-4.3972,14.922,-5.3265,0.33486,8.3244,-3.9132,14.218,7.3844,-0.5331,-2.8533,1.5231,-1.8569,-6.031,1.4019,5.7627,6.3473,2.8291,2.3927,-2.0663,0.1522,1.2859,-0.18642,2.7709,-1.9277,0.72909,-0.049899,3.3123,-2.1093,-0.2239,0.26248,-0.13189,-0.23993,-0.068343,-0.025677,-0.025911,-0.012448,-0.0028424,-3.6799e-14,-3.925e-15
-205.63,-205.47,71.628,-28.673,-120.27,2.9826,17.017,14.425,-5.626,-25.409,-23.958,7.3946,-5.8753,4.4703,-0.86501,0.56634,-7.1625,-6.5915,-3.303,5.1024,-3.9719,9.7364,2.1104,1.1329,1.4945,-3.9858,-3.4126,4.2385,-0.90088,-7.0267,-1.3526,0.77873,0.35201,1.5093,0.88606,-3.2891,-1.0225,0.084034,1.0332,-1.0568,2.3733,2.2041,-1.8998,-0.5807,-0.67739,2.5042,0.78663,-0.26701,-0.074205,-0.076401,0.044447,0.0062728,0.00062853,1.5883e-14,-2.9992e-15
-141.4,-181.95,139.85,-229.89,10.066,-14.779,29.468,25.26,8.1087,-28.813,26.047,-13.104,-7.1441,-4.4697,-3.6959,-3.7731,-22.236,-6.375,1.6569,9.1161,5.545,0.50982,-10.187,4.4006,0.27206,-5.9407,-2.2387,3.2302,-2.4816,2.9409,-1.3921,2.4976,-3.9551,0.79397,3.9592,-3.1892,-2.854,0.012178,3.2379,0.80187,4.6237,-0.48905,-3.451,-0.8357,0.36701,-0.019754,-0.86587,-0.23759,-0.032817,-0.011877,-0.064064,-0.0099171,-0.0040634,5.5328e-14,-1.1348e-14
-269.76,-118.79,-52.378,-115.93,-13.022,-6.0869,54.641,24.247,-4.0089,-9.3826,-4.7259,-0.17407,-4.5181,-7.1797,-2.1796,1.6762,-2.0994,-3.478,11.91,11.831,0.27011,-3.6325,-6.0966,-0.25619,4.5521,2.5936,-10.941,-2.2987,2.4391,5.7849,-0.63156,5.7091,0.50787,-1.0531,2.3252,1.2352,-3.2356,-2.6632,-1.365,3.1127,2.7118,-1.3441,4.527,-1.8522,-4.6467,0.80399,0.507,-0.48589,-0.015266,0.16123,-0.032745,-0.0061319,-0.00062393,4.4255e-14,-1.9318e-14
-173.51,-197.7,15.18,-54.603,-60.752,-7.2477,2.6594,39.559,-32.091,-24.398,-14.103,-10.867,15.747,-0.098111,-13.236,21.175,-7.6469,-2.0565,-5.5522,7.7362,2.0606,-8.5193,1.3711,3.7846,-9.7197,8.2415,3.3724,-2.4126,-0.50956,-5.3057,-2.2936,3.3899,0.38294,0.42643,-2.8544,-0.15113,-0.54227,0.75286,-1.095,0.71807,1.0651,0.24231,5.2099,-1.6472,-2.326,2.8857,0.93012,-0.44497,-0.062869,-0.068841,-0.070307,-0.030046,-0.0033534,4.9482e-15,-4.7545e-15
-325.55,-128.59,59.001,-50.391,-70.725,-0.99153,15.916,29.668,15.016,-23.071,-40.938,1.5402,12.149,-6.5075,-1.6444,-17.039,-5.946,-2.1369,-13.322,2.7402,15.426,-21.284,-5.8914,-29.971,27.161,12.774,1.5166,-13.73,5.156,-6.5363,-1.0349,-2.7627,1.3178,-0.74293,0.27892,-0.020724,2.0843,4.0356,4.1379,-0.86117,1.4153,0.19512,-2.2012,-1.4161,-1.9545,1.8738,-0.20006,-0.0073567,0.10287,-0.12287,-0.043095,0.0072925,0.0014119,-3.6653e-14,-1.4646e-14
-269.94,-163.47,194.19,22.891,-109.23,-9.3959,25.89,15.99,-21.834,8.1234,-1.1681,4.0492,24.154,19.848,-8.1596,1.9502,12.711,-18.457,-9.0902,-5.4636,-2.1531,8.6947,15.559,-2.7006,2.2696,0.2903,4.2028,0.34077,-0.14382,-5.3615,-0.10808,7.2442,-1.7028,2.5718,1.7942,1.3176,1.1889,-3.296,-1.3803,9.1376,4.4349,-3.5168,-3.2334,0.18114,0.67036,1.1573,-0.16951,0.066646,-0.097812,-0.21651,-0.036793,0.023689,-0.00013852,4.1733e-15,-3.9217e-14
-67.248,-305.4,263.98,-172.69,-36.509,-1.1666,3.785,26.099,-11.494,41.299,14.044,-1.9829,-9.9376,-23.761,20.94,7.4748,8.546,-11.51,16.539,9.0249,2.3241,-3.871,-17.791,-1.0983,-5.8187,1.9521,-0.61771,-0.71033,-3.0706,-0.22394,-4.4613,0.039209,-1.3786,1.712,2.073,-0.35798,3.5307,-0.37713,1.994,0.14905,1.2432,5.2597,-4.3718,-2.3238,-0.76979,2.2088,-0.045914,-0.56031,-0.056864,-0.026947,0.045799,0.05179,-0.002144,-2.2398e-15,-3.1275e-15
-66.58,-256.14,121.34,-19.886,-4.2835,6.7515,33.645,14.525,-18.585,-11.599,-13.076,-10.232,-29.915,34.823,-13.797,10.375,17.165,-3.3403,-5.5305,-11.542,-9.3874,1.937,5.0615,-2.5656,0.10339,-4.5965,3.6247,1.0875,-1.2779,2.6786,-3.5612,3.9189,-1.7532,-0.79045,0.057674,0.012047,-4.2709,3.2586,-3.2239,-0.076048,1.501,5.23,-0.068176,-0.38619,-0.53759,1.792,1.2576,-0.30995,-0.020148,-0.074619,0.040792,0.018721,0.0051708,1.3944e-14,1.9049e-14
-153.6,-221.68,-32.113,-49.708,-56.786,-15.502,42.624,13.877,-0.711,-15.984,8.0301,-27.925,23.123,16.41,-1.4515,-7.2268,-2.176,18.401,1.3959,3.5443,-4.6156,5.7483,-15.853,-2.429,-6.4786,-3.447,1.0261,4.8475,6.8796,-8.9561,-3.026,5.0566,0.41523,1.0788,-4.0204,-1.8676,-5.5973,-0.54542,0.74252,1.2083,3.5928,5.0645,-4.1491,-0.11033,-0.097651,2.4259,0.75738,0.061013,-0.096553,0.08522,0.014584,0.0034008,0.0032078,7.314e-15,3.8671e-14
-14.757,85.725,274.39,117.96,83.945,1.714,-23.005,-16.249,6.4382,6.0523,-6.2639,-13.36,20.707,2.4603,10.24,9.479,-12.225,14.967,7.9834,0.74425,-11.131,9.6924,9.653,-4.142,4.5599,9.3802,-3.7569,-1.2232,-7.9119,1.7404,-2.3637,-3.8187,1.1486,-0.40037,2.3612,1.5799,-4.6417,-2.254,0.0012962,0.19057,1.661,-2.1045,0.87775,-0.14332,-1.0779,-0.42936,0.70926,-0.27796,-0.0091573,-0.0060984,0.0068012,0.0109,-0.0016876,-7.0776e-15,-3.5718e-14
44.715,124.26,119.45,163.05,-64.09,-6.5517,10.884,-39.54,-22.66,23.992,9.3259,23.775,13.577,-19.781,-7.5463,-7.9548,-30.232,-5.6601,7.1627,6.3617,-11.19,5.3811,-6.4186,-5.116,4.526,-9.0373,1.5128,-9.3095,3.173,0.88002,-3.7308,1.862,3.5142,-4.4526,-4.017,-0.040954,-2.0664,-3.9698,-0.67784,3.7389,-1.2438,1.8415,0.037176,-0.076791,0.36553,0.18279,0.055016,0.21194,-0.0607,-0.18372,-0.02505,-0.0031619,-0.0028485,-1.0201e-14,-1.452e-14
-497.82,59.226,-138.01,-6.9628,-36.112,1.9475,-4.8119,21.564,-7.4638,0.85779,13.573,-7.6003,-6.031,-11.556,6.2219,27.649,3.8148,13.877,-0.49371,9.518,-13.861,4.148,-5.239,-2.6868,-2.2477,2.5092,-0.8244,0.37447,-0.72761,1.0406,-1.3507,-1.4558,3.8094,-4.4186,-0.88796,-0.20762,1.6509,2.9652,-0.80083,2.6802,0.035298,-0.42868,-3.6525,1.6253,3.8751,1.1496,0.46534,0.24189,0.064279,0.32609,-0.38865,-0.089666,-0.0047024,-1.4203e-14,3.9305e-14
-96.78,-39.849,291.02,204.12,-70.48,7.3415,-3.6298,-12.055,-6.7109,-8.0852,-39.599,23.036,-2.7151,5.4524,-8.5617,17.426,7.0146,2.5312,-5.3624,-4.4941,-10.14,3.2044,2.0326,-1.9825,0.18064,0.63496,-7.9279,2.2621,1.6346,-9.4017,0.98873,-8.6454,0.99647,3.6095,0.99369,-1.6323,4.4235,-2.4072,-2.2885,-2.7885,-3.9894,0.90031,-0.72922,-0.78701,1.2539,0.023222,0.20188,-0.25964,-0.097775,0.014301,-0.048466,0.027047,-0.0025766,3.7104e-14,2.4064e-14
-45.486,62.439,244.12,176.57,2.7787,-16.558,14.15,-12.03,-20.447,37.543,27.589,14.937,15.035,2.6668,4.2559,-9.891,20.236,-0.95409,23.202,28.194,7.3461,3.9469,5.1796,0.70552,5.2852,4.9729,-3.9201,-6.6907,0.64436,-5.2108,7.155,1.5288,2.1748,-4.9769,-4.489,1.6371,0.2199,-1.6728,-2.7311,2.8263,0.36452,2.1554,-1.3024,-1.6187,-0.48848,-1.1324,-0.16321,-0.20243,0.1318,0.097732,-0.069884,0.030948,0.0025444,-9.2963e-15,3.1433e-14
-89.932,35.781,127.79,138.53,60.426,6.0776,-21.916,29.363,-19.965,-10.433,-11.246,6.6315,28.569,9.5791,24.71,-6.8489,-8.3806,8.9271,4.4782,14.869,1.4931,2.7946,11.499,2.4169,4.3315,-1.6787,10.1,1.4521,-0.70856,8.4984,10.259,-4.8904,-0.78352,1.5453,-1.655,-3.7462,-3.1463,1.0253,4.025,-0.75367,3.7535,-3.6099,1.1199,-0.035528,0.71338,0.3051,0.0097766,-0.0070711,-0.00013398,0.067814,-0.087317,-0.0094297,0.00099499,1.0998e-14,-1.17e-14
184.87,148.27,315.48,189.86,-40.137,23.918,8.9651,-0.85422,-50.781,12.454,-5.8637,-4.4542,11.417,43.46,-17.942,-31.563,11.592,-4.4753,-7.2522,-8.4241,-14.61,-5.9338,-27.23,3.3573,-7.0162,0.18682,0.77498,-7.4526,-5.6802,6.6819,-8.287,1.8267,-0.83178,-3.6311,-2.3387,4.3056,9.0131,1.2024,1.4072,-1.9275,-3.2258,0.30742,0.40992,-0.1319,0.56636,-0.50301,0.010495,-0.052877,0.038551,0.041832,-0.021116,0.042647,0.0052868,-6.8104e-15,1.1538e-14
205.57,255.05,171.25,132.92,-107.03,-60.604,-10.848,7.3295,5.1193,-28.905,-11.111,33.698,16.954,1.861,-4.95,-19.548,4.1127,27.206,1.1026,9.1389,18.452,-9.9901,-10.149,3.2027,8.8501,-16.228,2.0822,1.695,-2.25,15.109,-6.3538,-1.2015,4.8073,-0.49912,1.6711,0.17784,1.5415,5.1355,-0.9087,-1.7695,-3.0143,1.1013,1.9425,-1.8187,-0.22756,0.45876,-0.00097993,0.32843,-0.0073857,-0.11709,-0.036802,-0.016318,-0.0043654,4.4948e-14,1.0334e-14
7.8988,146.17,35.886,155.56,-106.83,-22.256,33.107,12.355,-27.637,7.3481,-7.9223,6.1277,5.4275,34.178,-8.0753,-11.231,-1.878,-20.301,-1.2954,4.3022,10.67,-5.1516,9.8967,6.3161,4.8255,-3.2968,-13.978,-2.5953,-4.4254,1.3673,3.5048,-5.7295,-3.5911,-1.5999,3.0591,-0.36824,3.8596,1.8152,-2.1129,1.7251,0.64345,1.1611,0.767,0.04339,-0.13721,-0.74283,0.04039,-0.006696,0.014112,0.14533,-0.014259,0.00038066,0.0015004,-1.1392e-14,-3.5361e-14
52.199,135.42,207.08,141.44,66.195,31.679,1.3436,14.638,-9.8098,-23.872,11.359,3.6818,26.737,-7.5162,-0.63248,5.2213,23.279,-10.354,0.15288,-0.10607,-8.243,-2.516,-0.99999,-4.5856,-3.0778,-4.3666,-2.7198,1.1534,0.67053,1.2558,-4.4128,-5.6037,0.65898,-4.7919,1.0709,1.825,0.086216,1.164,-3.2538,-0.7032,-0.36786,3.1428,1.9137,0.42786,-0.28643,-0.21922,1.4881,-0.35549,-0.094258,0.12279,-0.048336,-0.0038455,0.0015571,-3.0614e-15,2.5278e-15
184.67,154.23,261.15,33.761,5.8455,-26.585,-38.999,16.589,-15.989,8.3353,-0.5377,10.104,-2.8648,0.74235,-11.452,-21.004,32.297,6.8262,16.546,32.365,26.33,-23.311,-17.254,1.5908,-18.25,4.9188,-1.434,4.1761,5.4031,-7.8701,2.5709,2.0456,-1.1254,0.69596,-4.3658,-1.1515,-4.1419,-0.31529,-2.5333,3.5643,2.1604,-2.5759,0.78959,1.2743,0.11371,-0.60193,-0.32732,0.18539,0.031646,0.060791,-0.041807,-0.026455,-0.0012905,-1.2371e-14,-2.9447e-14
55.657,212.87,158.43,111.83,13.053,62.032,-5.7606,54.096,43.473,-7.8185,-14.594,-4.7171,13.345,16.864,-29.16,0.78259,-0.82031,-0.73628,-4.1448,12.161,9.1576,23.138,-7.8044,0.76676,-1.7682,-3.0845,0.18566,-1.1149,7.6286,-3.0819,0.65618,-4.0325,-1.5654,-0.13682,-2.6234,0.4563,2.31,1.5248,2.7731,-3.3984,1.3317,-2.659,-1.0402,-1.1552,-0.6541,-1.5402,0.051252,-0.080948,0.1513,0.081803,-0.041857,-0.013265,-0.0022401,3.2594e-14,-1.0481e-14
169.61,194.33,150.6,206.51,-21.625,-4.7931,-27.903,39.732,22.69,-35.84,-5.3438,-3.2128,2.8933,-13.078,18.861,-10.574,38.938,1.704,-6.1114,-9.7309,21.207,-4.9724,-14.375,1.176,5.7361,5.6109,-6.7226,0.14542,0.52678,1.6427,-0.58667,0.35462,6.6069,13.746,-1.1459,3.0234,-0.77833,-0.83037,-3.3323,0.77744,-0.13856,0.037078,0.35614,1.6596,-1.7166,-0.88473,1.118,-0.21604,-0.069781,0.16121,0.03669,-0.013548,0.00034162,1.1393e-14,-3.8196e-15
4.322,247.31,205.83,66.477,-15.967,-16.145,7.1227,16.753,-8.8228,-5.1269,-7.8002,-18.644,1.9907,-8.2887,-20.437,-8.9937,2.7674,2.4967,2.6906,-3.9577,-6.0786,-1.0568,-0.23137,5.4298,8.5471,4.5555,6.7771,7.9775,-4.4202,1.9001,-3.8218,-5.3788,-7.1129,-0.34186,2.1341,-2.9991,-4.2856,-0.67606,0.68466,-1.976,-0.2319,3.9471,-2.0652,-0.20037,0.80533,-1.1922,0.35662,0.15887,0.019429,-0.083641,-0.12393,-0.016468,-0.0072865,2.4259e-14,5.3499e-15
172.19,258.29,252.49,18.485,-64.091,-31.248,12.686,7.1658,1.065,2.3239,26.713,-10.532,-5.7123,-3.5634,8.571,-21.956,-9.1099,11.424,6.6323,-7.388,-3.6465,11.513,-6.0787,-2.4468,1.095,0.32386,-7.3204,-6.9702,-4.6313,4.0257,-6.7954,-2.9355,-3.2088,-3.899,4.6922,-1.1215,-1.9233,2.6382,-4.7474,2.7855,-0.71888,-2.4431,-0.31321,-0.13048,0.39708,-0.31167,0.37388,-0.038448,-0.014007,-0.059013,-0.11546,-0.0081011,-0.00043963,4.2678e-14,2.2264e-14
79.597,100.7,227.94,117.99,-5.0053,-2.2718,-3.7092,19.47,7.0223,-35.24,36.986,-31.128,-15.28,-48.309,-31.177,-35.001,2.9044,-11.102,-6.2043,-2.2465,4.6452,-0.66687,-0.095999,9.3604,0.35508,-6.9543,3.8718,-1.2247,-1.155,-1.1854,0.95433,2.119,-2.7257,-0.87511,-2.3617,-2.4781,-2.304,-1.1578,0.67303,0.71535,0.78046,-1.4715,-3.076,-0.99075,0.61759,-0.46271,-0.97449,0.060182,-0.015644,-0.10733,-0.054181,-0.014375,0.0037579,-2.7875e-14,-6.7827e-14
41.728,70.501,107.12,146.87,49.413,-27.405,-17.59,30.292,0.10025,-16.536,-5.7911,-18.567,8.0258,19.225,2.4355,-23.372,10.211,15.99,8.0645,3.4446,-4.028,9.5935,5.1312,1.587,0.46341,-0.072734,4.094,-1.1578,-1.5254,0.52262,0.44583,1.1575,-1.2671,-2.0185,-1.2,-1.3778,-2.7054,-0.56632,0.63462,-4.1241,-0.92577,1.5426,1.6544,-0.45857,0.43994,-0.52845,0.32675,0.10593,0.051194,-0.10631,-0.0364,0.0089193,0.0035633,-4.2013e-14,3.4709e-14
-103.89,36.671,71.818,181.01,35.46,-10.458,22.193,32.075,-30.151,-16.876,18.604,-6.9838,-32.143,2.6106,-5.726,-4.5052,-21.382,-0.96253,0.3629,-1.9543,0.56673,-15.772,-0.6319,4.8196,-0.76195,-8.8717,-6.078,0.78162,-4.792,-3.1344,6.5963,-0.68324,-0.75008,8.6684,6.8246,-2.0357,-2.8484,-1.4619,-0.19523,-1.6948,0.63348,-1.377,2.8722,0.74389,-0.60327,-1.1526,0.76808,-0.39629,-0.094919,0.025957,-0.11268,-0.062817,-0.0028111,-3.7168e-14,-2.5285e-14
312.94,-390.04,107.22,260.03,-124.71,9.0596,-42.965,-15.886,27.21,12.794,-15.536,-3.1097,23.872,-27.107,31.641,-1.5962,-16.394,-3.5123,-1.9179,3.2777,3.6607,1.8582,-5.5942,0.54077,-1.3995,-0.037898,11.249,7.5794,5.7666,-5.1956,7.8644,2.7928,-0.13556,-1.0441,10.969,1.1907,0.38353,2.5455,-2.1734,2.8704,-4.2328,-0.8789,-2.9574,-0.16738,0.55228,0.84857,1.2765,-0.31568,0.67854,-0.029915,0.058602,-0.08406,-0.0017156,-6.9586e-14,-4.8718e-15
208.41,-279.34,-153.74,48.585,33.886,-20.636,-7.6612,-10.392,-5.4973,15.729,17.929,29.113,-14.754,-6.4687,24.151,-10.033,0.48295,7.5353,-2.404,47.31,-8.0572,8.0753,8.9102,3.0174,9.1334,-13.559,-2.1711,-0.30142,3.7085,-3.5655,-5.8764,4.8247,-11.836,3.0747,-5.8248,15.739,-0.29565,6.3713,0.24076,-6.5829,-1.4623,-2.5473,-1.8736,-0.51331,-0.20901,0.49199,0.19948,-0.038811,-0.10206,-0.045268,-0.031441,-0.10371,0.00062422,1.1182e-15,6.7401e-15
218.38,-403,-213.66,64.306,96.43,4.4151,38.671,40.262,-0.77149,36.802,-56.285,25.852,0.82793,-16.454,12.62,-25.036,23.139,-11.018,13.783,-1.5666,-4.0509,13.844,11.39,-1.7927,-10.197,0.44575,1.5204,-7.5315,-0.42429,4.2566,5.1062,4.8079,-0.46707,0.26216,1.0706,-2.2625,2.0597,-0.041927,-0.61938,-4.0254,-1.0722,-0.22552,-1.6488,0.089467,-0.28424,-0.20781,0.68266,-0.0013565,-0.0057881,-0.092978,0.016292,0.038757,-0.0021268,3.8381e-14,-1.717e-14
447.51,-241.2,-24.356,120.2,-24.757,-2.6644,-30.322,-3.4186,15.667,-10.703,-6.3984,-13.508,-44.02,23.048,11.236,-3.888,15.324,-6.5569,-4.256,-14.365,6.5123,-6.7161,-6.9726,-17.067,14.968,0.53943,-3.2636,-4.9125,-3.9602,-6.4126,0.16978,2.7797,-4.475,-2.1186,-1.0899,-1.3137,1.5548,-3.9491,1.289,-1.4815,-0.87405,-2.1525,-0.2038,2.8216,0.29434,0.39695,-0.44611,0.025868,-0.083123,-0.081879,-0.04687,-0.028091,-0.0030717,2.9265e-14,9.878e-17
706.96,-352.37,-253.16,90.267,41.818,-31.434,13.521,-26.503,2.2888,-38.224,30.089,15.891,-5.5826,19.088,-0.4907,3.7426,-24.499,-5.4189,-6.636,-12.059,-3.4344,12.71,-14.537,-0.56973,-5.9557,6.8862,0.2838,-0.34501,-0.30506,2.0135,16.373,-4.1482,4.5749,0.82084,-4.366,4.5432,-4.0076,6.4285,-3.9492,3.1609,3.1533,1.7314,-1.0119,0.74549,-2.0433,-0.11935,-1.0902,0.019008,0.034816,-0.063764,-0.028152,-0.01713,0.00087231,1.097e-14,-1.7669e-14
195.94,-253.87,-110.05,3.8682,72.111,6.5296,12.688,-14.902,20.167,3.9395,21.572,1.2707,-3.5533,-3.1406,21.826,2.0322,10.548,-5.5347,-29.03,4.1708,-4.9864,3.5366,1.6085,1.7492,0.1397,2.2151,-2.7307,3.8584,2.1795,4.311,-2.7364,1.8039,-3.1849,-4.6354,2.5609,-4.2621,1.2807,-1.0402,1.2576,-0.59676,0.89857,-0.85329,0.90745,-0.037672,-0.24046,-1.3976,1.8444,-0.29754,0.78022,-0.083437,0.028854,-0.12996,0.00016817,8.8676e-14,6.9629e-14
86.249,-299.78,-93.018,-145.9,-5.8993,6.1115,-10.632,-24.581,-5.571,20.695,7.8021,-6.1609,3.6494,11.459,-2.7718,6.3273,11.759,0.87165,1.4403,-3.8147,6.6137,-11.903,-12.269,8.5034,-2.9353,5.1498,-6.5763,6.8564,1.0814,-6.713,0.48612,1.3643,-1.1178,1.8309,-0.055168,-1.8529,1.6187,2.2028,0.36292,-0.73288,-0.7613,-1.8115,1.2968,0.20892,0.96037,-0.67471,0.62449,0.17716,-0.17528,-0.14775,-0.098696,-0.019434,0.0021563,3.5651e-16,-1.1348e-14
575.96,-358.26,-103.02,-63.535,164.66,-33.182,-6.6343,-20.058,-9.2879,1.4079,5.3847,-21.205,1.3264,25.856,-41.821,0.49997,6.4524,5.1344,4.1251,-3.702,-10.006,-3.0801,-6.9539,4.8176,-4.005,5.759,-2.6954,-2.8961,1.7298,7.0372,8.4421,-4.0235,-4.8058,2.5359,1.3016,0.041122,3.3637,4.4956,0.16634,-0.76099,-0.29462,1.0959,1.4524,-1.1531,0.3163,0.34636,-0.43323,-0.037611,0.11689,-0.01483,-0.055737,0.030784,-0.00066992,-2.5515e-14,-1.9905e-14
495.23,-408.85,-42.137,118.46,-120.29,5.4056,-43.133,-23.067,-6.0948,-15.647,-12.194,3.8551,-12.351,-18.129,-29.093,9.9471,22.662,12.608,-11.536,-11.647,-0.87481,-3.2532,13.343,11.16,-0.067411,-1.3271,-3.1546,2.0491,-9.6469,-0.99556,2.3229,4.3826,-1.8856,1.0315,-1.8746,-1.885,4.2553,3.6879,-3.431,0.2162,-1.5407,-0.035271,0.82485,-1.0179,0.82557,1.2554,-1.0926,-0.11272,-0.0017809,-0.16083,-0.059588,-0.045409,-0.0015152,2.092e-14,1.087e-14
765.07,-499.38,-223.38,-5.7922,20.073,-24.382,-52.462,17.405,-3.7832,19.234,7.9458,-8.5572,27.598,-34.455,-6.7565,-0.051821,29.264,-13.081,10.079,9.7637,11.707,2.1738,4.9755,3.7782,-0.5393,-4.2823,1.791,1.8996,-1.018,6.4019,0.48545,-1.292,-3.3023,-6.2219,-2.1651,-0.48215,-0.32587,-1.9631,-1.5729,1.2414,-0.69817,2.6301,1.4194,-0.65151,0.22841,0.18815,0.071525,0.034938,-0.060174,0.011274,0.023825,-0.0014761,-0.001443,2.3574e-14,-3.2736e-14
962.86,-228.28,-284.84,-129.47,200.03,63.811,14.287,-1.9592,18.177,-20.358,-0.9965,-23.497,23.237,-20.171,18.416,-24.771,7.6198,6.9801,-12.909,-14.989,12.925,-3.0762,-9.5106,-26.999,8.3403,-9.8549,-1.0467,-6.8477,-17.148,-11.798,0.18023,-1.8488,-3.3923,-3.6159,-0.67866,3.312,-0.15081,-1.7065,-4.2071,3.6158,0.90004,0.75489,1.69,1.2815,-0.17389,-1.145,1.4184,0.19463,-0.13034,0.10065,0.071379,-0.028797,-0.0071409,-1.0089e-14,8.9916e-15
460.41,-397.87,-122.62,-104.75,5.4065,9.8884,-3.8934,-23.742,21.951,-37.921,0.74574,9.1092,10.064,-12.119,-1.25,-7.367,6.1429,10.671,-11.934,-5.8969,3.5517,5.6511,-12.693,-0.48573,15.604,13.14,-3.3731,1.5415,17.694,11.08,0.75391,9.1124,0.63436,4.15,0.1351,-3.7911,-2.6432,-1.3321,-0.44825,-2.1204,-2.5104,-2.745,0.25842,-1.2079,1.9653,-1.5799,0.65885,-0.0082616,-0.19058,0.25101,-0.13363,0.021224,0.0033512,-3.4184e-15,2.3132e-14
569.63,-252.4,-165.42,169.21,27.729,-42.213,-30.253,-4.3408,-9.1053,-10.924,-18.754,25.255,19.473,-27.72,-21.652,-1.399,-31.635,0.99045,-5.4719,-14.746,-8.7966,-2.638,-10.749,1.7736,-7.0086,-9.6327,0.83595,-0.82741,-0.89449,2.7968,0.065573,9.4105,2.6556,-4.1834,-4.2024,0.24023,-0.25557,0.35541,1.578,-0.62283,0.50487,-3.1587,-1.3591,0.53908,0.22974,-0.071374,0.70299,0.089202,-0.16367,0.14342,0.079035,0.012149,-0.0046499,-1.4397e-14,1.9893e-14
716.73,-451.37,-223.77,49.214,-10.817,-13.133,-34.182,-31.929,-23.257,-55.014,7.808,41.986,-23.052,28.297,-7.7433,7.5693,-13.031,16.875,-4.0905,35.409,23.609,-13.818,15.35,-1.6389,-21.193,19.291,14.568,-16.827,-0.45314,0.17628,-15.527,-5.5139,0.048172,-2.6702,5.5229,-2.0995,-1.2646,-2.4397,-0.86909,0.28974,-1.6008,-0.014353,-0.61561,0.29174,0.52747,-0.50698,0.56436,0.12501,0.018845,0.14552,0.050365,0.025946,-0.0010588,1.2394e-14,-3.7785e-14
854.12,-531.65,-303.1,-94.846,54.709,32.052,-104.86,84.799,-2.7847,72.045,-47.27,-12.165,-46.514,13.669,-34.457,-6.161,12.261,11.646,13.671,-4.3644,-1.8454,5.4625,2.0471,3.6462,6.7321,-0.60161,-2.8369,-1.2987,7.1548,3.4497,-3.13,-2.64,-0.033289,4.8551,4.354,-2.3904,-0.13362,1.7306,-1.0191,1.7421,0.38816,2.0099,-0.69545,0.42983,-0.34357,-0.9661,0.13113,0.25153,0.18109,-0.034983,0.018695,0.084498,-0.0032232,-4.4195e-14,-1.605e-14
626.33,-456.3,-20.52,-1.3486,-25.146,6.0383,33.213,-43.256,46.14,-12.993,32.32,8.756,5.4838,27.805,3.894,-7.0434,13.162,-6.8829,16.107,10.936,-14.825,-3.0981,15.613,0.3205,5.0174,1.6986,1.4339,3.5867,-3.0087,-0.10364,1.5717,-0.69044,-0.3537,-0.95799,0.83627,-1.5887,-2.812,-1.5567,2.9854,1.0546,4.4815,-4.6919,0.59415,0.30172,1.8885,-0.85835,1.4988,-0.17553,-0.10659,-0.060173,0.038859,0.034633,0.0027238,-9.3033e-15,-4.857e-15
792.01,-562.21,-226.29,70.859,-192.24,-24.822,2.1398,-31.799,-1.696,28.908,-3.6465,27.346,23.148,-5.6198,19.211,-1.4562,-15.319,14.386,1.7559,-2.3071,-0.066834,6.3155,-3.1967,-3.4161,-0.88491,-9.7984,-7.0785,2.4015,0.81398,-3.2826,-3.9648,-4.4459,1.0721,1.9706,2.66,-3.8553,-0.78785,-1.9176,-0.12156,0.29341,0.50578,1.7137,2.0906,-0.038335,-1.0145,-0.17403,-0.54735,0.23011,-0.27226,0.075652,0.047498,0.031887,-0.0020817,2.4017e-14,-1.0223e-14
908.87,-198.26,-120.49,-17.136,-39.079,-6.4136,-24.297,-43.647,14.884,-16.715,29.493,-29.217,12.163,5.7149,-16.696,11.895,7.0674,-26.813,-12.682,-7.6175,14.685,5.1883,9.0033,6.2508,6.2459,6.2074,-2.1458,5.9428,0.56854,2.0959,-1.4621,0.58856,-5.2903,-4.4935,-1.0985,-2.5904,6.7074,3.8465,2.1184,-1.2826,0.032163,0.6987,-2.6349,-2.1379,-1.8907,-1.2385,0.56738,-0.20934,-0.047568,0.22559,-0.051077,0.035137,0.0032609,1.0041e-14,1.246e-14
423.41,-349.61,-138.97,2.7317,-75.291,-41.569,20.252,-29.156,-2.2857,27.185,-3.4555,16.013,33.775,-10.028,-24.903,4.8487,-8.4514,-16.667,5.584,1.6145,-2.9896,-3.6038,-18.001,3.2351,0.15533,1.489,2.5717,7.281,-7.2832,0.40731,-4.2547,-0.13195,-2.0494,4.44,0.79497,-1.787,2.9946,-0.90383,5.8221,-2.1803,1.1759,-1.4212,-0.89183,0.096755,-0.30807,-1.6652,1.747,-0.072493,-0.19759,-0.049991,0.036124,0.034763,0.0025031,-2.5536e-14,-1.906e-14
883.88,-722.42,-134.62,303.61,-175.58,21.266,-35.812,-14.263,5.9649,38.196,7.7491,-44.501,3.8726,10.881,34.744,-25.083,-14.416,7.3862,-3.9104,-10.797,-1.0107,-5.9115,2.9163,-0.39035,-0.93908,0.29222,-0.2884,3.284,-1.0636,0.72425,-2.3694,-4.2016,7.3717,0.70923,-2.1564,2.1037,-2.9347,1.1695,1.1568,1.3504,3.1668,0.49164,0.84694,0.24165,-0.2099,1.1241,-2.3163,0.32171,-0.088909,-0.047224,-0.13253,-0.036823,0.0061476,2.7315e-14,1.141e-14
-402.57,-25.686,-99.648,-78.31,-11.845,-13.904,-22.804,44.057,-20.692,-15.582,9.0865,-0.91723,-2.7737,3.0633,12.66,-7.3152,-3.7869,-2.727,0.41438,-6.3546,-0.83059,4.5976,4.3509,3.1632,-0.23354,1.389,-4.0184,0.014444,-2.4117,2.5525,-0.3379,0.1147,-3.6662,-1.9549,1.9562,-2.5813,-0.18166,-0.7673,-0.39001,0.28448,-1.5817,-0.55322,0.19621,-0.72026,-0.8529,1.1774,0.98181,0.023856,-0.096484,-0.1001,-0.13748,-0.013588,-0.00021235,3.5273e-15,1.0265e-15
-386.35,-8.2441,-29.152,-45.176,71.461,5.2746,-33.763,43.122,-17.182,-7.0551,28.603,-6.5655,16.929,-2.893,-5.4385,-8.3723,-3.7288,-3.0135,-3.3696,-3.9888,1.5747,2.8748,0.17327,-5.1801,9.4462,1.3426,-4.1171,-3.5411,3.5229,3.7151,-3.0364,1.4283,4.9577,3.0967,1.9289,0.59864,-1.5812,1.0712,0.85395,-0.16525,-0.7063,0.25898,-0.32174,0.33706,0.17146,0.66133,0.89779,0.25879,-0.023678,-0.12974,-0.01052,0.0052464,0.001457,4.0452e-15,-3.1378e-15
-373.85,26.267,-37.686,91.196,179.19,-0.20407,-37.321,49.364,-21.166,-5.2837,36.067,-19.641,0.82114,15.049,29.35,-16.326,-9.8823,-9.1561,1.575,-9.4313,0.49302,-1.7629,9.4011,-1.3055,-1.9382,0.774,4.6433,0.19263,3.1102,1.2614,1.6014,-0.99039,2.0691,0.55947,-1.7677,-0.61156,1.8406,0.20274,0.33554,1.7,-1.0983,0.86734,-1.3571,0.089873,0.77073,-0.26441,0.97094,0.11814,-0.053697,0.050238,0.064572,0.039212,-0.0032183,3.9537e-14,-5.3153e-14
-325.29,-14.38,-85.057,-102.87,-15.702,-15.899,-22.347,14.05,-21.099,-18.15,13.855,26.47,-3.5073,19.522,4.5805,-20.412,-1.8013,-4.2434,-4.6233,-10.203,0.87934,1.4843,-8.779,7.0765,-1.7468,-2.6334,-2.8964,1.2679,-0.88957,-6.3107,0.31976,0.51207,-0.24247,3.082,-0.84164,-1.6824,0.061195,-2.1719,2.5723,-0.12626,-0.7774,0.94753,1.2261,-0.53981,-0.064461,0.44595,-0.28034,0.1991,1.0474,-0.063012,0.10917,-0.193,0.0030072,-8.125e-16,-8.9375e-15
-401.17,-57.673,-48.723,-58.413,13.501,-1.9217,-33.985,25.906,-20.761,-13.244,19.897,22.942,-26.278,19.763,2.7464,-18.084,1.417,4.4761,-7.1866,-15.44,0.66949,-1.9597,2.5684,8.6357,2.7124,-0.76052,-1.3916,2.4382,3.2532,0.0026435,1.5267,-0.91209,-5.5637,-2.4226,-0.46107,0.54304,-1.0735,-0.6186,2.5598,-1.0615,-1.4328,-0.50289,0.57379,-1.3369,0.085616,1.164,-0.42853,0.07044,-0.098542,0.21285,0.051242,-0.00016806,-0.0027099,-2.341e-14,1.0911e-14
-390.22,-20.539,0.032653,15.511,67.574,9.3842,-39.577,19.149,-6.8316,-19.268,8.5861,-6.4314,-7.4365,13.295,11.516,-25.475,-8.9473,0.35367,-0.97389,-5.4304,-4.2924,-0.66513,5.3649,6.1577,0.18048,-1.9125,1.6855,-0.91563,-1.2826,1.6458,1.5548,-1.3744,0.36999,-0.43684,-0.33008,-1.3503,-0.55792,1.0192,1.2286,0.16375,-0.72112,1.378,0.46297,-1.6089,-0.32404,1.2319,0.1148,0.071165,-0.0011148,0.28427,0.10838,0.035335,-0.00097389,-1.302e-14,5.9645e-15
-494.44,12.409,-21.721,-63.117,-22.312,-2.1256,-19.724,15.356,-6.8549,2.2534,12.254,2.1607,3.6642,3.8985,0.51179,-23.101,-7.0641,-8.7495,0.43168,-7.46,-5.2887,-0.029836,6.7231,4.42,1.6011,-3.6992,1.8938,-1.838,0.59638,-2.2474,-0.41942,1.1541,-0.60573,0.083603,4.5121,-0.18686,-0.78375,-1.5031,-2.4304,0.868,1.1203,0.96417,0.99973,-1.5877,-0.46065,0.84642,0.19329,0.36648,-0.043127,0.23335,0.020262,0.024495,-7.3882e-05,-5.9939e-14,3.1081e-14
-425.02,-28.018,-10.809,-69.134,-25.377,-11.106,1.9964,1.0784,-18.419,-24.914,8.2162,67.667,-9.6813,-0.057686,3.148,-13.781,10.03,-10.819,3.0598,2.3707,-2.4278,17.089,-12.384,1.9669,-0.47828,-0.81705,0.59567,0.37051,-0.97368,-9.8882,5.3873,-1.606,5.0967,2.167,-2.0437,-0.11062,-1.5833,2.3042,-0.70563,0.22593,0.74437,2.3952,0.38917,-0.12082,-0.30335,-0.13975,-0.19431,0.02167,-0.019013,0.19779,0.0022316,0.023339,0.0018743,-2.4268e-14,2.6841e-14
-391.93,55.536,100.57,3.7338,10.6,-7.5669,-37.88,-13.044,-26.162,7.686,-2.188,24.588,39.56,35.881,-1.6452,13.832,29.163,2.2524,-5.7031,-16.696,-13.631,15.812,2.9026,-8.8624,0.75901,3.3135,4.523,-1.0281,-3.0634,4.1834,-7.439,-4.5569,-0.043646,2.8917,-1.9323,-1.4925,0.091779,2.0267,5.4002,5.6325,5.9087,-8.5313,-0.91263,1.0098,-1.3266,1.4943,-0.9166,0.036018,0.095668,0.26079,0.041253,-0.011442,-0.0042525,2.6159e-14,-1.0503e-14
-394.86,-21.055,117.94,-51.515,-5.64,2.5544,-38.288,-16.12,5.4816,4.8467,0.69328,8.3615,5.8777,-12.525,3.6898,-0.56749,2.1364,-5.2507,-7.5428,7.3379,-7.33,6.8449,4.9548,3.3297,2.2878,-1.1089,2.5103,-2.2584,0.42836,-4.6615,1.6149,1.9246,1.4423,-1.2024,7.7354,4.2978,0.55967,-1.0577,2.9423,3.7566,-2.7255,3.4694,1.4735,-0.72578,-0.83621,-0.27262,0.28129,0.54358,-0.10887,-0.030072,-0.031825,0.026546,0.0037861,-1.2316e-14,-1.9536e-14
-348.74,18.915,291.45,-44.128,2.1069,27.184,-35.895,-39.748,13.278,9.8707,5.7662,9.7751,-30.811,-17.965,10.488,-2.4227,-13.206,4.1541,1.7211,-5.021,1.3842,-9.8658,-3.2663,7.1797,3.0103,-4.9265,-0.20661,-0.85324,-3.5417,-1.5914,-2.4664,-1.3839,2.055,2.0626,1.0332,-1.9179,-0.38448,1.3116,2.0339,1.0148,0.069846,-0.12704,-0.26532,-0.42528,0.20127,0.53916,1.0023,0.3512,-0.10346,-0.0024231,-0.0070332,-0.0067239,0.002464,1.6154e-14,2.0539e-14
-128.47,-59.492,402.72,33.654,102.72,42.474,-55.797,-21.464,0.939,2.1835,-19.548,16.744,-15.468,-17.627,-2.3366,2.4614,10.74,5.509,-5.2315,-11.162,-7.5536,-2.8575,11.205,4.3727,0.28192,-0.29868,-2.3448,-1.0559,-2.1909,-5.3444,-2.888,1.0161,0.69606,1.2779,-2.218,4.0962,0.5,0.077752,2.0745,-0.6051,1.4276,0.25476,-1.5651,-0.33892,0.16587,0.17136,0.11473,0.025835,-0.0091414,0.080876,0.030238,-0.0062182,0.0016773,5.5061e-14,-2.4124e-14
-315.09,49.722,336.6,-89.404,39.875,-5.8887,-36.677,-37.577,19.715,8.6574,-16.043,26.885,-5.78,-11.956,3.975,5.1464,-14.51,1.0437,7.3939,1.7121,-5.5093,7.3724,6.6732,2.2993,6.2389,2.0406,-0.12129,-3.7097,-3.0921,-1.77,0.73473,-2.4732,0.45893,2.8039,0.73183,-2.4252,-0.52419,-0.047072,1.8903,0.39908,-0.0083328,1.3019,0.30646,-0.80129,-0.29416,-0.084713,1.1834,0.25432,0.012854,0.055791,-0.051186,0.024417,0.0025025,3.3056e-14,-2.0373e-14
-277.25,7.2307,305.78,-43.914,59.765,-3.0496,-45.753,-32.883,8.9979,14.377,19.852,0.81777,-22.309,4.139,-2.9809,2.272,8.4228,-3.4101,4.0667,-8.3514,0.6485,-6.5085,-6.843,2.7967,0.88179,1.5821,-1.8024,-0.71111,5.3553,-6.1715,-0.24841,-0.25184,1.9163,-2.7187,-2.9628,0.15834,-2.0745,2.7769,1.3987,1.7831,1.6142,0.096828,-0.066815,0.37701,0.071639,-0.27445,1.0404,0.3192,-0.01963,0.058779,0.091137,0.028273,0.002139,3.1937e-14,1.1083e-14
-449.37,31.309,117.49,-23.235,-22.799,13.219,-22.952,-19.077,7.8889,-8.3902,-7.5299,14.741,-9.9516,-21.051,-3.509,-10.612,-6.6811,-0.99083,-0.7927,0.38754,-0.72049,1.2626,0.88664,-2.1074,-3.1301,2.2038,0.9814,7.2301,1.9769,4.3677,3.9273,-0.34316,-0.078595,-2.2045,-3.0114,-0.92335,-4.05,-0.45396,-0.46694,1.4113,-1.2898,1.7282,0.63984,-1.301,-0.0817,0.27943,0.93893,0.46049,-0.10442,-0.0089401,0.011646,-0.0049875,0.0032428,1.2615e-14,-2.7119e-14
-325.69,42.41,183.6,-140.21,33.23,-0.19988,-39.857,-23.843,8.5689,-1.6098,-22.473,27.692,11.411,1.7121,3.7867,10.698,11.115,15.106,-8.5937,-0.66363,-4.2811,1.2277,-1.7361,5.9175,-0.21919,0.024041,-3.4848,-0.0037892,0.2288,-1.5627,-1.7809,0.58118,-2.038,-1.7131,-2.7244,1.8787,0.015291,0.96042,2.1814,0.062048,0.28542,-0.16894,1.0078,-0.63929,-0.90292,-0.031838,0.2097,0.3853,-0.042246,0.020339,-0.013018,-0.020785,0.00031452,-5.7405e-14,4.3395e-14
-454,62.24,48.302,-56.664,55.914,-4.8636,-28.42,-11.417,-1.8537,-4.8926,7.7415,17.885,4.743,1.178,4.068,2.7011,-1.9908,4.1217,-2.899,-10.646,2.4257,-3.1347,3.3571,4.6683,1.3944,-2.0476,1.4944,0.30277,0.74021,1.9197,1.4723,-1.1969,-0.58225,-1.1247,4.159,1.5041,3.9511,-3.2504,-4.5999,-4.2895,5.5759,0.53037,0.031293,-0.76744,-0.95305,0.50003,0.88434,0.75493,-0.069217,-0.012235,0.017398,0.0050208,-0.00030377,6.9168e-15,-3.9693e-15
-403.21,98.171,42.021,-77.415,-38.523,29.083,-48.058,-2.1658,13.832,11.083,8.076,9.7938,-23.332,12.658,-19.634,-4.4952,-6.7766,4.812,-3.0877,3.5314,7.0145,0.76153,-0.37662,-34.879,-4.4836,4.0498,1.6461,10.246,-7.8249,1.9012,8.0398,2.5336,-5.674,-2.0067,-5.4454,-0.60305,2.6628,-1.3312,2.5162,1.3035,-2.4978,0.96246,1.0638,-2.1105,-0.018209,0.0069514,0.19343,0.47001,-0.0097285,0.10577,-0.014888,0.0034929,0.0014593,1.6766e-14,-6.3911e-14
-245.84,122.22,-108.12,33.593,36.568,-3.2792,39.34,-16.498,14.189,4.0163,-25.271,-11.892,6.3602,14.66,-4.2375,4.9115,-14.466,-14.756,3.8932,9.2603,17.188,-11.006,9.4452,6.0584,-1.451,2.5994,-2.2415,-4.6519,-0.40819,-0.049834,-2.181,-1.824,-0.019852,-2.9111,-0.11345,0.38151,-2.5062,-0.022509,-0.61295,3.2837,1.8483,-0.040164,0.13995,-0.45321,-0.53889,-0.42211,-0.19542,0.069244,0.053589,0.10878,-0.0092394,-0.055794,0.0009161,-7.9694e-15,2.4336e-14
-278.1,64.755,-124.23,9.0525,-15.41,16.49,16.6,-19.78,-0.4791,8.5974,-32.739,2.9479,-6.3607,14.61,1.4025,7.6977,-8.6972,-13.975,-3.2989,-11.422,1.8803,-6.1657,-6.3126,5.4729,-7.3215,2.3259,-2.3949,-7.2684,-6.6914,3.3461,-0.20185,3.6332,-0.50487,2.9571,-2.011,1.0045,2.5166,-1.6239,1.3698,0.40926,-1.7691,-0.86588,-1.1898,-0.35683,-1.0817,0.34546,-0.040369,0.13844,-0.0045627,-0.019064,-0.034736,-0.054529,0.0016333,-7.0041e-15,2.114e-14
-226.99,82.165,-138.68,16.156,38.031,-9.521,8.2755,0.76567,1.8152,-5.6073,3.6368,-14.029,0.65529,6.9799,0.34407,-4.245,-4.7818,-10.81,3.9255,-1.6864,2.2565,5.2082,0.051158,2.3856,-3.9959,-1.5379,4.451,-5.9984,-0.77651,-0.085722,7.4111,6.5888,-0.87017,1.7059,15.549,9.033,3.5018,-1.9548,2.2616,5.6182,-3.8603,0.099899,0.43952,0.07014,1.561,0.4259,0.065874,0.18251,-0.12131,0.12184,0.0067657,0.0052683,0.0023995,-9.0436e-15,-1.6592e-14
-202.23,89.17,-152.48,71.62,-19.493,13.829,18.802,-13.998,8.2009,-5.4057,2.7713,4.3537,-6.4475,-26.377,0.026363,13.905,14.544,-11.522,-2.0138,-9.4515,9.4102,1.2897,2.0143,2.6618,-2.638,-2.1652,2.5324,-1.8013,-3.2732,1.5845,2.4804,0.78922,-0.74781,2.5769,-2.669,-0.91396,-1.4051,-2.5634,1.7571,-0.82331,-0.35262,1.0207,-0.51852,0.16261,-0.039457,0.69807,-0.026521,0.00771,0.33773,-0.076397,-0.13456,0.20444,0.00049116,-1.2487e-14,4.3076e-15
-208.64,85.912,-172.22,40.12,36.428,35.018,24.432,-23.583,-17.166,-27.404,12.741,27.629,-13.19,-35.325,-14.236,11.282,5.1577,17.206,-9.5131,-5.292,11.723,-15.714,2.8833,-7.6654,-8.0835,-5.2643,-2.5931,3.8943,-2.6494,-1.1146,-0.83311,-2.6381,3.4551,0.077557,1.7748,1.3616,0.39934,0.5008,2.4509,-0.25306,1.2131,-0.55542,-0.84537,-0.50788,0.097851,0.34645,-0.26103,-0.094819,0.26179,-0.017785,-0.020934,0.22155,-0.00095304,-2.8197e-14,-1.4125e-14
-284.06,57.099,-123.87,9.4677,-43.309,-7.5766,29.395,-16.334,12.061,13.681,-6.8038,12.245,-0.3551,-11.399,4.801,6.574,-0.46586,-22.106,6.3692,-1.5595,8.7075,3.595,-3.9511,0.6372,-0.41311,2.0544,-5.0926,1.7215,2.1541,-3.3249,2.6254,-6.7224,3.1806,-2.4956,0.14432,1.0139,-0.63534,2.7346,2.3936,-1.2926,1.5104,0.58316,-0.8379,-0.20346,-0.71717,-0.54032,-0.18558,-0.012465,-0.0063762,0.085776,-0.0051508,-0.043044,0.00017282,4.6754e-14,-4.4271e-14
-210.64,37.32,-164.39,15.413,5.0823,0.71816,25.931,-4.3774,17.287,10.283,-2.794,1.1776,-2.8906,-4.5621,22.552,-0.85172,-1.9041,-11.586,-7.5108,0.70552,2.7412,2.888,-0.35009,0.79713,1.3087,-4.0386,-3.9814,0.8881,2.851,0.016855,-6.4449,-1.2869,-12.796,3.1649,-4.5714,11.885,-7.7919,-1.9569,-0.69657,-2.9453,-1.7821,-1.9354,0.91293,1.2556,0.79436,1.281,-0.47218,0.18613,0.38275,0.012016,-0.08723,0.25298,-0.0012911,2.2151e-14,-3.1868e-14
-122.23,-69.75,-83.042,132.95,66.595,-0.39522,-4.346,-3.7649,3.5138,6.7936,-5.918,-30.992,-39.88,-3.6477,-12.174,10.563,3.3376,-7.1643,10.117,-4.9799,-4.3133,-6.1477,3.474,-1.0048,-0.48018,-4.3257,-0.023818,-0.97546,0.37107,-0.94996,-3.4564,0.85875,1.6422,-0.12788,-1.6179,0.81661,-0.30257,-3.1967,1.5245,1.9884,1.2303,-0.35505,1.0444,1.146,1.1823,0.49604,0.064422,-0.075274,0.038502,0.25713,-0.068034,-0.058978,0.0014044,-4.2149e-15,3.3432e-14
-255.7,28.527,-156.67,26.972,15.351,-4.8552,6.663,-12.794,16.467,12.175,1.7918,-14.52,10.686,3.3576,17.294,6.7755,-12.515,-1.4615,-8.5675,-0.41247,10.289,-12.338,0.43388,6.3938,-2.6527,-3.9988,-6.4388,0.44169,-3.1623,2.4901,2.2959,-1.8205,4.5328,-1.6487,-0.22852,0.84758,-1.5986,1.1997,1.04,1.0515,0.73082,0.03409,0.61822,0.50915,1.4328,0.9564,0.79244,0.077524,0.2629,0.05262,-0.1131,0.24613,0.0014718,-5.3974e-15,4.838e-14
-405.06,65.312,-155.52,-50.889,-21.782,17.106,20.431,7.9237,27.657,18.125,-11.23,37.303,-25.394,-18.406,11.097,15.433,12.088,14.677,-26.926,13.255,4.1412,-18.309,-1.4697,1.1074,-0.20142,5.1745,-7.3092,0.74595,-0.78645,9.4867,-3.5948,3.6091,8.7851,2.0362,3.252,2.5408,-3.1615,-0.58984,0.98565,1.8174,1.3243,0.62749,-1.6848,0.37007,1.0016,-0.31442,-0.4692,0.031909,-0.10034,-0.11103,0.043111,-0.076654,0.00035247,-2.5736e-14,-5.115e-15
-248.36,32.015,-136.93,40.395,-7.4583,38.729,10.228,-16.792,-20.6,-12.172,-5.3832,19.747,-36.753,-5.1098,8.0762,13.769,1.481,4.684,-0.89793,-12.639,-9.182,4.5164,-2.6878,-0.79167,-3.2845,0.22621,-3.5748,-3.7036,-1.9638,-1.229,0.31179,0.59637,1.6012,2.2131,0.78959,-0.038118,0.97786,-2.3278,1.9718,-1.2346,-0.25773,-0.069757,-0.27966,0.7646,-0.29748,-0.15731,-0.12829,-0.092829,-0.064913,-0.038294,-0.065667,-0.050863,0.0012232,-1.1925e-14,7.1633e-15
-173.88,27.602,-180.77,123.13,102.63,3.3281,42.725,-14.828,5.0283,-0.35496,0.64993,-31.539,1.6279,0.9388,-26.217,-5.195,1.8669,-3.7422,0.45371,-6.8237,0.35896,-6.3627,1.7719,0.88546,-3.1704,-6.4982,-0.95074,-0.76894,6.3658,0.47198,-0.57057,-0.68663,1.723,-1.7935,-2.35,1.0903,-1.3349,-1.4881,3.1094,0.23052,1.4259,-0.054992,0.76839,-0.034543,0.49631,0.75655,0.32662,0.084737,0.0072015,0.074916,-0.047186,-0.066578,0.00027121,-6.2642e-15,-2.2688e-14
-216.71,-53.029,-172.84,39.025,9.0074,10.762,61.437,-6.0177,-3.2297,-7.8327,-10.39,-19.081,-27.202,8.151,-7.2633,-2.8523,10.068,35.441,9.9531,-5.3578,-14.285,4.8742,-4.8579,-0.99595,-5.2391,-0.51282,4.2298,1.5252,-0.7612,-4.2903,-4.0202,1.59,2.6012,5.0971,-0.8078,0.31243,1.373,-1.1191,3.7841,-0.7467,1.9403,2.2358,-0.74629,-0.064573,-1.7244,-1.7182,-0.46614,0.10083,0.058229,0.025514,-0.0018375,0.0038251,0.0018325,2.047e-14,1.9128e-14
-218.84,-28.917,-166.3,16.711,-7.5716,-6.4913,10.725,-6.5007,-4.4727,1.3281,8.3852,-17.739,12.196,-18.994,-14.927,0.43233,-2.9605,17.645,0.75792,-10.347,-2.4584,-5.4931,-2.5706,5.6308,-5.5398,1.0316,-3.7845,-0.54342,-4.4881,1.429,1.0896,-0.65924,2.047,-0.59411,-1.0161,2.6768,-1.2019,1.0648,1.8264,-0.29029,0.017566,-0.624,0.41989,-0.70691,-0.98937,0.28917,-0.13262,0.24491,-0.0016244,-0.051471,0.089049,-0.043857,-0.0034392,1.8879e-14,-1.6039e-14
-256.2,51.249,-142.06,15.358,31.106,13.394,44.284,-19.213,1.5686,-21.178,1.4376,11.225,-11.961,-38.727,-28.198,-9.3165,12.703,3.8565,5.7062,0.07724,-10.003,16.636,-4.4805,0.32107,-3.3448,0.6502,-0.02356,-5.8547,0.80984,0.22729,3.094,-1.5628,2.1578,-1.9779,-1.3821,1.1783,-0.66515,0.67963,-0.46287,0.53107,-0.24802,-0.86359,-0.10836,-0.27249,-0.56705,0.10021,0.28473,0.036579,0.078952,-0.085785,-0.005432,-0.037317,-0.00058665,5.1151e-14,-7.1778e-14
-172.73,86.504,-133.52,70.018,8.7114,-9.187,48.439,-21.252,9.0122,4.5163,-44.623,-11.647,-0.38274,6.1765,-38.346,-6.7949,9.3646,-3.1814,8.0384,10.561,4.7533,-3.8834,11.028,8.9412,3.1441,-6.2255,-5.2197,-3.9971,0.12929,0.029214,1.9443,4.759,-3.7287,-2.4198,-3.5328,-0.91599,-0.31908,-4.1229,-0.53583,3.4166,0.55772,0.68821,0.5843,-0.6157,0.73225,0.30009,0.10569,0.25883,0.1018,0.059698,0.051629,-0.035679,-0.00077184,6.606e-15,2.5378e-14
-230.88,35.834,-154.15,-75.762,-106.27,-18.852,12.755,-1.3794,-0.15094,23.354,-20.351,14.429,-9.6361,-8.7416,6.4332,9.232,6.0658,-13.298,11.225,1.5859,7.8247,0.69677,-4.1485,4.7073,-0.21242,3.1448,-5.8669,-3.0558,-0.58576,0.93724,5.0545,-3.2119,-4.8382,-0.074052,-0.40242,-2.1956,-1.02,-2.027,-0.34207,1.4469,-0.87104,0.65513,1.165,-0.50105,-0.84737,-0.28009,-0.19323,0.14494,0.0057429,0.028138,-0.095365,-0.05885,-0.0012089,1.3861e-14,2.2365e-14
-237.59,-28.032,-150.93,76.715,119.4,8.7277,24.029,2.697,-10.839,-23.117,24.799,-3.783,-9.1544,-22.734,-16.738,-6.2638,7.0705,-3.8795,4.9869,-2.1592,-12.778,16.402,1.2509,-5.7968,-4.1604,-2.8413,4.946,-4.8009,0.46449,-2.9446,-0.46284,-0.39272,5.3706,4.8488,-0.71718,0.52837,1.4209,-2.208,2.9655,-2.7452,-0.94364,0.93969,-0.12244,0.62446,1.6805,0.089499,0.37366,-0.019054,0.035932,0.16626,0.031367,-0.01392,0.00082587,-7.0884e-15,-1.6873e-14
-294.83,18.566,-176.73,-0.12257,-26.417,-13.694,5.8671,0.69636,5.1263,-0.20022,3.1325,13.457,-3.899,-9.6723,19.004,13.404,0.065822,-9.656,6.742,-3.8721,4.3447,8.4353,-3.3508,-1.2473,-3.5613,1.5702,1.7109,-2.7813,-2.965,0.70989,1.0727,-0.64522,0.68865,3.7072,-2.2212,-0.59326,3.6485,-3.8018,3.0534,-0.55356,-1.8591,-0.03559,1.1915,-0.30646,-0.47715,-0.084783,-0.22718,0.071039,-0.071113,-0.06356,-0.077096,-0.048185,0.0014012,4.8799e-15,1.538e-14
-146.55,25.202,-165.99,68.542,96.671,4.5994,17.206,-6.1604,17.023,1.7293,-15.042,-22.204,-11.845,17.918,9.1835,-2.5825,-2.8691,-0.94895,4.4834,-7.7588,4.1826,-2.3984,3.8589,0.13676,-3.0219,-4.8126,-3.7767,-0.92366,2.8937,0.49268,-1.5893,-1.5811,0.72923,-0.069656,0.41506,-0.2171,-0.92694,-1.6497,2.4108,0.23502,1.4368,0.55317,-1.0087,0.31498,0.51895,0.24652,0.21843,0.064284,-0.035296,-0.035808,-0.051701,-0.04548,-0.00039141,7.0387e-16,-1.3887e-14
