-49.814,73.176,72.808,101.11,177.99,-29.894,-17.447,-24.529,-25.025,20.207,-26.451,8.0399,8.0945,1.3808,-11.169,-0.19988,-4.3686,20.856,36.559,13.974,-8.0445,17.45,17.911,0.93169,-2.0319,3.0533,7.2252,0.88851,-1.7892,-8.1524,-3.4581,-8.5603,-4.9749,2.9538,-3.8685,-1.4458,0.48838,0.68706,-2.2671,-1.4709,2.3109,-0.65903,0.78152,-0.91776,0.043279,1.1322,0.9946,-0.80761,1.3988,-0.58884,-0.036612,0.019653,0.0038482,-1.698e-14,-1.9246e-14
-118.6,183.28,15.644,-66.607,-32.259,19.658,-24.985,-1.7706,5.0646,7.2202,4.9139,5.4248,-3.9501,-15.763,-5.6108,7.3523,-10.029,6.1004,4.6153,10.94,-8.6796,7.5042,9.4595,-6.1934,7.6426,1.3996,-3.1735,-2.5112,5.4639,-2.6853,-0.66348,2.2624,0.76346,-0.38414,-0.17954,2.6132,-1.6452,-2.1438,2.2825,-2.8828,1.0078,-0.4387,1.9427,-0.054318,0.62328,0.93895,-0.7384,-0.42926,-0.086049,0.17519,-0.14212,-0.0012229,0.0081769,-5.1442e-14,-2.7675e-16
-173.61,9.3695,100.78,-19.672,-13.206,20.426,7.7398,-8.1591,-18.078,35.297,5.4398,16.624,8.934,7.6184,-1.9114,-5.5447,4.7141,9.018,-7.0667,11.574,-11.921,14.911,-1.3074,-2.4617,0.18564,2.1185,2.4509,2.6292,5.1033,-9.5102,8.4071,2.021,0.056652,-3.2625,-1.072,4.1296,3.9595,-0.52197,2.3174,-1.5468,2.6934,-1.6912,0.93691,-3.0906,0.38345,1.1873,1.0157,-0.46324,-0.12337,-0.10636,-0.091369,0.0096121,0.0072879,8.903e-15,-2.4103e-14
-117.13,76.267,230.01,-45.061,12.605,-52.331,-26.525,-0.91986,-7.7686,0.22388,-21.385,-8.1087,2.7486,-1.2627,-4.6271,7.7932,-4.0311,15.562,4.0695,13.816,-1.0167,0.47078,8.2296,4.0383,-0.84003,0.59256,1.1182,8.0226,-2.4048,1.4965,10.113,-3.1764,-0.38959,-0.83236,3.1824,1.7882,-3.3115,-3.0534,0.85493,-1.8244,-0.34257,-2.6237,-1.9245,-2.5489,-2.1261,1.2276,0.16554,-0.77465,0.38272,0.045208,0.012769,0.018452,-0.0021072,-1.7149e-14,-2.8882e-14
-124.75,154.17,120.36,63.14,17.25,24.28,-10.568,9.4421,-1.4321,-7.2211,-19.488,0.49724,5.8798,14.563,-3.0689,0.79589,-14.069,11.503,-6.0213,16.946,-21.729,1.046,1.221,-7.9362,0.83595,-0.27608,9.9063,2.5405,3.3858,7.9249,8.3924,0.49439,-2.8049,2.826,1.707,3.666,-4.339,0.72658,8.0193,-1.6879,-0.1575,-2.4303,-1.4623,0.95723,2.9826,0.063523,0.52912,0.055599,0.0039713,0.21743,0.070286,-0.0095701,0.028908,-8.6605e-15,-4.1644e-15
-47.041,73.712,133.44,-11.668,-10.872,25.153,-34.736,29.612,-6.4073,12.916,23.829,16.46,17.325,21.962,-8.1217,11.747,-9.978,-4.5322,-4.937,14.369,-8.5238,4.2301,10.848,-3.555,-5.1009,-6.8606,1.9751,-10.43,6.0324,-23.642,8.0093,-2.6898,-4.6315,-12.738,4.0696,12.143,1.8452,6.6991,-2.9077,-0.39673,-4.2625,-2.0092,-1.913,-1.5536,2.7549,-1.878,-1.3466,0.035917,-0.12158,-0.18706,0.02822,-0.039113,0.0061081,-1.7668e-14,3.0675e-14
-295.47,47.117,8.8191,-56.925,-62.222,-26.682,-5.4218,-11.053,-9.4969,-2.3872,2.8077,-10.071,16.204,-0.82053,-4.7835,-5.7812,8.0427,19.702,-7.7308,20.807,-7.0079,1.5043,9.839,-8.5108,1.367,3.0431,5.4649,3.9572,6.2117,-5.2098,-2.1541,0.28665,5.1408,3.2272,-0.98247,0.44702,2.785,0.044354,3.9638,-0.63406,1.4967,-0.45101,1.4781,-0.086183,0.65636,2.0791,-0.47276,-0.17268,-0.16046,0.040142,0.014771,0.0096316,0.0004936,-2.5094e-14,-2.8081e-14
-218.32,202.97,53.453,-17.77,-42.28,83.523,-22.295,-8.9984,11.061,-1.3317,7.5013,1.5449,7.1103,-15.175,-1.939,3.2495,-1.4182,9.3367,-9.6404,21.51,-11.337,8.0525,15.567,-5.5988,8.1869,-2.1656,-3.3627,-2.624,-1.2999,-8.5902,0.30171,2.3836,4.5483,3.0159,0.75528,-0.073519,-0.37955,-0.96631,-1.0821,-2.5275,-0.49589,-0.1408,-1.0664,-2.9046,0.42858,-0.46838,-1.1621,-0.29524,0.032949,0.19262,-0.05285,0.046122,0.009718,2.8327e-14,4.0918e-14
-187.3,32.097,146.45,-6.215,-61.586,-14.066,0.4227,-13.707,-11.495,0.93736,-21.849,15.752,26.824,-4.7261,-17.23,3.5191,-1.1725,4.3071,5.2349,5.0373,-7.956,5.0018,13.65,-1.5802,4.8946,5.2629,2.8979,4.1645,0.90234,8.2136,4.8771,-6.0788,-1.5136,-1.3766,-8.2991,6.9922,-1.3763,0.35303,-0.35239,-1.5064,2.5373,2.2177,-2.0615,0.28533,-0.81763,2.3883,0.66216,-0.24907,0.0077344,-0.0043068,-0.075006,-0.012713,-0.016016,-9.1348e-15,4.9708e-14
-34.849,210.23,79.295,-48.926,-0.13979,-24.088,-4.3876,51.561,6.8938,-1.8446,-5.0621,10.541,6.7714,34.096,-13.636,-27.949,-19.471,-0.071003,-9.4631,4.3258,6.1582,-2.2399,3.3218,6.2829,-10.347,-2.3003,4.2407,-0.31108,1.897,-5.7645,2.7665,4.1901,-6.7772,-4.9293,1.7394,2.7102,-1.5793,-2.1206,-2.6424,5.1863,-2.7498,-2.3572,-1.7209,2.3779,1.8196,-1.4141,-1.1767,0.4233,0.15311,0.0090173,-0.033524,0.027244,0.0053479,1.7954e-14,-7.2591e-15
-20.179,161.53,126.75,-76.565,-16.424,15.447,-35.107,-7.3355,4.8683,24.504,1.5084,13.879,7.7013,-22.467,-4.6242,-0.51417,5.9087,1.9706,6.4418,10.146,-0.97781,4.6716,-0.0931,-7.3424,2.4854,1.205,-3.8048,-0.044702,-8.1188,5.0617,-5.672,4.6916,-3.828,-4.8327,-5.7275,-2.4438,5.6216,0.49095,-2.089,2.9331,0.75586,2.2975,0.61667,-3.6342,-3.5766,0.5925,-0.32757,-0.10611,-0.087424,0.087204,-0.25595,0.019761,-0.023262,-3.2595e-15,-4.3829e-14
-167.52,154.49,81.95,-17.842,-65.153,-61.545,-36.625,1.8417,-3.9979,-0.66009,-1.3462,21.67,-3.2698,-7.1966,12.979,-9.8371,18.839,22.33,-11.794,19.303,-5.7183,4.7301,-0.82198,3.4854,-5.3676,1.6261,-2.466,3.3985,-6.9799,-2.8773,-0.29299,3.6425,-3.702,-2.8432,0.40342,-3.3214,-3.9776,-1.5342,-4.4432,1.0108,-5.9997,-0.26684,-2.5767,-2.9528,-2.5249,0.14547,1.0425,1.1377,0.076929,0.38843,0.054218,-0.10613,0.0078321,1.0041e-13,-1.1993e-14
-59.695,51.888,198.09,80.36,-47.997,-11.826,-10.128,-23.906,-2.0932,-3.9096,-15.88,5.3102,-6.3996,-13.275,-9.9884,-3.8951,13.773,21.784,-17.001,36.864,25.995,7.5631,0.07024,2.0025,-11.605,-3.7127,14.136,18.777,11.09,-7.1281,1.1972,1.3124,-2.4412,-1.8462,-2.8588,-0.093257,-1.7525,-0.31074,-1.2233,-0.15861,-0.019228,5.8106,-3.4534,-3.5935,1.1917,-0.75557,-1.7032,0.40117,-0.12628,0.091613,-0.028226,0.016744,0.019953,1.3223e-14,2.5292e-14
-187.78,191.53,86.435,-12.084,-29.597,45.414,1.164,8.2511,12.005,-9.5664,2.6103,39.493,-28.882,0.2628,-4.717,-12.606,-8.1855,11.773,-26.166,27.921,-7.8981,19.139,22.625,-3.5978,-3.5439,2.6955,-6.198,1.0603,-16.236,2.633,-3.217,3.4422,1.0526,1.9455,0.44918,-6.1352,-1.2951,2.1464,-5.7175,0.63499,-0.20398,0.58464,0.82747,1.4656,-0.96784,-0.11506,1.9558,0.17528,-0.01804,-0.015641,-0.075134,0.057509,-0.01117,-1.3784e-13,2.5107e-14
-128.91,140.76,108.81,-49.832,-24.067,-67.315,-2.2192,21.478,-12.511,1.3157,-18.196,11.003,12.864,24.305,-20.071,-14.183,-7.8421,23.808,0.69118,15.829,-2.9932,-5.404,9.7329,0.96791,-3.2547,5.8455,4.5902,7.4316,2.916,1.4151,5.4635,-7.795,-3.8799,-4.7358,-4.3103,-2.4875,1.8257,8.6939,3.6065,2.7403,1.0725,-1.0232,1.8322,2.0584,3.3597,0.46106,-0.45173,-0.073328,-0.22778,0.028133,0.024933,-0.041145,-0.038024,-3.9026e-14,3.0311e-14
-204.94,46.352,-30.534,-20.968,-34.004,31.256,7.3458,24.609,6.9338,12.621,-8.6837,12.777,14.045,16.744,-13.948,19.253,10.483,3.9107,-11.46,8.6013,-1.0758,12.438,3.9253,2.8329,-3.8351,4.5469,3.3715,6.7177,4.1591,0.69328,-6.949,4.0468,-1.6162,-0.75777,-7.1927,-8.1662,-1.4299,-3.1731,0.091908,2.3108,-2.2604,-0.67011,-1.8866,-4.1661,-2.456,0.57391,-0.68322,0.16088,-0.046508,-0.14737,-0.19932,0.049921,-0.023026,4.9595e-14,-1.8385e-14
-123.41,129.83,63.296,49.174,-72.639,10.306,-8.1972,16.812,-6.2331,0.88159,8.7698,-3.7196,1.9075,17.603,-3.3979,-25.086,2.5691,17.852,-17.377,15.757,-7.0852,-1.9428,9.9191,-2.4909,5.1632,7.6678,5.3702,-0.99122,4.1491,-2.9392,-3.5791,-0.9675,0.65721,2.3945,0.37226,0.91793,-4.8018,1.0949,2.9678,-1.7972,-0.13541,1.4705,-0.77503,-0.32035,-3.4857,-0.080428,0.24852,0.025232,-0.21192,0.035733,-0.047578,0.042673,0.00071204,-1.5811e-14,-1.2836e-14
-196.92,114,-26.49,-53.462,-71.611,12.138,-2.1373,-3.1521,-4.1296,-9.1262,3.9653,20.681,8.4195,0.69732,-9.1158,3.842,-4.0798,7.4291,-2.597,7.6941,-12.332,1.8808,-3.3083,-4.215,2.546,-4.2296,2.4464,6.1081,13.1,-11.052,8.5448,-1.7829,0.74454,-1.3497,1.4534,-3.6531,-3.3964,1.9109,-1.0621,-1.4333,1.2299,-1.86,-2.4784,0.88188,-3.0629,1.8229,1.221,-0.1156,-0.20943,-0.061853,-0.15137,0.016632,0.011992,-3.7669e-14,5.6518e-15
-391.05,-78.234,-91.835,-39.453,34.352,-54.453,-8.9701,-0.45524,-24.943,-1.3663,-4.5126,-2.2776,-2.3756,-0.12773,-3.9479,-4.1087,11.433,12.249,-3.7843,-7.0653,10.533,-5.1418,-2.4896,6.9948,3.2218,-0.14913,9.5648,5.1402,4.6295,3.1163,-1.7479,-2.6591,-0.70408,-3.1596,0.34586,0.4328,2.9996,5.9018,3.2325,-0.55723,0.2824,0.038817,-0.67227,-0.65967,0.67056,0.5591,-0.54359,-0.66623,-0.15862,0.084129,-0.14122,0.11316,0.0058206,1.2207e-14,5.2219e-14
-220.7,-19.54,-32.97,8.281,106.97,-50.504,-15.52,-7.9131,-13.445,-7.0146,29.258,15.282,-5.0065,3.9947,-6.485,6.4905,-2.4924,-0.47755,11.061,-20.001,2.0702,3.4494,8.8658,1.7216,3.7852,2.1725,13.312,10.429,-4.2245,2.6749,7.5224,-4.7435,1.4003,-2.7499,-0.3348,-0.39969,0.7102,0.40518,5.0803,0.74386,3.786,-1.2929,0.4946,-0.73315,0.41878,-0.54359,-0.7246,-1.1,-0.16836,0.23762,0.062528,0.046388,-0.0075967,-2.3151e-15,-1.8884e-17
-50.716,-72.758,-22.417,-72.538,112.85,-5.0551,-63.843,37.691,-15.372,-9.4827,17.493,6.5125,11.583,3.7785,20.804,8.0934,12.029,1.4883,5.0678,-25.928,-1.472,-4.0708,7.5358,12.368,-3.4583,-1.0788,-4.1126,1.5631,2.2411,-4.1936,0.61132,-7.8766,4.8392,-5.3236,-6.5497,-6.1291,-1.6384,3.1182,0.75894,2.567,2.5438,2.4466,-0.013773,1.2924,-4.0104,-0.04305,-1.198,-1.0808,-0.12849,0.11813,0.012911,0.083824,-0.018839,3.3808e-14,-2.8401e-14
-21.375,-2.8948,67.769,49.301,142.64,37.302,-37.19,-8.8413,-26.145,7.7661,27.528,3.8473,-9.0373,-1.5795,3.4529,7.631,-0.96785,-18.913,-14.561,-4.5521,13.036,21.344,-0.56477,1.2801,5.531,-10.434,3.1857,-2.3544,13.753,-16.545,1.376,-4.0363,-1.6621,-1.7826,5.0412,2.6112,2.2687,-5.7788,-2.3285,6.8494,-0.15013,-0.49129,4.2026,-3.0611,-2.6298,-2.3924,-0.19911,-0.57048,-0.074782,-0.038416,0.17469,0.082498,0.013269,4.1908e-14,3.3426e-14
-136.2,20.503,13.925,1.5268,74.533,111.15,-1.4289,7.2002,15.477,-6.3005,-5.1689,-6.7375,7.9095,2.6335,3.0181,-34.664,25.38,-2.2416,-15.428,-11.195,15.06,-16.212,-6.0871,20.016,18.118,-14.306,0.80913,12.145,4.6423,-6.6574,5.3491,-5.7005,-5.5324,-7.1271,1.9927,0.0035723,3.1243,5.429,5.4637,-0.42493,-2.4604,2.4199,2.0904,1.6442,3.0092,0.79979,-1.1177,-0.25246,0.20626,-0.25083,0.05742,0.049009,-0.0061819,-1.8724e-14,2.5379e-14
-169.63,-33.888,7.0944,-1.9783,151.8,21.373,-37.259,10.443,-16.562,-8.223,-20.032,3.8435,16.206,8.9511,3.8797,29.024,-5.4276,-3.8217,-21.027,-5.2196,5.2558,0.5213,-14.897,17.075,0.042723,7.6774,0.36073,16.01,-8.2704,0.094844,-3.8691,-7.2761,-5.1166,-7.1549,3.4172,-0.63138,-0.59404,1.7397,-0.71481,-0.31463,-0.92421,-3.1239,-5.3075,5.6022,-0.29846,0.23457,0.25078,0.14692,-0.007072,0.040066,-0.016945,0.045512,0.0018378,-9.4292e-15,-1.4992e-14
-72.773,17.24,-55.435,10.863,60.55,39.288,-1.407,-11.511,-0.30032,46.97,-11.99,2.5293,18.261,-12.398,24.044,-18.377,16.391,-12.942,-15.614,-10.233,14.028,21.225,3.6054,17.905,8.1415,0.13863,-5.0633,-1.8129,-6.0136,7.5059,-4.1193,4.4936,-2.78,-1.3148,0.31252,-0.53362,2.8748,0.028814,0.0018731,1.4614,4.5165,0.16588,-1.1755,1.1243,-0.701,-0.63716,-0.68538,-0.27181,-0.018195,-0.13621,0.22398,-0.031908,0.0078104,-2.1387e-14,1.5917e-14
-154.05,-7.4649,4.3351,-91.393,7.8804,30.57,4.5093,-14.321,3.8718,-18.825,-7.4019,-4.7277,-46.943,-19.277,-4.4144,13.092,-15.062,-5.7561,6.6784,7.0426,5.9077,18.344,-18.373,1.0451,-1.8358,0.42819,-1.6986,7.2318,-1.4426,4.1363,-3.1484,11.345,-0.92521,-2.9039,0.5349,-0.10536,5.6553,-0.56919,0.60896,0.85011,0.94695,0.020779,1.9848,4.5129,-4.9309,1.5446,-0.3325,0.019127,0.036823,0.087996,0.071313,0.011598,0.015414,-1.1112e-14,1.7497e-14
-102.72,43.762,19.108,-101.67,96.27,-13.666,-31.589,23.643,-0.53077,19.275,-9.7849,-21.408,7.0005,11.245,26.149,7.8584,-5.7392,0.84875,-12.322,-8.9661,-13.586,8.5493,-15.317,19.25,-6.9382,15.168,-10.947,3.6849,-3.4519,0.42377,1.4789,-1.2435,-1.3273,1.7615,7.4783,-2.5351,-2.8153,0.12913,-0.15602,0.75364,-1.4182,-0.46951,-1.9154,1.933,2.0767,-0.083669,-1.5091,-0.43255,-0.15092,-0.225,-0.039423,0.033127,0.0016723,-3.0987e-14,-2.7448e-14
143.39,-25.572,37.951,-85.632,-4.3761,2.8453,-45.458,37.448,-9.7956,7.7302,-17.534,21.742,-18.128,-1.579,-4.9207,24.523,-23.222,-5.0956,-3.1997,-17.39,-0.45793,-0.88235,7.6322,8.0471,6.6081,3.3691,-4.6613,3.3647,-9.4041,12.306,-10.675,2.4007,-3.474,0.92301,-8.6573,0.68759,0.8887,4.7571,4.0843,1.3015,4.7929,0.89082,-1.0072,-1.5023,-1.2301,-1.2832,-0.015395,-0.57801,-0.094855,0.10204,0.22386,-0.035093,0.0063049,2.2281e-14,4.7679e-14
-121.79,-11.681,94.222,-92.635,32.283,-91.243,-36.759,12.903,-22.649,13.873,7.8201,-22.599,-12.293,6.7503,5.6195,0.50829,0.61834,3.2953,8.0639,4.6821,-13.051,-1.9685,-0.83336,3.8189,8.7086,1.1115,-1.1815,-8.6411,-0.90162,0.4332,-5.8872,6.0734,4.1175,2.5185,-0.78174,-0.75195,5.2661,10.075,1.3405,-3.5519,-3.3371,1.0124,-0.72958,-0.75654,1.4536,-0.38367,1.556,-0.99874,-0.095753,-0.041181,0.25778,-0.027492,0.012106,1.9451e-14,3.8531e-14
60.974,-34.531,187.76,-43.877,164.65,-22.894,98.903,89.111,36.364,-0.73925,9.5593,-20.089,-16.758,-59.776,-23.956,12.786,-9.4114,-13.556,-5.5048,0.70513,8.0264,-5.436,7.0284,-2.7045,-2.9592,-5.1286,9.9547,19.955,5.9618,1.4635,-2.3004,-7.1716,-2.3546,6.7273,1.2844,-0.50289,0.312,6.9578,-1.5849,0.40917,-3.3575,-1.3774,0.45226,0.36988,-1.8051,3.2897,0.43175,0.078622,-0.046289,-0.091543,0.27799,0.051346,0.032839,-5.5015e-15,-8.8673e-15
142.51,-40.999,125.44,-89.994,90.896,-45.4,-59.098,9.0976,-30.05,-5.6449,-11.21,-29.554,-12.322,0.21465,13.201,-9.4787,9.6714,3.841,-3.3633,-14.691,2.5684,-2.2887,6.1881,-1.6956,8.8322,3.0433,-1.2484,0.37819,-3.3521,3.2201,-3.3133,-0.21213,6.4925,-3.8915,-9.5536,-1.119,-6.3173,2.3321,-11.766,-5.9019,4.9447,0.49026,8.9435,-5.9166,-2.1257,-2.4473,-0.052343,1.8637,-0.02051,0.10139,-0.025388,0.025035,0.0046912,-6.7011e-15,-3.1213e-15
-133.01,154.35,-19.494,-21.598,100,-30.75,-39.56,29.576,-15.783,-1.1483,18.117,16.529,-1.3495,22.18,-2.2307,7.6123,-15.712,-2.3336,2.8578,-0.99768,5.5226,-0.39401,-3.937,7.9796,18.675,5.2563,7.5138,0.94286,-2.8068,8.1645,1.7531,-2.4581,3.7576,2.8966,8.7367,2.3522,0.26686,-1.5925,2.8506,-1.4271,1.3236,-1.2591,1.702,-4.4829,-1.5621,0.17198,0.045756,3.1069,-0.14941,-0.22482,-0.059041,-0.002183,-0.013948,-1.6342e-14,2.3463e-14
-252.49,-26.211,-10.187,-81.867,2.1257,-48.61,-21.347,3.4537,-11.203,-0.3835,0.49008,0.8178,-3.9343,4.8914,16.091,29.856,-13.575,4.6335,2.4143,-0.62948,-0.49547,5.7528,-2.4225,11.306,14.221,2.3524,1.1898,1.087,-1.2491,4.516,0.91975,4.2891,2.902,0.72616,0.18597,-1.8018,3.3656,0.13477,1.9711,-4.142,1.1472,-1.1868,-1.5055,-3.8,0.28671,-0.087247,0.83894,3.2415,0.10479,-0.21027,-0.16611,0.0042734,0.0046404,-1.5716e-14,1.5631e-14
-233.37,-20.624,-67.173,-77.459,24.915,47.812,13.185,3.9158,21.785,4.2276,-0.27291,-24.806,-0.01399,-3.095,5.2553,-17.65,10.292,-5.1278,6.1455,-14.729,4.0179,5.5672,15.393,-0.78779,-1.4189,-10.597,20.565,-4.565,-10.994,0.39664,3.4811,5.5302,3.9335,-3.2566,5.7546,0.27069,1.9313,8.9678,-4.3852,-5.9606,2.9335,2.5631,4.5564,-1.211,-0.024398,0.28275,-1.5539,2.3102,0.25186,0.1559,0.066695,0.022278,-0.0056576,1.308e-15,-7.5412e-15
-194.25,-83.81,-4.6982,-113.68,65.335,-44.079,-23.047,20.847,-25.888,-6.4129,3.2194,-10.587,-8.8463,13.626,-9.7342,-0.73291,-11.853,0.65841,19.222,-4.0647,4.8445,2.6349,-5.3025,1.139,5.7888,-12.191,-2.7481,-5.2564,12.5,-4.8603,11.827,-2.9709,4.9429,2.5866,-0.034824,-3.2052,1.6074,0.05604,0.36012,-0.77466,2.6726,-1.7001,-0.55213,-0.43335,-0.96284,0.588,-0.53225,3.1174,0.047748,-0.087892,0.094424,-0.013746,0.013742,1.2614e-14,-9.4188e-15
-215.51,-52.857,46.697,-65.571,61.505,16.167,-8.7033,14.231,-23.913,11.183,-6.6465,22.248,10.277,14.165,-18.059,23.379,-23.806,-7.7747,17.453,-15.14,2.6699,-0.11502,6.4105,-2.9461,3.0477,-7.5964,-6.0538,-1.8407,10.572,-0.56012,13.984,-6.6117,4.0482,-0.2436,-2.5619,-1.0745,0.22698,-0.87562,0.36306,-2.0964,2.179,10.454,-0.57678,-0.53595,3.6477,-0.24887,2.6284,1.2305,-0.16758,0.12211,0.02218,0.0064703,0.0068715,-2.9727e-14,-5.8088e-15
-216.24,-115.7,-23.133,-75.42,134.36,-52.894,-16.175,6.2401,23.336,2.5333,-4.0582,-14.517,-23.391,-17.044,7.7677,2.0111,-2.9174,7.7366,-9.9797,-4.0281,0.27253,15.421,0.71084,20.022,-0.35306,-10.97,7.3316,10.458,-7.5498,-0.508,8.8619,2.0749,-0.29049,0.78857,5.8265,-2.445,-1.2368,-3.0235,1.5213,-0.2127,0.39928,-1.2725,0.8819,4.1654,3.4556,-1.2796,-1.4838,0.92027,0.03854,0.078085,-0.11425,0.0045539,0.01504,-8.81e-14,1.4035e-14
-96.372,-106.19,15.725,-75.456,84.543,-39.383,-26.428,-5.9168,-8.0137,-11.651,-10.323,0.28955,-42.467,-21.615,-12.87,22.948,-13.191,13.983,-2.5778,-5.712,7.814,-0.649,8.2324,1.2136,16.127,-3.8546,0.19528,4.7476,3.3099,7.7657,-4.035,-5.6831,-0.96744,0.17366,-3.3324,-0.922,4.1634,-3.0732,1.5545,-3.7503,-2.1379,10.028,0.28394,4.7632,2.7733,-2.4908,-0.0052564,-0.72849,0.064078,0.2789,-0.028494,-0.02104,-0.0036525,2.4034e-14,-6.0362e-15
-208.1,-77.519,47.678,-9.9521,44.827,-70.402,-35.372,12.791,-22.734,15.169,-11.756,-14.046,-18.242,-11.194,-7.1812,2.5648,-3.0424,6.2153,-3.7007,-9.0901,-7.2809,0.67096,-4.7516,1.6981,4.6571,-2.8479,-1.5954,1.0157,11.569,3.6619,-7.787,-1.8431,-1.5169,3.4226,-2.0208,0.76344,1.9694,0.082837,-2.1913,-1.5244,-0.017803,-3.0734,-3.2534,1.113,0.19392,-1.1206,-0.48221,-0.25821,-0.071894,0.21003,0.3135,0.017006,0.024221,-3.6592e-14,1.635e-14
-287.12,-18.443,-35.356,-64.818,106.53,133.71,-12.728,-5.2476,6.8246,-6.4462,0.32847,1.8614,17.858,4.3095,12.586,30.922,-8.6658,-3.4208,14.754,-0.52958,-5.7441,5.7606,-20.46,15.084,-4.9455,3.1346,-8.8718,4.1568,3.6153,4.3,5.9664,5.7093,0.66656,-3.5854,-0.7085,-3.9893,3.7728,0.97113,0.14922,0.044466,-2.5648,-1.6114,1.7347,-0.029312,0.68572,-0.68487,1.2657,-0.51128,-0.1949,0.10882,0.094547,0.071174,-0.013119,-4.1273e-14,2.1606e-15
-274.32,-120.76,-37.776,9.9419,75.292,-78.292,-22.287,5.1696,-44.88,31.336,17.261,-2.8022,-1.1402,12.091,-1.3801,-0.33309,3.7618,5.3268,-2.217,-6.4301,2.7398,5.932,-0.3326,-3.61,6.9196,3.6348,1.2995,-2.3202,-2.577,-1.2981,-1.6845,-3.2432,-0.86149,-1.6936,3.3122,5.3516,3.4,-1.568,0.46473,2.7817,5.0767,0.27107,-0.48086,-0.75195,-1.6054,1.4209,2.9814,-0.75427,0.0052465,0.21244,0.29966,-0.012043,0.027549,-5.3815e-14,-3.3553e-14
4.2728,-283.01,304.13,253.04,-126.63,0.48675,13.164,-34.849,-9.2184,-37.167,-30.201,-3.3373,20.47,8.1389,6.6907,-3.8057,19.32,12.919,5.1721,-8.2641,-25.224,1.2636,12.129,6.7225,-6.7632,2.6845,-17.968,2.1428,-6.6103,-6.6923,13.962,4.5886,1.3841,2.3025,-2.0852,-2.4289,3.1779,-0.72665,3.3333,-2.8096,4.2957,-1.6813,1.3253,2.4004,1.8159,2.2416,0.34553,1.7159,-0.082728,0.13499,0.18129,0.052996,-0.02205,6.854e-14,-2.9876e-14
-178.53,-119.92,2.0464,89.481,-88.942,-16.397,40.061,-44.46,-28.914,-27.045,-32.64,18.159,22.818,-0.426,4.6008,-20.384,17.547,-12.128,-14.927,-3.6098,-21.336,17.652,-1.1564,-10.563,11.463,-6.7291,-0.71701,3.6621,2.059,14.13,-3.7343,-0.34468,-4.7992,-0.92581,-0.3828,3.5415,2.2342,-2.3341,6.2792,4.8575,-1.734,-2.4232,-0.55094,1.6367,-0.55518,-1.2383,-2.3112,0.77241,-0.052126,0.063448,0.11534,0.040245,0.045206,2.5962e-14,-2.4431e-14
-62.185,-164.29,136.18,-21.665,36.59,-102.46,-21.641,-10.286,-19.862,-13.018,-9.9141,-8.5595,13.996,-5.1929,-15.056,-10.09,16.883,-2.0372,-11.773,1.3178,8.9212,-0.63184,-3.1783,-5.0486,-4.8229,-6.3887,-6.1103,5.0211,2.9854,1.6864,-8.3243,-6.9848,2.0725,3.6521,7.2962,-3.5722,-0.09488,-0.94086,-2.1986,4.5526,1.3404,-2.313,2.9102,-0.36371,-1.5339,-0.18989,3.3895,-0.29802,-0.061016,-0.18333,-0.034144,-0.012706,0.0064977,1.6437e-14,2.9336e-14
-28.676,44.917,26.559,53.07,55.734,58.522,-3.4371,-13.587,-5.6001,-12.969,-10.444,53.015,27.783,6.4255,-28.266,43.647,-22.423,-12.756,0.73447,-4.6394,14.02,-4.8871,22.234,-12.413,7.0923,10.914,-8.7719,12.716,-9.1461,4.3484,-0.44442,3.4708,6.9126,2.5637,16.146,7.8051,-0.29899,-4.4286,-3.1153,-5.4624,0.89638,1.4709,-1.995,4.8589,-0.11349,0.40906,-0.34034,-0.23925,-0.22463,0.040518,0.074391,0.029991,0.023234,2.805e-14,-8.9903e-16
-246.7,-41.756,-9.5267,-45.954,21.644,-64.864,38.483,-30.75,-42.025,-42.071,-22.29,31.035,-0.8871,10.218,-13.898,-30.845,18.789,-0.33146,-20.628,-10.624,0.24956,0.67568,-20.293,0.74931,-2.74,-16.978,-3.4167,4.7973,2.978,8.1906,1.0792,-8.6227,2.0665,-3.9455,2.3141,6.0892,-0.43002,-8.5895,-2.4387,-5.5997,-3.3278,15.662,-2.5235,-1.3011,2.5753,-0.50022,-0.83103,-0.47633,0.032983,-0.1357,-0.10189,-0.02328,0.0026512,-2.5388e-14,5.4849e-15
-64.73,20.952,85.191,-50.097,-83.949,-67.784,16.384,-20.217,2.3993,-2.1933,-18.686,17.592,-24.058,-11.522,7.4215,-14.42,15.376,-1.2513,2.4991,10.725,4.3721,14.2,-8.3045,-2.9404,-5.0626,-6.1543,-14.346,2.8703,-1.1426,6.4008,3.1568,2.4995,-1.3727,-0.91678,6.1662,12.702,5.1738,20.36,5.7827,-6.1767,-1.9791,-0.99513,7.0974,4.0762,-1.5983,-1.8146,0.22759,-0.32169,-0.01463,0.036875,-0.14992,-0.037852,-0.0062997,2.1438e-14,-2.9797e-14
257.44,-92.911,355.46,59.18,-28.308,18.486,36.215,-39.323,31.277,-7.9262,-36.323,21.155,-34.45,3.8054,27.814,14.372,-5.6103,16.242,19.962,-9.7472,-0.83367,4.0832,16.608,7.4532,-1.0492,-5.2767,-9.2611,-2.7009,-0.48444,-13.465,-19.993,-22.114,7.2757,-1.7592,7.0594,6.5445,2.8052,11.804,-1.9338,-0.029354,-8.7278,-2.7604,-1.0448,-4.9529,0.92977,-0.35236,0.52232,-0.071666,-0.018741,0.098561,-0.0070954,0.018504,0.0051246,-2.9674e-14,2.8891e-16
204.54,-4.6715,343.83,225.19,2.9298,10.752,14.83,-18.465,11.269,10.549,46.357,72.432,-4.8954,25.419,14.394,-15.936,16.382,-9.3792,-2.2203,2.0886,9.4625,13.795,-7.5411,13.713,0.64358,-6.0001,9.2981,0.29274,26.144,15.038,0.90925,13.875,6.1698,11.915,-0.89863,0.069416,5.0294,-0.6696,-6.1348,-0.50267,-1.33,1.7872,2.7651,-2.9296,3.9784,2.3552,-0.73588,-0.51558,0.030126,-0.068715,0.10043,-0.023513,-0.013498,-4.2396e-15,-2.4357e-14
433.6,-23.685,367.49,114.09,81.475,18.402,63.95,73.399,-51.705,-87.753,16.511,18.546,-8.3785,-23.813,33.33,-22.05,10.998,2.2453,24.504,5.6871,14.398,8.952,5.4263,4.0289,-2.109,15.878,-23.685,-1.1627,-8.8002,11.156,7.1733,1.9863,-2.0982,2.7892,11.092,3.345,-1.0361,-6.2818,-6.2049,3.5136,-0.32772,-3.3068,2.0613,-0.3532,-0.73628,-1.2193,-0.023607,-0.33653,-0.17172,-0.15531,-0.099046,0.016106,-0.019312,-1.3643e-14,6.6478e-15
75.533,-168.05,116.7,41.729,-86.325,-19.567,65.487,-45.718,0.71765,-10.599,5.6684,39.953,12.946,18.921,-4.8354,-0.35842,7.9229,4.913,3.8437,-33.329,-14.193,-21.029,-11.216,-3.6596,22.261,5.4433,4.373,11.125,-2.28,5.6319,-1.3261,5.4301,-2.2703,10.044,-2.1551,4.989,-10.715,4.9467,-4.2755,1.4036,-1.0102,-2.0183,-2.5236,0.11457,-6.4096,1.5672,-0.060744,0.020158,-0.038393,-0.055217,-0.13731,0.0065521,0.025821,-3.674e-14,8.9765e-15
188.74,79.784,64.957,-163.5,8.3196,39.154,17.547,-51.778,4.2668,-14.704,-44.367,49.588,-20.405,-49.022,-23.937,-1.8387,27.681,6.7974,-32.66,-7.4275,18.43,-24.032,-4.7458,6.0727,3.9745,22.235,25.398,-43.824,-2.2197,3.3339,14.18,-4.3449,2.6108,-1.6721,-4.3634,-3.979,-0.5372,-0.30639,2.7127,-0.4161,1.2281,-4.4919,-0.78939,-0.48745,-1.3607,1.406,0.052959,0.12301,-0.13054,-0.13207,0.15379,-0.0021686,-0.0034241,-7.8403e-14,-3.8799e-14
499.27,48.493,129.63,104.67,-26.863,40.481,-29.243,-15.175,8.4574,-7.6895,40.983,24.745,2.9118,1.3514,4.5214,-13.559,21.635,-2.1363,-18.92,-11.661,-20.964,-5.26,-7.3215,-5.5536,-3.063,5.4072,-2.3767,-0.0086474,-8.882,-5.3941,2.0397,-10.125,10.366,3.5139,2.7775,-6.1496,10.404,-3.6153,2.9095,-8.9826,-0.43443,-1.4196,-3.4423,0.87526,-2.7994,-1.5287,1.3188,-0.073455,0.56898,-0.22103,0.10784,-0.036127,0.0077082,5.0208e-15,1.2985e-13
417.63,-130.48,111.99,-212.35,27.544,-57.768,-12.612,33.349,39.264,-25.108,17.06,38.392,-17.035,19.008,-2.6633,-6.2123,-7.034,0.25256,5.1209,-13.397,-2.4601,-7.2147,1.7539,3.3727,1.47,4.6691,2.3116,-1.6567,-8.9509,-19.318,-7.2026,5.3674,-7.652,-2.924,8.192,6.7038,9.08,-11.149,1.9313,-3.0911,4.372,-1.3237,-0.41772,-6.9504,-1.3431,-2.5145,-0.11749,-0.61438,-0.14713,-0.009685,0.12502,-0.047848,0.0087498,-2.4344e-14,-8.0921e-14
297.84,30.04,127.02,-122.19,-93.806,17.992,-55.288,7.6956,12.558,-12.234,-13.863,14.329,29.668,-17.489,-5.7689,-10.541,25.177,3.6215,13.488,2.5075,5.7129,-13.835,-3.8328,1.4046,12.17,3.1097,-6.3731,-0.65473,-8.6822,4.0358,-1.8425,5.0218,-3.4091,-5.3003,-2.3704,-1.7672,2.2718,0.15375,-2.4393,4.2824,-1.9369,1.1776,3.2114,2.2587,3.5019,-0.55239,1.2551,0.20175,0.10525,-0.2914,0.066983,0.078792,0.09083,2.8298e-14,-5.9665e-17
368.33,-158.75,377.78,-111.02,-71.762,-32.099,-8.2043,-33.533,4.9364,14.238,-80.867,-8.2156,57.234,-27.306,-3.8768,45.284,5.1356,-13.638,-25.38,-8.1762,15.525,-8.9724,-2.2639,14.451,-19.444,6.5755,11.043,-1.9182,2.458,-2.4064,0.9322,12.472,7.6936,5.1433,5.9055,-0.74117,-4.4754,-1.2813,4.1599,-0.1048,-2.3424,0.36451,4.8991,-2.2977,1.9937,-4.0568,0.22089,-0.35671,0.53344,0.020038,-0.040469,-0.038536,-0.0072955,2.3676e-15,1.8179e-14
165.17,-181.18,264.76,-171.12,2.8981,-88.704,-39.86,8.6446,-7.4223,-5.6726,25.999,35.54,27.111,11.384,-8.3783,-5.9807,24.214,-5.3723,8.5532,6.0321,9.9776,-0.52144,-7.707,-3.2359,0.037904,-1.6693,3.7393,0.90174,-1.624,2.7301,-3.3098,1.85,1.289,-7.6193,-0.54739,2.2764,0.89968,-1.0708,-0.34532,1.4747,3.4727,-4.0163,0.73358,2.0153,3.7163,2.0372,1.1988,-0.23511,0.33253,0.059862,0.15764,0.0070795,-0.10328,-9.1346e-15,8.2312e-15
254.12,-9.0842,53.528,-41.719,-53.982,34.55,-5.6717,19.239,6.2243,-15.498,-23.707,47.556,25.398,20.865,-10.147,-4.1809,-3.2393,0.12182,17.153,-1.3767,-5.6951,-11.882,-12.907,7.4788,7.2066,-10.655,-0.23592,-2.2899,-2.2425,-6.7331,-8.5219,-6.3617,-10.203,3.5042,-8.6694,-5.4181,-2.1488,4.3287,-3.1547,-0.13325,2.5486,1.2704,3.7875,4.0252,-2.8707,-0.41366,0.15812,0.02111,-0.25772,0.041071,-0.087103,-0.010127,0.021927,3.2144e-15,1.4103e-14
299.62,-73.845,178.78,-88.259,12.862,-3.1515,-33.074,8.5323,51.929,-15.548,27.48,37.388,-12.563,-25.349,-16.081,-14.264,18.769,1.7344,-10.374,-11.081,-9.6422,-9.9153,-3.5961,-4.3632,-27.415,-13.712,-1.5868,7.2085,-6.1514,-0.33985,-4.6541,-2.4896,-3.3282,-7.9841,-0.17742,-11.189,-4.938,1.0812,5.5354,0.48311,2.6729,-0.069699,1.2383,0.37304,1.2338,-0.69267,-2.7278,0.61933,-0.15088,0.15302,-0.12206,-0.0071108,0.014454,-2.0524e-14,-7.8011e-15
502.83,-23.165,285.57,-142.28,15.976,6.4049,-67.403,30.018,-7.1471,-0.49946,-34.699,26.634,-31.942,0.30865,24.455,21.966,-8.5889,-10.513,-18.836,-0.73973,-18.335,-4.8887,-13.234,-35.963,-0.32572,-32.153,-6.118,-7.7422,-0.51116,3.0045,17.672,8.0271,2.1967,14.838,7.141,-7.4925,-1.131,3.5348,0.83187,5.203,0.19676,-1.1053,-2.4597,-0.40954,-0.082841,-0.20576,0.17289,-0.61369,0.23032,0.037876,-0.092959,0.027212,0.0016092,2.2127e-14,1.3517e-14
-444.83,8.7593,-141.11,-55.732,-24.944,-41.843,13.478,22.884,14.645,21.697,-6.0779,-3.8623,1.3243,9.6037,13.29,-5.1822,-3.3917,-9.1578,-5.461,7.0373,-10.224,-11.101,3.6843,10.426,-3.7977,-0.37206,-5.1978,4.3519,1.4205,-2.8258,2.0754,4.2678,5.1429,-7.8857,2.7706,1.3653,-6.8349,-3.1374,-4.736,-4.7818,0.56497,-0.18252,4.9135,0.9698,-1.796,0.77351,0.26316,-0.69782,0.0050112,-0.1452,0.066455,-0.020556,0.023787,-6.4165e-15,2.3947e-14
-466.08,-3.9263,-128.96,-46.101,9.1933,-65.325,-2.8264,9.1021,-13.446,-1.871,6.9896,2.2869,-5.6157,4.1899,-5.1942,-7.9425,-1.4886,7.1014,4.4459,-2.9021,-4.5147,-2.218,-1.6737,-3.0815,-0.89227,-6.4279,-1.8531,-3.0053,-4.7112,-3.8229,-0.50941,13.489,3.4084,4.8804,1.4304,-0.22299,-4.421,-1.5966,-3.1704,0.23042,-6.4049,-1.3636,0.31026,0.21179,-0.052473,-1.2057,-0.063331,-0.25049,0.092696,0.12659,-0.14961,0.051904,-0.015676,-1.349e-14,3.9329e-14
-276.45,47.045,-81.86,-45.762,-7.9214,-43.137,-3.3775,2.3115,22.353,-1.6515,12.74,-4.7001,11.318,-6.866,1.9899,-7.2479,3.8125,-2.3327,-7.1576,-7.586,4.5351,-1.7376,-0.42684,3.4666,-3.6741,4.1963,3.6273,10.577,9.8999,-7.8208,-1.2071,-1.2536,-1.0646,-1.321,1.5872,-5.6669,-0.5243,-0.93142,0.88287,-0.38435,-3.1152,-1.4125,-2.3271,-2.0366,-0.090259,0.062812,0.040674,0.28382,-0.097277,-0.16791,0.084421,-0.019553,-0.0019517,-3.2825e-15,-1.1054e-14
-417.76,59.518,-92.266,-75.866,-33.801,-36.124,36.304,-21.017,30.147,-4.6482,8.8943,-1.3489,12.534,-12.438,-0.023664,-8.6974,6.5802,-1.7005,-0.39867,-4.7959,3.2758,1.9441,-5.8866,2.622,-3.3877,-3.9699,4.4485,11.768,0.021612,-1.4954,7.2315,-0.30432,1.1269,0.55118,-9.6956,3.2647,0.89004,-1.7448,0.33809,-1.2094,0.6881,-2.7477,-1.0845,1.1077,1.1133,-2.3363,1.0543,0.15648,0.035667,0.26886,0.098498,-0.020683,0.0020726,-1.1154e-14,-2.6402e-14
-378.87,77.653,-124.59,-49.859,-39.433,-32.956,-11.901,14.29,5.6261,5.6322,6.1048,2.4647,4.9422,-3.3103,2.519,-14.507,7.5807,8.797,-5.3149,2.7661,-3.2681,-4.3176,-3.8151,2.5274,1.9234,-0.97052,-3.2343,0.43258,-2.4094,-3.4155,-1.2628,0.33043,1.6116,1.0423,-5.6467,2.501,-5.3758,-0.4617,3.5594,-3.5736,-1.1785,-0.79835,-0.2898,0.50398,2.5022,-2.1898,0.26684,0.0026938,0.13663,-0.12986,0.20642,-0.0039871,-0.0092371,1.6257e-14,-6.5828e-16
-378.39,15.434,-83.8,-96.12,-34.253,-37.34,5.4945,-2.6497,-11.085,-5.8027,7.1328,17.117,2.8525,1.1456,-0.57848,-2.0743,-0.074242,-1.815,-0.070517,-9.7799,0.7354,-0.52837,-2.6211,-3.1382,2.4922,-0.98851,-6.4599,1.1406,-0.7033,5.4736,-3.7373,-3.8211,-3.0627,-4.8694,-4.0908,-5.3267,1.1927,0.42231,0.30985,1.545,-1.0927,0.09547,0.79407,-1.8239,-2.0674,-0.9822,0.18718,-0.17033,-0.001891,0.23833,-0.10822,-0.050865,0.012102,-5.7912e-15,7.762e-17
-340.66,11.625,-74.295,-58.864,10.204,-33.19,6.9536,30.848,-3.8096,-9.5807,4.5541,-7.1808,-0.14294,-17.906,0.099147,-5.0048,-3.9161,2.9644,7.7824,-3.4716,-8.953,-2.5142,-3.6436,-4.1549,2.1704,2.5598,-8.4321,0.15977,8.172,-7.3104,1.8943,-0.90231,-1.7102,-1.6091,-1.3291,-3.4023,-2.973,0.29659,-3.588,-0.092204,-0.6484,-0.094155,0.11569,-0.71352,-0.56132,-0.92276,-0.15543,-0.29897,-0.13827,-0.037962,0.045519,-0.013304,0.012394,3.4306e-15,1.6895e-14
-310.89,84.311,-137.32,-51.618,-13.627,-26.405,-24.614,7.8738,-13.983,-5.9397,16.189,-8.739,-3.9748,-0.638,5.0151,-6.7022,2.8736,4.8912,-2.7418,-0.68743,2.0112,1.6475,0.27712,0.48692,2.3228,0.034763,2.0959,0.2755,1.7661,-3.2595,-5.0902,5.2849,2.3781,3.5225,2.788,-0.78475,-1.2524,-0.42785,-2.5165,2.1326,-3.6776,0.33672,-0.7386,-1.565,-0.47272,-0.88802,0.55822,-0.24752,-0.056853,-0.0156,0.11763,-0.011917,0.0087132,-9.4329e-15,-2.8531e-14
-325.49,188.13,-139.73,-43.319,-42.656,-18.085,-17.034,6.5731,8.4847,-2.3563,-4.764,4.6163,2.8599,-8.1768,11.183,1.3163,-6.1283,-1.9552,9.1115,1.5389,-3.3566,3.1063,1.3689,-1.1343,1.2237,4.4175,3.6205,-3.4943,-0.11492,0.13035,-0.46405,2.0776,1.5342,2.7822,-4.5856,2.2661,-0.46921,-1.088,-6.6804,0.15965,-2.1754,5.328,2.2869,0.35984,2.8437,-1.4255,0.053201,-0.37961,0.073103,-0.010703,0.14903,-0.010525,-0.012472,-2.3243e-14,-4.7118e-14
-430.14,12.084,-139.03,-72.964,-17.342,-41.054,-1.3776,8.51,14.27,22.59,-4.9315,16.228,9.0847,4.7338,33.453,9.4347,4.6753,-19.452,15.207,7.973,-8.4241,-3.7521,13.805,-11.48,-3.1579,5.4853,-0.8983,3.4859,-1.8062,5.7782,2.5058,-1.0609,-7.6875,3.1765,2.7349,-0.19712,2.034,2.3151,6.768,1.4674,-6.6303,1.8438,-1.8715,-0.40155,-0.51489,0.26882,-0.30393,0.46393,0.050538,-0.25587,0.090552,0.021101,-0.012969,-3.0436e-14,-3.0646e-15
-276.11,51.718,-61.191,-93.72,-41.577,-3.2476,-9.9038,33.371,6.919,1.3444,-1.2226,19.549,1.4408,16.116,10.475,14.122,-22.452,-10.602,5.6599,-3.8072,1.9543,1.5667,11.839,-9.5449,-4.5069,7.2026,-4.262,-1.5444,2.288,2.8778,-0.36895,7.0902,5.2185,0.74411,-4.275,-1.4233,-6.7387,0.72244,5.3139,0.27192,-4.0268,0.44652,0.71025,-0.22046,-2.1446,-1.32,0.47674,-0.18126,-0.010085,0.040974,0.071093,-0.017655,0.0087678,4.5238e-15,2.132e-14
-404.28,95.658,-152.8,-67.432,-25.315,-7.7514,7.8566,25.219,-22.479,-0.14115,-5.6506,12.893,-4.2036,-17.041,0.61114,2.8977,0.77382,-12.746,2.7004,3.9431,2.7047,-8.915,8.4996,9.4948,0.33333,3.9297,6.2401,-3.5625,-0.95453,6.7009,-2.6268,0.63299,0.31436,-2.6371,3.0205,-0.51357,-0.49241,-4.3258,-0.15783,4.103,1.7688,-1.9156,0.19379,0.073894,-2.2692,1.1547,-0.49124,-0.11016,0.097817,-0.070845,-0.05822,-0.029639,0.022879,2.7204e-14,1.466e-14
-454.8,36.417,-117,-76.027,-34.957,-32.832,3.6985,-0.80546,10.711,2.7469,1.0104,9.14,5.2501,-12.431,-5.3367,9.6684,-8.5915,-4.1237,9.2314,-1.1698,4.8148,1.4991,4.6723,1.4981,3.4007,7.8602,1.1505,-8.279,3.4207,4.7382,4.8618,-1.3182,0.22028,1.4365,-4.2866,-0.96163,3.5742,0.9804,-3.3501,2.9936,0.49489,-0.47136,0.4889,-0.38133,0.12561,1.1565,1.5158,-0.38541,0.074333,0.31583,0.016546,-0.0057455,-0.011197,8.2843e-15,4.0116e-14
-375.69,-70.864,-166.92,-109.25,-92.069,9.6798,-9.0734,15.482,1.9787,-3.3475,-12.238,7.1045,-3.1255,-8.7965,4.335,5.4964,1.1074,-2.625,12.441,-1.4961,4.9386,-3.6583,0.81395,-3.8336,0.7282,5.4341,5.0382,-12.82,-7.2576,-0.89806,-6.5646,2.9579,-2.0476,3.4849,2.3402,-0.041062,2.7863,5.092,-1.2134,0.78784,-4.5429,-1.4805,-0.80902,-2.139,-0.74773,2.5845,-0.51863,-0.030729,-0.1261,-0.10722,0.092059,-0.0033971,0.0055412,3.5607e-14,3.6452e-14
-426.88,47.973,-130.09,-71.939,-17.342,-16.98,5.1289,2.0487,5.5061,-2.6127,7.0934,10.489,4.9626,-0.19298,2.4475,-7.5786,1.0073,-0.43038,7.8088,-1.6753,4.1828,0.37687,-5.3502,1.3371,0.80444,-0.319,-0.66544,1.8194,-0.74485,-0.45694,-6.8797,-2.7975,-1.821,1.2246,-5.5387,-2.7368,0.016434,0.14985,-5.0305,2.8093,-3.8514,-1.0579,0.28953,0.56855,1.5818,-3.314,0.59439,0.075603,0.24375,0.20611,-0.079615,0.013022,-0.021534,-5.6038e-15,5.5044e-15
-419.5,-26.84,-53.152,-103.19,-17.52,-41.701,8.4898,-3.8424,11.01,-11.733,-5.8893,5.5168,2.7523,-4.9019,11.21,-11.476,7.8779,-4.9808,5.3047,-5.1544,1.981,1.4987,-9.9781,-5.2791,5.4261,-9.7543,5.815,5.9526,3.1023,-1.8795,-0.67189,-2.6974,-0.46224,0.6409,4.0566,-0.024466,0.47646,-3.3843,-0.37108,-1.7651,1.0211,-2.2219,-2.222,-2.4107,-2.3261,1.313,-0.92657,-0.43527,0.14178,0.044879,0.018196,-0.025841,0.016974,4.0732e-15,2.1085e-14
-495.52,-2.4656,-155.67,-78.177,-59.725,-54.933,34.998,-1.5379,37.278,11.993,-3.143,2.8206,-2.356,-19.088,-3.0888,-18.553,9.4489,-14.228,3.1915,1.72,-0.56409,-10.393,-2.6405,12.499,-5.2184,5.5601,6.5064,-5.2913,7.5841,2.1608,4.0325,-6.739,-1.85,6.0945,2.0933,6.9301,1.0998,-1.6618,-4.6396,1.2905,4.9418,-4.4326,-1.3726,1.4461,-1.2415,-0.36119,1.0763,0.14486,0.03007,0.0050892,0.074414,0.024331,-0.015417,1.7192e-14,9.7269e-15
-494.26,-14.555,-158.94,-108.93,-62.083,-20.55,9.1471,5.9358,-1.6899,-2.6314,-3.0008,16.745,7.2872,0.84224,-2.2886,9.4822,-5.4801,0.15745,11.969,-4.337,1.6928,-6.1526,-3.0469,-3.4967,4.3348,-2.6559,-3.668,3.4558,0.13718,-0.072552,-0.86355,2.471,2.89,-1.0803,-1.0902,1.3817,-0.12235,1.4659,3.4817,-2.4091,-3.7792,-1.166,1.7157,-0.89891,-1.5636,1.5991,-0.36956,-0.32455,-0.075406,-0.055027,0.055797,-0.05128,-0.0025152,2.4485e-15,-6.2074e-15
-464.84,-39.219,-110.69,-49.525,-13.322,-22.384,13.784,-7.9961,10.146,-6.8817,3.5168,5.6434,-2.4108,0.17205,11.166,-2.5553,2.5157,3.0926,14.19,-3.8652,4.1092,-0.7088,-0.16464,-6.7557,0.059936,3.8114,-0.46137,1.9877,-0.53666,-4.7385,-8.7992,-4.268,-2.9003,3.8525,2.4918,-0.44158,-3.2208,-2.0431,-0.22071,-2.8334,0.75501,1.989,-2.5447,0.77414,1.4657,-1.2602,0.97352,0.054339,-0.21598,0.0045646,-0.024185,-0.0085443,-0.023828,-1.6791e-14,3.7385e-15
212.77,-239.58,303.25,303.96,35.876,6.6018,-34.052,7.1956,22.89,12.797,25.961,-9.4406,-34.679,-0.9185,11.191,7.537,-2.208,7.0282,-6.0297,-14.761,-7.6563,-3.6679,-1.2028,16.937,20.024,-6.3642,10.765,-11.736,-8.5844,-0.47165,0.45399,8.5915,-13.757,-6.8983,-7.0345,9.7864,-0.43435,-5.2155,4.3318,-2.2966,-4.5606,3.7298,1.3723,1.646,-1.292,4.7903,3.8859,-0.16516,0.067753,-0.12615,-0.25907,0.016635,-0.024719,2.0814e-14,6.4334e-15
2.689,-156.32,321.75,238.42,-87.623,-56.559,-32.339,-6.1086,-1.5518,13.131,42.124,-27.102,-6.2897,10.984,-3.9566,30.564,-7.3856,-6.8124,-5.1056,27.102,32.204,-10.627,-26.693,-9.6692,6.517,-1.0156,13.79,-5.9436,-20.765,-4.1363,8.032,-12.834,2.6424,-0.093265,-1.4309,2.6891,-7.0551,2.0294,0.52441,-3.6413,1.9127,1.0579,-2.1415,-0.38212,-0.57595,-3.2076,-3.6929,-0.47997,-0.097821,0.021703,-0.0036357,0.0086754,0.014929,5.0317e-15,-6.2182e-15
-516.81,34.129,-173.8,-77.135,-110.33,-61.844,-0.42755,14.153,-6.9715,-1.2027,-8.6289,-9.1628,-11.966,2.9688,15.757,5.6932,-9.9885,10.18,8.3255,4.4902,-3.4195,-0.43085,-2.5971,-3.1219,-6.3099,3.9991,8.8803,-10.802,-1.547,-4.0896,-4.8422,1.547,-1.3451,4.9643,2.1653,1.3157,-0.17529,-0.22734,3.978,-1.9348,4.1223,1.4296,-1.9134,1.7053,2.1696,2.2215,0.051897,-0.34339,0.32653,-0.16532,-0.55289,0.048952,0.025767,1.7295e-14,-1.7236e-14
-153.43,-57.016,-16.15,248.63,15.333,-47.696,-4.7879,40.09,41.584,-8.6281,-11.53,3.3823,-5.2763,-15.464,36.716,-1.6813,6.5303,9.5072,20.813,15.677,-1.2426,-9.2485,-9.662,-4.1887,12.204,2.9687,-0.56688,-1.9781,2.0071,3.543,-5.2026,3.5216,29.268,-18.972,-1.4816,5.4669,-3.8311,0.46002,1.6186,16.698,1.4967,1.4853,-4.0688,0.013433,2.0953,0.38589,-0.058818,0.31517,0.18719,-0.044144,-0.064478,-0.012213,0.013494,-1.6747e-14,1.2618e-14
-7.0165,-172.14,119.43,389.51,55.284,-38.857,-29.369,-9.8519,32.217,5.554,32.698,-1.8157,0.53893,-2.7116,14.588,-2.6054,18.89,6.8437,10.539,-13.609,13.775,-7.8958,19.015,8.9426,-19.281,11.177,-11.319,-0.73794,19.945,1.6206,-8.3117,2.4061,2.3602,7.3764,-0.70062,-1.0725,-1.1087,-0.0068705,8.6748,-3.927,3.713,0.025558,0.56438,0.96545,-1.9261,-0.63357,-0.10867,0.12735,-0.25257,0.11675,-0.085669,-0.021957,0.012868,-1.2482e-14,7.4377e-15
-176.85,-191.23,134.52,369.8,17.089,50.345,-15.869,0.98416,-1.0637,32.021,-19.377,-5.6708,9.9759,-7.6629,-22.571,7.4844,-6.5055,-7.6041,16.239,2.7627,5.1855,-2.1164,-0.17142,-6.5234,-2.2715,2.0673,-15.658,-5.2241,-15.693,7.6952,-0.14159,-5.0005,1.1083,-5.8208,0.63982,4.3802,-0.23671,-1.4822,2.5204,0.30609,3.4924,0.18081,-1.9404,-4.2546,-2.2771,-0.53915,-2.7306,-0.05477,-0.065689,0.10037,-0.013715,-0.0049992,-0.0065046,-1.8579e-14,-1.3704e-15
-213.38,-94.505,32.042,131.63,1.6465,3.6055,-2.2022,-9.6699,15.543,15.555,0.45295,10.997,-27.33,-13.074,1.9131,11.722,-1.886,-1.1209,19.882,12.774,35.532,9.1112,-8.9401,1.0046,-5.0483,1.2566,-10.853,2.7122,6.1382,3.2889,4.0897,3.9669,-6.3817,-8.6756,-4.3372,-2.9989,4.3256,-3.0797,-1.5583,-7.1253,0.1491,-3.8892,-5.1708,2.2818,-0.048851,0.092862,-0.45915,0.23816,-0.14991,-0.10942,-0.17879,0.00050101,-0.0071794,5.0318e-15,3.2731e-14
-318.27,-150.6,-49.353,201.89,-33.545,-10.007,12.823,-29.236,-26.466,-18.279,-0.33547,-9.614,-10.766,4.3433,1.5099,8.7106,5.6886,8.8218,-5.6437,-4.3592,13.785,-1.2616,-9.2891,4.5271,-6.6113,-0.1805,10.319,15.942,-0.13774,-10.439,1.4414,9.8492,-3.4203,-1.659,-1.9338,-5.773,1.7586,4.2504,1.8277,4.7891,2.1651,-0.043119,0.26719,0.041805,0.17364,0.25467,3.2388,-0.027444,-0.07412,-0.013351,-0.020949,-0.027575,0.007938,-2.0427e-14,2.0512e-14
-357.08,-94.409,-104.5,104.5,2.9931,-12.948,-7.1148,22.621,1.7195,18.659,-4.4556,13.108,18.334,4.1754,-11.8,18.488,-13.848,-13.027,-12.864,-6.645,5.5914,-3.3721,1.5672,2.209,-6.3359,6.1829,-3.216,6.0109,0.60604,0.84441,-12.633,0.82131,0.12791,3.625,-2.8588,-0.8787,1.052,0.78754,0.91587,0.76382,-4.1364,-1.5155,3.7774,1.8641,1.6775,1.9963,-2.7434,0.2893,-0.0092418,-0.17731,-0.082802,-0.032876,-0.011309,-2.0719e-15,-8.1282e-15
-422.59,14.5,-109.44,-4.8064,-4.7038,-49.758,6.3549,15.654,-1.8713,2.9055,7.588,6.4966,4.2343,-4.247,-7.6915,5.0773,3.0923,-1.038,5.6803,-5.4799,0.16932,0.16849,-3.1401,-3.5918,-3.3877,-5.5992,0.058053,1.1691,-8.6635,-2.0769,0.111,7.3182,0.83196,-2.21,1.6954,3.1883,-3.9365,-2.7759,2.5481,-1.3089,-1.5205,-0.92894,3.8027,1.5781,1.1484,-0.70874,-1.2914,-0.33386,0.0023192,-0.0086731,-0.0088695,0.0033463,-0.037822,-7.1353e-15,3.2994e-15
-290.52,-169.17,-136.26,121.91,-78.182,-13.22,-0.11406,2.9134,23.585,6.256,12.146,-1.2344,8.9524,-17.289,-16.596,9.8184,-2.8568,-17.464,-12.172,-0.57522,0.78634,-3.7319,-10.249,-14.155,-0.26528,-2.1566,-0.77238,5.8734,-7.4832,-6.958,3.6402,-10.956,-3.6107,1.2821,3.6623,-1.6162,0.021165,-1.1944,-1.6486,1.3574,-3.5616,-0.7542,0.48907,-2.2503,2.3828,7.2026,3.0868,0.47668,-0.063421,0.0062356,0.099848,-0.025259,0.015673,-1.0931e-15,-1.8532e-14
-256.36,-101.4,64.443,332.24,-134.63,36.91,24.45,-6.7567,24.413,-1.4936,-9.6918,-18.301,11.151,-10.005,-12.766,-1.1707,-17.559,-19.241,0.25013,-9.7005,-7.2309,8.4344,6.2993,7.3012,-3.0357,-13.289,11.055,2.4646,-6.1744,5.183,3.0012,6.8337,-6.8278,-2.2913,-1.0663,-0.48994,4.3707,0.79916,-2.7932,-0.77604,2.8924,-0.42882,-4.0834,-4.529,-1.2425,0.82466,6.1534,-0.15909,0.0070281,0.25435,-0.0071262,-0.0095207,0.023012,-2.5002e-14,-2.5304e-15
-378.48,-67.819,-75.28,105.21,-19.243,14.53,16.848,-12.422,35.225,-2.9934,-13.541,15.972,13.137,-10.955,7.9601,-2.7561,-1.3538,-7.0837,30.703,-2.7691,-1.2982,4.229,1.3117,-0.45006,1.9613,-16.168,8.7268,-1.4362,-4.2708,-6.4743,-10.388,0.24081,3.857,-4.7799,-1.4193,-5.8433,0.15069,-2.0063,-2.2377,2.7801,-2.2514,0.98504,-3.1902,0.80696,3.1986,1.6517,-0.15131,0.20681,0.024196,0.14025,0.040972,-0.008766,-0.005924,2.652e-15,-6.4741e-16
-202.61,-192.31,-52.19,300.23,-30.551,22.068,-15.129,-4.8326,-26.595,-13.592,9.9056,-10.947,3.4142,1.6625,-16.661,8.1438,3.5972,-2.6594,-23.233,-16.228,3.6318,-14.137,10.403,-5.8638,-16.713,1.5314,2.0549,0.94952,16.672,-5.2238,-26.527,5.3489,1.4485,8.2822,-1.2976,3.838,1.5481,2.1406,1.6286,3.1422,-0.098507,-1.5042,0.69259,-2.97,-0.93506,-1.9643,-0.868,0.64482,0.17141,-0.10598,-0.12094,0.023182,0.025434,-3.6344e-14,-4.3662e-15
-352.06,-41.171,-89.364,80.904,-1.6773,-49.994,10.492,28.99,5.913,-10.377,11.966,0.30742,-2.1925,-15.417,4.1814,-8.7874,6.8181,-6.4268,-5.7826,11.014,8.0875,-9.3029,-6.2278,-8.8826,-5.4018,-1.3109,-14.608,-2.8653,-7.1665,-5.0267,-1.9311,-6.8229,-2.0087,-4.3973,1.9488,-2.8692,-5.1423,-2.2992,1.5184,-2.6432,1.5954,1.3848,3.1229,0.98403,-0.13053,-1.7913,2.5393,0.056339,-0.082973,-0.12681,0.032564,-0.0061028,0.0080964,-6.6478e-16,-1.3553e-14
-351.93,8.7576,-132.81,30.639,6.6481,-37.956,-11.927,12.187,24.857,3.9408,4.7435,-3.2685,19.122,-6.9666,1.7421,-1.5835,-1.9152,-9.038,4.1841,-0.58868,-2.6978,1.1947,-4.2737,6.0686,-3.2657,0.060039,-6.032,-2.2285,-7.9911,0.067715,-2.1278,5.501,0.79072,1.4783,-0.70281,-0.44953,-1.6755,-2.8175,-0.17253,-2.6078,-6.4713,0.24603,1.7783,-1.0416,-0.25639,2.3999,-0.64226,-0.12443,0.038937,-0.19081,0.18229,-0.015447,-0.010437,-2.6101e-14,8.4841e-14
-361.57,-96.777,-39.657,291.2,-58.933,11.477,31.576,-17.532,24.121,-0.60796,-2.9812,-7.8373,-5.6735,-2.5523,-4.063,3.0372,-9.2115,3.7989,3.6816,5.7631,2.6385,-1.316,-2.3021,2.7913,6.8077,1.7256,-7.1597,0.34856,-7.5328,-2.8229,10.461,2.2077,-4.7059,0.84221,0.86349,-4.8255,-1.2507,-1.1896,3.1485,-2.0099,-1.9058,1.948,4.929,-3.2848,0.52695,1.033,-3.7724,-0.30336,0.13945,0.18069,0.013996,0.0010141,-0.0049592,-2.3613e-14,7.3105e-15
-378.59,-67.715,-94.882,176.69,-35.665,15.954,4.1823,-2.7037,-16.501,12.01,3.5008,-3.4007,3.1481,-1.6924,-14.434,-0.25494,-2.578,-3.486,-15.485,-3.3002,-4.4042,-4.1439,-6.139,-9.2765,-3.0549,-5.4018,-7.2045,-2.3538,-4.7316,-8.1795,-2.3532,-6.5924,-2.0307,0.13762,-1.3665,-0.31486,-3.0771,-0.13868,1.744,1.3519,0.28283,0.78633,3.7336,-1.417,0.79814,-1.5346,2.7886,0.073197,-0.14904,-0.16004,0.031278,0.025986,-0.013304,-5.1552e-16,-1.7558e-14
-369.15,-79.401,-91.957,177.96,12.399,-15.937,7.1241,-19.15,-10.13,-9.194,-11.918,-7.1429,-2.6568,1.9698,19.918,6.5927,-3.3974,-6.3317,-3.2035,4.0088,-10.378,9.3169,0.32145,-11.934,-0.22674,-6.3623,3.4199,-19.189,-2.971,5.4242,11.432,4.7706,-7.8726,2.1275,0.02873,-5.0749,3.0992,1.4842,1.2092,8.0538,-2.7681,1.398,-1.2336,-1.7904,-0.79586,-2.3966,-1.6616,0.059542,-0.10016,-0.062679,0.16943,-0.014374,0.011965,-2.0637e-14,-4.2893e-14
-330.15,-72.417,-119.73,123.46,-21.606,-19.317,-0.30297,-6.0618,-3.8107,-4.3256,-6.5995,-3.28,-4.6645,-6.2692,-1.0184,13.925,-5.4131,0.51471,-7.4828,3.51,4.5602,-0.50595,-3.5185,5.4061,-12.174,-0.3473,1.5348,-18.074,-11.155,-2.9828,5.5774,3.2304,0.98262,-0.80455,1.815,1.4375,-5.7607,-3.0353,0.38647,-2.0725,-3.6901,-2.7936,2.0506,1.7064,3.4443,-0.20448,1.3427,0.022986,-0.22392,0.014358,-0.010931,0.0066851,0.0028375,6.4364e-15,3.2787e-17
-256.9,-133.3,-154.92,165.98,-1.072,-26.844,31.188,-7.9184,-2.0675,43.829,-15.583,7.305,-8.5727,6.738,11.558,-11.922,3.5416,5.2051,2.8882,10.215,16.881,3.4446,-11.415,-14.494,-8.023,-2.4348,-12.835,-2.0455,-5.6445,5.0216,11.395,5.9825,-7.3193,0.92383,-1.4939,-2.9119,5.9324,-0.42585,0.49418,2.5508,-0.51604,0.6636,-1.531,0.44227,-0.40487,-2.7581,0.10241,0.43628,-0.047613,-0.30889,0.12438,0.031637,-0.0019625,-6.3237e-15,3.2558e-14
-353.94,-35.912,-171.23,40.53,-26.971,-18.454,1.1418,6.1954,-0.62106,-10.711,-2.6916,-5.1007,5.1339,7.4106,5.1708,5.4016,-7.7141,4.0031,1.6806,1.7355,0.83984,-1.7353,-4.0396,5.9548,-1.6005,-4.8715,-10.094,-5.7147,1.8761,-4.5338,0.30375,5.5721,0.23048,0.57407,1.924,-4.2544,2.0082,0.78586,0.97402,-0.11255,0.68644,1.6265,0.63599,-1.0701,-2.3355,1.044,-0.054587,-0.46152,-0.081785,-0.11485,0.059973,0.00028881,0.0076689,-2.4797e-14,-6.4356e-14
-315.75,-95.707,-147.85,54.109,-53.738,-7.4297,41.024,-14.978,-0.47108,-19.919,-7.9805,-8.0586,-6.2822,3.9143,-12.39,-0.29681,-10.841,4.2641,-4.9061,-9.8783,-3.5604,-10.133,-1.0418,-1.3612,2.4855,4.4018,-3.1779,-9.5868,-0.35086,0.50751,2.2921,2.5395,-0.75232,1.923,1.2897,-2.2622,2.0081,0.0028513,-0.46124,-0.89423,-0.93213,5.2602,-0.46943,0.20952,1.9756,0.18883,-0.030102,-0.12525,-0.16358,0.020852,-0.022721,0.0083029,-0.021061,-1.4053e-14,5.6228e-14
-340.19,-36.202,-138.92,115.84,15.32,-31.589,0.87931,12.411,8.1978,-5.9953,4.8161,-0.14043,-3.4565,7.7042,-15.167,7.2829,-3.5032,6.2355,8.5587,1.638,4.4037,-6.441,-5.3014,-1.3195,0.0011392,-4.6459,-6.1443,-1.6211,-0.32082,-0.81526,4.6511,-2.2175,-0.048532,0.98552,1.2627,-4.7634,2.5896,-2.6223,1.1985,-0.51252,0.18989,-0.11589,2.3096,-2.6351,-0.92905,2.6417,-2.2464,-0.47749,0.38666,0.46389,0.076199,0.0060376,0.0064618,-1.4729e-15,1.585e-14
-407.81,-50.149,-76.501,190.12,10.212,-14.408,6.9403,-15.148,-10.695,-13.892,-9.8181,7.9946,-9.3913,-2.1353,-5.1635,-5.6032,9.259,18.935,0.75162,-10.708,-8.1327,-17.031,1.4366,5.1932,6.5686,-0.37223,-4.166,-9.5035,1.0188,4.4843,-1.3131,4.9933,-5.0662,-0.61622,-3.3073,-1.8798,1.5691,3.6423,-0.48371,0.29331,-3.2112,-1.0482,0.67921,0.96761,0.92584,-2.5067,-0.78322,0.022207,0.099254,-0.020029,-0.043666,-0.0012762,-0.017559,3.9645e-16,-8.3715e-15
-352.51,-203.47,-51.592,215.79,-9.6208,-12.986,-0.21471,3.6437,-8.9661,-5.0227,-17.56,-8.2829,2.5653,5.5309,-3.6126,7.6365,-1.1278,-0.60988,-16.309,-10.344,-10.36,-14.166,1.193,-11.308,-0.92896,6.5171,-1.2168,-7.7069,8.8253,-6.6266,-1.3527,3.5715,1.945,-8.251,0.99132,-1.5645,-3.975,1.9755,-17.46,-13.232,2.8832,-4.5931,-1.2393,4.2852,0.7369,-0.87967,-2.2328,-0.69722,0.074839,-0.042013,0.079614,0.0014948,-0.0065612,1.4471e-14,-7.4729e-15
-27.501,-61.944,357.5,-61.158,131.17,50.066,7.5465,-39.439,8.1124,-7.4969,21.576,-20.35,-1.6985,-1.9512,-7.5535,8.2902,-1.1588,-10.646,-2.9343,-7.7035,-11.97,0.45374,-16.977,-7.2155,12.995,12.26,2.7475,1.7277,4.6419,-11.106,-7.1596,18.55,-8.7824,-2.3879,-0.15198,4.9352,-6.1303,1.8849,-1.102,6.87,0.075529,1.5046,0.52045,-2.0142,-2.2461,-0.074417,-0.47026,0.22805,0.23792,0.16817,0.0064662,-0.023963,-0.0018218,-1.938e-14,2.6395e-14
-149.92,-73.265,140.86,69.237,234.44,77.49,-40.795,9.6494,-17.588,-4.2264,33.917,-22.775,-8.2556,13.414,-21.822,-4.4208,0.6676,5.5041,-1.2876,8.8778,-30.769,2.0309,-27.251,-0.42386,-10.945,15.026,6.9979,-2.8377,-5.2793,6.1347,-2.4963,-14.414,-0.13967,-1.3846,-4.6782,-3.122,-1.7191,0.80252,4.1111,-1.1337,-6.3914,0.66123,1.2178,-0.33268,-1.2232,-3.5335,2.1574,0.10405,0.15104,-0.19292,0.022554,-0.0032977,-0.0095969,1.5326e-14,-2.3738e-14
-170.96,6.773,88.181,-42.873,92.871,78.193,30.174,16.292,-5.4923,-8.18,4.8278,-8.7941,4.4361,36.627,-16.343,-13.702,-25.068,-9.5327,7.7932,-4.973,0.43483,0.41885,-12.195,2.5638,-5.5519,-15.488,-5.0483,-8.2799,12.176,-2.3071,14.416,-1.062,2.6325,2.1813,0.086799,-0.97218,-1.099,-1.3499,0.90529,0.34484,-1.2558,-3.2707,2.7166,-0.79535,0.74976,0.68113,-0.42342,-0.60806,-0.057452,0.038557,-0.00084731,-0.042646,0.011071,-1.3126e-14,4.4967e-16
-311.99,-55.59,73.699,-97.357,104.88,62.978,4.4832,-19.338,5.8177,12.479,16.839,-15.991,-9.6409,-11.119,-12.431,2.5157,5.3059,-2.0153,4.9942,10.085,-11.905,-7.0139,-14.509,-2.1804,3.9328,2.6017,-1.7053,4.4359,3.4082,15.394,-6.8314,-1.0797,1.057,-0.9131,5.477,-0.15049,3.4607,3.2799,-2.1302,-6.1957,-2.5462,-3.7172,-3.6739,-0.9931,0.46105,0.13748,-1.0781,-0.21384,-0.18025,-0.03677,-0.20847,-0.033384,-0.0049021,2.4905e-14,-8.2178e-14
-347.25,13.053,-33.35,-50.809,66.569,115.28,50.296,-45.815,-1.5345,-6.2491,16.596,-21.637,5.4459,4.879,-0.084706,-20.96,8.6974,5.1586,-5.1398,0.71469,-2.5106,4.3429,-5.7803,-7.0959,4.3543,6.7642,-7.5196,2.5508,-2.1132,-0.62104,-2.1282,-0.45255,8.105,-1.6573,1.3142,2.8874,0.51824,-0.49141,3.3662,2.502,1.9661,-0.45865,-2.2691,-2.7124,-0.87741,-0.30464,0.2213,0.21335,0.16371,-0.0833,0.092252,-0.017489,-0.0092234,1.4598e-15,9.4772e-15
-433.4,-0.64408,-40.621,-52.288,86.102,72.307,14.422,-19.296,-0.88462,-4.2856,8.124,-23.746,7.7879,-2.2895,-12.344,-14.35,9.553,6.6955,10.055,5.3547,-12.515,-4.2118,-12.375,-4.8521,-12.016,4.1379,-6.6438,3.1435,-2.5182,3.2364,-4.226,9.5537,1.8035,0.13415,3.211,5.8484,-3.3035,3.7968,2.9671,-2.0514,1.108,-1.3394,1.1549,2.2715,1.2623,2.0424,-0.36664,0.34289,-0.084429,0.072632,0.084293,-0.022236,0.0074174,-2.8825e-14,2.1606e-14
-277.95,-4.217,140.23,-118.53,84.267,91.234,10.909,-9.7813,6.398,-4.9145,-14.593,-10.119,-1.3918,-5.33,-18.341,0.57514,-2.3627,3.1069,6.9784,4.5479,-5.4712,-2.2323,-14.667,-1.464,-28.067,20.732,1.5114,-5.297,4.7649,8.2396,-5.846,2.1369,3.2981,4.4475,4.7735,4.3055,-2.8567,0.2316,-4.3406,2.5396,0.44426,14.432,-3.4981,-1.3301,3.2193,3.2179,0.33592,0.56967,-0.040762,-0.12369,0.12553,0.012276,-0.0069022,1.5479e-14,-2.1438e-16
-293.05,-46.09,79.026,-128.13,51.962,51.052,16.835,-14.83,2.0579,14.37,1.5445,-24.623,0.94925,-5.4464,-2.1465,-10.696,0.6881,-0.61664,-13.062,-3.6628,16.561,1.3326,9.3012,-6.1486,16.037,-9.5824,-6.5468,-2.2293,-3.151,-9.0995,-0.15472,4.6355,0.29442,0.0039873,1.2486,3.1995,1.3652,-3.2808,-2.6403,-0.016367,-1.1706,-0.034878,-3.5212,2.5142,-2.6674,-0.27133,1.0272,-0.0086941,-0.051838,-0.11075,-0.084437,-0.039066,0.0020706,3.5177e-15,-5.9827e-15
-403.81,1.5013,4.0957,-97.1,87.217,63.24,20.27,-20.324,-1.3281,4.5933,22.992,-16.223,-9.8578,5.9383,11.481,-12.43,8.1671,12.547,-11.58,-5.8157,6.0748,-0.52645,5.2703,-3.7872,-4.8288,1.1434,-10.068,0.93863,-7.4076,-3.2812,-0.35711,1.2375,7.1391,2.936,-0.74697,-0.83135,-3.6454,1.3446,2.1054,1.7396,1.084,0.62026,-1.6305,2.3988,0.21762,-0.019088,1.7677,-0.063019,-0.036881,-0.083538,-0.041637,0.00061198,-0.00069877,7.5982e-15,1.4541e-15
-452.02,-55.764,-120.71,-23.856,155.46,51.04,-5.3576,-3.5744,-23.793,2.071,-10.366,19.267,-18.237,-16.174,-15.574,6.2624,7.341,-4.9985,11.987,5.2494,-7.7419,-8.3918,6.9472,12.772,-4.9238,1.0049,7.5461,-16.562,11.283,-0.85501,8.9138,-6.5639,7.5317,-4.3895,1.1164,2.6699,0.23357,-3.0608,2.0169,5.3306,2.8731,-2.5711,-0.075655,1.8647,-0.16171,1.7878,-0.86058,-0.25825,-0.16845,0.068522,-0.18058,-0.030427,0.0070656,5.2337e-14,1.2804e-14
-426.57,-59.348,-84.067,-52.851,144.96,40.874,38.954,-28.082,-24.099,-5.8243,-13.085,-12.128,-11.707,4.0634,0.54115,-14.114,7.338,-13.785,-18.199,7.627,10.902,6.4,20.189,17.142,8.0128,2.4431,2.5911,-18.35,1.3669,-1.4634,3.131,-0.70408,-0.061022,-1.554,2.9086,2.7913,-0.84562,2.8459,1.8141,1.6911,-1.0619,-2.6515,0.33391,2.3936,-1.3723,-0.9648,1.1938,-0.21293,-0.093187,0.14955,-0.21699,-0.031634,0.0085259,3.2188e-14,4.3605e-14
-481.95,9.4448,-108.92,-53.272,20.759,88.417,44.31,-30.986,8.7295,3.4851,7.1405,-10.601,1.1602,-6.3135,-6.6292,-12.044,1.7094,16.261,-6.464,6.0415,6.5151,1.9459,12.419,-4.8083,8.1395,-6.6737,-0.51179,4.6532,-3.5996,1.927,1.9197,5.1329,2.7084,0.51301,2.6701,-1.894,3.9511,-1.7315,0.63097,-2.0775,-0.86906,-0.67029,-0.58652,-1.064,-0.55853,-0.1196,-0.11399,-0.16075,0.070427,-0.048393,0.052608,-0.0091517,-0.0071793,1.1744e-14,-2.0257e-15
-121.03,-80.21,236.42,-177.36,186.72,-7.7556,3.2497,-36.375,-5.508,-6.1222,17.827,-40.854,-12.034,-8.5717,-15.145,-5.4611,-1.6187,7.3161,13.371,-5.5761,-6.6756,4.1697,-4.6205,-7.0968,-7.1441,-6.2723,8.9844,-1.1028,-0.43195,12.688,-4.5838,6.8565,0.76968,-2.0282,-2.7824,-1.8713,5.2995,-2.0544,-3.2051,0.4092,-4.6011,-3.3421,-2.5113,-1.9107,1.5131,-1.345,-0.6395,-0.40232,-0.0073219,0.26462,-0.16077,-0.033256,-0.0082932,-1.4015e-14,1.2583e-14
-243.51,-77.018,245.74,-159.06,39.959,41.141,47.666,-21.304,-3.3762,13.66,-7.6572,-25.429,4.7591,22.22,-2.4045,-1.2111,-3.1054,-8.0024,8.8077,5.9419,-13.835,-21.411,-0.69465,-7.2878,-10.079,13.437,-0.36105,12.956,-4.6429,5.9553,9.6048,6.7435,-0.0541,-5.8034,-8.3551,2.161,0.14353,-2.9177,-1.3578,-0.67132,5.1996,-0.51257,3.2738,-2.6032,-3.19,0.56673,-0.50693,-0.56921,0.02085,0.059272,0.060952,-0.02229,0.025164,-1.9752e-14,3.2527e-14
-462.15,-34.642,-53.443,-40.549,85.895,110.83,8.0221,-17.818,8.441,-12.486,-12.373,21.221,-8.5657,5.6602,32.749,7.5471,10.094,-3.3413,36.595,16.262,-7.7429,4.7401,-19.675,-3.516,-25.707,4.5718,19.549,-9.3163,-2.3353,-5.2838,-17.376,-12.182,-13.184,11.293,1.0393,0.58989,2.2788,-3.9985,-1.4622,-2.7859,7.7004,-2.7021,3.059,0.51283,1.9831,-0.12455,0.25694,0.43465,-0.20767,0.15798,0.010502,0.018786,0.0007988,1.666e-14,4.1725e-14
-311.86,-32.434,147.43,-144.53,103.83,76.354,33.245,-6.9309,21.55,-0.53584,12.622,-17.794,13.471,22.526,6.8027,-11.426,-2.139,7.019,-12.474,-3.213,26.775,-6.3392,25.721,1.9491,4.1605,2.0001,-12.273,0.76691,-5.5805,-0.053282,0.81224,0.50996,4.15,5.8384,-3.3376,-3.5999,-4.9653,3.0877,0.13829,2.1539,-2.3552,-0.45169,-4.4982,-0.89193,1.5433,0.59767,1.1453,-0.11418,0.16163,0.022453,0.019367,-0.01615,-0.0037043,9.4664e-15,-4.2378e-14
-337.5,-14.937,64.385,-108.07,135.38,97.851,6.3569,0.48968,15.095,5.6819,-41.632,-9.4601,3.073,22.555,59.739,-11.145,13.284,-11.542,9.0267,10.177,19.688,-13.29,20.954,-15.839,13.68,-11.736,13.337,3.4194,-6.9505,-6.4656,-6.2487,-4.0588,-10.997,9.6835,-3.5883,1.2865,-7.2002,-5.7937,0.94245,-1.0637,1.8205,2.6104,3.7509,0.65956,1.2126,-1.1273,-0.39665,-0.3548,-0.15944,-0.0084306,0.018713,-0.033304,0.0068466,-4.9947e-15,-7.4298e-16
-416.41,-46.627,96.597,-171.51,62.784,117.98,33.636,-31.741,18.585,1.3493,39.558,23.528,18.833,7.0438,12.148,21.866,-2.4148,-6.4518,-8.2236,-9.4295,1.1507,2.6131,5.3167,-3.7947,0.16556,-9.5695,-9.5543,-3.512,4.3502,-6.2099,3.229,-0.33267,3.3355,-4.5995,-7.2667,-0.87814,-1.5026,1.3552,2.6178,-0.28739,2.2982,0.24932,0.38553,5.3305,-1.9697,0.16856,-0.67846,0.0884,0.12487,0.0088319,-0.11433,-0.064394,-0.019712,3.5946e-15,-9.24e-15
652.16,-352.8,-64.221,-203.52,-76.683,-51.502,73.845,-64.313,47.94,13.802,61.578,5.9812,-19.992,-1.702,6.3062,24.765,-9.1412,27.102,-9.8237,-12.03,-14.937,-0.4339,12.161,-11.263,-0.94491,5.3525,-0.3219,-7.2395,7.3225,1.3788,-0.67252,4.0657,-10.644,-8.2131,-1.4234,10.565,-2.6902,-1.7058,-2.5676,5.0592,1.8323,-0.49873,-0.59556,2.2637,7.2573,-1.5467,-0.055711,0.72049,-0.10984,-0.26021,0.086423,0.081927,0.010937,2.7359e-14,3.4542e-14
404.76,-189.05,78.145,-101.06,80.574,-85.937,51.631,-32.933,38.754,56.105,25.988,-9.6564,0.90575,-1.5763,-21.468,-9.1964,-10.877,20.668,11.307,-6.5311,5.3095,-6.4295,23.353,-19.014,-12.536,-2.6949,-7.4074,-9.7968,10.246,8.4021,-2.9187,4.9349,-0.92878,-2.9052,5.7283,-8.0161,3.7483,-3.2093,5.4895,-1.9647,2.3973,0.55933,2.1861,-0.7297,1.4597,-1.5134,0.74059,-0.13966,-0.062543,-0.27162,-0.048933,-0.0026131,0.0020144,-5.2073e-15,3.4703e-15
801.95,-257.93,147.86,-273.67,-28.472,-80.628,44.48,-20.04,33.493,-26.747,-22.367,-36.834,33.048,18.066,-6.8243,-14.524,-11.379,-30.145,2.9863,5.8134,13.786,9.0944,-11.256,2.8281,8.1156,12.525,-18.057,-6.1375,-3.8747,-10.906,1.8867,4.1365,2.3608,3.0708,-14.954,-0.13582,9.4372,-2.5427,3.2071,-3.246,-1.9627,-0.80429,0.67255,-3.538,2.219,3.7294,-1.1342,-0.43634,-0.10541,-0.0012385,-0.1724,0.076209,0.035721,-4.8597e-15,-6.1826e-16
823.03,102.04,-196.47,-83.929,-89.064,64.492,-8.4089,-38.893,-11.325,-32.184,-4.8848,-16.603,31.976,-1.2036,-6.284,4.7163,-2.5717,16.637,-4.6475,11.409,-3.1334,1.9061,7.2196,0.54122,-2.0702,-9.1313,2.7557,-3.0551,1.589,11.327,-7.52,-6.0818,-2.8876,-7.1857,5.6198,0.89724,-0.41475,-1.1587,0.81235,1.3018,-3.3659,0.14576,4.6501,1.6165,0.78058,3.6959,-0.037529,0.517,-0.18778,0.21065,0.064018,0.0038233,0.0087154,-7.2859e-15,1.3225e-14
914.05,-211.48,61.472,27.642,85.702,-6.3674,197.42,199.75,-78.927,7.6351,36.311,9.0436,52.442,-69.895,35.932,-9.737,-37.34,6.216,-2.3854,11.285,-6.0645,-5.8613,-3.209,0.78727,-4.1218,-4.062,9.9324,-6.5604,1.0743,-6.2635,-1.902,1.7548,-2.237,-1.9135,-2.4719,0.078972,0.44023,2.7857,2.9494,-4.0459,-0.18853,3.049,-0.85825,-0.93402,-1.0497,0.14158,-0.42556,0.18645,0.12739,0.16946,-0.061004,-0.0074535,-0.0060653,-2.0177e-15,8.3373e-15
616.39,-496.41,-291.45,45.563,230.36,-26.171,-100.29,42.044,17.387,-34.24,-31.219,-24.466,27.13,18.736,55.796,7.6103,33.267,-13.152,-11.298,7.4745,5.7059,-12.423,7.1636,-47.815,1.3731,11.027,11.264,4.0773,13.435,8.4749,8.0513,0.94563,-7.0147,-3.9501,-0.48389,3.4859,5.0191,2.9364,-0.498,-2.7198,-0.74005,0.26364,-5.049,0.62586,-0.097413,1.4415,-0.31438,-0.0038906,0.071594,0.097242,-0.06832,-0.016176,-0.024351,-4.0354e-14,1.3368e-14
438.65,-24.064,7.2161,-40.07,68.972,-73.603,4.8151,-18.784,46.428,-4.86,18.952,-13.042,35.349,-1.8111,-11.232,-9.3092,-7.4317,-0.73791,1.5784,18.541,-19.459,15.814,7.2399,10.963,6.8177,-5.5838,11.565,-8.2837,-7.192,17.17,1.7937,-6.9248,2.3993,3.3363,-0.62763,-0.1397,1.3244,-0.091255,-1.1703,-1.2799,-0.79519,2.0849,0.31946,1.3409,-3.6628,-3.7523,0.12715,-0.52142,-0.059203,0.046697,0.046284,0.012658,0.011703,2.4763e-14,2.0309e-15
531.96,31.147,-127.17,49.268,88.902,25.648,-70.582,37.178,24.849,-25.137,3.6356,-11.828,10.634,-4.5492,-27.181,-25.246,1.6405,5.0944,10.633,11.123,-1.6822,-10.061,12.746,3.2411,8.9457,-7.5992,-6.3937,-10.98,-5.7075,-3.2597,-5.6583,1.8927,4.8815,5.4097,3.7104,-2.8606,3.0665,1.19,2.9238,-1.3145,2.0534,2.6102,0.19577,1.6046,0.26404,-0.8376,0.57883,-0.40984,-0.12233,-0.0135,-0.056216,0.002439,-0.0021179,-7.0847e-16,1.2735e-14
847.11,-236.98,-210.71,3.5025,57.007,19.666,-15.67,-25.786,-29.672,9.5216,10.262,-3.1089,6.3934,-8.4933,-42.32,-14.535,11.426,0.32607,7.726,0.72034,11.877,1.166,1.4339,-19.08,-2.8581,-0.89392,7.6665,4.1333,-11.863,-9.1254,-1.1617,4.3639,6.3027,4.5361,-5.1564,3.4754,9.6615,-3.5262,-3.7576,-0.278,-7.9405,-1.1283,-0.13183,4.1381,-4.3321,2.1854,-2.1692,0.59468,-0.1563,-0.22082,-0.046307,0.010156,0.00099751,-6.0255e-15,-1.2914e-14
974.28,-281.26,188.71,7.766,-18.496,-44.809,94.047,-57.337,2.1337,50.332,-51.827,-12.853,11.311,39.016,15.811,-12.157,-9.2047,35.739,39.525,-14.542,-2.1688,-3.5617,-13.766,11.065,6.7185,-2.4537,18.38,2.1162,-5.5065,-8.1115,-3.6128,-2.7071,7.2406,0.67092,8.9859,-8.7241,-2.5737,-4.0671,0.71947,1.9745,-3.1621,0.42403,-3.0366,6.4714,-2.9825,-0.24584,-0.17951,0.00064274,-0.33925,-0.055948,-0.010518,-0.036177,0.0030342,-1.335e-14,1.1066e-14
965.51,-72.354,-288.72,-46.402,0.46382,28.876,-15.083,-0.4483,-0.57889,74.82,15.719,21.126,13.221,2.8518,14.977,-4.6564,11.393,4.8721,-21.736,-3.9765,0.30129,8.2513,-11.621,1.2816,-1.4729,14.255,-15.793,-4.3441,1.1622,-5.3283,-5.6394,-1.2838,-3.2444,-1.224,7.2061,1.5805,1.8267,-3.2078,-0.39043,-1.018,-2.4405,1.473,0.91833,4.0584,0.16826,0.63525,0.83646,0.93919,0.68376,1.1382,-0.12201,-0.0014832,0.016373,-2.3628e-14,-1.0818e-14
473.67,-253.07,-325.05,14.996,-17.95,30.307,-15.403,8.4737,6.2561,-33.378,19.524,5.9894,1.6747,4.8486,-23.535,-6.2927,4.0584,-0.7849,9.0467,4.6561,1.5059,4.341,-2.2231,4.1736,-9.1486,0.8695,6.7515,12.018,-12.407,-12.35,14.236,2.6013,9.6247,13.65,-6.28,5.548,3.9127,6.2609,-3.3453,5.4558,6.8755,-1.9759,-2.135,0.59576,4.2756,-2.3161,-0.34893,-0.33887,0.036681,0.21894,-0.083419,-0.0011132,0.0018539,-8.3918e-15,1.4536e-14
588.27,-205.24,-241.66,76.668,105.54,-1.9896,-30.304,-16.866,-37.545,-10.408,-8.0883,-2.3014,24.937,-2.3652,-28.432,-7.87,6.364,-6.3227,9.5028,1.2325,2.92,19.171,12.201,1.4242,-2.4935,-0.95909,5.1072,4.3305,-3.9597,3.6763,-4.7733,-1.391,-1.1971,-0.7741,2.6126,-2.8183,-4.6055,2.4058,0.4825,4.2173,0.21902,-0.24882,1.3536,-3.0544,-0.10691,-1.0512,-0.39571,-0.35363,-0.39078,0.022617,-0.1478,-0.043382,0.0085318,-1.9498e-14,2.4255e-14
499.72,-294.16,-254.5,33.724,167.37,-44.71,11.195,-30.004,46.827,23.701,-2.4894,-1.851,21.965,-12.474,18.131,24.252,-1.1141,2.4438,-37.761,6.5027,-19.803,20.112,-7.1818,26.884,3.5379,-9.126,-16.464,-2.9716,-4.2281,-0.30395,3.0797,-13.467,-3.6632,10.489,-2.223,4.369,0.45552,4.5241,-5.6293,4.9294,6.2788,2.3807,-0.27359,-3.826,-0.19181,2.2891,-2.4249,0.023795,-0.21213,-0.29276,-0.1258,-0.087965,-0.03081,1.9288e-15,1.6923e-14
764.89,-73.47,-239.3,-22.892,-46.065,36.54,-1.6968,-12.057,-18.278,3.6101,5.0087,-7.4141,0.79679,29.914,25.838,14.106,-3.3935,45.399,-13.705,-9.4997,-3.4448,-9.9361,8.8409,11.835,-14.654,-5.5512,11.247,4.4607,-7.8645,7.9704,6.7526,6.2742,-0.11272,-9.9251,5.7778,-6.2319,4.2496,3.1968,-9.2027,-1.4387,1.2602,0.3157,0.3822,-6.1355,-0.0021291,2.2445,0.17398,-1.2267,-0.24736,-0.11643,-0.054326,-0.0061762,0.016446,1.1501e-14,9.3915e-15
1120.1,-232.01,-170.36,18.974,-4.1591,62.591,-54.471,23.693,-30.993,57.961,-25.824,14.751,-26.089,-22.921,-24.049,-30.282,10.14,-1.3655,30.524,-9.847,-2.0991,27.504,-0.026057,3.7678,3.7677,5.5806,-0.79371,5.4313,7.7646,-0.57512,9.8792,11.847,-5.3846,1.8788,-3.0249,2.4134,-14.782,0.14335,3.1599,-4.2562,-1.1071,-2.2126,-2.1653,-0.32428,1.9808,-3.4521,-0.42704,-0.22168,-0.17347,-0.18669,0.063462,-0.026761,0.014341,-6.3399e-16,1.9894e-15
583.95,-105.44,-107.13,-55.457,67.605,-33.937,-16.496,21.76,32.362,-25.325,-29.757,-19.197,-4.9276,-0.28712,-8.8926,38.293,18.265,38.956,-6.0889,26.851,-4.6637,8.6686,9.0614,14.423,-8.2638,-11.925,-11.17,-6.2297,4.0779,-1.8548,-3.9986,6.6564,0.67992,4.9806,-5.6454,2.4697,-2.7738,-9.0543,0.26113,-1.2955,0.52079,-0.2498,-2.9043,2.3659,-4.4071,-1.4517,0.95076,0.10051,-0.23578,0.065323,0.23187,0.033411,-0.0078127,-1.302e-15,4.5959e-15
747.91,-426.4,-88.537,-66.843,-22.624,-23.573,3.5842,-11.509,-54.763,30.424,44.043,12.187,-44.935,29.291,1.2463,4.2092,27.466,-70.047,2.5061,53.064,-15.879,-33.554,14.055,25.726,1.9491,-5.2074,-1.0482,5.3535,-5.4288,0.33046,-8.4019,3.6076,4.9988,0.42019,-0.69346,-8.4307,-3.8312,-3.0623,1.1734,-0.60295,-2.161,-0.40975,-2.004,-0.073854,4.5142,2.6802,1.0049,0.18293,-0.073722,0.058678,0.019361,0.0080652,0.0058246,-1.9725e-14,-9.3948e-15
778.6,-174.85,-198.08,-82.99,-17.582,-24.322,19.51,-55.346,9.127,-52.727,24.191,-2.6338,-24.894,-12.338,-27.075,10.943,-10.161,-6.2764,2.2567,6.8283,-0.55226,5.083,-7.8298,-18.875,23.688,14.973,-7.9881,1.1378,4.308,-12.277,-4.2216,-0.10213,-5.9377,-0.89938,7.4861,-7.5524,-6.9973,6.0994,2.1932,3.5641,7.1585,2.9301,2.4329,-1.7283,1.2471,0.73154,-0.41545,-0.21747,0.21895,-0.10909,-0.032647,-0.033135,-0.024967,9.9145e-15,1.1237e-14
823.95,-274.08,-506.9,-34.781,-97.32,78.069,31.262,-31.571,9.1004,-60.109,9.9567,8.0908,-1.6813,17.891,-4.9908,23.306,-10.115,21.452,11.436,20.095,28.347,-0.68221,-8.0799,13.337,3.899,3.8738,-0.16786,7.1588,10.701,10.468,6.888,-5.4797,-2.9299,-1.4931,0.89053,2.3753,-5.3526,1.8753,3.9044,-2.2323,-3.3525,-1.2619,1.2413,-3.4455,-3.5894,-3.056,2.4573,-0.068452,0.64646,-0.1971,0.13249,-0.033761,-0.0023476,5.8549e-15,-2.1291e-14
718.93,-170.26,-219.62,186.64,146.54,18.852,39.117,57.592,71.018,9.8032,-78.856,24.214,-49.907,19.562,2.5207,-32.884,-38.737,-23.862,-28.147,0.23961,-14.656,8.3418,-4.0521,-20.708,-0.12434,9.8789,8.5752,11.823,4.3212,3.2498,-1.5541,-5.0118,14.294,-8.1303,-6.1114,0.87205,0.34657,-3.0537,-0.66439,-1.2603,0.52277,-1.3182,6.4417,0.58554,-1.3262,-0.56,2.2565,-0.14227,-0.12964,-0.070122,-0.026823,0.015855,-0.0077297,3.1782e-14,-1.5007e-14
-131.33,-37.754,-119.71,11.64,-131.76,35.339,-10.406,23.216,-10.961,6.3926,-9.8951,-3.1363,10.335,1.3856,0.21804,-1.6109,-9.8037,-5.782,7.3303,-17.045,-12.715,8.6273,4.795,6.9811,-2.4873,-2.3152,3.5483,4.2336,4.1496,-0.56418,4.2217,0.31763,2.8981,-1.9715,4.2691,0.052715,0.2583,-2.2385,2.2082,0.16055,0.056507,-1.5157,-0.62311,-1.6065,0.30568,0.6439,-1.9232,-0.48876,0.0073341,-0.041685,0.059734,0.030298,-0.045403,-8.9945e-15,-5.6044e-15
120.64,-4.0129,-26.739,46.342,-178.97,62.177,-40.003,22.429,-7.5082,1.2972,13.325,-21.157,-5.9902,-2.4775,7.9641,-8.3121,2.9132,6.2583,4.8247,-13.476,-0.20023,-2.8197,11.519,1.9804,2.2894,6.6988,-0.14208,0.21105,1.6067,3.3452,1.3745,-5.1265,-0.037423,2.5419,1.3981,-0.59486,0.51302,0.058148,0.33692,1.0325,-1.1805,0.76578,-1.2669,-1.7076,1.196,-0.45794,0.59486,-0.18583,-0.12808,0.18838,-0.069824,-0.032572,0.030215,-1.5882e-14,-6.2092e-15
-51.394,38.716,73.133,-67.305,-142.29,0.094744,-0.97464,4.6405,-12.97,6.4767,27.014,-0.83873,0.86006,9.7776,9.9193,3.8237,-6.7076,-22.884,0.57693,-15.333,3.8504,22.717,14.462,-7.1979,-11.535,8.5618,-4.8669,-3.7786,-7.0035,7.0343,1.0092,-14.471,-0.027594,-4.5612,-4.9549,-5.7099,-1.4482,-0.23817,-0.76344,2.3357,2.9829,0.98154,-2.4682,4.3869,-0.90524,-0.66809,-0.97098,0.013541,0.37837,-0.26803,0.035328,0.018312,0.031298,-9.7749e-15,-1.7591e-14
174.25,-100.57,-34.474,-97.073,-239.74,33.361,-38.109,39.568,-11.807,7.6013,-8.9097,-16.472,6.2315,-1.5922,-1.299,-12.509,4.3192,3.2652,5.7103,-2.5762,-3.1082,-0.69401,-1.9992,-0.40115,-0.77687,5.1782,-5.4473,-1.3759,1.7606,-3.1872,1.042,-0.3675,-5.1223,-2.842,0.26484,2.5029,-0.28315,-0.87337,-0.95858,3.306,-0.77437,1.6659,-0.63159,-2.8527,-1.8338,0.25021,-0.1558,0.16814,-0.27073,-0.075338,0.023425,-0.011146,-0.062971,-2.6839e-14,2.3282e-15
41.181,-1.8844,-60.806,-51.428,-153.74,34.759,-29.166,27.557,-8.9583,-0.44789,7.3158,-19.806,0.55085,5.6802,1.4623,-3.1262,-3.447,3.9438,-0.17481,-3.2649,-8.5447,-6.1986,-11.785,1.9574,11.641,7.2605,1.1254,-1.1042,1.0917,4.7767,-2.2268,-0.92133,1.1629,0.81913,8.9556,-1.2655,2.8715,-0.99161,1.0906,-0.81631,-0.23222,-1.1807,2.7409,-0.60608,6.7413,-1.6503,-0.29735,-0.56528,0.017444,-0.067922,-0.0066378,0.035256,0.032854,3.859e-15,-2.2488e-15
14.404,-188.75,114.52,-31.966,-205.24,9.7197,-6.06,15.963,13.095,5.4866,50.598,-10.7,-3.3667,14.009,10.012,7.913,-3.0103,3.0527,-2.9089,5.9468,1.3692,2.8711,-1.7923,0.99585,-3.2712,3.8983,14.587,-3.8104,9.3657,-1.3237,2.9881,-1.0207,5.7856,6.7733,-1.6574,0.48492,1.6733,-0.19465,0.19525,2.4478,-4.9078,4.5685,2.8889,9.0196,-10.875,-0.96471,-0.61541,0.32131,0.00071439,-0.013116,0.08562,0.036325,-0.034395,-1.581e-14,-4.5436e-15
24.959,-8.6267,65.876,51,-180.95,15.916,-12.191,7.8312,-7.8561,32.1,23.376,-10.501,8.9845,-0.2867,-1.4584,-4.081,2.7313,-3.4317,-7.4181,2.9179,-5.8056,13.824,4.0524,-6.4117,-3.4952,7.407,10.594,-0.24689,-0.1504,-0.063551,-0.89138,-5.6736,-2.7331,-3.7368,1.7982,1.1296,1.3467,-1.8513,-0.42249,3.3755,1.9589,2.2074,1.3811,4.1287,-1.4179,-1.2874,-1.9118,0.47867,-0.022366,-0.15036,0.026337,-0.058013,0.051961,-1.0731e-14,3.9748e-15
68.331,-190.35,255.57,-4.8915,-185.92,15.659,-15.696,-6.8187,-21.59,0.71896,-9.9138,-41.877,18.043,-5.4865,-10.606,13.485,-7.447,-13.676,2.6137,-1.4486,9.2058,3.8412,-0.19564,-9.6014,0.76274,-8.9503,-0.13886,-2.2008,7.5012,-0.85204,3.3911,-9.4727,2.2199,-0.0086239,3.8424,-1.5771,4.9251,-2.3596,-4.699,3.3589,-0.025342,-2.3056,3.6745,6.5159,2.7092,-1.5809,3.7759,-0.061118,-0.16233,0.023858,-0.17363,-0.047056,-0.030713,-1.7502e-14,-1.4582e-14
239.87,36.906,66.52,51.923,-190.54,66.823,-44.952,23.446,13.053,-7.814,15.012,-13.58,-18.984,2.6681,29.199,2.7802,-2.5094,2.0023,7.5499,11.177,11.13,9.3033,-0.54023,5.7989,-3.953,6.8703,6.3394,0.92319,8.9942,5.1028,5.4533,3.8407,1.5521,-2.1688,0.028284,-6.0312,2.435,1.8653,-4.4944,-1.0363,1.4999,2.056,7.1564,1.73,0.072694,3.1817,-0.63871,-0.64457,0.11864,-0.10585,0.059132,-0.026402,0.021345,-4.1344e-15,1.0047e-15
-14.343,-20.061,-143.93,-0.15988,-181.39,46.405,-23.711,26.982,9.6627,1.0318,14.565,-18.618,-5.588,-5.592,1.2414,-1.8975,-5.1313,1.5202,-5.8312,-0.71814,-3.3907,-3.076,-5.375,4.8066,12.845,3.1616,6.6084,1.0441,-2.1586,4.1401,-0.88334,-2.4881,1.3284,6.491,1.7794,3.9031,2.6641,0.11523,-1.9623,0.59371,-1.7667,1.3175,0.094393,-0.37411,-1.1206,-2.491,-0.67795,-0.25482,-0.10468,-0.028177,-0.05565,0.028939,-0.043402,-7.0989e-16,-9.4907e-15
-29.18,-19.61,34.282,172.03,-99.933,63.945,8.8496,77.434,-10.107,-22.395,-3.2661,-22.343,-4.7113,-4.1801,-10.321,8.9159,18.532,14.655,1.2224,-9.6835,-15.028,-6.4726,8.9063,2.6359,26.529,2.1612,1.825,-1.9647,3.6907,0.84286,-4.4722,0.78489,-0.8807,3.8505,-1.4824,-3.0295,5.7191,-6.0671,0.62906,0.66683,5.1384,-0.33431,-0.76612,2.5203,5.4715,-1.5279,-1.5079,-0.2666,0.28544,0.10567,0.038598,-0.042448,-0.0058187,-1.4646e-14,-5.4251e-15
214.24,-23.597,195.09,-177.1,-151.09,-2.9422,-32.591,11.059,3.7977,-22.104,-5.7943,-27.938,-20.35,-12.179,10.671,-1.0078,-2.1716,-0.38134,-1.1556,-14.24,1.5749,2.2836,-1.6983,2.2364,-15.709,-0.78735,-9.0816,3.2661,2.4665,4.9074,1.7446,-9.1464,-3.5696,-1.3987,-0.76347,-0.11415,-0.53743,-1.7091,-1.0118,3.8069,0.52662,-1.4569,0.46136,0.41004,1.7006,0.94179,-0.32186,0.037641,0.082889,-0.1052,-0.03745,-0.057237,0.019754,-1.7589e-14,3.2081e-15
26.491,21.231,220.32,-36.708,-125.75,8.8237,-8.9391,26.165,3.8257,6.3528,-42.401,-31.802,-19.82,-10.839,-20.242,-16.067,-10.414,-11.231,-6.6092,7.4565,-11.764,-18.827,11.194,4.36,-0.068151,-4.8964,-10.917,6.0589,8.6068,3.2235,-2.3676,-5.6386,-8.5724,0.10065,3.1483,-1.2521,-0.2462,-4.9649,-1.6497,2.506,1.6633,-0.6751,-2.4211,0.013712,-3.1728,-0.30836,-1.0396,0.52417,0.029243,-0.11919,0.066465,-0.00094114,-0.066817,1.732e-15,3.7166e-14
261.35,-94.479,132.77,-110.55,-175.38,30.558,-15.612,56.612,16.92,-10.204,12.403,-14.615,-43.803,16.769,2.4905,-21.054,-13.172,3.9064,-4.6916,-11.959,14.612,-4.5389,4.6066,6.0069,-5.2745,3.3154,-1.8401,1.9041,-2.3941,3.1033,8.7539,-6.8764,-2.5763,3.9471,-0.34802,1.0935,-7.5496,1.2273,2.0285,-0.40552,0.30227,-0.35439,-5.3937,-1.4975,-0.66176,4.2299,-1.4775,-0.12553,0.17796,0.24951,0.06869,-0.0086895,0.0057345,2.0221e-14,2.4465e-14
61.876,-17.674,67.078,-81.098,-155.2,53.764,-11.552,13.292,-24.1,70.197,0.14666,9.66,2.271,-9.4127,-3.8236,-1.3086,-1.5719,-14.427,-9.2543,-3.0198,13.764,10.052,-3.8286,-9.1629,13.015,3.7197,2.2314,4.7454,-1.5882,12.472,-8.6017,-0.66165,3.0976,3.5633,-1.5166,-3.905,-0.24039,4.0972,-2.01,-2.5895,2.5125,-2.5786,-2.258,-0.75186,4.6038,0.32756,0.88621,-0.18662,-0.21348,-0.22028,-0.089299,-0.0039358,-0.019024,2.2729e-14,5.278e-15
-24.092,-66.463,38.101,-33.466,-165.68,15.774,43.967,-30.208,-10.368,-5.0086,-32.455,-4.9934,-29.522,-8.1173,8.5362,0.04269,-13.438,-4.5379,-7.4072,6.9601,-2.4467,22.823,-7.9712,0.59799,10.838,1.5231,4.9295,5.5761,-0.63361,-9.1177,-14.706,-6.2706,9.6674,1.513,-3.924,0.8182,2.1797,-4.5223,2.3987,-1.0631,0.43111,-3.1247,-0.62073,-1.9905,3.1469,-0.71721,-2.5598,-0.027576,0.040072,0.10339,0.12755,0.00010826,-0.035666,-1.4766e-14,-8.7479e-15
190.41,269.31,-78.324,108.65,98.293,-36.15,21.079,11.393,15.621,19.352,-21.633,-8.4687,1.1485,15.7,-11.231,-31.686,-18.79,-5.357,-9.5149,-10.348,5.8928,-6.806,-3.3392,8.2085,6.208,17.409,-6.0456,-10.223,12.262,0.3733,5.3282,-5.9146,-5.9306,4.8296,5.4892,-7.4685,-0.64336,0.79338,-0.84461,1.5531,-2.1599,-1.0224,-1.5366,-1.8583,0.42722,0.97088,-0.20967,-0.10631,0.21187,0.19241,-0.15815,0.052994,-0.0081358,1.0643e-14,-1.0729e-14
166.16,482.37,-78.869,51.423,25.026,-50.778,-12.32,-28.955,7.8492,-2.9669,22.491,0.26888,-1.3153,-3.2222,5.7892,-5.4318,-8.8649,10.666,-2.4191,-2.658,0.95765,-7.955,-0.95617,-5.0549,-2.9958,-3.3593,4.5659,1.1429,-4.6939,3.4202,-1.3715,-0.33399,1.9089,-0.48661,7.187,-2.7156,5.7935,1.0962,1.4189,-0.79823,6.3592,1.6448,-1.6839,1.3954,-4.2791,3.4444,-1.5654,-0.29645,-0.04142,-0.15633,0.076033,-0.021937,-0.006129,1.8027e-14,-1.5938e-14
268.1,129.13,7.1182,58.196,41.419,-56.486,-3.0768,-39.7,-6.2749,17.735,41.537,-4.5322,-0.39392,2.8398,9.9063,1.3223,1.9025,8.1058,3.0312,-16.308,5.5763,-5.1851,5.2689,-7.5324,-11.403,-4.5511,-3.1512,-5.7828,-7.6075,7.9755,10.353,-14.57,5.6737,10.253,-9.4864,8.7116,-4.7691,-3.2748,-3.2748,2.3927,-6.5849,-2.2362,4.077,-3.5559,2.6489,1.5282,-0.791,-0.36895,-0.1115,0.086486,-0.063694,0.0074326,0.014588,-1.8329e-14,6.4875e-15
344.4,538.48,68.122,121.22,26.562,-42.575,-3.5038,-65.665,47.888,5.0825,35.167,-12.725,31.571,-26.583,8.4769,-4.0997,-5.4279,-24.915,9.7273,-4.1161,-1.3399,8.3407,-4.4252,-4.3085,11.649,2.3449,14.819,4.0869,-3.0749,-1.5943,3.7497,7.0969,0.69711,-0.72209,9.9969,-8.4464,-9.0169,2.472,0.80518,-0.99845,3.6202,1.9648,0.12073,-1.3263,1.2817,-2.672,1.2778,-0.44852,-0.16099,0.087872,-0.0073544,0.037612,-0.038935,2.2872e-14,-1.5235e-15
608.11,71.845,-199.14,75.434,40.469,45.724,-34.244,-10.743,-11.595,-25.605,5.4768,-0.27425,-12.023,-16.274,-18.603,-1.7613,-12.882,-10.731,8.3253,-28.792,-3.5134,3.6311,11.452,-1.1638,-17.783,-23.377,6.0805,-1.2932,-7.4151,4.0725,-4.1663,5.3962,-2.4807,-2.3162,-3.0642,1.5189,-5.5817,0.98061,-3.019,0.58757,-2.8762,-2.383,-3.3441,2.7632,1.359,2.2794,-0.94043,0.24201,0.46417,-0.2185,0.034185,-0.0037032,-0.020889,-4.5289e-15,-2.9611e-14
484.38,329.95,27.655,22.537,-0.95452,-35.524,-0.91961,3.1094,-31.977,-31.433,-6.1343,-20.961,2.2059,42.165,5.0869,-9.6604,-32.57,-13.632,-23.217,5.3214,14.204,1.3017,-8.4424,7.1894,-12.568,-17.718,2.9287,-16.616,-6.1794,4.3633,-22.156,13.167,1.4882,-0.94472,-3.0356,6.0904,-2.1907,4.3722,5.8959,-1.6975,8.0835,-0.20748,-1.9326,2.5393,0.91535,2.7717,0.046114,-0.1639,0.0679,-0.084985,0.17088,0.004605,-0.011551,1.638e-16,-1.7985e-14
369.46,349.12,78.638,166.93,41.936,-60.724,45.717,-74.75,4.1626,-43.881,16.262,-7.3739,20.647,20.244,3.7232,-10.989,-18.883,-20.523,2.4003,16.32,6.8682,17.77,-0.94149,-2.7648,8.7745,2.5191,-6.3733,-14.667,11.754,8.2902,-5.9368,-4.5699,-5.0861,-4.0516,-3.7919,-5.5499,-5.2268,3.5863,-5.8199,-3.5699,-1.0464,-2.8994,-5.1635,3.0412,1.875,0.074723,-0.35964,0.38141,-0.080235,0.23797,0.13581,0.0054573,0.012527,-1.994e-14,1.2372e-14
682.02,417.37,-46.29,-7.8253,-59.827,61.417,-102.05,2.6572,26.791,4.2444,-4.2024,-4.4658,24.936,-40.844,10.571,5.9694,7.0512,-7.4833,19.039,2.2201,-3.7972,-10.903,-18.416,3.0059,6.1744,-17.766,-12.664,-11.748,15.573,-4.7972,-5.4226,-0.60832,5.5927,-2.2624,-4.6219,3.1243,-1.7235,-0.028998,0.49832,-5.0565,0.80727,0.13493,-3.7376,-1.8683,-3.1722,-0.21635,0.7168,-0.078818,-0.12175,-0.20345,-0.068559,0.013222,0.027699,-5.3065e-14,-1.9085e-15
439.85,614.49,60.787,94.046,76.173,3.9359,-38.622,39.724,23.034,-7.2031,-5.3285,14.497,2.1089,27.731,-16.285,-4.5394,-38.999,-0.27091,-1.6339,0.56238,11.626,-23.786,-0.88141,2.3116,-4.2647,11.712,1.8602,1.5247,-5.2375,-3.6675,-2.7256,5.5765,-5.3645,-0.49697,-2.619,-0.69049,11.784,-0.12855,-2.213,6.4159,-3.5146,-0.031926,0.35462,0.62072,0.80485,-4.8961,-0.72962,0.63295,-0.04196,0.0015199,-0.055975,-0.061333,0.0047167,-1.1367e-16,2.5123e-14
358.41,262.25,-123.55,14.538,-40.261,-21.165,20.329,-37.974,5.0939,29.007,-3.4152,-12.403,-3.7145,-6.2656,-0.90303,0.91935,4.9397,-21.526,14.308,15.288,-4.4618,-41.975,4.7605,12.242,-5.7606,-9.063,-6.1255,14.079,1.6573,7.9846,6.5794,-0.73869,-2.5511,2.884,2.8393,10.761,3.0255,2.227,-3.6059,4.1743,4.3059,-0.84429,-0.62597,0.86639,-2.7138,-3.6641,0.74296,0.26581,0.14044,0.15724,-0.072173,0.036824,-0.017685,-1.4451e-14,-3.1544e-14
545.03,481.02,-84.023,-23.761,-88.413,5.4652,-31.42,-31.106,-8.1702,-39.468,10.201,-14.081,5.6206,-8.8928,27.061,-6.331,-6.2333,-22.46,-2.6161,-24.238,1.8114,11.409,6.1181,-4.1661,-13.977,1.8444,12.023,6.7814,-0.5498,4.5222,0.87895,-5.3237,1.5148,-3.3095,-1.9686,5.335,-0.28682,-7.4739,7.7001,-4.5307,-4.6796,-3.0299,-0.6404,-3.8533,0.34265,-0.35594,1.7167,0.085466,-0.25241,0.05479,-0.099498,0.012992,-0.025132,5.9604e-15,2.7899e-14
-63.383,346.51,-94.777,40.326,-22.107,-12.778,-18.728,28.002,33.932,11.884,-3.4982,-3.0373,1.5973,-4.372,1.2759,-23.801,-8.1891,-2.4844,2.9552,-1.9404,0.73269,-4.133,-10.864,9.8132,-7.3826,2.2371,-2.0838,5.6905,-0.87161,-0.33535,7.0811,2.5041,0.1984,6.5386,-1.6154,8.5807,0.74608,-0.016394,-1.7708,-0.43507,4.2318,2.709,-2.9342,2.4616,1.9068,-0.55645,0.82697,0.034835,0.11872,-0.1637,-0.14109,-0.0085491,0.025964,1.0535e-14,8.7119e-15
-422.39,116.23,-124.25,-62.527,-70.393,-71.853,31.749,-10.201,-26.472,-18.165,-2.5297,-8.5106,-8.33,14.117,2.2425,2.1017,0.79615,-5.5974,-6.2992,-6.1918,-1.5354,16.622,-6.3938,-3.3724,-2.2909,-4.1769,-2.0667,-0.785,2.9619,3.0167,-5.0106,3.8448,1.8478,-0.66651,1.1974,1.706,-2.0622,-5.2024,0.09228,0.48051,4.958,-1.2218,1.5808,0.60379,-4.067,0.43347,-0.050092,-0.5048,0.19338,-0.10829,-0.30673,0.0005152,0.013404,-2.9109e-14,2.5103e-14
404.36,778.1,-26.415,57.63,19.031,-4.89,131.81,167.05,41.595,14.262,-5.7768,-26.051,-12.987,53.859,-42.8,58.761,92.325,3.3026,4.5983,-11.486,3.4224,19.184,-6.5011,-10.235,7.6061,-6.8001,0.069595,-4.344,-1.3038,7.1861,-2.2938,-2.2398,-0.4843,-0.57792,0.79286,0.93518,-2.203,-0.93671,0.056905,0.43921,-0.16718,-1.8365,1.7648,-0.51425,1.5589,0.92671,0.36577,0.0023925,-0.031866,-0.019804,-0.045335,-0.015965,0.0018884,-8.9991e-15,9.9756e-15
403.62,499.95,-51.818,70.186,39.763,11.442,70.55,-111.99,-33.608,5.113,7.2336,-9.4425,-15.173,-15.845,21.413,26.749,-7.5084,-14.115,-2.9864,11.112,-16.952,-28.902,10.712,3.7378,8.2911,-6.8775,-2.9096,10.952,6.247,3.8503,2.9084,-3.8362,-2.6575,-2.6151,-4.1043,-1.2909,2.9408,-5.4147,1.0209,-0.015698,-1.8984,-1.1105,4.1525,0.066302,1.113,-0.81921,-2.0878,0.082967,0.12678,-0.17331,-0.020623,-0.014933,0.0075215,-9.043e-15,1.0985e-14
575.15,663.18,20.434,134.64,160.99,-65.785,-76.152,-43.004,-32.936,12.95,-16.129,-12.225,-14.2,-24.412,8.4745,-2.3176,0.15172,12.123,7.3812,-5.1931,1.329,2.7555,0.31155,-4.4393,5.9264,15.417,-3.6248,9.0847,0.59807,-14.844,4.166,0.94392,-1.7844,5.1409,-1.9305,2.4742,-1.8217,-1.4549,-0.11603,3.3026,-2.6086,0.49809,4.1453,5.3214,1.0584,7.4152,-0.21825,0.11885,-0.16713,0.023155,0.10841,-0.038355,-0.01347,1.2231e-14,-5.8417e-15
479.21,223.86,-113.31,-24.304,-34.215,61.428,33.22,-40.889,-39.195,68.513,-15.163,5.841,-8.1956,7.5845,-0.31653,-7.8752,-5.3693,28.832,3.05,-0.37424,20.43,-14.978,-18.773,-18.299,-6.5018,-15.328,-11.155,-6.8004,-0.21186,4.3173,-6.5117,-5.4251,0.22312,-2.7672,0.84824,2.3533,-1.9101,-0.31564,0.89496,2.0064,3.6604,-0.081687,1.4066,-3.9982,-1.8596,0.71801,0.37944,0.15068,0.12534,0.24848,0.17357,0.078527,-0.024509,-9.9222e-16,2.5481e-14
432.17,478.63,-94.654,28.107,7.9259,13.435,75.11,-16.212,-46.717,-5.6988,5.5733,7.4003,-11.976,-17.202,31.9,19.582,0.024869,28.897,-16.407,-8.5239,0.42365,-8.7626,-8.3416,-8.4818,-1.7873,6.1451,-3.9451,10.777,-4.9015,-9.9142,3.3843,3.7153,4.1231,4.651,-10.445,-4.6069,4.1795,0.57438,0.31415,-1.4894,1.9908,-2.047,-3.1391,1.3812,3.9252,-2.4666,1.5596,0.15204,-0.25483,-0.16321,0.0050348,-0.019706,-0.0066084,5.5503e-15,-1.5565e-14
439.59,309.77,-69.823,-19.945,-59.848,-34.79,77.485,-38.941,-28.008,-4.1955,-30.932,-15.462,-34.74,10.775,-4.289,14.431,41.352,-54.981,16.253,-13.789,-10.192,10.263,13.165,5.6455,-16.244,11.186,0.29442,-6.1041,-1.7776,-18.452,8.4669,2.4288,0.089947,-5.2476,1.2347,-1.3725,4.1039,7.176,-0.014021,-1.5567,-1.4844,8.6818,-3.899,-1.3363,-3.6423,-2.2579,-0.15307,-0.085817,0.0052481,0.10825,0.013766,0.010922,-0.0049756,-3.8456e-15,-2.8682e-16
