-21.322,-78.272,109.26,-3.6543,-33.788,11.384,-22.452,-7.002,-10.65,1.0276,-4.4972,-5.1651,-15.514,10.937,10.271,-5.1923,12.143,4.6298,7.2431,-5.0943,13.35,-0.61002,-1.7843,-0.15017,-7.1927,7.1857,1.5322,-3.8884,-1.2201,2.6392,-0.7285,0.81099,3.2237,-0.21165,-2.8099,0.04497,0.072425,1.7558,-0.35641,1.2596,-0.64877,-0.003171,2.7937,0.17151,1.7095,0.10223,-0.27145,0.094104,-0.078321,-0.13692,-0.006845,0.067769,-0.0053115,8.66e-15,-1.178e-14
52.18,-206.59,187.76,42.767,-2.5495,-19.387,32.556,3.4931,-6.4335,-13.727,-3.7778,-6.5235,-26.882,-8.8401,11.841,-18.862,6.7641,4.4398,-5.3549,-10.574,10.244,-1.4663,-4.5967,-16.458,1.4682,-2.5393,-0.65518,5.7041,-4.6629,-2.342,-3.0816,0.78739,4.4452,-5.035,5.4292,-0.91196,1.5569,0.090536,-1.3228,1.4984,1.2226,0.19008,0.051318,0.12063,0.62987,-0.31238,0.19666,-0.34144,-0.068138,0.14427,0.04853,0.03419,0.018915,3.3832e-15,-2.4835e-15
342.45,-305.59,218.65,79.373,66.935,18.692,40.067,47.275,16.484,2.8349,-1.843,1.7918,-12.024,9.9639,7.4719,7.9025,-11.201,-7.5755,-1.0102,-3.9545,0.31432,12.029,2.2027,2.5242,4.655,3.8492,-2.6245,4.902,-0.45014,-10.631,-8.9642,-6.4644,-1.6674,7.5221,-0.88932,-5.7539,-5.5284,1.774,-1.7263,-2.4143,-0.30867,0.67777,-0.28114,0.023161,0.77189,0.053677,0.017642,0.46301,-0.10894,0.012771,0.081471,-0.018501,-0.0011489,-8.1532e-15,-1.7538e-15
-111.77,-102.33,37.609,-44.095,-7.1844,20.615,6.1708,-14.064,2.3707,17.345,-15.345,-6.9356,-0.99461,-7.3657,-3.8326,4.6886,7.877,-1.3531,6.6378,-2.9116,2.0257,-6.0258,4.923,-4.056,-3.3385,-3.6199,-1.1356,-2.6407,-1.7158,9.4282,3.6417,-2.4222,3.3565,1.4551,-0.84832,-0.35333,-0.48408,-1.7624,0.08514,0.42629,0.17139,-0.96357,-0.44379,1.0249,0.61148,-0.17074,0.14372,-0.095993,0.021572,-0.29065,-0.012422,0.035247,-0.012066,3.7651e-14,4.0268e-14
289.39,-141.06,299.33,-27.3,-80.109,30.278,15.772,-26.18,23.861,28.787,1.9856,-29.927,-3.1407,18.628,-14.657,9.9841,-7.3204,6.3523,-8.0486,-28.691,-0.50541,7.7562,6.0748,-6.3243,0.79943,-0.43094,-5.363,-0.52227,4.1048,4.2467,1.4624,-1.411,-1.4944,-0.051879,-0.13958,1.738,3.8218,-2.1248,3.295,1.5945,0.36037,-1.9064,0.1087,0.52907,0.92467,0.74473,0.22921,0.13916,0.029748,0.018679,-0.099586,-0.023007,0.012334,-3.9967e-15,1.1538e-14
262.82,-145.54,401.59,-47.824,-50.436,-26.082,-9.2572,14.137,-11.938,-18.465,4.0013,-2.2464,2.4065,-20.551,-21.441,-14.167,-2.965,13.695,-0.81796,0.78511,1.0319,8.454,3.2385,-0.2803,0.2295,-1.3821,-3.1261,1.8642,2.7715,10.373,6.15,4.4322,-5.9429,6.077,4.4111,-2.3405,0.80284,-0.97886,-4.768,-0.57564,-0.40856,-0.73729,-1.0577,-0.59467,0.5708,-0.30581,-0.1039,-0.24126,0.007131,-0.11869,0.062046,0.0017257,0.0047235,1.8745e-14,-1.2402e-14
13.842,-62.061,168.5,-102.2,-29.61,27.743,-15.476,44.602,5.2994,19.363,-3.4505,-0.58157,-12.278,2.6741,3.3427,1.9797,9.1777,4.463,10.587,-3.1686,2.664,7.861,0.38819,-3.087,-1.4175,-3.3934,2.7909,-5.5273,-3.5055,8.6129,4.9912,-2.2699,5.5785,2.031,-1.915,-1.664,-0.52915,-0.71455,2.5659,4.4274,-0.90563,1.0128,0.092871,-0.57483,0.73052,-0.1128,-0.39739,0.15832,-0.063862,0.077579,0.023741,0.0045299,0.0055868,1.3407e-14,3.3647e-15
-50.178,-31.139,170.88,-6.0837,-27.03,39.038,13.318,-23.457,5.0672,-1.0998,-16.814,10.031,-5.0729,9.7752,4.0318,13.621,6.5923,10.737,-10.931,-5.4113,-1.2175,-17.652,4.621,-7.563,-4.6257,-3.5181,-4.4907,-0.58542,-4.1413,3.3732,-3.8453,-1.3674,7.1595,-3.1789,-1.1321,0.98921,-0.76366,-3.5161,-0.4056,-0.67086,-2.5277,-0.24221,-0.62076,0.81574,0.11803,0.10848,-0.058253,-0.16556,-0.13887,0.049784,0.022529,-0.076489,-0.0056892,4.281e-15,-2.0831e-14
314.45,-39.924,467.04,80.315,-111.67,-17.915,-9.6104,-49.916,-28.499,-10.101,-14.374,-14.065,3.2562,-13.412,5.436,1.0473,21.347,1.1764,2.5662,-4.3663,16.028,-5.1998,0.4783,-3.0479,14.34,3.258,-3.5629,-1.4595,13.677,-2.9812,6.9037,-2.2209,-4.8525,-0.66179,2.1168,1.0609,5.6731,-0.10454,0.63813,2.1293,1.3909,1.2106,-1.8042,0.13439,-0.52954,-0.12213,0.13317,0.13946,0.090594,-0.073349,0.024055,-0.025496,-0.0018624,1.0971e-15,-2.2864e-14
182.38,-209.07,259.96,0.96616,-55.849,9.1171,35.348,-12.653,-1.6285,-7.908,-9.7517,11.432,-8.5423,-4.1314,-1.5281,-7.8816,-5.0491,-12.416,-1.7902,-2.853,-0.079057,16.919,-3.7279,0.83813,3.3453,1.7883,2.6939,-3.0838,-4.8772,-4.2485,0.2847,-2.8248,-1.8819,2.7826,-7.136,1.6399,-4.8299,-3.6425,0.23282,-3.5163,-1.8953,1.2252,-0.62261,0.93292,0.84711,-0.12607,0.08614,-0.022595,-0.02885,0.040808,0.054479,-0.063395,-0.0018902,1.2778e-14,9.1057e-15
46.341,-125.33,88.021,-30.547,-25.121,-12.519,14.718,23.477,-5.7303,25.64,3.7299,-5.4964,-6.2315,-9.7736,-9.5328,-3.4522,6.5526,-3.7782,6.0449,-3.4934,5.1081,-2.6261,3.9713,2.2603,3.9602,1.294,-2.2484,0.86077,0.81546,0.64356,-2.4802,-2.1567,-2.0621,1.3081,-3.5991,1.4082,-4.3418,-2.2393,0.17751,-4.7854,-0.47338,-1.6796,-0.37043,1.1939,0.15237,-0.38149,0.4519,0.034116,0.2629,-0.079643,0.074689,-0.019093,-0.0043389,-1.6246e-14,-1.2766e-14
-73.417,-129.2,200.02,0.97544,-33.607,-7.8401,19.07,-14.858,-1.4745,16.962,1.5722,23.548,-3.7316,5.4089,3.7879,20.808,-1.3442,20.876,-2.6228,16.141,7.3836,-2.1514,-0.73135,6.8233,-5.1468,5.3402,5.6256,-4.0997,-3.682,-2.0068,1.2494,-3.0737,2.099,0.83658,-0.26251,-1.212,1.377,-1.0551,-1.0249,-3.4258,0.45851,-1.6846,-0.40908,0.43806,0.24738,-0.067029,-0.0015109,-0.010274,0.02074,-0.107,0.022328,-0.058835,-0.0046072,3.6625e-15,-2.0307e-14
-170.12,-82.976,33.452,-3.8518,-24.789,6.0501,8.7363,-7.4773,13.996,21.194,-9.2722,-9.664,12.72,2.2244,-6.5162,-1.2188,-2.898,-6.2109,9.1808,-5.3285,0.69914,4.2188,0.50285,-0.21867,-0.96307,-1.1091,5.8303,-0.85111,-2.1595,1.299,-3.2066,1.2503,5.0816,-1.0744,0.60332,-1.1623,1.0094,-1.638,1.6279,1.3289,1.9002,-1.8305,-0.64354,0.20583,0.85931,0.0017092,-0.6303,0.17062,0.059757,-0.027508,0.018073,0.012943,-0.0014418,-1.2047e-14,-2.0958e-14
-112.43,-154.15,6.0895,21.394,-23.392,-38.889,-15.502,-20.925,-11.89,5.4269,-5.9326,-20.993,-5.2709,-0.47421,21.037,4.7047,19.687,-0.15079,-17.27,10.254,-15.957,7.0661,-12.894,10.949,1.138,-14.13,-1.5672,3.9723,1.5276,-1.2497,-0.47795,1.3091,-9.613,-4.9399,-4.0322,-13.753,-2.5841,1.1699,3.7958,-1.219,-0.22984,-0.59976,1.0762,0.62479,0.134,-0.082472,-0.55227,-0.10246,0.094041,0.015561,-0.033373,0.044542,0.010048,8.1521e-15,5.6116e-15
-223.2,-67.699,2.3796,71.991,43.465,-2.082,13.56,-15.257,-10.331,2.6525,23.693,-6.5066,-27.688,-3.5639,19.247,-3.3587,-1.6764,2.9419,6.9722,0.34279,15.785,-4.9633,1.0079,-1.6249,-11.213,5.6847,-0.66594,4.0954,4.6691,-2.5873,9.937,0.55559,2.911,-4.3344,-2.0948,2.6649,-1.6827,-1.289,0.021241,3.3609,-2.7446,2.4216,0.51909,0.64737,0.32639,0.51365,-0.49726,0.13184,0.081334,-0.011477,0.048682,-0.054511,0.015449,2.049e-14,2.6313e-15
-249.57,-69.387,17.304,20.235,4.3416,10.231,-64.124,23.843,-25.481,41.687,-12.528,-14.035,-11.795,-9.4833,19.893,-4.5285,-9.4608,-15.79,-48.963,24.637,-7.6331,12.934,26.614,-18.508,13.048,15.006,16.262,-2.4138,2.1556,7.1135,-2.3704,0.33655,-3.0971,-6.724,0.50467,1.1699,-0.89667,-3.688,-2.8214,-0.13591,1.4781,-0.30107,-0.30289,-0.15385,0.18561,-0.26473,-0.096963,0.03431,0.047411,0.014492,0.014304,-0.033366,0.0040479,8.2239e-15,2.2343e-15
-88.909,-200.28,101.44,-32.503,-35.694,-5.7606,-13.674,-8.1056,-23.777,33.139,0.024611,-4.9986,-11.822,0.82484,21.344,0.6486,14.405,2.7309,3.4529,12.076,-12.795,-7.3634,-0.55478,7.7192,-16.419,-4.6587,-0.34893,5.9267,3.2541,2.5871,5.3922,2.7975,-4.4469,1.9888,-1.0711,3.3758,-0.43689,0.41555,0.54054,0.30496,-0.62555,0.26502,0.66284,0.90995,0.69577,-0.16555,0.099775,0.32487,-0.021412,0.028672,-0.032959,-0.0084277,0.0039721,-5.8013e-14,-1.6259e-15
-342.35,-49.696,-8.3285,20.703,-5.0517,7.5877,-2.9338,-1.4188,-8.6831,-0.68758,-0.61396,6.825,-15.684,-3.0855,8.3793,0.58018,5.704,1.7056,3.9472,-4.0991,9.2583,-2.6203,2.3405,1.3606,-9.1493,2.8638,-1.2312,-3.308,3.2404,-0.20557,1.3251,3.1932,-0.63406,3.0861,-0.6508,-0.08151,-1.0441,-0.65318,1.8316,-1.1317,0.80036,-0.01766,0.50658,0.92955,0.3684,-0.33315,0.18122,0.54816,-0.10538,-0.1033,-0.02755,-0.026282,-0.013677,-3.4599e-15,1.9591e-15
-323.44,-39.821,73.392,-28.783,-43.134,11.171,6.991,-3.9232,-3.9964,0.26399,-5.4296,25.213,-16.364,4.3303,-17.06,0.85781,8.5069,6.9788,-3.2618,10.466,-2.6121,-13.964,9.5855,1.5717,3.5045,-3.0489,-6.544,3.8179,-3.7541,3.8293,-2.5875,1.9521,0.93311,0.053335,1.2597,-0.10885,-1.6198,0.5878,-0.45272,0.43421,0.24714,-0.3165,-0.42374,0.96848,0.20389,-0.35961,0.45509,0.33972,-0.027281,-0.070909,-0.022198,-0.041826,-0.0051209,-1.9595e-14,-2.0782e-14
-181.28,40.179,27.994,19.602,24.054,28.452,7.5938,-14.837,-4.4721,3.6146,17.586,6.372,2.6819,-0.96903,-10.882,1.3032,5.931,-10.004,-0.64545,-4.0467,-2.4173,-4.8223,0.31082,4.1505,0.98333,1.3743,-1.7424,0.85839,-0.29136,4.5131,-0.82005,4.4627,0.38485,1.1672,-0.83685,1.3269,1.0162,-3.8377,2.2119,-0.18046,2.074,-0.53318,-0.57387,0.30567,0.35672,-0.010975,-0.23232,-0.54246,0.16464,0.084204,-0.038008,0.080405,-0.00035184,1.8119e-14,8.1842e-16
-228.47,50.797,28.065,73.27,158.53,-1.6556,16.129,-15.061,-0.3982,7.896,29.422,-1.122,1.5532,0.17179,-20.892,-2.7794,4.6446,-1.6437,-6.7096,-10.805,-0.26293,2.1631,-2.6822,6.3112,4.249,-2.4189,4.0722,-2.6944,-1.5783,0.2669,2.5981,-0.58765,-7.4818,-0.71571,1.8592,-2.9867,1.2523,-1.4068,-1.1516,-0.80353,-0.35318,0.79118,1.2078,0.24308,0.5187,0.27034,-0.30658,0.14996,-0.084823,0.12596,-0.036998,-0.051422,-0.007246,3.062e-14,2.4228e-15
-274.64,-11.671,46.698,65.889,107.56,-19.155,12.821,-5.5779,3.9825,-8.2063,0.58257,-2.0361,13.051,-1.0399,0.089745,5.4991,3.2407,-6.0973,1.1969,-0.46229,3.153,2.1767,-1.9567,-2.0988,-0.12936,-2.5522,2.0737,-0.93707,-2.462,-0.1791,-1.6318,0.74393,0.79469,-0.90446,0.23731,1.2691,-1.1207,-1.1827,-3.0584,-0.36286,1.9656,1.8624,0.10312,0.10188,0.67886,0.4347,-0.35576,0.046029,-0.012422,-0.046321,-0.036372,0.051667,-0.00036485,1.4465e-14,-2.6417e-15
-211.42,35.57,-40.755,-32.483,103.93,-15.289,-1.806,-4.5863,9.2072,-5.3199,14.247,-15.877,37.296,15.145,17.32,-7.7496,-6.2413,5.9881,3.1135,-1.9815,8.5261,1.7842,1.9206,-1.4957,-1.3556,1.0471,-1.3698,0.6269,-3.1179,5.4845,-3.7839,11.149,-5.3601,5.0727,2.2658,2.4996,-0.20658,-1.823,-2.8631,1.5423,-3.5847,0.50924,-2.3304,-0.10315,0.70227,0.22905,0.1112,0.069307,-0.0043022,0.1065,0.037749,-0.041059,0.0101,-1.6428e-14,-7.3165e-15
-325.25,-3.2074,-11.084,51.656,75.653,-22.189,23.873,-2.8674,-14.212,0.59079,10.147,-10.282,-6.627,11.814,-11.329,-5.9309,-12.425,6.253,2.8089,5.9421,-14.948,-17.551,-8.7603,-16.688,7.1759,-7.1019,-1.4597,-1.2157,3.9938,-0.39771,-3.3679,-1.5076,1.0877,2.0088,-1.0737,1.3879,0.08581,1.8949,3.3378,-0.59028,1.8679,-1.8315,-1.6746,0.78554,0.022945,-0.13445,0.099201,-0.1158,0.076801,-0.01231,-0.018756,-0.011609,0.0019728,2.5719e-14,3.099e-14
-369.32,-1.5114,-30.192,31.088,46.11,-20.633,6.7621,3.1327,3.3098,-6.8196,8.2395,-16.838,31.755,1.0881,-0.77159,0.23838,-6.3575,-3.4588,-5.9872,0.00963,1.4263,0.31244,4.7272,-2.0275,3.829,0.33297,3.8447,-2.5024,1.1787,1.4184,-1.4682,-2.237,-1.3745,-7.0778,-2.789,-1.4617,-2.1491,1.4554,1.5115,-1.8793,-0.099165,-0.15263,2.63,0.39287,0.19189,0.32681,-0.041194,-0.011404,0.044132,-0.10524,0.0067295,-0.020718,-0.0031899,3.0089e-14,-1.9657e-14
-241.7,8.5408,-42.509,-56.281,50.29,0.6728,-2.1817,16.711,-10.563,23.153,-14.521,0.72865,14.027,9.0048,-5.1478,-8.189,0.10172,6.8088,6.4234,-6.0799,1.5285,1.0046,-0.0093219,-0.23546,-1.6896,1.6238,-4.4246,-2.0735,-6.8167,-0.29672,2.0492,2.6842,-0.83298,2.5955,3.8113,-1.3569,1.8261,-2.7309,-3.5238,1.6864,2.7053,2.649,-1.2519,-0.94413,0.38718,-0.23201,0.095774,-0.19142,-0.018859,-0.0093399,0.00016428,0.0051547,-0.0052811,-2.2539e-14,8.7664e-15
-270.21,9.3782,93.286,107.3,147.72,-13.844,12.876,0.14873,-6.1469,3.1755,-13.062,-3.5937,-2.1716,-16.812,-20.257,-3.3504,5.8623,4.6368,5.108,0.54114,3.1263,-1.9589,4.3498,-0.8835,-2.4825,-5.1459,1.3719,-0.33288,-0.72608,2.4092,-0.65878,-1.1208,-3.2526,0.30752,-0.21045,-0.2534,1.2444,-1.0609,-0.89095,-1.6887,0.69957,0.49315,-0.076065,0.47461,-0.31279,-0.15384,-0.16408,-0.24696,-0.082835,0.052195,-0.04346,0.012081,-0.0030096,2.5012e-14,2.4908e-15
-347.42,7.5978,-29.639,-6.6686,70.926,4.8259,9.6857,-4.3741,-2.9921,4.2117,-4.9411,1.1786,6.4425,-10.138,-8.3353,-2.7728,-7.203,2.2693,-6.6671,-6.8344,3.8337,2.8743,-4.5613,0.13808,0.97797,-6.0291,-0.31493,1.6671,0.16438,3.8616,-3.4401,-0.13762,1.982,-0.65408,0.50124,0.2161,0.64439,-1.3076,-2.0662,-0.81675,0.79822,-0.34763,-0.82682,0.1439,-0.26001,-0.21825,-0.27326,-0.055492,-0.11407,-0.042289,-0.023064,0.0029713,-0.0081949,-2.4362e-14,-8.2525e-15
-352.91,0.6573,-53.859,-37.818,36.885,-3.995,8.6606,-3.3775,-13.217,8.6169,6.5813,8.9817,-0.7512,-17.364,-10.273,-6.758,7.2266,0.32277,3.4198,-5.1048,0.61455,3.3875,-2.0812,0.15809,0.7741,-1.9868,2.285,2.4221,-2.5514,0.88422,1.1608,-0.4463,0.66165,-0.84461,-0.99401,0.065117,1.0447,0.33208,-0.58708,0.41068,2.9873,1.7245,0.10287,-0.027184,0.27439,-0.32162,0.0033372,-0.15832,-0.15601,0.037602,-0.056769,0.062888,0.0017311,-4.2793e-15,-8.6509e-15
-324.12,9.6141,5.1031,63.564,86.8,-1.6125,-1.6131,25.612,-12.684,-6.9277,-4.7133,12.849,4.694,-0.71787,-13.264,-2.6652,-4.6736,3.6715,4.9328,-1.18,-2.5764,5.9452,0.97415,2.7595,-2.2304,-3.0709,-2.1166,0.12757,2.7338,-0.62869,0.19802,-0.97349,-1.6428,-0.098152,0.67311,-0.66885,-1.9913,-1.2082,-3.4289,-3.7674,3.0543,0.03796,-1.8481,-0.21437,0.17889,-0.21409,-0.14902,0.19336,0.043073,0.0138,0.034144,-0.033621,-0.0060086,-3.1363e-14,1.0738e-15
-112.07,100.68,-39.219,-72.372,28.929,33.118,-36.799,7.4574,1.5951,22.584,14.872,-0.49976,8.3273,22.009,-9.9197,-6.0882,6.5003,8.7188,4.7633,-10.662,-0.35252,-8.4136,-0.35668,6.3905,1.2671,-0.41953,8.736,-2.3958,4.299,-3.9822,4.4428,0.23256,1.4588,-0.87959,1.5406,-1.4723,-2.9846,1.9004,0.0066771,-1.7532,1.4907,0.49281,-2.6038,-0.62889,0.79477,0.0073787,0.043512,0.041046,-0.060396,-0.015462,0.03467,0.02098,-0.0069674,-3.7245e-14,2.576e-14
-217.03,54.09,11.689,-16.614,54.496,-6.3559,-13.869,9.6986,-8.2145,-0.9026,5.398,1.7572,14.681,12.594,9.8848,-4.3286,-0.46012,1.3,8.3804,0.48164,6.4692,1.9524,6.2374,4.7688,-3.0876,-2.1551,1.512,-2.2616,1.8584,-0.46917,-1.8651,-2.5389,1.0736,-3.1004,0.56183,0.90868,1.5856,-1.9266,0.78616,-0.45154,3.0119,2.5415,1.2991,-0.7131,0.45528,-0.031592,0.11539,0.026148,0.10346,0.0080839,0.021502,0.0067256,-0.0010585,-1.3634e-14,2.1338e-14
-259.99,29.627,-30.953,-43.005,89.486,15.244,-4.9186,3.1425,-6.3963,10.114,-8.1918,-11.224,11.572,15.492,-4.4092,-21.368,4.7314,14.317,8.5737,2.7549,4.4465,-3.3662,-4.6805,-6.5974,5.7351,0.49497,1.4093,-0.40506,1.7554,2.0239,-2.6361,-3.5949,0.52049,-1.7534,0.39339,3.0486,-1.5744,5.6075,6.958,-0.80897,-0.036318,1.0548,3.5424,-1.1049,-0.067115,-0.26883,-0.11606,-0.36918,-0.01318,-0.044296,0.015406,-0.041636,0.0064801,-2.3316e-14,-2.3151e-14
-158.05,69.177,-20.361,-32.328,149.62,-13.347,-3.4078,-29.404,3.7705,33.554,21.931,6.9592,-9.2537,-0.15244,14.506,3.4449,-32.28,-2.5715,-4.3376,13.955,21.995,2.5049,-0.48255,6.5322,-8.1971,-2.5435,-1.0695,2.5568,9.7371,4.3018,-4.1563,-1.7347,-0.28208,0.90952,-2.7621,4.2149,4.4214,-0.91367,4.6557,-1.2651,3.8824,1.0848,-1.2062,0.5089,-0.31276,-0.31538,0.11857,-0.35552,0.067876,-0.057265,-0.047437,0.04859,-0.0021106,5.0087e-15,-2.2196e-15
-303.49,31.538,-97.254,-38.584,73.411,-0.069927,-4.7294,10.122,-2.7986,-9.9882,0.8309,-11.088,29.376,1.6495,4.3421,-22.9,-2.4295,20.783,-20.305,0.36642,-6.6967,5.383,7.1136,-5.8691,6.3013,12.524,3.8124,1.166,0.83885,-0.32334,-0.87734,1.2308,2.3133,3.9726,-1.2241,1.5908,0.40329,6.7779,6.9862,-1.1854,-2.8289,-0.8036,-3.752,0.15598,0.32987,-0.5193,0.27416,0.16223,-0.073975,-0.08235,0.005615,-0.037666,0.00529,-3.9772e-15,-2.5161e-15
-303.9,-12.642,41.817,65.244,111.46,-10.437,-6.4283,11.359,-11.395,-17.388,4.1587,-10.355,9.7309,10.357,1.1421,-10.873,7.6865,6.5338,-0.95691,-3.4382,9.5153,-2.2235,-2.7751,0.29109,2.4356,-0.42809,1.6729,-1.2657,0.20457,0.91045,-1.8199,-1.1846,1.3223,-1.6032,-0.019235,3.6989,0.007073,3.135,4.8268,-2.2365,-0.79723,-1.1752,-2.5317,-0.0072898,0.3516,-0.093629,-0.46801,0.13474,0.058632,0.03071,0.026499,0.00019092,0.0054937,2.1574e-14,4.4787e-14
-276.68,12.225,-0.19552,33.982,142.33,5.8849,1.6952,2.207,1.3179,0.51061,-3.9842,-8.3917,22.089,6.1958,-1.9582,-1.3829,0.96596,19.37,-2.0382,-7.2702,4.571,-5.5501,-1.9076,-0.78001,3.5718,1.704,-3.6579,2.3499,-2.5991,7.4201,2.1385,6.9316,-8.1966,5.4372,1.8538,2.0324,-2.1622,-3.3465,-3.6754,-2.5397,-3.2894,1.4373,4.6678,-0.59251,-0.16337,0.18846,-0.19603,-0.33581,0.11634,0.066253,0.035118,-0.040981,0.0076767,1.8834e-14,2.9948e-14
-267.1,32.686,-3.6497,18.378,128.99,4.1811,0.048664,10.468,-0.83331,-6.8024,3.4027,18.077,11.742,4.6115,-13.803,-10.628,-2.8539,15.291,-5.1372,-6.6074,-4.0758,4.6812,0.40678,-0.34832,-0.59729,-0.4648,-4.3174,3.4828,2.2544,1.0301,1.234,3.8789,-9.1282,2.4462,3.498,1.6736,2.0732,-0.64067,1.3717,1.0135,-1.2318,0.80849,0.94294,-0.3909,0.55281,-0.10337,-0.47238,0.049386,-0.1523,-0.06481,-0.062365,-0.012039,-0.0091192,-1.7256e-14,-1.6528e-14
-196.35,107.72,-90.94,30.052,58.652,0.74293,4.1428,-12.065,-7.0271,-8.0654,0.77015,-26.944,17.548,19.668,-1.6124,-1.0427,0.84743,5.1917,-10.226,-4.3204,-0.1462,-3.3624,3.0994,1.1086,0.87574,-1.641,-3.8957,11.736,6.6363,-4.3952,3.9067,-8.1534,8.6356,9.0051,-3.5713,-4.587,0.99942,-0.3445,-1.8552,-1.0568,-1.3468,3.7775,-1.3509,-0.23747,0.3725,0.33603,-0.20901,0.40539,0.032011,-0.073382,0.023161,0.0053229,-0.00096344,-1.6189e-14,1.4095e-16
374.19,-227.7,47.891,-80.805,-26.497,49.094,-0.7066,22.391,40.933,-3.4443,29.257,-29.907,21.477,-24.667,3.3893,-38.494,-10.019,22.474,-5.3519,15.699,5.9778,-2.3223,6.5939,13.259,-0.53326,-0.52045,-9.3172,-8.3588,-8.8815,-15.846,3.0658,-3.7827,3.4268,-0.045209,-10.654,3.7063,0.55098,-2.4369,-0.53078,2.0986,1.85,-3.1058,-0.48586,-0.92249,-0.68864,0.12064,-0.96789,-0.59201,0.088483,0.040218,0.038771,0.0061422,0.0095756,4.7797e-16,6.6161e-16
627.86,-312.55,-80.52,-211.51,91.675,-0.71079,-3.9325,-36.001,-10.746,-43.935,-13.626,15.452,11.165,-5.8248,-3.9786,11.244,0.37303,-1.2829,-5.0578,10.053,-8.58,8.485,-4.5386,-4.7693,-8.5965,2.601,2.0598,-0.18382,0.09469,3.3091,3.5622,0.32544,2.461,-0.623,1.7961,1.3028,-0.11285,2.3478,-0.53337,0.78453,-0.25614,0.018807,1.5,0.18629,0.35366,0.098953,0.23371,-0.16694,0.10151,-0.10656,-0.0049105,0.030627,0.00057388,-3.7808e-14,-3.9965e-17
286.13,-333.65,-40.756,-24.476,18.028,-8.7642,44.529,18.641,-7.8018,-15.326,11.881,1.0456,-4.877,-27.895,1.7459,-8.1575,0.15718,-2.8368,-7.3043,-1.7347,5.3689,2.5164,-0.45777,0.98044,1.8042,-1.0467,-1.4944,2.6395,1.9676,-4.6007,-8.8648,3.6225,-3.3159,-2.0769,-1.5965,0.90116,0.091777,-3.2651,0.09719,4.477,-1.3818,2.3441,-2.1826,0.18201,-0.91925,-0.42164,0.68171,-0.11453,-0.019541,-0.15855,-0.019748,0.053924,-0.00086128,-3.2605e-14,-1.6039e-15
116.4,-202.78,-152.19,-132.3,-23.914,21.337,20.571,-6.6599,-2.1298,-11.816,-2.5191,-9.5188,22.466,4.0577,12.398,-18.522,-12.12,-1.6919,-2.9993,-5.8251,0.44405,-7.4588,-4.2953,9.3901,5.9823,5.651,5.6122,3.5253,-5.722,0.44803,0.62837,-7.4685,-6.1387,-1.4294,-1.0229,4.1395,-1.4598,-2.5398,2.1712,-2.3361,-3.8579,0.028579,4.4608,0.30487,-0.5965,-0.15718,0.52014,0.40068,0.050724,-0.029053,-0.059452,0.039948,-0.022207,-1.7393e-14,1.2551e-14
391.57,-402.46,-15.623,-13.344,10.609,32.305,0.745,17.63,-4.6121,6.0006,10.944,-28.035,3.0599,-16.495,3.1759,27.423,4.8815,8.0591,11.011,4.6779,9.4567,13.04,-3.1984,-8.2614,2.7889,-1.7911,3.1308,6.0949,-3.5842,-1.5482,-5.8753,5.7634,3.4682,-2.1832,2.9857,-0.77908,2.6889,-0.90746,4.7439,-0.89972,0.45451,0.18851,-0.22638,-0.44234,-0.59251,-0.16668,-0.19497,0.19898,-0.020755,0.0059926,-0.03089,0.022861,-0.017666,7.9014e-15,-2.4202e-14
315.8,-155.3,-8.5245,-128.51,77.763,12.193,-34.887,-23.457,-6.9414,-4.0654,-16.879,-8.7029,13.57,-8.5623,2.3598,14.52,9.0844,16.148,9.4155,-3.9853,3.4975,9.4972,-5.634,-3.489,-0.42408,1.3708,7.7592,-2.2236,4.0712,-6.8383,2.0772,-5.704,0.34806,-1.3999,1.419,-1.1454,-5.2731,4.8143,-3.2472,-1.7295,2.5598,2.472,-0.36559,-1.0439,0.036012,0.17691,-0.46335,-0.41869,0.00019239,-0.043146,0.072396,0.013015,0.008843,1.0737e-14,-1.5994e-15
576.48,-410.85,-23.445,-27.845,59.354,8.2259,1.22,21.188,-5.3746,11.86,2.9229,-3.8767,-8.7957,16.983,-2.7543,-4.1258,-27.098,-6.7544,21.454,-4.9072,-17.525,-6.977,-8.6373,-16.405,0.95882,3.1485,2.2494,-0.91916,1.5279,-0.89367,0.38163,-5.2957,-2.8538,-1.2611,-1.1087,-1.3164,0.95419,-3.7,0.22395,1.9215,-2.1827,0.26095,-0.76099,-0.52743,0.067668,0.06448,0.27518,0.15559,0.0148,-0.060038,0.032358,0.045904,-0.0089226,-4.9969e-15,1.4047e-14
416.59,-329.47,14.339,-127.71,16.077,-17.5,-45.038,-11.949,26.891,-13.782,13.94,-1.917,25.021,10.395,-3.279,-4.8919,4.1859,-15.263,6.5124,1.5893,-2.5652,-5.1651,4.87,-6.3911,-10.963,1.5722,5.5851,2.2945,4.9741,-3.1551,-2.0559,8.445,-1.3019,-1.8292,0.45817,0.24694,3.6494,2.3127,-1.0751,-3.0872,1.796,0.88373,-0.87232,0.35307,0.53359,0.19814,0.5271,-0.20098,-0.051839,0.12,-0.025756,0.096185,0.0015102,1.4686e-14,2.1834e-14
52.113,-183.63,-138.8,-14.86,10.47,6.3644,3.1794,-15.553,-7.0216,-10.236,8.8796,9.1731,5.4976,-1.7406,-5.3834,13.509,-1.239,6.6507,-7.2622,-5.8841,-3.8649,-7.8407,-1.6828,-0.066679,-1.9958,-0.058549,0.44254,-0.20172,-3.3544,4.8185,3.9086,5.581,-0.6044,2.7156,-8.2131,2.0077,2.2911,3.3982,0.47841,-1.6495,0.73621,0.8252,-2.2182,0.56762,-0.42211,-0.16888,-0.15274,0.49708,-0.024191,-0.0056875,-0.039807,-0.009868,-0.0021951,5.9551e-14,1.7135e-15
504.91,-278.07,-220.84,6.4241,43.39,-14.79,-0.71926,-0.66975,-15.025,-3.6444,25.903,-27.654,-21.006,29.251,-36.486,36.364,0.65045,12.354,-7.498,4.418,2.1988,7.3727,-4.086,9.7161,7.341,0.22363,4.6209,-7.6369,-2.9987,5.1052,5.8609,-1.5502,-0.19112,0.78564,-1.3267,0.89275,1.2634,1.567,-3.1503,-1.0071,0.69241,-0.0082451,-0.63638,0.16711,-0.85757,-0.3321,1.4635,-0.71058,-0.027889,0.014757,0.029674,-0.012019,-0.0016751,-2.2048e-15,4.8897e-15
195.63,-259.53,-97.492,-86.18,5.7254,-2.9478,1.1445,1.2873,-18.303,-12.309,-2.4683,-5.4376,-6.7386,-11.698,-6.9434,-16.797,3.492,-4.3226,1.1566,-7.8847,2.6308,-3.0282,0.67829,-0.48215,-6.9516,3.7841,-3.1579,2.4774,0.024084,0.14453,-8.0282,2.3326,3.3607,-4.2173,7.1278,-1.1489,2.7033,2.1873,0.29888,0.52075,1.9776,-0.42766,0.62141,0.51719,0.32967,-0.32896,0.014434,-0.41022,-0.035407,-0.071648,0.064017,-0.19267,-0.001284,-2.2191e-14,7.835e-14
444.69,-426.57,-93.831,-86.232,122.13,2.5936,-0.94757,-12.547,-6.3462,5.5388,2.5831,22.779,1.3337,4.0985,9.8157,-7.0727,15.892,-16.879,1.0674,5.5428,-10.317,-12.385,-0.13076,1.6023,-8.7521,2.6419,2.4164,4.1944,-1.1434,3.8839,0.58354,-1.5757,3.9964,3.2789,3.5849,-3.869,3.9181,-1.3842,-0.34987,-1.6457,-1.4482,-0.0072215,0.27134,0.5741,0.39036,0.17923,0.031702,-0.39936,0.11209,0.027699,0.01356,-0.03988,-0.0061088,2.5704e-14,-4.4642e-14
21.567,-210.58,-97.088,-33.404,-24.775,-36.939,-31.871,-33.002,-2.0667,-5.2312,-14.807,22.787,18.331,18.447,0.92199,14.445,-6.2603,-4.3534,-16.997,15.122,9.5582,-14.6,-6.376,-5.6347,0.41638,-7.6632,2.3988,1.9859,-8.0723,0.93214,-0.18732,-0.93598,-2.367,1.1427,-2.7723,-2.0405,-2.9922,-4.3486,1.0048,2.2094,6.0952,-2.1551,-0.4692,-0.53255,0.10272,0.24521,-1.1529,0.47413,-0.098585,0.038979,-0.033294,-0.030824,0.0069234,-6.4648e-14,2.4302e-14
186.49,-290.98,-75.79,-41.265,26.364,-13.216,16.985,20.787,-10.138,-9.0442,14.511,27.762,9.8604,6.6094,7.9879,-5.0507,2.9472,7.4339,-9.5966,3.6151,-0.070741,-15.057,-3.7049,3.4552,4.8354,2.4025,1.0475,1.8335,-3.1909,2.4376,-0.39617,0.87692,1.5995,-2.8282,-2.8172,1.9845,1.3309,1.8215,2.2997,0.57204,1.0498,2.723,0.37022,-0.44545,-0.20355,-0.16103,0.42378,-0.028209,-0.027462,0.033882,-0.015291,0.013813,0.010137,1.8539e-15,-5.6892e-14
102.26,-189.34,63.145,-10.732,-16.296,1.8007,8.9089,-22.371,-9.9102,-0.68193,9.8954,15.22,2.3869,4.3921,-12.832,-1.0405,6.7972,2.8131,-2.8817,8.683,-1.4212,-15.484,-2.5096,10.926,12.109,4.4865,2.0759,-0.081704,-2.4475,5.3198,2.9263,-5.8337,1.037,-2.8878,-2.303,1.4121,-1.4254,0.56278,-2.1205,-0.84883,1.0277,3.2216,2.2473,-0.11354,-0.14616,0.16404,0.22678,0.11388,-0.099668,-0.021823,-0.042557,0.022525,-0.0063832,8.9713e-15,3.6172e-14
13.577,-24.775,-48.327,-42.021,-41.468,-7.0004,-32.769,-27.998,-4.4793,-7.4401,16.919,-12.467,20.349,2.1024,-18.191,-8.8582,0.60437,-7.5205,-3.653,5.8046,3.7683,1.5113,-5.1597,4.9105,4.2947,2.7186,-9.7176,-2.7297,-2.1644,1.7232,0.23607,-0.29506,0.83469,-5.7774,1.6201,-4.1775,-1.5869,0.66231,0.78708,-0.37147,2.3042,2.1487,-1.6613,-0.17729,0.10424,-0.21516,0.84254,0.18627,-0.056792,0.0037617,0.010177,-0.05695,0.0056347,-2.8379e-15,-1.6371e-14
-61.593,-47.08,-184.37,-74.781,-22.972,40.526,4.9648,-10.683,-10.04,23.805,-1.6017,4.0019,22.843,6.1181,10.215,2.143,2.3078,-0.92278,1.9949,-10.791,0.48068,-6.4573,0.39312,-1.4964,-2.5417,1.567,-1.3645,4.2535,1.1113,-1.8604,-1.5728,0.51626,2.2844,4.1301,-1.4194,-4.2537,2.5912,-4.1732,-1.7785,-0.2963,5.0059,2.99,-0.61472,-0.98422,-0.026829,-0.30666,-0.02712,0.1093,-0.0012945,0.027977,0.024794,-0.043376,-0.0021882,2.6084e-14,-4.2321e-14
323.76,-312.6,-68.456,164.44,290.7,-16.02,41.018,48.148,20.046,26.464,5.6303,-4.1741,1.65,-6.8948,-2.1449,14.221,0.20028,-4.9071,8.8407,2.4422,4.1813,-4.638,3.5919,4.0481,1.8545,-4.4461,6.2509,-2.5485,6.0608,-4.4926,-2.1747,0.67666,0.37174,-4.9019,-0.68728,-1.1783,-0.016904,-2.655,0.6922,-0.5943,0.99267,2.4329,-0.33557,-0.23871,-0.34843,0.47189,-0.39734,0.029964,-0.084082,-0.0059601,-0.0039229,0.012561,0.0038821,-1.2259e-14,1.3066e-14
548.98,-411.77,-64.155,-72.105,5.3983,-25.249,-47.295,-46.064,-11.988,-38.082,-5.9946,0.070405,15.225,-9.2097,-4.1539,-3.4906,0.51499,10.76,1.5763,-7.4443,-0.96762,0.64629,2.1862,-5.4765,-8.6111,4.1791,-2.6104,1.8279,-1.214,0.19081,1.9103,-2.6303,-2.9246,0.35558,-5.5124,3.6011,-5.0708,-1.6805,-1.3284,3.6031,0.24399,-2.6281,-0.22745,-0.68781,-0.96225,-0.15571,0.15747,0.72646,-0.088842,0.11703,-0.033114,0.034753,0.0090579,2.108e-14,2.3048e-15
-333.86,-8.1158,-133.89,-22.208,-65.765,6.2446,-5.8942,13.807,-10.245,1.54,8.0461,1.2998,12.32,14.859,0.48268,4.0478,-5.2946,0.31361,5.8345,4.3068,0.52254,0.6951,-0.29816,-1.2498,4.3137,-4.6858,2.4212,4.2528,-4.3109,-4.7537,1.99,-0.17009,-1.0872,-2.0127,1.54,0.59086,0.71034,-0.21264,-1.647,1.0478,1.0793,0.68905,0.79577,-0.41738,0.34402,-0.085384,0.38371,0.16116,0.22304,-0.021592,0.014938,0.029951,-0.0039113,-5.8418e-15,1.3545e-14
-326.63,-48.41,-111.01,-57.012,-32.181,9.5071,15.693,8.3228,5.4838,-5.2343,-9.5376,3.0845,-9.7596,-4.7918,-0.63116,-4.8577,-1.7637,5.0766,-0.20292,-4.5691,0.42421,5.2951,-1.6058,2.6234,2.6499,-2.0226,-0.39473,-2.443,1.8201,0.97548,-0.55555,-2.9019,2.2409,-0.83776,1.5893,-0.57838,-0.32824,1.0577,-2.1458,-2.1578,0.94862,-0.23829,-0.69225,-1.0769,-0.11465,2.0799,0.42815,0.03899,0.1119,-0.082015,-0.32784,-0.10058,0.085293,-5.2743e-15,-3.3608e-15
-275.96,-20.558,-86.338,-30.177,-19.501,15.368,11.416,-12.596,-10.037,-4.7269,-9.6381,-3.8968,5.6123,-0.11804,-7.4618,7.6357,-0.9969,-9.4382,3.6122,1.7012,-0.46861,2.8903,2.1092,0.63949,-2.7113,-2.8921,-1.5694,-1.6072,1.2677,1.1193,-2.218,0.28723,2.9443,-1.1452,0.2534,1.0773,1.8337,-1.3995,-0.97882,-1.8767,-2.2997,-2.1073,-0.37666,-0.39894,-0.24974,-0.080425,-0.2648,-0.10061,-0.076185,0.012692,-0.013277,-0.037878,-0.014383,-1.0622e-14,-2.8991e-15
-348.14,-35.427,-96.231,-75.103,-46.318,3.2407,6.0518,-7.2453,9.8178,6.7391,-6.4181,-6.5416,5.0199,2.2972,-3.8881,-4.8635,1.5057,-7.9114,5.4575,-0.21967,1.4378,4.6082,2.9579,-1.2317,-1.0983,-2.359,-1.2571,0.89175,-1.803,1.1308,-1.6096,-5.6823,0.72225,-2.1447,2.7488,1.7066,-1.7055,0.56334,-2.3173,0.12155,-2.2315,-0.77955,-0.71203,-0.46608,0.029394,-0.10952,-0.024415,-0.066815,-0.041316,-0.015205,0.018081,0.011999,-0.001117,-7.3411e-15,1.2222e-14
-313.2,-5.5858,-93.58,-8.359,-74.74,-6.0636,18.084,3.0234,-5.3406,-6.5886,8.129,1.8736,10.075,11.546,0.59666,12.205,-2.958,-7.4169,-5.965,1.1595,0.45448,-2.4031,1.7447,1.6846,2.0568,-5.4018,-1.7125,-2.8854,0.79613,-0.58752,0.023806,-0.77557,1.0963,-0.7194,2.0024,1.8697,1.9578,-0.30853,-1.0894,0.061083,-1.8984,-1.5514,-0.49494,-0.40124,0.029786,0.031926,-0.027528,0.1604,-0.010936,0.0023045,-0.0045653,0.022617,-0.0066534,1.6345e-14,1.6551e-14
-265.6,-55.463,-95.024,-68.334,-2.0672,-27.555,-0.96779,-7.649,-3.3153,-1.331,13.475,-10.127,-14.891,0.55612,-3.3621,1.6376,-17.909,1.5206,10.713,9.0282,-3.8145,1.2344,-9.9131,-9.0871,0.9987,2.8793,-5.1884,-6.398,2.9063,-2.9144,1.0026,-3.2533,2.782,-1.357,3.123,-2.0599,-0.5993,0.86945,-0.71432,-1.7941,-1.5554,-1.9135,0.81553,-0.34982,0.16744,-0.0034267,0.056345,0.082821,-0.032356,0.0069889,0.015596,0.027184,-0.00019585,-3.9466e-15,-1.8373e-14
-276.54,-91.856,-76.817,-69.227,-44.921,-3.5079,31.17,19.489,0.71282,-4.8279,2.572,4.6617,-5.1402,7.5374,2.7106,9.1678,1.1803,7.462,-11.207,4.4663,2.9986,-6.2216,0.21291,1.8416,5.849,-7.2475,-0.95699,-5.1788,0.61083,2.456,1.1955,-0.2916,5.6499,-1.7899,1.8326,-1.4512,-0.26005,1.0958,-1.682,-0.76731,-2.8498,-1.7691,-0.22424,-0.51247,-0.017547,-0.06961,-0.028649,0.23375,-0.068263,0.029449,0.01614,0.015004,-0.0018839,-1.6779e-15,9.5742e-15
-314.86,-10.121,-105.4,-10.021,-40.904,-8.2737,-2.9051,6.7921,-11.079,-7.7354,6.6832,3.9078,14.217,4.689,6.7824,8.7563,-6.1583,-13.583,6.4759,-0.40417,0.36554,2.9884,7.1261,2.6946,-4.1188,-4.9402,-2.3698,-2.0433,1.4407,0.025537,-1.4621,-0.59111,0.38027,-0.059607,1.5999,1.3526,1.0099,-0.12518,-0.28615,-0.27026,-1.916,-1.4007,-0.25739,-0.66269,-0.015176,-0.0051672,0.023627,0.011087,0.019152,-0.011009,0.0013795,0.014672,-0.0056562,9.5544e-15,4.759e-16
-409.66,-36.579,-133.03,-43.811,-50.379,4.2393,-1.491,-10.426,6.646,-7.8835,-0.34782,1.6595,-6.9642,-2.9857,0.56302,-3.178,-5.0744,1.4132,4.8065,-0.5819,-0.052397,1.2813,-0.24876,1.8458,-2.1843,0.026965,2.2752,0.96496,0.57116,-2.2236,1.3115,-4.2283,-0.084219,-2.3211,3.6983,0.25066,2.0903,-0.35762,-1.4829,-0.41678,-1.744,-0.89929,-0.61715,-0.28778,0.18568,-0.18661,-0.053599,-0.0038985,-0.041759,0.0068089,-0.0039497,0.003719,-0.0058725,4.8719e-15,-3.8715e-15
-311.99,-50.049,-103.59,-82.501,-22.685,-9.8077,8.0437,-5.1439,-15.44,-5.6966,-17.105,9.4113,-1.6277,-8.7274,-6.7989,-2.7354,2.7977,0.76775,2.1813,2.559,-1.2314,0.486,1.0015,1.448,-0.75594,-2.2556,0.0061991,-0.17062,1.7176,-1.211,-1.1752,-4.1638,2.2476,-0.44289,1.6776,-0.92532,2.3252,0.90976,-2.0282,-1.4931,-1.8237,-1.7666,-0.1119,-0.50082,-0.28296,-0.3251,-0.14285,-0.22084,-0.028042,0.0069717,-0.0069069,0.0091256,-0.0025842,1.2733e-14,-8.1184e-15
-294.3,-41.329,-82.835,-15.187,-66.498,-5.5071,11.114,-0.97251,-10.122,0.79568,-3.7048,6.5801,5.7545,3.5925,1.7102,7.6576,-7.1559,-1.8419,1.8223,-3.6924,0.37409,-0.088877,4.6811,5.0077,2.041,-0.62929,-5.2023,-0.8663,7.1828,-2.0078,1.4301,-2.8177,-2.0412,-1.32,0.38274,1.6829,2.6455,0.033575,-0.80977,0.84013,-1.4973,-1.1822,-0.96979,-0.4997,-0.37813,-0.21459,0.01738,-0.023174,-0.0068675,0.016206,-0.00030227,0.034028,-0.0041652,3.9973e-15,2.6421e-15
-340.16,-24.886,-101.97,-1.9773,-17.156,-20.607,-0.58344,-3.0816,-0.9868,-2.1282,2.5818,-11.104,-12.458,-4.9268,9.9449,-7.6863,0.43384,2.6328,4.5907,5.7154,-15.182,-0.9295,-7.1868,-1.0711,-1.4514,-7.1234,-1.3475,-1.2181,7.7623,-0.82373,-6.7212,1.5463,-0.63715,-1.3181,0.76559,2.4762,1.3368,0.89899,-2.2352,-0.36365,-1.1746,-0.55004,0.28797,-0.31307,-0.21464,-0.17319,-0.20921,0.010171,-0.046085,0.026993,-0.020811,0.03788,0.0034497,4.7585e-15,-1.9709e-14
-284.5,12.567,-109.5,8.8793,-42.312,-10.128,5.1726,-12.636,-22.512,1.666,3.352,-13.602,-1.7395,-4.9837,20.355,4.2528,-0.19365,-0.82976,-6.7369,-7.1865,-7.6528,2.6879,3.3371,9.2214,-9.6247,-3.7531,-2.4351,-1.1035,3.9058,-0.58017,-0.76339,-0.86128,4.0194,3.6058,-2.3752,0.70541,1.0817,-0.42449,-2.1334,-0.38111,-3.2257,1.2804,0.24798,-0.56077,-0.39751,-0.0088515,-0.32012,0.06596,0.003077,0.028344,0.00086859,0.023752,0.0010902,-3.1625e-15,-1.0652e-15
-260.35,-10.746,-68.682,-100.05,2.128,2.5024,4.4158,1.4282,1.6962,-2.9176,-0.74697,-0.8116,3.4836,8.5297,6.9002,4.2133,12.061,-5.4592,2.3211,5.3276,6.1172,8.3347,-0.090046,-1.1391,5.8396,-0.8226,-4.4776,-3.3991,7.7894,-1.8578,0.39798,-1.2934,1.2592,0.049569,0.52127,1.6089,3.8849,0.20785,-0.95911,2.0491,-2.5121,-0.46049,-0.024991,-0.53507,0.14132,0.0054086,-0.23629,0.12867,-0.031746,0.063886,0.0067358,0.027048,-0.0007634,-2.0891e-14,-8.6403e-15
-309.11,-3.1304,-35.081,-27.05,27.785,-0.32041,3.8637,4.0813,-2.966,-1.8934,5.6831,7.2913,3.1085,2.0568,1.6214,4.9862,5.4068,-11.834,2.6847,-0.99282,0.4112,1.0767,1.0212,0.99569,-0.41344,-2.4623,-0.13918,-2.4512,0.9949,-2.4614,-1.5004,-3.0995,-0.27345,-1.0657,2.086,1.3355,0.1045,1.4076,-1.72,0.10128,-2.9859,-1.338,-0.51335,-0.45413,0.17294,0.13526,-0.2119,-0.030823,-0.029587,0.032603,0.0059183,0.035823,0.00098568,5.8102e-15,3.8202e-15
-266.22,-62.901,-130.71,-50.361,-67.182,-1.0276,-3.3092,-26.119,-12.474,7.7847,6.0368,-3.3011,3.8511,-3.0274,-0.81847,4.7632,-13.165,-8.4299,1.2883,-0.53504,7.1885,4.5472,-2.4025,7.8991,-12.29,4.9049,-2.2431,-2.0387,4.4647,4.0513,0.0036461,-0.28154,-0.69911,-5.5886,-0.4515,-9.5021,0.64445,-0.17761,2.222,-0.45849,-3.6432,-2.0422,-0.43504,-0.69224,-0.15502,-0.093116,-0.22036,-0.34337,-0.029396,0.04091,-0.016468,0.0070313,-0.0080555,-1.8844e-14,2.1938e-14
-325.37,-8.9301,-97.38,-44.112,-7.1682,-10.303,3.5263,6.437,-4.2782,1.3989,8.1712,-11.965,1.2867,-0.62758,7.1588,3.2562,-4.1555,-9.1561,-4.6647,5.2744,-0.92599,2.8799,13.966,0.13555,-1.864,5.9802,1.356,-0.30061,0.094842,-6.4843,5.5692,-1.4202,1.301,-4.1226,1.623,3.2842,1.1611,-1.8958,-3.3755,-0.13421,-2.8629,0.033749,-0.29818,-0.07314,0.17847,0.18862,0.19519,0.1181,-0.032836,0.016085,0.0050153,0.022906,-0.0065276,1.9608e-15,-4.5837e-15
-320.86,-26.918,-101.71,-12.721,-34.619,-25.329,15.102,-3.2298,-8.2423,3.4995,0.83437,3.5691,2.8181,-5.0277,-3.4256,-2.7616,1.2938,-7.0985,0.1903,-7.563,1.1677,7.093,-1.2194,-1.4389,-2.5531,-4.2263,1.739,-3.7738,-2.7193,0.48116,-0.52359,-6.137,1.6164,-1.2569,0.77475,1.3334,1.3413,0.071866,-1.2277,0.73574,-2.6627,-0.43495,-0.45396,-0.60592,-0.16978,-0.13841,-0.19726,-0.04891,0.0060017,-0.035618,0.0015757,0.055213,0.0021533,7.1745e-15,-8.5062e-16
200.62,289.12,255.42,-1.8326,41.066,-8.5377,30.618,-19.923,3.706,-22.748,-30.942,-5.9267,11.936,2.6119,-7.3363,1.6897,-6.4776,-27.928,4.1781,8.6789,-5.9604,15.596,-3.5002,-1.4838,-6.061,3.5019,2.8128,-0.29136,-4.4711,5.3377,-3.7418,2.2509,6.6738,-2.2726,-3.0077,2.6284,1.653,-1.8028,1.9528,3.2755,1.3814,2.3047,0.51849,-0.090443,-0.10476,0.13042,-0.025657,-0.0077679,0.011341,0.0030051,-0.040964,0.029735,-0.0083099,-1.9348e-15,5.5949e-15
26.896,258.72,194.25,-89.396,30.983,12.984,2.3682,-40.392,1.499,4.0317,27.243,1.2613,0.88261,-10.747,21.892,1.3674,-9.0027,-3.5256,6.2963,16.496,15.586,7.4849,15.673,13.191,-7.2533,-0.081422,-0.21529,3.1172,-2.3905,2.1163,-8.6151,5.2981,-1.7507,1.5172,0.27782,-0.33156,-3.1177,4.7605,-1.2666,1.9484,-1.197,2.071,0.19461,0.3941,-0.42024,0.16737,0.22339,0.3259,-0.076064,0.0043983,-0.056991,0.00021757,0.0018413,1.1341e-14,-4.1138e-15
-19.596,137.46,222.56,-93.439,-56.25,37.215,9.0597,-21.879,9.3361,-12.807,-12.732,-7.7589,13.183,3.4077,-3.19,3.5763,-6.9694,-3.5714,-4.893,1.6016,-3.5679,-2.2569,3.697,1.2643,-0.99058,-4.8318,8.2637,2.0055,-5.5285,-9.6001,-4.6585,-5.2993,-6.7467,-2.2476,0.79741,-0.20012,3.6663,1.7578,-2.1421,1.1751,0.9754,0.21903,-0.41732,0.41137,0.079712,-0.10357,0.2378,-0.16794,-0.070975,0.062739,-0.019024,0.011507,-0.006321,2.5676e-14,1.9814e-14
-45.799,229.49,156.29,-6.2079,-40.66,22.122,14.858,4.6039,-17.544,2.47,-14.538,3.5836,10.745,11.48,-4.578,3.2499,-2.5832,-10.789,8.6093,12.078,-1.925,5.3225,-5.0809,1.7517,5.2812,1.8574,2.0038,1.1906,-2.9292,3.1226,3.0969,5.1455,6.6165,0.81894,-3.141,0.71166,-2.5325,0.88936,0.44417,-0.63461,-0.13175,-0.18226,-1.0123,-0.32604,0.07703,-0.081961,0.35655,0.1605,0.015919,0.06017,-0.021235,0.064113,-0.0042977,2.3307e-15,6.7349e-15
94.873,367.42,5.002,-104.33,63.048,60.408,24.492,-36.425,-1.5818,-12.724,-11.235,-9.2188,-6.778,17.177,5.1972,9.9779,5.2327,-10.248,-9.5272,-4.0954,-0.39793,1.5366,-3.8352,3.2647,1.2685,2.7859,4.0591,-1.6837,-2.9757,-6.0475,-0.45352,0.57951,-5.3129,1.0041,0.66939,2.0479,1.834,1.5438,0.51895,1.3489,1.0708,-0.18838,-0.6762,0.4307,0.025822,-0.031753,-0.22911,-0.31772,-0.084087,0.056853,-0.020136,-0.040532,-0.0055589,-1.692e-14,-2.1164e-14
71.28,250.98,61.854,-37.068,60.351,12.251,25.156,9.857,-1.8009,35.013,-31.329,-0.026848,2.0762,9.496,-0.81279,0.26701,-4.459,-6.8273,11.194,0.63842,-0.75903,-13.107,13.277,5.6772,-2.678,1.1229,-0.40735,3.5824,-2.3854,1.7567,-3.8209,-0.15179,-2.6449,0.11499,1.2955,-0.83522,-1.7779,3.7162,1.4501,1.4291,0.48255,-0.72493,-1.3082,-0.040538,-0.59897,-0.23526,0.10862,-0.26519,0.1557,0.067549,0.011289,0.027448,0.0046181,-1.7461e-14,4.217e-15
240.19,143.01,406.98,-121.27,-53.696,13.032,-52.772,80.096,-44.628,-26.964,0.0084459,12.839,-14.69,11.712,8.1476,1.1956,5.211,5.881,4.8743,-3.7998,0.80717,-6.0419,-1.0834,5.4244,-0.34656,4.0998,4.0091,2.013,-1.2037,-6.9642,-0.51298,-1.2464,-2.337,-0.88128,1.5514,-1.3753,2.8862,-5.1132,1.9822,-1.2373,-1.8477,-0.082857,-1.783,-1.87,-0.36163,0.61171,0.48729,-0.13955,0.025606,-0.016479,-0.13707,-0.037671,0.0073278,-8.4058e-17,-7.5161e-15
12.045,224.48,300.92,-117.45,1.6442,15.553,7.81,-21.018,0.62899,19.054,4.4226,-1.7185,7.314,-27.514,-9.2001,3.7852,6.6796,3.9372,-1.0576,-13.338,-4.6836,-0.2799,-3.8403,1.2041,2.494,0.31802,6.893,1.262,-5.0315,2.1756,-1.3671,-3.1194,1.2211,-1.3141,-2.0957,-2.9307,-0.64759,2.1011,-0.83185,2.4438,-0.93566,0.72051,0.44583,-0.17691,-0.33487,-0.10966,0.058626,-0.18947,-0.011022,0.068549,-0.006625,0.062416,0.009085,1.0386e-14,9.4365e-15
81.372,182.27,375.07,-45.97,-29.361,-38.882,46.218,-30.269,-9.6218,7.4481,24.078,11.826,-13.828,6.7668,7.9663,-1.6248,-36.548,24.887,-2.4162,12.94,-1.8589,0.96158,-14.899,-5.1488,-18.902,17.803,3.7857,-6.191,3.0376,-0.16447,-3.5669,-1.8698,-1.447,3.6049,1.003,-0.31961,2.2466,0.44578,-0.9653,-0.80964,0.057462,0.27204,0.6823,-0.29025,-0.15878,-0.1151,-0.0072747,0.084844,0.014649,-0.036979,0.02096,0.0084366,-9.16e-05,-1.5493e-14,1.1715e-14
-58.981,191.92,238.07,-144.37,-45.391,11.896,-18.44,29.277,-13.361,-11.045,-0.90199,-8.9894,-0.98848,3.4282,-11.689,2.4185,-6.2739,5.4487,6.3453,9.534,-8.6835,-16.905,1.7862,-9.653,-0.12003,-5.1194,1.2868,2.6741,1.4266,-2.4692,-3.5118,0.83807,0.76225,-1.2792,-1.4023,0.08317,0.60018,-2.103,0.013601,-0.59178,-0.47388,-0.62796,1.0202,-0.10514,0.11767,-0.139,0.38336,-0.055717,-0.0043681,0.035193,0.0075218,0.0090543,-0.0066701,-1.5326e-14,1.2667e-14
-155.22,79.908,189.3,-28.932,14.186,0.39503,21.926,-15.849,5.9321,10.799,-25.833,-6.4843,7.7624,-2.8715,1.2185,4.5421,-6.286,7.2927,-1.3536,-18.147,-1.4261,-1.6599,1.1277,-0.70261,4.6423,1.9031,-2.7292,1.6965,4.8208,-0.20173,1.4029,-3.3325,-1.6891,-2.1996,-0.42826,0.16936,2.6608,-0.79724,0.16831,0.3396,1.1084,-1.1977,1.2836,0.089008,-0.32034,-0.29102,-0.094536,0.31056,0.14106,0.096286,0.037326,-0.020417,-0.0034165,-1.3485e-14,3.5974e-15
10.147,208.32,182.01,-110.88,56.877,-1.8459,-26.05,20.37,-3.6503,-9.3026,5.9484,-24.173,-6.7126,10.42,3.1546,1.6278,14.358,-4.6863,1.6708,-8.2092,6.5175,-1.5438,-2.3793,0.44355,0.55171,2.9352,-2.1048,-3.7815,2.3269,4.6542,0.93565,-1.5352,1.5445,-6.2092,-3.471,-5.4239,-3.5602,-1.257,1.1501,0.58965,-0.7875,1.5778,-0.3813,-0.71304,-0.027439,0.18412,-0.23832,-0.030017,0.06549,0.0069063,0.045781,0.050491,-0.003757,-8.9955e-15,9.6447e-15
83.478,486.04,-30.742,-266.22,122.35,8.255,12.313,-26.573,4.9862,9.2961,30.054,-10.953,0.54607,-32.481,-0.8156,-6.5577,17.594,-5.8845,4.1132,-1.2208,-7.8925,-2.5922,-14.647,-9.798,8.2291,2.3709,1.8001,-2.8492,9.6598,0.34495,-3.5129,-0.8457,3.1775,-1.0623,-1.2394,2.251,-1.3501,-0.77885,-4.5263,0.68086,1.0617,-1.5906,0.59194,1.0526,-0.065528,0.067434,0.21145,0.28593,-0.016587,0.032067,0.0070606,-0.052586,-0.0006186,-1.3417e-14,-4.0945e-16
-91.856,149.51,256.49,36.57,67.31,23.618,-17.998,21.15,-10.341,3.3819,0.13907,-2.9662,12.411,-8.5314,-12.658,14.64,0.68805,-14.606,13.517,4.8007,-4.2095,-7.7907,8.4807,3.5815,-4.8891,-3.6516,2.4979,3.0004,-0.421,-2.3722,-3.1098,-1.5346,-3.9325,-0.068752,-0.49394,-0.3121,-2.3368,4.5495,-0.56953,1.9983,-1.9153,-0.87487,-1.4308,0.23286,-0.18493,0.21252,0.19702,0.35971,0.046983,-0.033372,0.013692,-0.050529,-0.0015981,3.2701e-15,-3.6084e-15
50.43,337.97,6.6687,-141.09,160.11,-15.352,-6.8751,3.4761,6.3854,12.034,-31.536,-3.7646,9.0528,-21.496,-6.4918,-3.1589,-4.1088,-3.3148,-12.342,12.476,1.1337,-6.1113,-2.7787,0.58963,3.1718,5.8467,-25.666,-10.551,-11.702,-7.3923,6.7211,8.1601,1.3349,-4.2644,2.2361,-7.667,1.0872,-1.5215,0.72325,-0.22708,-1.5943,1.2518,0.16991,0.75045,-0.079672,-0.10866,0.77563,-0.023748,0.042517,-0.055025,-0.017838,0.017104,-0.0020594,-5.9771e-15,5.1142e-15
-7.5131,235.5,181.25,39.474,89.709,-23.692,20.373,16.075,-19.298,-4.7434,1.8683,25.728,-0.85918,12.768,9.072,1.5224,2.4149,-0.13952,-3.271,-3.2166,-3.5332,5.0268,-14.915,-7.5359,3.9334,2.9644,4.5819,-4.0966,-7.6055,-2.0288,-0.89352,3.4801,1.5041,2.9486,-0.98774,0.73732,1.1647,-0.57622,0.20349,-0.57969,-1.7348,0.76367,-1.4634,-0.6632,-0.025897,0.060571,-0.38537,0.21595,0.030043,-0.050686,-0.0065498,0.097086,-0.0016392,-8.4052e-15,-1.9785e-15
-91.043,250.02,137.69,-75.199,-43.904,0.67109,7.8717,-0.72727,-14.375,-8.7638,-15.451,13.83,5.1495,0.77336,-7.5496,-0.040832,-1.7308,-4.311,-3.5874,2.4302,-4.0081,2.1501,-0.88221,0.62054,-0.73051,0.36101,-3.0629,1.5596,-0.0045365,-0.15856,-0.69701,-0.39538,0.28888,0.15078,-2.0655,-0.15089,-4.7167,1.5966,-1.1357,-2.7488,2.0344,-0.19659,-0.20324,-0.23074,-0.28624,-0.3148,0.22397,-0.021012,0.031129,-0.055748,-0.0023318,0.054332,0.00038424,1.6467e-14,4.1941e-16
-113.95,62.212,42.38,-58.888,25.86,-17.988,-7.8778,10.367,-10.328,-9.1825,-1.7142,1.4602,-11.061,-17.004,-13.552,-1.7723,2.7274,-0.80921,3.0656,-6.4055,-2.213,0.5485,0.73622,3.5542,-1.9903,-1.3265,4.9474,-1.0417,2.0317,-1.7246,2.2592,-2.1568,-1.0754,0.95938,-0.25924,-0.31843,-0.26143,0.43732,0.77447,-1.2497,0.91671,-1.6016,-0.2332,0.40908,-0.011914,-0.45724,0.27097,0.65972,-0.0025772,0.18009,-0.021926,0.0078474,0.00039821,-1.2893e-14,-2.1315e-15
-114.4,102.72,169.68,0.40963,18.375,-15.805,3.6267,29.787,-22.457,-4.9571,-3.9406,4.7532,-5.1789,-5.6098,-16.394,-2.9057,-3.3915,4.5969,-0.25577,-5.36,-2.6545,-1.2999,0.82954,4.0927,-1.1983,-1.8177,4.0295,1.2811,-3.491,0.56859,-1.4287,-3.3099,-0.70774,-1.5286,-0.2784,0.13584,2.2858,1.5395,2.2403,0.11332,-0.93168,0.62831,3.8355,-0.53969,-0.30373,-0.3117,0.025198,0.36,0.01282,0.059237,-0.016842,-0.00058507,-0.0032272,8.4523e-16,-1.8813e-14
-38.008,284.11,37.158,-109.91,-20.35,-5.3344,17.14,-32.319,-24.415,14.104,18.058,-3.4626,-36.107,7.7913,1.6735,-5.5615,-29.547,10.436,5.9813,7.3653,4.4122,6.3952,6.377,-5.0471,5.682,-3.1521,-3.0144,19.731,-4.4564,-4.3601,10.451,3.674,2.3024,-4.6613,0.88118,-0.0097565,-3.7301,-0.22619,-1.0416,-3.7439,1.447,1.2135,-0.0047025,-0.39398,-0.82571,-0.24688,0.046452,0.088063,-0.017165,0.081283,0.0038113,0.0075802,-0.0030107,3.1297e-15,5.2321e-15
-242.49,-14.238,5.9343,82.684,-26.85,-23.17,-1.8987,-14.934,5.3499,-0.66846,19.821,-6.9342,11.414,0.14926,-0.19801,3.4919,-17.752,11.217,4.7399,4.6589,0.60902,1.54,-6.2876,-6.863,-5.8383,3.2067,-3.2034,0.29988,-0.3963,2.7206,2.8723,1.91,-8.0966,-1.6596,0.24591,-9.6136,-2.7132,-1.7296,0.71747,3.169,-1.4858,-2.2017,-1.2979,-0.074678,-0.049003,0.25645,-0.67522,0.033665,-0.036587,-0.11037,0.0014016,0.00023969,0.00029397,6.6451e-15,-1.0618e-14
-111.36,6.8065,130.29,260.18,74.321,-15.546,-19.108,10.714,22.67,-4.9393,7.4797,4.1388,4.6369,-13.792,-22.216,0.02179,-2.4802,-1.1552,1.348,7.7402,-6.8799,-2.9254,9.9132,-0.033165,-1.1665,1.5909,-1.1587,-10.474,-1.891,-6.9643,3.4237,3.7818,7.137,-3.3822,3.5907,1.0574,-0.49629,0.094517,0.98858,-1.0493,-0.10151,0.69087,1.0507,0.336,0.42859,0.62265,-0.33359,0.38035,-0.072202,0.044407,-0.025941,0.01302,-0.0090948,-1.4093e-16,-2.7613e-14
-46.354,0.45553,73.875,236.53,-120.35,-26.793,4.1887,-13.36,6.1893,-15.561,3.4902,20.918,19.162,5.876,-9.9355,1.3056,-12.032,-3.4903,-3.3704,0.088782,-6.1427,5.835,-1.9455,-0.68552,-1.3726,-1.4444,0.47246,1.3164,-4.7341,-0.068909,-2.1173,-3.2629,-0.28123,-1.3483,0.399,1.8989,0.5345,1.7765,2.1154,-0.10852,0.34237,-0.54156,-0.80359,-0.005904,-0.19487,0.024394,0.051564,-0.0059215,0.16303,0.029129,-0.0048601,-0.027118,-0.0024154,-2.8681e-14,8.0852e-15
-127.65,43.344,60.698,178.5,-152.2,-25.325,-2.9783,-2.5464,9.927,-8.4215,3.7367,-1.0909,13.977,-9.1018,-12.054,-3.5496,-9.7355,3.0064,1.6053,-4.6744,-0.58528,8.5144,-2.4657,0.6421,1.3578,-0.89819,2.2251,1.8418,-3.683,1.4446,-2.2887,2.0288,-2.7526,2.6422,1.7678,-0.012096,-0.60046,-2.3579,0.9786,0.080727,1.5762,-0.53983,0.95278,-0.31772,-0.65162,-0.33371,0.28738,0.044628,0.047792,0.027522,-0.052159,0.011303,-0.0066911,5.612e-15,2.1809e-15
165.79,-241.27,137.38,115.25,15.054,-25.702,-44.02,-7.7671,-5.9157,47.313,-18.099,-16.843,-1.0593,-20.361,25.654,-0.15087,13.537,14.657,5.5979,-0.37085,-27.827,1.102,1.8786,14.881,-6.0153,3.909,-8.4882,-0.81998,-4.4783,-5.3447,1.5309,2.1903,1.4546,1.305,4.9502,3.9798,1.2938,1.4434,0.53105,-4.7056,1.1061,-1.2163,-0.12167,0.44529,-0.18,-0.20923,-0.28615,0.34986,-0.030026,0.042315,-0.049702,0.054353,-0.0065498,1.2242e-14,2.6104e-14
189.46,-61.431,260.36,168.05,-45.724,45.687,-27.313,-16.446,25.706,-17.588,28.404,-13.852,7.9729,7.2043,-7.5533,3.9696,2.7617,-4.0708,-4.4825,-6.0458,0.25534,-10.016,6.1056,-3.5171,-6.7707,-4.4226,0.33846,2.2434,-1.8115,-0.22783,-8.3905,-0.66872,-1.1707,-2.6516,5.9158,0.23306,-4.4129,3.1042,-0.2162,-0.028553,-1.8362,-0.2819,1.1538,-0.38742,-0.32093,0.56027,-0.21543,-0.070816,0.091251,-0.06322,0.031262,-0.029069,-0.0082932,-2.6341e-14,-5.3712e-14
489.67,-331.44,299.73,42.367,-88.965,51.818,17.991,-32.194,14.131,18.05,7.2665,14.539,21.552,17.599,-8.4343,-14.154,6.9275,-13.793,6.9218,18.71,2.7969,9.693,1.6494,2.928,14.414,3.1639,-6.4591,-0.52933,12.908,4.5461,4.6178,4.1885,1.367,-1.2326,3.749,-0.47977,0.90952,1.5171,-0.23586,-0.5981,0.37508,-2.1311,1.4785,-0.60525,-0.21489,0.36139,-0.52409,0.090087,-0.07837,0.088853,-0.027113,-0.023507,-0.020983,-6.1311e-15,2.8384e-14
-499.42,-37.481,-156.05,-72.071,-41.731,-3.5192,2.986,-0.53562,-21.783,7.3808,-21.155,9.7708,-18.445,-19.369,-2.9961,-16.232,5.2247,13.609,-7.7732,1.2869,-0.82566,6.3163,-1.6703,0.79175,-1.986,-2.7567,-0.51501,2.1283,-2.0334,3.6884,-2.6348,0.45414,-3.966,2.7812,-1.1056,0.55043,1.4945,1.3288,3.0394,0.98343,2.947,-0.89314,-0.62022,-0.252,-0.6252,4.2355,0.99936,0.01114,-0.036056,0.049209,0.20449,0.054446,-0.054061,5.9673e-16,-9.9753e-16
-177.3,124.6,26.83,100.75,51.823,-11.168,13.163,-8.2433,13.739,-11.313,-3.3264,14.743,10.52,-3.3555,-5.5935,5.237,6.5011,-0.11177,-3.2977,13.151,-2.7435,-4.0453,3.9034,1.2499,4.171,-0.89596,-5.6038,4.5401,6.7824,-3.9096,-2.536,-9.4745,5.4084,4.117,-2.8481,-3.4027,0.51175,-1.9403,-2.6146,3.8804,2.3629,-2.3837,1.4745,-0.12427,0.053788,0.024539,0.36156,0.095088,-0.02208,-0.044582,0.007672,-0.054065,0.00010512,9.7375e-15,1.0306e-15
37.963,28.827,203.36,174.6,27.177,-15.176,5.6803,-9.2496,-5.8697,13.686,-14.503,-39.477,-3.3466,26.017,23.112,-11.251,14.121,7.7173,-20.864,-0.23921,-33.826,11.051,-15.922,19.058,-6.2915,-16.541,2.4633,2.5758,-0.8992,1.7542,-2.0474,1.6961,6.1888,-1.8997,0.6977,5.0452,0.07249,-1.3898,-2.3898,3.6474,0.7787,0.43336,-0.27589,-1.0548,-0.32282,-0.40412,0.75273,-0.21963,-0.047664,-0.10372,0.0469,-0.069047,-0.001017,6.4483e-16,-1.9665e-15
-130.48,13.175,112.81,154.38,83.306,-8.4937,-10.782,-1.9807,32.96,-23.988,-14.102,5.1944,-20.4,0.83344,20.516,-17.28,17.58,2.6309,8.8766,0.89326,8.5163,-9.1475,-9.6712,6.89,14.676,15.829,-1.1757,1.3046,-3.4858,6.9685,-3.0989,-3.451,-1.1563,-0.78318,2.8409,1.7555,-0.8376,0.44136,-0.93964,1.4549,0.45288,-3.2608,-1.9206,0.055923,-0.21224,-0.017069,-0.29388,-0.13036,-0.027811,-0.080067,-0.048471,0.060163,-0.0054626,-9.4386e-16,2.2868e-14
6.1336,-63.688,-111.76,72.304,82.301,-6.056,6.1029,3.216,11.961,15.529,-7.0507,-0.88159,5.1761,-1.6754,2.5524,15.558,6.928,8.6351,9.4545,4.4707,4.31,4.5899,-6.1522,-5.8653,4.132,2.2024,2.132,0.94012,-6.7112,2.1967,-0.40191,8.5431,-3.0464,4.1531,-1.4098,-0.57156,2.2541,0.36773,-3.4489,2.8626,-1.7594,-2.8008,0.35314,0.32403,-0.39249,-0.128,0.45431,-0.087332,0.14318,0.097719,0.0024902,-0.04118,0.0039576,-3.3252e-14,1.4235e-14
-180.22,85.95,-82.423,135.05,77.284,6.3651,-16.55,-25.835,11.171,-5.3669,10.929,2.9537,1.5277,4.8291,35.074,4.3287,28.096,-0.80288,-1.279,-14.904,14.721,4.4532,-11.187,-10.343,1.122,2.2459,-1.9227,-7.4409,-0.86899,-1.374,1.1453,-0.98702,0.10837,-2.6705,-1.956,-2.6681,-2.7304,-1.5883,2.9914,-0.29524,-1.2872,-0.82843,-0.25127,0.37775,-0.16345,-0.49259,1.9033,0.34784,-0.027814,0.1035,0.0072153,-0.012548,-0.0036307,-9.3349e-15,-1.1537e-15
-198.9,51.475,64.167,92.802,69.838,17.508,-47.648,19.652,-4.8736,2.1727,-8.1439,3.8091,1.9463,17.504,13.013,-0.12518,-2.7605,-12.033,-3.7331,-0.43766,19.216,3.2857,-4.9778,-5.9213,0.23809,-8.8565,-6.5322,1.4348,1.0056,2.7765,-4.7651,-1.2122,-2.2579,3.4179,-1.868,3.5763,-3.8962,-1.9668,-2.3305,1.0586,2.0927,-3.2907,1.5812,-1.3851,-0.54825,-0.27745,0.17275,-0.35704,-0.057372,-0.076217,0.02486,-0.01359,-0.0021087,2.8562e-14,-6.4057e-15
-106.27,40.403,11.248,84.411,52.185,7.5207,-37.271,35.309,11.121,-7.1278,17.133,22.881,-7.2726,1.0287,-1.4734,0.44865,6.7955,-1.7316,8.9788,-2.7093,-3.3914,10.975,6.1869,-11.138,-10.799,-7.9516,-4.4588,-0.29377,0.49893,-1.4769,-0.48959,5.1386,-0.8538,0.72487,-7.2226,0.85148,1.1157,0.42665,-0.57998,-0.75511,0.66778,-1.7495,1.2518,-0.18798,-0.27745,-0.29019,0.48754,-0.044353,0.029865,-0.059127,-0.022669,0.0089988,-0.0054243,-1.8304e-15,1.901e-15
-80.724,85.145,-28.568,142.34,34.975,-11.686,-12.057,-6.0869,26.992,4.4524,22.581,8.5433,-21.122,11.811,-2.1511,2.2881,-3.5715,12.999,3.9916,11.949,8.5963,-2.7939,3.409,13.792,-18.019,10.227,3.6668,-4.3072,2.1343,2.4783,-0.68984,-4.7367,0.80146,-1.7281,3.0189,-0.16633,-3.5424,0.28304,-0.12972,4.0259,1.8569,-1.1786,0.1398,-0.31607,0.27611,-0.097301,0.76736,-0.4046,0.0053759,0.15914,0.018522,-0.019315,0.010539,7.1842e-15,4.9717e-15
-46.053,-10.774,-61.009,169.31,61.86,13.327,-5.5551,-3.0187,23.823,-21.801,10.11,-3.3919,-17.757,6.1004,2.4506,-7.327,3.6958,-6.9555,2.9656,2.3338,3.4448,0.85459,2.3579,-2.2039,3.6274,4.2603,0.49567,26,-7.0634,-7.0162,12.035,-0.33225,2.2017,-2.6865,1.3365,-1.2569,5.3217,0.093416,-1.1283,0.94505,-0.94932,-0.78429,0.33757,0.32176,0.21333,0.22332,0.14065,-0.083795,0.021734,-0.066896,-0.034226,0.0072477,-0.0094765,-6.0932e-15,2.0404e-14
-23.449,-5.548,-78.11,115.12,56.72,2.9793,-8.2227,3.4295,-25.28,-12.151,-1.376,-10.413,0.07305,-6.3496,-6.7992,-5.6892,4.7629,-4.7323,-10.605,5.2437,-6.8986,3.3631,13.351,-4.6434,1.2446,18.105,2.2808,4.8957,2.9215,0.080646,-2.656,-2.2096,9.9931,15.554,-3.5129,-8.9128,2.6965,1.9093,2.0438,1.3933,-0.71892,-1.829,2.5838,-0.30298,-0.57022,-0.22841,0.22065,-0.53152,-0.070892,0.09141,-0.059318,0.032141,0.0031248,-1.5612e-14,8.9958e-15
-130.12,93.317,-55.836,8.5081,53.876,10.624,1.7302,-15.812,12.41,18.467,19.563,-1.0131,4.0337,-2.9544,-10.725,5.3651,9.4942,2.1036,0.5363,-2.748,1.0827,8.8761,0.63715,-7.5348,0.04772,-3.1257,0.13122,13.826,-6.5165,-0.27124,11.445,0.60403,3.7829,-3.6881,-0.81319,4.3886,-3.6624,2.1647,1.225,0.12849,0.10595,-4.3902,-0.77681,0.36904,0.06751,-0.056052,0.011389,-0.14692,-0.053682,-0.043028,0.0081581,-0.0083149,0.0061649,-5.6433e-15,-2.8433e-14
-173.22,98.727,-21.034,71.434,-0.9471,-4.7496,-22.42,16.825,30.757,-3.7776,8.9746,12.112,-1.8457,2.4212,0.0032632,-2.7224,-5.001,-3.1051,6.0659,-10.437,-4.8672,-3.1411,-3.266,8.5726,1.8187,-0.51792,14.17,-3.532,5.737,-9.8671,4.6317,7.3755,2.0212,0.53739,-1.7075,-3.4218,-0.085144,-0.87656,-1.2174,2.5279,2.4279,-3.58,1.1916,-0.29419,0.2374,-0.23066,1.1871,0.063879,0.021243,-0.099633,-0.022812,0.049388,-0.012598,5.098e-15,-7.023e-15
625.04,7.5192,-6.7568,49.388,88.922,9.8563,-105.34,8.0991,-14.056,36.347,-15.22,21.232,-12.577,-18.358,-5.1405,4.6879,-39.252,-28.902,-18.634,-12.424,16.486,-6.428,-22.844,6.6631,4.3589,-5.4089,-12.325,4.0048,-0.60289,0.8286,-1.1073,-6.0159,3.2813,2.5112,1.0692,3.6458,0.30679,4.6533,-1.0388,-0.33575,-2.2213,-0.44094,0.3454,-0.0032413,0.4741,0.072547,0.094508,-0.1197,-0.047483,0.031175,0.020517,-0.0058099,0.0043377,6.3159e-15,-1.0578e-14
899.61,213.88,18.411,-4.5554,137.09,22.987,76.469,47.095,34.108,-20.316,-7.8803,1.6263,6.2383,-26.315,28.889,-10.341,-10.22,-7.4443,-18.826,0.15526,-4.8213,-7.5988,5.0681,-6.6457,-11.631,-16.886,3.6422,-4.5115,4.6475,9.5247,16.452,-5.796,-3.0457,1.2483,5.6966,-1.8296,-0.30411,2.9644,0.77698,-1.0107,2.4016,-2.4174,-0.081683,-0.43809,-0.0036782,-0.075006,0.059066,0.1053,0.013055,0.030006,0.015684,0.054651,0.0068326,-1.6327e-14,-7.7965e-15
587.38,243.14,-205.81,5.4481,23.899,7.0494,-0.80829,30.938,43.421,-14.3,-23.46,-6.7039,6.7608,-5.063,0.79765,32.566,-9.7173,30.112,4.6182,12.006,-8.0501,12.364,-9.6658,6.5535,11.852,12.19,-5.3499,6.2471,6.4552,5.2193,-5.6703,0.64574,0.9257,-4.1313,3.3728,2.1528,0.9233,-0.38056,-0.18708,0.66637,0.38359,0.085373,0.091008,0.43144,0.45072,0.069293,-0.19031,0.40436,-0.027449,0.00029275,-0.016835,0.012528,-0.010001,1.0256e-14,-3.7102e-14
564.47,-70.683,-98.879,-31.484,-32.907,10.725,31.521,9.8964,7.2002,33.58,-29.289,-8.0429,-4.043,14.961,1.3526,-7.5268,-1.3779,-5.8189,4.5293,-9.4316,4.6396,10.774,1.4463,-7.8136,-7.3388,3.5337,-3.7302,-0.2334,1.6527,-0.93583,-3.5164,3.6485,1.1334,0.048769,-3.7631,0.50035,-4.119,-0.88424,-0.73513,-4.0929,-0.035369,-1.5669,0.57495,0.30824,0.43227,0.68502,0.60168,-0.0035566,-0.045117,0.015643,-0.13146,-0.023898,0.0082845,4.3818e-15,8.34e-15
399.74,-19.169,-155.19,-44.646,-70.414,3.5041,41.462,24.961,-13.727,34.791,27.777,7.4635,-1.0896,-1.199,0.53159,-7.3992,8.9437,-11.745,-8.0339,-5.1005,4.8396,-14.385,2.4219,2.9005,0.64311,0.33118,0.068811,3.7086,-2.545,-3.8782,-7.934,4.626,-4.3276,-0.52801,2.9471,-0.42152,-1.0562,1.2279,0.087094,2.7559,-0.82582,-1.0041,0.36415,0.066192,-0.54417,-0.069321,-0.01509,0.10066,-0.1087,-0.096732,-0.057503,0.048355,-0.0061716,1.5821e-14,1.3434e-14
405.28,132.17,-65.745,-130.55,-47.338,2.364,2.0335,35.363,-14.21,-5.3368,47.445,9.0511,-17.098,10.384,-6.7403,11.099,9.0233,3.2339,-18.833,-11.208,-3.1874,-6.3943,-4.8245,4.0741,0.23651,2.6933,-2.3471,0.20299,1.0926,2.1648,-2.6995,7.6735,4.6726,-0.90954,-0.26584,0.93819,0.95768,0.29685,-1.3214,-0.73263,1.8395,-2.8055,0.53827,-0.48058,0.20728,0.17869,-1.0952,0.41448,0.18498,-0.011617,0.047503,0.04745,0.0013908,-2.1606e-15,-1.018e-14
357.39,187.52,-119.28,78.011,-119,-33.446,2.2186,-4.8917,14.046,11.768,-23.304,-3.8802,-2.27,19.138,7.3294,-24.314,11.089,-1.006,1.6291,-2.9434,10.78,-2.4467,-3.3051,-6.4411,-2.2745,4.8788,1.6541,-1.0218,-2.9668,-0.6833,-2.0622,3.5355,-2.7279,-2.1296,-7.7275,1.008,5.0253,6.771,-7.2085,-2.2729,0.55084,0.41734,0.21305,0.52231,0.32229,0.058037,-0.37893,0.0074908,0.11159,-0.029484,0.013391,0.06995,0.0053599,-1.7461e-14,-7.1968e-15
274.41,284.18,-147.88,-48.509,-18.407,0.53155,1.5486,-16.122,-17.207,11.675,38.684,31.872,-6.8851,-22.527,-5.1879,-15.573,15.82,-14.779,-2.2559,-16.638,-5.8094,10.896,-13.417,6.3391,0.31124,8.6577,5.6049,0.036684,-0.63259,-2.6164,0.40515,1.346,-0.48051,0.52287,-1.9963,0.99523,1.1114,-2.554,1.0972,0.35584,1.0783,-0.99361,0.20061,-0.4445,-0.31005,-0.10201,-0.93015,0.14503,-0.034365,-0.040417,0.019392,-0.15731,-0.0051475,-2.6959e-15,3.7289e-15
596.2,398.46,-213.52,-45.305,66.142,20.787,1.1248,7.6336,-15.831,-28.848,-37.877,-22.158,-29.807,22.527,-4.0756,10.106,17.017,7.7925,-5.2384,20.99,11.38,-5.4881,1.0827,0.16234,-3.8425,-0.040581,4.5666,-3.7173,-1.5125,-8.8418,0.11183,1.7185,-7.7394,1.111,-0.9614,2.1059,-0.65615,-2.339,0.69295,-1.1636,-1.149,-2.0983,0.17915,0.5277,0.71554,0.16992,-0.90843,-0.36453,-0.10816,-0.039238,-0.043512,-0.019128,-0.015793,1.6514e-14,2.7591e-15
320.07,163.84,-162.28,178.47,-203.73,-33.208,17.986,36.547,-55.318,-8.0271,2.6002,-3.5555,26.381,-28.417,-2.8268,6.4022,-10.297,9.7294,-0.3214,1.3775,5.4358,-2.0074,-3.502,6.0261,4.4893,-2.7191,-2.4835,4.6483,3.6075,-1.4544,-2.3475,-1.2662,-1.587,-2.9246,-4.798,1.8184,0.63556,-0.27891,0.28594,1.5214,0.083549,-0.64106,0.53102,1.6194,4.3626,0.052029,0.39537,-0.60662,-0.07155,0.10821,0.0043967,0.029516,0.010533,-1.3714e-14,-5.8231e-15
294.41,105.98,-66.182,29.268,-88.519,-41.782,2.4848,-15.336,8.7092,37.284,-32.195,27.326,23.237,0.22188,-4.8642,-5.3381,0.46769,4.4898,6.7646,-0.44979,-4.6094,-8.3485,-0.26732,-5.4488,-6.1651,-0.3445,9.6501,-0.35181,-1.8654,-2.0395,4.6137,2.8694,4.7137,0.53013,0.022009,-2.2998,-3.3326,0.1218,0.49957,2.9957,-2.0046,-0.33582,0.10926,-0.21628,-0.33404,0.22719,-0.29309,-0.19625,-0.086039,-0.039838,-0.010744,0.010963,0.0081105,1.739e-14,-2.7365e-15
169.64,191.47,-84.828,-39.416,-35.562,6.6092,-33.401,69.232,-5.3884,-27.387,-9.0029,8.854,3.1153,-8.4781,2.7564,-3.5019,2.3233,6.0736,8.9532,13.047,-1.4042,3.4203,3.313,-2.4622,-8.2026,-3.5082,-5.7304,1.8481,6.5165,4.9218,1.1753,1.2573,-0.46627,-2.056,-3.4393,1.0632,2.8451,1.4192,0.25182,1.1453,1.1142,0.93145,0.89908,-0.67306,-0.15798,-0.38398,0.18136,0.6506,0.001944,0.033673,0.021602,-0.11165,-0.0054306,3.6884e-14,4.1689e-14
519.75,238.07,-92.479,121.84,-89.802,-58.979,-13.986,-5.0793,-5.8826,-4.3508,18.422,-57.381,-17.846,15.256,-27.758,-6.2296,18.739,-6.071,-9.6903,-3.221,15.088,-3.4398,6.8642,-6.2416,-8.2453,-0.74026,-7.0204,-3.0465,-2.2152,2.4808,-2.0973,-5.6492,1.4213,5.7854,3.7578,0.0012415,0.57583,-0.73457,-0.16793,-1.8322,1.6279,1.3305,0.61805,0.06905,-0.73056,0.068027,-0.39554,0.46536,-0.0017087,0.049815,-0.03591,0.10245,-0.003062,-2.1632e-14,-4.0474e-15
479.48,21.65,-4.0644,181.08,92.109,-50.217,24.307,-7.9136,-27.076,-30.007,-21.207,3.5637,-0.85417,-1.6212,3.3189,4.473,1.4699,-18.092,-1.9514,0.057817,4.2265,-3.1463,-0.42223,-2.7636,-6.7178,1.5911,-0.59177,-0.75864,3.287,-4.422,0.2896,-0.72298,-2.8366,-2.2677,1.4282,1.9467,0.22817,0.75419,-0.51505,-1.4366,0.41084,-0.084059,-0.79173,0.29958,-0.82689,0.22611,-0.14236,0.079741,0.046423,0.0040639,0.00046591,-0.042442,-0.0028514,1.1204e-15,6.1044e-15
879.49,85.816,-74.341,-101.2,150.63,-69.76,-24.867,-47.638,-13.836,-7.2851,1.165,41.619,-22.886,23.627,-4.6382,-10.642,-3.5962,6.2337,9.2357,-17.26,-11.299,15.242,35.092,13.101,17.544,-10.971,-5.3811,-3.7375,0.6325,-0.41663,-4.4157,1.5819,1.277,-1.4439,-1.4149,-0.15502,-1.1169,-0.65025,1.843,2.523,-1.9945,-0.45656,0.21185,0.32633,0.42796,0.07458,-0.34257,-0.065994,0.038781,-0.065888,0.044159,0.036201,0.0084798,-1.2605e-14,-4.3889e-15
528.97,95.071,-272.7,101.47,-114.16,-54.431,16.623,19.08,-4.127,46.956,-40.392,-12.288,12.943,-1.4749,-1.9848,-5.8493,-0.82027,10.199,14.154,-1.5558,7.803,-5.1324,-1.0811,-0.60014,1.0385,5.1596,2.6633,2.4493,-1.6564,2.2098,-1.6345,-4.9248,-0.64822,-3.4026,-0.85487,-0.21258,-0.17266,-0.25601,-1.1099,1.8262,-0.57022,0.61132,-0.8425,-0.37536,-1.3216,-0.20679,-0.1794,0.35803,-0.05221,0.016571,0.0073179,-0.071229,-0.0061417,4.2914e-15,-1.3944e-14
940.69,525.29,-208.7,35.195,-105.93,15.734,-19.414,6.0952,35.659,42.373,48.105,29.218,23.743,-0.35592,-4.5751,1.44,28.541,9.4341,-9.6608,12.284,-4.8391,12.692,-2.0675,-12.905,-8.2007,-4.7366,-1.1585,2.7923,-2.0266,-2.0418,-3.0244,-10.649,-3.5892,2.1644,5.4141,-0.095951,1.3591,-2.2959,1.6945,-1.7543,-3.1373,2.1366,-0.6637,0.18729,0.10893,0.11408,0.35559,-0.13418,0.055569,-0.053725,-0.0012929,0.0047491,-0.0034368,1.3314e-14,2.9648e-14
631.83,299.07,-138.64,74.322,-21.199,-15.676,-15.648,-51.604,-18.212,-20.506,22.864,-7.598,-7.2224,-9.8099,54.908,-2.476,-23.805,16.048,27.765,-5.0345,-2.9736,-6.6495,14.298,-6.1599,20.249,-16.954,5.7572,-7.5164,-8.8162,6.0944,-3.5858,-1.4657,3.4464,2.8529,0.95832,-4.2852,2.7121,-0.95556,-0.309,-2.659,1.362,-0.6683,0.30017,-0.087807,0.21631,0.1346,0.16406,-0.088898,-0.055217,0.0078705,-0.016646,-0.062405,-0.010027,1.9383e-16,5.4535e-15
484.54,162.12,-245.04,-41.908,-69.06,-14.765,15.44,0.20416,0.35372,-8.7656,-16.632,-26.237,-9.8702,14.835,-27.021,-18.934,-15.073,-5.6443,-3.5582,-4.4136,-2.3658,-6.3448,1.5005,11,-3.9444,1.9606,9.8064,-1.0107,5.1199,-0.12963,4.4449,7.3134,0.39639,0.56308,2.9528,-1.3253,-3.8239,-0.48555,1.4431,2.8289,-0.32556,-0.1456,-0.30275,-0.14291,0.46731,-0.15495,0.27856,0.30336,0.037621,-0.0039917,0.028078,-0.084662,-0.0054916,2.3646e-14,-6.5745e-15
-150.04,-15.752,128.67,-89.187,-73.338,-3.4135,-32.738,82.409,-27.991,-8.5971,11.171,9.4132,24.625,33.492,14.194,-10.783,-11.492,5.1592,4.2878,-9.6952,0.9641,12.381,-5.2789,2.2207,-0.093588,-2.3336,1.6823,-2.5528,0.077508,2.0932,6.0731,-2.9308,3.1647,-0.39634,4.3001,-1.1752,-0.56087,-0.13232,-1.146,1.4389,1.3517,-0.0036446,0.44659,6.2218,-2.3894,0.31772,-0.637,-0.49181,-0.1569,0.044574,-0.020554,8.9988e-05,0.0043545,-9.4362e-15,-1.3824e-14
-236.61,2.3798,-82.872,-65.5,-18.615,-26.369,-4.6851,7.8705,17.479,-17.015,0.35185,-6.7182,12.38,2.4242,9.716,4.2879,1.0452,-7.9283,1.1844,0.24107,1.8083,0.10089,0.064336,0.23672,1.5621,0.71306,0.6605,0.72038,5.2032,-4.1805,-2.6472,-0.43936,3.5442,3.2267,1.3412,-1.3827,-1.7758,-0.22172,-1.7204,2.6593,1.1243,1.3509,0.55072,3.1501,-0.40346,0.39027,-0.079194,0.21828,0.21551,-0.033045,0.025608,-0.018242,0.0083891,2.54e-14,1.4749e-14
-50.493,-60.319,93.355,-67.663,-34.579,-39.548,6.4657,24.693,3.3161,-0.1094,6.4053,-12.723,-3.4373,-17.379,0.18188,24.036,7.306,-4.4846,5.3155,6.2882,5.2034,8.9905,-0.36948,-4.1559,4.0884,-4.0402,4.0638,1.9195,-5.0848,2.3763,5.3422,1.8923,3.7665,1.4087,-1.2881,1.7974,-0.0093124,1.628,1.7671,0.76117,-1.2922,0.8885,0.53266,-0.73091,-0.14468,0.16056,-0.40352,-0.1121,-0.0036173,-0.021539,0.017179,-0.024686,0.0054835,-2.8643e-14,3.3628e-14
-141,-17.964,-113.89,-65.49,-73.352,-50.863,20.375,9.6617,-4.6047,-4.553,6.4413,-16.885,-7.8384,4.6707,-1.1426,16.575,1.4216,-13.782,-2.5923,-2.3978,5.1073,1.8158,-0.30892,1.4343,4.7096,1.0845,-0.41642,-0.61368,-2.8708,2.4493,2.5532,2.2727,-1.0256,3.4191,1.1157,3.0518,-0.72673,1.5814,1.8193,1.1781,1.4762,0.12411,0.43254,-0.55804,-0.29994,-0.059969,-0.29478,-0.098949,0.041856,-0.036067,0.0092795,-0.018818,0.0035048,1.8023e-14,-1.7888e-14
-88.319,40.606,-39.361,-32.098,-35.012,-28.872,-17.628,10.804,-0.41683,18.361,-16.572,3.1306,-0.80927,-12.814,1.5768,9.1282,7.1995,-7.5023,14.928,-6.6031,0.59684,-0.5252,3.8244,-3.8477,-3.733,1.1945,0.17392,-0.37365,1.372,0.42841,4.0241,-1.7131,-4.7527,3.4429,-2.7471,0.74518,1.9065,1.8211,1.4554,-1.9449,0.60908,-0.47304,0.18888,-0.67973,-0.66568,-0.31557,-0.1703,-0.62308,-0.017662,0.014336,0.014402,-0.054964,0.00107,-9.8357e-15,-3.0146e-14
-92.913,23.387,47.243,14.682,-135.11,-45.617,-4.7561,11.296,23.924,-4.6586,0.81617,-15.941,-12.015,-19.774,-11.908,-5.2842,0.61209,-3.0921,3.5582,-4.4546,2.7167,-9.0441,3.9561,3.7163,2.9793,-0.32165,5.0691,0.13367,4.202,-0.50484,-1.643,5.6982,-0.61242,2.195,0.39794,-0.83901,-2.1478,0.88983,0.54011,-0.59172,0.10085,1.8439,-0.15712,-0.53304,-0.7069,-0.13107,0.017026,-0.4779,-0.088141,-0.028601,0.00069931,-0.017533,0.0013596,-4.7813e-15,-7.0001e-15
-233.81,-11.535,-74.824,6.6634,-84.892,-29.278,0.098108,5.7028,44.35,-7.1046,1.3933,6.6461,-10.512,-12.229,3.8652,2.472,-1.3984,-3.5918,5.5449,0.76582,-2.8992,4.0828,-2.9537,0.39937,6.6628,2.2086,3.652,2.1841,-0.60467,-0.76828,3.2732,1.3545,0.23387,2.3365,2.6652,0.67403,-4.2041,0.095718,1.3354,-2.4244,1.237,1.1788,0.16475,-0.27279,0.22366,-0.043097,-0.11529,-0.098992,-0.055732,-0.01037,0.017133,-0.037415,0.0012818,7.8128e-15,1.2764e-14
-125.17,-57.485,20.77,-83.269,-65.552,-28.569,11.271,10.005,18.339,1.2976,-0.3977,-18.044,3.3498,5.9255,11.262,12.754,-10.584,-20.267,1.3357,-3.923,-0.21619,2.845,1.5696,3.2774,-2.2723,4.8909,-6.7322,-10.442,-13.942,-6.0444,5.0618,0.45327,2.1775,4.4379,4.8388,3.4467,2.9974,1.2274,3.3158,0.7604,2.2955,0.68194,1.1819,-0.28657,0.60792,0.0039383,0.15155,0.10323,0.0065453,-0.058221,0.033433,-0.076839,-0.00538,9.613e-15,-1.7828e-16
-105.75,-6.309,-76.466,-85.024,-22.036,-36.987,-21.45,10.044,31.817,-18.031,1.1872,1.0105,-3.8201,-13.34,11.232,9.2454,1.3556,-13.829,9.5668,-1.3918,-10.322,1.0961,-5.1504,8.1598,3.7874,9.9675,-0.020178,3.3181,-0.11373,4.2941,-1.843,-2.658,-2.4175,1.8527,2.2084,3.4519,-3.311,-1.0244,0.90419,-1.312,1.2539,0.090062,-0.62196,-0.07461,0.3301,0.032271,-0.22789,-0.20498,0.055703,0.035554,0.0022619,0.03417,0.0028891,-2.0362e-14,-1.3544e-15
-146.84,47.607,161.16,-50.764,-116.58,-43.298,8.13,4.024,18.811,1.7291,21.113,1.5979,7.8466,-14.402,-0.30721,15.495,8.9452,-6.9901,-6.0713,3.2763,0.3632,-13.95,3.3503,-1.1333,4.6985,-3.4748,1.2162,-0.64612,-1.0379,2.0522,-1.1807,2.6214,2.1519,2.6997,0.026772,2.1155,-2.8223,-1.4031,0.78797,-1.9408,-0.67107,0.22821,-0.12088,-0.025214,-0.19565,0.17432,0.12467,-0.31931,-0.064714,-0.011898,-0.003908,0.01282,0.00094564,-2.4102e-14,1.7285e-14
-222.47,-0.40224,-37.707,-119.5,8.7593,-14.367,-8.1106,11.632,41.363,-13.663,-0.5491,-5.3375,-14.277,-3.2314,15.029,7.1169,7.4697,-9.7458,3.2974,3.4916,-8.1606,-10.087,-1.2907,10.284,8.0358,8.6033,-0.55869,4.1103,-0.81645,4.4746,-1.8855,-5.5993,-0.87932,5.5254,1.9238,0.72531,-0.80862,-3.1702,1.223,0.016737,-0.11062,0.81182,-0.82532,0.31683,0.53905,0.072752,-0.25252,-0.073658,-0.015465,0.06808,-0.0042926,-0.0060813,-0.0028506,8.001e-15,1.1843e-14
-181.58,-11.35,54.035,-65.391,-77.583,-35.488,16.905,-12.66,34.047,17.741,-14.109,35.282,-2.8976,23.949,8.2093,5.3526,5.8855,1.1805,-8.0707,-3.063,-1.5709,-0.37301,5.3958,-5.6448,8.9352,0.71015,-6.6115,-2.7546,11.253,-10.499,7.5344,-0.23869,-7.7985,2.9921,1.092,3.3399,-0.39235,-0.49422,3.6032,1.7633,0.83612,1.1936,0.19605,-0.32313,-0.0014967,-0.24883,0.22815,-0.28764,-0.08312,0.070497,0.022441,0.042267,0.0093762,1.6474e-14,-1.8235e-16
-102.18,5.4168,76.535,17.719,-65.463,-5.47,-12.901,22.617,76.245,-2.6593,7.769,5.2757,-23.001,17.417,2.3192,-4.0571,-15.002,-9.5614,-6.8595,-11.752,-6.706,-1.029,-2.9693,3.6427,3.9116,2.4305,-0.72194,-0.13553,-4.3102,7.9417,-1.0375,-0.41801,-4.5846,-5.5035,-9.374,-6.0223,8.7113,4.3716,-2.1491,-1.7309,-0.56773,1.0882,-0.59251,-0.19391,-0.099098,-0.035063,-0.2961,0.086145,-0.059673,-0.0016788,0.029107,-0.059086,-0.0097032,-2.7671e-15,1.5783e-15
-116.25,-89.353,112.97,-80.28,-81.392,-28.655,-6.9652,-8.2038,54.121,-13.067,-0.53879,7.2828,-3.2473,-5.0554,1.6329,12.09,6.034,7.2912,-9.6868,0.4434,-2.4593,-6.4048,7.1977,-11.748,-4.1518,-6.9999,-0.49169,-2.1806,1.7254,-3.1169,-1.4856,2.712,-0.45546,0.45843,-5.347,2.3898,0.78405,1.7946,-1.8318,-1.5691,-1.802,2.0328,0.80058,0.49605,-0.24025,0.093517,0.24296,-0.167,-0.085498,-0.008314,0.039735,-0.064572,0.0046279,-2.6341e-14,-4.074e-15
-195.91,26.45,-68.549,-78.653,-28.582,-38.397,-10.412,8.9466,15.013,-9.4574,-7.2443,-6.8319,-10.903,5.2397,10.322,1.7483,-2.3655,-13.995,2.8259,2.4298,-9.8926,-0.8081,-3.1061,-8.7948,-1.781,-1.3799,-4.791,6.9041,2.0319,-1.8817,0.54387,2.9617,-2.7519,-0.47634,-1.7655,-1.4003,-2.0695,-1.2344,3.0953,1.3766,-0.82238,1.9009,0.50044,-0.62355,0.044209,0.04362,-0.2165,-0.43035,-0.010825,-0.0077654,0.024204,-0.0378,0.0065271,9.0848e-15,-1.6027e-14
24.4,181.93,-66.828,87.51,-28.462,56.055,-5.2329,-18.196,-5.364,-4.8259,-8.2579,-5.1542,5.9935,1.1072,-10.196,3.3097,0.49387,-13.317,11.57,9.6519,-1.9732,-2.9886,-0.081884,8.7115,0.67435,3.4046,3.9281,2.1899,-2.1936,1.7848,-1.7577,3.033,-3.2352,-0.17303,0.90917,-0.0055664,6.3984,-4.7381,2.9306,-3.7834,-0.10999,-1.93,1.3635,0.47642,-0.80941,0.19094,0.36345,0.52132,-0.22803,-0.10756,0.2924,0.08851,0.10529,-3.1048e-15,4.882e-15
176.88,263.91,-127.39,74.804,-84.918,76.625,-21.414,-14.782,32.342,-29.178,-15.469,-6.8202,1.6775,-7.0471,1.5679,5.8682,-15.377,6.8323,0.53305,-13.621,-12.767,-6.4051,1.0267,2.5543,-8.32,2.7453,-5.2044,3.2581,7.254,7.1956,1.4408,1.3517,2.9897,-2.2578,-1.8331,1.5071,-2.9048,-5.3331,1.4689,-1.9051,-0.14645,1.9912,-0.885,0.065117,-0.36271,-0.015363,-0.12976,-0.49477,-0.0073922,-0.021349,-0.012757,0.055451,-0.012576,-1.3495e-14,-1.0092e-15
73.295,-47.152,-83.327,100.94,-167.79,24.268,19.147,-3.3414,-1.6841,-19.409,-9.2728,23.647,2.6179,11.872,16.483,-30.535,3.1797,-6.0449,-3.4578,5.7415,7.6138,3.6697,-6.5784,-0.74413,2.0754,0.28363,-0.51535,-2.8437,4.8658,-1.44,-0.79218,8.9315,6.6871,-0.41056,5.1137,-2.2631,-2.9937,-0.66047,-0.78301,-4.8625,1.1805,0.56519,0.50462,-0.801,-0.12914,-0.2132,0.012249,-0.075707,0.0034234,0.012588,0.011219,0.025798,-0.0091364,8.4599e-15,-1.0404e-14
-92.479,-55.238,-84.363,126.39,-21.936,54.455,-15.645,-17.527,-26.746,13.637,28.226,-21.462,-22.391,5.2082,-11.282,-12.965,-9.6509,-15.461,18.188,20.598,-31.591,-5.8328,-9.4764,-15.82,9.7656,0.45087,-6.8132,-8.5013,0.1896,-3.4112,0.16047,1.1496,-4.8508,3.6081,-1.1778,2.7434,-1.9768,1.7348,-0.78391,3.1013,0.27256,2.0821,-0.057901,0.46609,0.093971,0.30894,-0.30836,-0.041372,-0.015148,0.014104,-0.029452,-0.0082863,0.007345,1.3155e-15,-1.3704e-14
113.9,-82.001,-123.62,86.607,-97.815,74.671,29.517,24.989,-16.537,-12.491,11.978,-3.266,-3.5561,-5.5906,13.743,-6.983,1.5458,-16.445,1.8449,11.373,7.7765,3.0502,1.4896,4.4212,1.4352,-9.157,-2.0377,-5.2241,-2.9235,8.5419,7.4565,-2.8404,-5.3642,4.2105,-0.6236,-0.70612,-1.2028,3.3131,0.18417,1.9766,1.1229,2.4235,-0.8407,-0.46425,0.3131,-0.22622,0.18779,0.25206,-0.029258,-0.00025822,-0.015202,-0.011204,-0.00058114,-9.3466e-15,-9.6934e-16
114.33,-42.094,-34.085,115.53,61.259,14.869,17.159,-14.265,-10.195,-17.174,-6.148,3.8562,-5.7786,-1.2155,-12.82,-8.3529,-4.4823,-7.4874,-2.2932,-6.0281,-2.6449,-0.79694,-0.87285,2.3913,-6.7371,0.24973,1.6454,-1.1287,-0.89699,2.2176,-0.27918,2.5326,2.2486,-0.5613,-2.3141,1.1423,-2.0636,-1.8229,1.5563,-2.0942,-3.432,0.15235,-2.3271,0.24624,-0.47392,-0.010408,-0.20678,-0.31205,0.085471,0.13468,0.035052,-0.04589,0.0026434,1.4332e-14,-4.3625e-15
-65.062,-86.907,-75.215,-34.261,-22.984,68.187,42.176,6.1809,-11.279,6.3353,-4.1868,-6.367,-7.8479,-3.538,8.6992,17.244,-3.8747,5.1655,-4.3831,-8.0828,4.7934,3.7727,-1.3845,4.8566,8.927,-1.4833,-3.1408,-0.63598,5.6896,-5.2827,-1.8062,6.9729,-1.7821,2.6038,-0.059418,-1.5095,-1.8953,3.1982,-0.25858,0.96431,1.6111,-1.6253,1.5547,-0.008286,-0.6026,-0.34798,-0.0081669,-0.16895,0.045163,-0.030014,0.012179,0.027732,0.00091225,-5.2262e-15,9.3048e-15
-130.23,57.221,-138.31,177.14,-37.889,52.966,-17.385,-7.3542,-28.571,-9.004,-0.0021743,4.1236,3.1028,-18.962,17.182,31.129,-16.964,4.3479,-12.315,-34.466,-12.785,-7.629,9.677,-6.4402,-3.6652,14.263,-0.4299,-3.8385,-1.7936,-5.0264,2.0318,2.6088,-2.2335,-1.5589,2.7648,0.37432,-1.5245,3.4666,-1.3163,1.2677,2.3576,1.1918,0.73255,-0.22393,-0.16293,0.13628,-0.30715,-0.087485,-0.036547,-0.083184,0.0087004,0.031486,0.00025638,-4.9155e-15,3.3772e-14
-86.875,-27.453,-151.73,135.29,-7.0816,12.149,4.5037,16.681,-3.8979,13.335,-0.559,15.602,-12.355,-8.922,-1.3817,-8.2912,3.6126,2.0412,-2.1542,-1.1311,-3.3751,-3.0389,8.432,-0.71679,6.3275,10.892,1.0218,-6.4032,0.25954,6.8481,5.3773,-2.4122,-0.84397,-2.4449,-1.712,1.36,-1.1441,-2.1347,-1.9726,1.262,-1.6737,1.6707,-0.17816,0.1414,-0.40939,-0.09046,0.15626,-0.025622,0.079563,-0.0028703,-0.0035662,0.047497,0.0010065,-3.3558e-14,-1.9543e-14
-73.743,-40.962,-83.339,69.591,-78.526,62.966,-20.792,-16.564,-1.1786,-6.0056,-9.8555,-4.9013,-1.8591,-12.165,-2.7543,1.2031,8.4644,0.57008,15.28,11.689,4.8928,2.0967,-0.56814,5.0003,3.833,-0.73639,3.6258,-1.6244,-1.1503,0.63803,0.72729,-1.0681,-3.8007,1.3985,-2.3394,-1.1849,1.34,1.0939,-0.68869,-0.82788,-1.572,0.89317,-1.7968,0.84978,-0.23035,-0.0578,-0.21744,-0.14376,0.023308,-0.037197,-0.057457,0.0093216,-0.012332,-1.3655e-14,-5.5107e-15
44.892,-175.67,-32.281,-26.239,-98.813,34.713,10.799,14.48,4.0295,3.599,-8.5066,17.285,-11.044,0.33553,5.4947,10.929,5.3337,18.395,-4.5337,2.2857,1.5848,-5.0205,0.096369,-3.2762,2.2124,-0.71884,-4.5229,1.6204,-2.5917,1.1618,-7.0439,2.5496,3.5539,-0.88381,3.685,-1.9894,-1.459,1.8284,0.24053,2.2637,-0.3015,0.64991,-0.67872,-0.16044,-0.18546,-0.23292,-0.23878,0.16226,0.15027,0.16876,0.044259,0.012645,0.017334,3.65e-14,1.1712e-14
206.06,102.09,45.311,225.69,-17.701,12.477,7.3035,-5.6328,-30.747,-0.1868,1.03,35.16,10.066,1.6564,-1.5183,19.275,8.0069,3.9216,-0.59604,7.6933,-0.12136,-0.16921,-4.995,0.89224,4.2015,-1.2835,-1.6894,-2.5939,4.2895,-2.6131,2.9858,2.7219,4.0273,-2.2231,-2.8065,0.63888,0.72704,1.1235,1.2025,0.45981,-2.7854,2.4844,0.56635,-0.4956,-0.70959,0.47856,-0.4162,-0.34084,0.071971,0.012099,0.027077,-0.04403,0.0034237,-1.276e-14,3.7324e-14
-13.768,-78.971,-17.76,-7.4307,-2.6037,19.725,-61.908,-21.135,37.95,12.226,-29.294,-0.5781,-17.204,-20.322,-14.638,-10.929,-22.04,8.1199,-15.392,4.2048,18.978,-2.6105,-13.351,2.7026,8.0413,-18.037,16.502,-2.7206,4.5333,-5.7932,0.7449,6.0452,4.3342,6.8837,3.4176,0.27033,1.5837,-1.4612,1.1102,1.49,-4.8808,2.2053,0.35499,0.75632,0.0076861,-0.076666,-0.061023,0.3627,0.11188,0.0022527,-0.022505,0.023818,0.00052837,-6.5513e-15,1.4292e-14
-290.52,-73.771,-118.08,-0.84281,-43.418,12.357,-0.93003,-9.0407,3.6883,-9.3558,-6.514,10.208,-15.112,-3.4374,-14.114,-5.7653,6.5301,11.383,-3.3594,1.6168,1.3654,10.009,2.0845,-5.4374,-5.545,-6.5487,0.0051475,-1.6295,-3.9,-2.5713,-4.464,-5.5815,-1.8544,-1.2118,3.2701,0.12863,1.7229,-2.8862,2.7138,-0.21997,1.7189,0.77892,0.63694,0.23774,-0.11022,-0.63977,-0.042664,-0.020562,0.055746,-0.057347,-0.0094812,0.039918,-0.0014609,2.4639e-14,-3.5441e-15
-198.64,-26.279,-144.91,16.721,-35.25,23.074,5.1156,6.4686,12.583,-11.087,-4.7474,2.8875,-24.199,-2.1411,-12.052,-2.4268,1.2086,10.449,-4.7633,-6.384,-0.14283,8.9555,2.3989,-3.5473,-5.3958,-3.8744,-5.3837,-1.7276,2.073,-0.082374,-4.3483,0.22343,0.42961,-0.6894,-2.0593,0.98425,-2.0177,-0.8833,1.1942,0.3966,1.02,2.0207,-0.0038543,0.46332,-0.41392,-0.45057,-0.22851,0.10967,-0.10058,0.011055,-0.012073,0.035671,0.0034714,-3.4624e-14,3.7962e-14
-208.39,-7.8538,-125.48,-4.2946,61.723,22.76,5.2228,3.8658,28.756,4.9476,-18.074,8.4083,-15.932,0.30909,-13.961,-5.5272,3.817,3.1059,6.6041,4.7729,-3.1187,4.2427,3.7502,-0.67683,-3.5857,-1.5663,-1.256,-0.98326,1.9709,2.6592,-2.6018,0.93574,0.93232,-2.1676,-2.3337,-0.45784,2.5494,1.8551,-0.64473,0.38633,1.4899,0.85301,1.1621,0.53953,0.16906,-0.25477,-0.17975,0.13766,0.044334,0.0042681,0.0020193,-0.022965,0.0003971,-9.2094e-15,-1.8036e-15
-257.8,-67.097,-120.51,9.647,-23.902,40.685,-10.826,-21.852,-9.3686,-10.191,-12.785,4.4329,-9.5237,-7.9321,-0.12441,2.3118,6.3999,0.0055327,3.7378,-0.43687,1.7706,1.8746,1.7473,-1.1771,-2.6906,-1.6561,4.867,-4.7914,-2.7472,-4.6486,1.6785,-0.81381,-1.673,1.0849,1.5613,-1.2792,2.3715,-1.4092,1.3039,-1.1911,1.1681,-0.3709,0.25787,0.53623,0.11734,-0.32412,-0.14715,0.13959,0.185,0.071978,0.0073576,-0.062814,-0.0057465,-3.119e-14,-2.8957e-14
-231.12,-104.8,-106.23,-21.658,-8.382,24.957,-5.4127,-16.101,6.8552,-12.797,-12.375,27.309,-18.559,5.9603,-10.129,-7.7967,2.6056,4.002,-0.44058,0.42311,-5.5613,8.7099,-0.64595,-1.3737,-4.865,0.24117,-0.78497,-0.77093,-7.4163,0.83944,-1.3315,-5.4838,-4.5173,1.6759,4.4325,-0.88308,-1.7788,2.7711,-0.63652,2.6901,0.37729,1.258,-0.52724,0.32099,0.58291,-0.34843,-0.12554,0.065179,0.13006,0.015637,0.014637,0.043059,0.017463,9.9265e-15,8.8154e-16
