113.17,-67.49,-79.408,157.3,-65.638,48.562,-9.8722,-6.6695,12.382,-15.122,8.8754,8.1422,23.622,-22.452,13.569,0.98207,-6.3352,-8.9044,-5.5569,-1.2685,8.5987,-7.5962,-1.753,2.6187,5.1368,-8.7754,-0.76305,2.2721,-3.1408,0.45567,-0.1186,2.3976,4.6203,2.7054,-0.34103,0.21263,0.42005,-0.64806,-2.1488,-0.22922,1.5972,-0.85891,-1.7105,-1.5256,-0.090602,-0.10344,0.25131,0.16786,0.076401,0.002877,0.088116,-0.017702,0.0016068,-2.875e-15,-2.2395e-15
1.0411,-34.309,-5.2471,72.47,12.766,-11.358,0.29928,-13.239,11.721,-8.4457,-12.725,1.9442,-10.05,12.473,-4.9169,6.7242,0.91308,-7.6204,0.69638,4.4185,0.83021,7.9251,-0.32157,0.19472,-5.7096,-0.38287,-3.124,-0.96535,1.6968,-0.93547,2.3114,1.6455,-0.20536,-1.2091,2.1226,1.443,-1.1725,-2.0197,-2.6854,1.065,-0.71799,2.5136,2.2286,-0.57648,0.054134,0.0082764,0.25704,0.22074,0.17182,0.089331,-0.01415,0.012867,0.0024719,-3.981e-15,-1.2688e-14
117.84,-85.588,-103.2,27.767,-11.041,12.856,27.094,11.186,24.116,-3.0457,8.4645,6.2076,0.42564,-23.432,-1.8514,-3.05,3.1289,-2.5651,3.6974,-6.9552,-4.2217,-13.274,-1.2379,-7.8318,-2.9245,0.2641,-1.851,-4.4032,0.90354,-3.5427,-0.45231,1.7633,-1.0302,0.68988,-1.7141,-0.95047,-2.2294,-0.62233,0.76305,-2.1927,-0.098812,0.87615,0.16113,0.27701,0.44498,-0.11309,0.44022,-0.054521,-0.096078,-0.020306,-0.0065301,-0.0070435,0.00086075,4.7846e-15,3.9242e-15
198.74,-73.42,-145.61,96.033,-52.153,-3.1558,-23.65,-40.2,10.479,-9.4085,27.816,-12.094,-12.533,-1.8026,13.86,-11.31,0.73174,22.753,7.5488,1.548,-7.1849,-2.49,12.065,0.073474,-6.889,-7.1779,-0.26988,2.5245,0.41151,0.84528,3.3773,-4.2735,-1.9723,0.3931,-1.0809,-2.3192,-2.6896,0.33699,-1.5146,-1.1244,-0.92385,0.038805,-0.55209,0.90693,-0.46519,-0.27995,-0.25615,0.19784,0.021668,-0.13474,0.079139,0.0067446,-0.00021156,-4.4505e-15,1.0297e-14
129.18,156.29,-89.081,34.719,28.532,-11.194,-6,-12.199,6.4441,1.3388,-20.886,-4.9785,9.3961,3.5612,10.798,7.5454,1.8776,-8.7169,0.28123,3.3933,9.3798,-1.1456,3.0828,-5.3298,-2.7444,-4.1487,0.23492,1.9303,1.6041,0.89511,1.1434,1.5878,-1.2893,-3.2339,-1.1885,0.097467,2.5479,-1.3073,-0.23753,-1.3774,-0.71876,0.99938,0.71741,-0.92316,0.077042,-0.077086,-0.16924,0.069527,0.013458,-0.079511,0.1614,-0.057481,0.00093175,1.0682e-14,-1.4469e-14
66.358,84.509,-83.682,83.054,14.933,9.2943,32.862,20.735,10.952,2.0954,-7.0165,21.06,-7.3884,12.23,7.9615,-8.2088,0.16093,-1.0404,7.6969,-3.1639,-0.95769,-1.0792,-3.6066,3.3701,4.5719,6.8736,5.8633,7.2581,6.723,2.8953,10.642,3.8566,-0.55512,4.756,-0.13792,0.8366,-0.14163,-0.94062,0.6695,-0.83205,-3.0336,-1.1104,0.55383,1.2127,0.46691,0.043453,-0.06444,-0.15369,-0.010651,-0.021455,0.053804,0.017114,0.0030293,-3.349e-15,-5.0374e-15
117.38,-89.23,-126.52,43.584,-29.826,-2.3527,2.4011,-19.709,10.738,12.613,2.719,14.944,-4.4212,13.656,-9.0835,5.6692,1.1469,6.7925,-14.119,-0.9702,-3.7449,0.14047,-6.4374,1.8297,4.2109,-4.1842,4.5582,-0.3425,-1.2689,0.28575,1.3921,-0.063383,0.92558,-0.72864,1.4834,1.3664,-1.8583,-0.59567,0.24261,-1.7225,-0.013128,-1.1893,-0.93208,-0.25846,0.20202,-0.013742,-0.21643,0.19772,0.1539,0.04355,0.028082,0.0091197,0.0022455,2.0884e-14,-3.2608e-14
141.5,-92.021,-83.716,5.5952,-80.967,-0.43247,-11.049,-23.923,20.67,9.5364,-2.9103,-5.1085,-16.126,8.0168,-4.8632,3.8013,-1.2576,1.9345,-6.516,5.0332,-6.3606,7.7149,6.3757,5.223,2.8858,-1.9731,8.8266,-0.4141,1.1604,-3.0145,2.3739,-3.5883,0.454,0.2112,-0.37733,-0.9307,-1.5898,-1.0648,1.3617,-2.5807,-1.3525,-1.3609,-1.9775,-1.0608,0.20174,-0.14511,-0.24086,0.052268,0.071705,0.013225,0.045099,-0.0070936,-0.0012933,-4.0461e-15,5.1291e-15
62.199,43.742,-38.58,90.211,-6.4689,-6.5515,24.669,-17.775,3.0306,9.2915,8.7965,0.34257,2.3105,-7.1245,0.31412,0.20538,-5.0828,3.7719,5.5228,-3.4939,-5.016,2.2864,9.6649,1.7274,-4.3278,4.6551,-2.563,2.1357,0.45319,-2.5036,-1.1919,1.1352,4.1675,-1.257,-1.8477,0.18571,-0.17082,0.65583,0.90916,-0.49054,0.27588,-0.29627,-1.1026,-0.82436,0.29765,-0.25111,-0.28215,-0.080164,-0.028294,0.0085286,0.030553,0.0094842,-4.2402e-05,-1.6126e-14,1.3208e-15
77.674,-35.302,-63.417,38.087,-38.406,-11.267,-11.729,-31.87,18.67,-7.7552,-11.066,-1.6818,2.0393,6.7047,13.084,-1.9965,-1.3152,-8.8073,8.9892,1.3164,9.1232,-2.9338,0.042442,-2.4384,1.1274,1.8078,2.4574,0.9075,3.3698,-1.6579,-0.61563,-1.1973,-0.48604,-2.5577,-0.56771,-0.38025,-0.021865,1.0841,1.0517,1.0676,1.3415,1.0746,-0.21887,1.5182,0.62272,-0.36148,-0.049861,-0.13876,-0.1078,-0.033273,-0.037669,0.00099265,0.00024638,1.5074e-14,-5.8627e-15
-79.356,-20.155,-25.33,34.501,9.8137,-5.0582,-7.692,-4.8072,24.578,7.7011,-8.6478,-8.3028,-10.642,4.6301,-2.2255,-2.0138,-3.5026,-1.8328,-1.8178,-1.5645,-3.1584,0.83868,4.585,-3.1349,5.0753,2.0665,-1.6828,-3.4104,-0.98865,4.3115,-2.0192,-0.37022,0.043062,4.8462,3.297,-1.4581,2.3791,1.3388,0.8633,2.0417,0.81443,-0.89145,0.043212,-0.42664,0.34428,0.22485,0.22321,0.1428,-0.034143,-0.074839,0.15797,-0.030198,0.0026754,1.4978e-16,1.4222e-14
-68.127,-36.393,-57.606,42.003,-28.152,20.013,16.692,3.7548,4.5136,1.7037,0.72561,11.197,9.8517,-8.9029,-7.3383,1.9103,-2.0006,-4.869,-2.9705,2.3825,-2.4835,-4.5352,5.5998,3.4399,2.1927,2.0384,-2.6023,-5.3441,1.1008,-4.3195,0.26776,1.3516,0.089509,0.4549,0.49266,-0.96234,-1.8883,0.42621,1.2079,1.5735,-1.0525,0.886,0.74903,-0.24789,0.30923,-0.1339,-0.11932,0.086278,-0.071799,0.022985,0.044129,0.0033488,0.0013648,-5.0882e-15,1.048e-14
99.116,74.794,61.616,139.15,2.6901,-3.3376,27.25,-13.759,-6.1507,-13.376,19.159,-13.082,3.8768,-11.622,-5.9626,11.002,-21.674,5.9862,2.5884,-6.0188,-2.9178,-0.069464,-6.9182,-1.8796,-0.73024,-0.48347,4.0025,0.6523,-0.09613,-0.018422,-2.9083,0.51983,0.98477,1.0483,0.27979,1.0368,0.70022,0.018542,-2.7962,-0.58448,0.14677,-0.74176,0.27982,1.0357,0.69485,0.33979,0.45555,-0.14502,-0.057845,-0.047902,-0.0015323,0.0349,0.0035848,1.5215e-14,-5.0555e-15
5.3611,5.0584,-34.319,48.305,-9.0957,-3.1725,-3.0086,-18.758,20.967,2.2834,-7.4779,0.88869,-5.8543,5.0635,-2.4816,-3.6891,-0.41898,-0.034539,-4.0967,-1.4579,-3.6897,-5.5806,-2.3012,-0.71696,0.19089,2.2803,1.2137,2.2373,0.27741,-2.6919,-1.4543,-1.1239,2.9222,0.64422,-1.6568,-0.08268,0.25275,1.0529,0.60099,0.66718,1.5992,0.98583,0.57753,0.60522,0.40221,0.061495,0.00070035,-0.16977,-0.1165,-0.056116,-0.0034527,-0.007529,0.0031999,-3.7998e-15,-1.1068e-14
-54.582,10.705,-35.627,68.366,-1.0537,6.7074,15.294,-15.697,4.1339,-6.6154,8.4227,-5.7123,-8.4883,2.911,-8.101,12.354,-2.8762,4.3949,1.2799,-0.48148,-2.1185,1.2079,-8.9486,3.6305,1.2204,3.3928,0.74232,1.8817,2.8867,-0.070878,1.6101,2.3575,1.049,-1.0259,-0.77035,0.14317,-1.5796,1.4002,-0.40689,-0.72432,-0.58528,-0.0046838,0.42652,-0.18064,0.27535,0.1224,0.12221,0.015502,0.091722,0.015187,-0.024191,0.023573,0.00069314,-1.7331e-14,3.6023e-15
-62.259,-58.244,-6.488,123.38,-61.488,-0.28584,-1.231,-21.243,19.878,-0.48369,-9.1375,-2.6852,0.29239,-4.2358,6.3324,8.4596,3.3963,0.41014,0.74307,3.5813,-1.2061,-1.7515,-0.16213,-5.4642,-4.9028,-0.027137,-0.65831,1.3299,0.29701,1.3881,0.12706,2.0436,0.71662,-0.73899,-1.2553,-0.036335,-0.84261,0.70868,0.71692,0.63162,-0.14008,-0.052255,0.23146,0.40077,0.58324,-0.068262,-0.22651,-0.29143,-0.28682,0.0076858,-0.037054,0.010825,0.00065628,-1.4875e-14,3.8129e-15
-35.39,-9.629,-13.768,92.671,-33.721,-10.208,-0.16505,-17.387,14.992,0.71526,-6.5466,1.1674,-7.7709,14.339,-8.3721,4.6602,-6.1902,-2.3597,-1.3257,-0.39976,2.1749,-0.15259,-4.1832,4.3819,-1.1832,0.62758,-1.9439,-1.7535,1.5113,-1.0493,-0.08532,0.36392,1.763,0.41414,-0.52052,-1.7535,0.4135,0.89372,-0.15733,-0.49064,0.41289,0.63999,1.0711,-1.5627,-0.33497,-0.056025,0.067844,-0.087642,-0.0019265,-0.10852,0.12382,-0.0094917,0.0013829,9.9213e-15,3.7252e-15
-77.68,3.6343,-44.317,40.813,-1.245,8.1292,25.185,-9.9218,9.9053,-0.93164,20.617,-22.394,-4.8321,-2.753,5.0974,-6.0572,12.091,-5.3914,-14.535,5.5629,1.9198,-0.057858,-3.7408,0.75871,7.3942,-0.40373,4.0035,-1.706,-3.1802,-0.61972,0.59592,-0.69352,0.26154,-3.091,-1.6518,0.089574,0.23633,0.38536,1.5575,0.056506,0.13572,-0.52283,0.84209,-1.3215,0.47663,0.30661,0.50019,-0.18445,-0.088978,0.0075771,0.047699,-0.031546,0.0012063,8.6187e-16,-4.412e-16
-58.047,-0.56256,-27.56,46.935,-17.406,-1.2573,10.089,-15.662,11.824,17.078,13.973,7.0019,6.5627,2.0681,9.9073,-3.4102,-7.3979,-1.7562,13.02,2.9038,-3.6155,-1.7911,3.8401,6.86,1.5226,-0.61212,-1.1303,1.6245,-1.6391,1.8356,-2.9486,1.0765,-0.83909,2.5254,1.2032,-2.6279,0.49581,2.1073,0.81207,0.076516,0.65859,-0.24668,0.087773,-0.66701,-0.50816,0.093249,0.010644,-0.095832,-0.12142,-0.01346,-0.075695,0.029575,0.0023427,5.4772e-15,-2.137e-14
-106.28,-56.213,-59.671,-24.695,5.9253,-8.5056,-16.427,6.8968,11.003,5.3316,-0.52239,0.26653,-11.479,-2.2597,2.9759,1.4723,-8.5486,-3.8316,1.6284,0.18484,0.47742,-5.8118,0.32365,0.70076,5.4552,-0.8175,-1.7436,0.6872,0.37889,1.555,-2.9625,-1.2942,1.0921,-1.3865,-1.4808,1.2839,-0.54646,-1.1569,0.7187,0.92535,-1.6216,1.3637,0.69308,-0.32642,0.089005,-0.27873,-0.085947,0.10667,0.045375,0.11036,0.01849,-0.02337,0.0015038,-7.6077e-16,2.7198e-14
-151.93,43.309,-57.511,-9.1246,13.154,-7.1262,-11.702,-0.86175,9.4668,1.9363,-3.8527,8.295,-1.0047,-0.26017,-0.94505,-2.6179,-3.2579,3.4359,-6.5141,-0.48496,0.11073,-2.4871,1.6701,-1.7958,-1.5798,2.7689,-1.1054,-2.1179,0.79652,1.7186,-1.6992,-0.32886,0.13315,0.52085,-0.57315,0.70214,0.2664,-0.60479,0.64766,1.1935,-1.4324,0.045638,-0.80678,-0.48351,0.27393,-0.33122,0.010147,-0.070665,-0.13833,0.035932,0.076463,-0.015863,3.1014e-05,-1.347e-14,-4.2075e-15
-67.848,-13.623,-3.3819,-52.38,-4.5849,-24.668,-16.906,0.46174,-8.2497,-12.037,3.2506,11.723,6.9579,-5.9279,7.4625,-8.1168,1.5991,4.2982,5.6169,-0.26051,8.0628,-5.4782,-2.57,0.73074,6.278,0.0058738,2.2653,-0.9514,1.2088,2.1609,-4.6374,-0.10593,0.29412,-1.2302,-2.9101,-0.57322,1.9933,-0.080001,0.82654,1.0994,-1.0804,0.7621,-0.11236,-0.27917,-0.1431,-0.56619,0.066226,-0.14,-0.19021,-0.14672,0.056733,-0.0025744,-8.9968e-05,-3.0085e-15,-1.1001e-14
-231.61,-72.192,85.477,-89.612,-27.205,6.0456,53.411,-21.623,7.4612,12.795,6.8803,8.0514,-2.7518,2.8373,17.497,0.47833,0.23791,-3.7184,-0.96492,7.0618,-1.4521,6.8237,-1.2191,-1.285,-4.9923,-2.5959,2.3561,-1.8472,-0.062756,-0.33274,-0.095083,3.5107,1.2814,-0.63029,0.33977,-0.89389,-1.0442,-1.956,0.86895,1.5925,0.40128,-0.17154,0.24365,0.26837,0.64793,0.12938,-0.11486,0.39749,0.26504,-0.50968,-0.090317,-0.023386,0.0034787,4.1837e-15,4.5597e-16
-77.045,-28.198,-51.576,-14.14,-15.416,-13.006,-13.728,8.2114,5.1766,6.0088,-0.17214,5.6373,-1.4372,-4.0863,0.2692,-2.2637,-1.804,4.2736,-0.62809,-5.518,12.749,-1.4711,3.7349,-0.35451,2.5745,0.24577,0.93656,0.057695,0.94984,0.69701,-3.5997,0.59011,-2.014,1.4916,0.58263,-1.133,0.15104,-1.0367,0.55686,2.2388,0.13493,0.46429,-0.15676,0.098419,-0.029827,-0.46223,-0.22508,-0.84817,1.0586,0.031864,0.029854,0.027176,0.0031246,-2.8472e-15,-1.7369e-14
-12.799,12.911,-35.878,-19.687,-45.807,-15.25,-34.19,7.9097,-10.227,-12.03,0.36984,11.972,10.881,-8.4083,12.226,-4.7242,4.2788,3.7933,-4.137,2.9324,-2.1486,6.1853,2.9955,-8.0091,-6.5936,13.627,-6.1178,3.077,-1.3026,-2.6007,-2.7492,1.9916,1.2727,4.1864,1.8104,-1.196,0.48631,-4.7087,1.884,-2.53,-1.5998,-0.57524,0.7374,0.50357,0.47519,-0.52195,-0.11175,0.01774,-0.058836,0.070672,-0.089221,0.0040661,0.0024171,1.1095e-14,4.0571e-15
-97.194,-34.727,59.644,-74.816,-38.273,-5.8535,-14.583,1.0456,0.74428,-6.0059,8.8144,2.6222,-6.7296,4.6453,-5.3269,-3.5111,-4.2118,-1.9745,-0.91039,-2.8708,4.8177,-2.0832,-5.2447,-1.4406,-9.1283,1.4671,0.62459,-2.0194,-9.3756,3.1288,2.658,0.34726,-0.8659,-0.42812,-2.2338,0.9125,1.5273,-0.52708,1.1098,1.348,-0.25756,-0.079003,-0.47222,-0.44899,0.3765,-0.47513,0.14142,-0.051694,-0.06606,-0.027797,0.04832,-0.005144,0.002222,-5.1317e-15,-1.8845e-14
21.797,149.54,-12.482,-70.116,4.8869,12.166,-19.91,12.836,-24.79,-12.763,1.2905,3.987,1.6311,-6.3888,-6.6011,4.1978,-6.1982,-2.7257,1.3109,-1.1004,-1.5499,-0.812,2.6005,-0.42225,3.3121,-2.8608,-9.0964,3.6764,-2.5472,-1.5396,-1.19,0.25719,-0.59736,-1.7762,0.94874,0.14986,-2.3304,0.77928,0.60806,0.76653,0.03834,-1.9656,0.90561,0.79604,-0.18794,-0.24022,-0.09822,-0.1069,-0.11599,-0.11286,0.14287,-0.0097434,0.00035832,-7.9654e-15,-1.4012e-14
75.087,120,11.744,-93.326,-58.084,-11.37,-13.988,5.4881,-7.1389,-2.449,0.52621,-1.3526,-3.8935,8.0611,-8.3328,3.8313,-0.89368,2.8902,-3.434,1.6924,-1.5605,1.3589,-0.39369,1.2322,-3.2137,-0.76384,-2.6443,1.1035,0.15842,-0.97364,0.1479,1.3783,0.86002,-0.51688,-1.7247,-1.3533,-0.8728,0.78529,0.47072,1.9396,0.52263,-0.73533,0.039308,0.12285,0.088436,-0.57914,-0.34523,-0.041328,-0.10518,0.019555,-0.067285,-0.0049065,0.0036458,-2.7127e-15,1.0805e-14
-62.514,-31.046,78.335,-100.95,-58.046,-0.70779,-14.621,-0.9093,-9.8951,-13.506,20.155,9.708,-1.7325,-1.7298,9.0928,-4.2629,-6.6348,-15.705,-0.29119,-2.4508,5.05,-7.1648,-4.8144,2.1907,-4.1339,4.1746,7.7867,0.14647,-0.26724,0.29107,-2.2424,1.1453,1.8093,3.9286,-1.1923,-0.4527,0.42564,-2.5461,2.3342,-0.81574,0.099467,0.60245,2.5196,0.38928,0.087147,-0.26622,-0.12141,0.099974,0.00056032,0.074315,-0.030474,-0.010922,0.0016349,6.2672e-15,-7.713e-15
-114.55,-10.122,-23.529,-12.831,12.328,-17.155,1.1553,-3.7302,-1.5672,0.31226,11.301,6.6995,-12.27,-12.498,-0.8841,2.974,4.1778,11.449,-0.20654,-3.541,8.4517,-0.71305,-6.6848,4.1391,2.1774,-1.0396,1.5704,-1.7062,2.0707,2.4029,-3.116,-3.257,2.0423,-0.17532,0.39479,2.1971,-0.43881,0.66941,0.25233,1.0953,-0.56016,0.20194,0.47813,-0.4323,-0.44955,0.2834,-0.10625,0.18562,-0.021239,0.081111,0.055002,-0.013042,0.00025359,-5.8965e-16,7.8296e-15
-74.705,-3.615,19.437,-41.261,-3.8652,-11.487,-12.911,-0.84183,3.2449,4.6384,-0.62832,6.1837,2.717,-9.0468,4.8904,-1.2959,11.94,9.2124,-8.7512,-0.65599,3.8464,5.5726,-9.7447,0.85,-2.3659,0.02712,4.4631,0.46618,-0.62031,-0.51257,-2.3525,3.9228,0.51025,0.57772,-1.1314,0.49102,-0.035626,0.23531,1.8907,-0.36594,-0.87517,-0.45882,-0.10731,0.01296,-0.026709,0.37379,-0.18783,-0.032607,-0.2186,0.012725,0.12502,0.030085,0.0022522,-9.888e-16,-7.5169e-15
11.684,65.028,46.183,-63.54,-47.71,-0.08883,-7.2314,3.8575,-8.5729,-17.26,12.295,-10.35,1.0705,-8.8154,10.898,15.508,6.6233,-1.648,10.325,-1.6364,-0.18449,1.378,-4.9094,-3.6785,4.8164,-1.4622,-1.8625,5.0146,-0.85893,0.31437,-2.4836,-2.7779,-3.3751,0.6497,2.8474,0.59537,-0.79264,-0.58707,0.18078,0.48398,0.15207,-1.8194,1.225,0.57046,-0.20273,0.41404,-0.41806,0.25802,0.062156,0.10011,0.015532,-0.016138,0.00095894,-6.3854e-15,2.4952e-15
-123.99,-36.86,53.269,-46.182,-62.19,-16.186,-15.788,5.5676,4.6879,-15.368,4.1914,9.7316,-1.6151,-2.3492,-0.69093,-1.5154,-5.5321,-1.9497,1.886,-3.0255,4.3198,-1.8158,-0.54612,2.3171,-6.4564,-1.2272,-1.6608,1.9158,-0.50377,-1.6306,-0.46651,1.2418,-2.8972,2.043,1.3414,-0.53508,-1.3726,-1.3154,-0.48483,0.34594,0.23783,0.22133,0.58951,-1.0573,-0.59736,0.39921,0.055221,0.26493,0.053717,-0.035336,0.12231,0.0081464,-0.0018375,7.2873e-15,-9.8349e-15
-41.801,29.51,-33.113,-10.324,-1.661,-11.097,-14.483,9.6786,-18.381,-9.4037,4.5106,8.0333,-10.608,-0.93306,-4.9363,1.0434,-4.1082,-9.1587,-4.9691,-4.8154,5.6481,-1.2928,0.85499,1.417,-4.9855,-0.3613,-3.3249,-0.1346,-3.2577,1.7128,-0.18408,-0.68823,-0.41972,-1.9353,-2.2087,-0.048366,-1.1798,0.51172,-0.16129,0.57785,-0.48861,-0.11926,0.79956,-1.22,-0.78719,0.63273,0.087824,0.032345,0.033258,0.078409,-0.091979,0.013165,0.005082,-1.032e-14,1.4032e-14
-0.23021,-19.645,58.282,-66.412,-88.813,-1.2082,9.1549,-5.3983,6.3594,15.28,4.5056,19.627,-5.1968,-9.3142,2.1769,9.9622,4.051,-9.1308,7.5812,6.0698,-0.35394,3.7043,-5.1743,-1.3998,-7.2489,0.93762,0.4879,-0.76577,2.7207,1.2069,1.1422,-2.4857,2.5166,-0.21219,-0.35317,-0.4162,-1.1389,0.61214,-0.039297,1.1468,0.3826,-0.86978,-0.77562,-0.36379,-0.0050153,0.12057,-0.59606,-0.0041098,-0.093796,0.11544,-0.0096175,0.0073887,0.00029157,1.2464e-14,-3.0423e-14
-144.56,25.997,-38.261,-5.7011,-19.127,-5.773,-16.79,6.8827,-4.145,-12.11,18.759,4.5109,-9.7944,-1.4545,-2.7431,3.5573,-3.9487,7.6663,-0.04507,1.6352,-5.9042,0.96043,-1.034,1.2384,-4.7517,-0.50833,1.7884,0.56841,-0.42421,-1.3309,0.068057,0.038458,0.64674,-2.1494,1.1268,1.3793,2.8815,-1.6095,0.67345,0.85225,0.75691,-0.072193,0.23174,0.19155,-0.98458,1.146,-0.75921,-0.17321,-0.13486,0.13311,0.0096777,0.0095076,0.0026694,1.0593e-14,2.8817e-14
-8.5672,19.787,12.293,-76.88,-27.947,-14.903,-12.274,3.5279,4.1987,-14.131,6.1278,20.392,0.16731,6.296,1.2416,1.7944,2.8504,-2.7425,1.8252,-1.3634,6.3561,-7.8076,-3.7429,4.7868,-2.6818,1.2346,3.1954,-0.32784,0.70978,0.05039,-3.2264,-1.352,-1.1437,2.6081,0.54187,-1.876,1.6981,-0.49931,-0.21609,0.4209,-0.59157,-0.72389,-0.72601,-0.27146,-0.42915,-0.26879,-0.14507,0.23891,-0.051676,-0.030637,0.073204,0.00034981,-0.00038854,-2.7374e-14,3.9912e-15
-118.85,9.6245,8.3147,-44.168,-21.832,-14.886,-26.402,20.783,1.3899,2.1009,4.6202,8.2009,-6.5157,-1.443,-0.13585,0.10288,-4.8555,-0.62711,0.046253,-6.8399,7.6947,1.6735,3.3687,-2.5308,0.37238,-4.3138,-1.3905,-4.3022,2.6919,-0.99633,3.3318,-1.1117,1.2131,-2.2205,-2.6196,0.72248,-0.55435,-0.46015,-0.41157,1.6067,-0.69494,-0.75607,-0.51345,-0.73362,-0.30041,0.44231,0.14972,-0.14218,-0.092003,-0.031653,0.012763,-0.021254,0.00096603,9.8666e-15,2.0372e-14
-31.847,70.849,-49.719,-32.02,-29.693,-1.1028,6.1607,3.9782,0.22862,-1.3087,25.88,5.4358,-6.8836,1.6101,-3.8462,2.7302,1.5169,4.8947,5.5737,-1.9999,-2.8102,6.0121,-4.5006,5.1426,-3.4281,0.81041,1.4695,-2.2379,0.88381,-0.70545,-2.2545,2.3355,1.8923,-1.7542,-0.10113,-0.25522,0.92705,-0.70645,-0.90963,2.0326,-0.89053,0.10592,-0.66472,-0.62938,-0.54881,-0.32996,-0.18197,-0.26161,-0.22788,0.089794,-0.012736,0.015113,-0.0033396,3.435e-14,-3.9931e-15
-169.67,0.79365,101.07,62.024,-23.024,26.663,-31.421,-11.663,17.839,4.7637,-4.9219,2.8392,-4.3237,1.8644,23.959,26.49,20.936,-5.7154,1.4111,-1.7901,-6.9803,3.2228,3.3882,-5.339,1.7509,-2.4788,-7.6151,0.79614,-4.3447,6.7068,1.3352,2.8922,-5.4458,1.0785,3.8943,-1.9749,-1.5331,0.56488,1.8335,-1.5612,0.1765,1.6709,0.28506,-0.3404,-0.55208,0.34126,0.8827,-0.30019,-0.081923,0.10664,-0.087046,0.0086256,-0.0041383,3.1205e-15,-1.385e-15
-8.0971,-45.708,268.18,48.82,-2.0463,2.2319,5.4607,2.9821,10.825,9.3321,1.4843,8.7676,-13.51,-4.8093,-4.0705,-3.6699,-2.2073,5.6432,-6.9092,-13.686,3.56,0.5227,-3.3691,-11.153,3.1495,0.56751,2.3663,3.2334,2.8196,5.5271,0.40445,1.5514,0.41563,-2.4462,0.37982,2.6187,0.1162,-0.63941,1.2743,1.9439,-1.1935,-0.33189,-1.8596,-1.0643,0.41232,-0.59448,0.22188,0.051994,0.01077,0.12056,-0.11914,0.028013,-0.0036057,-1.611e-15,1.5372e-14
14.721,-19.347,274.03,-52.255,-78.499,-1.961,-12.027,-10.853,5.1786,-7.5491,3.7689,12.755,-16.642,-3.636,-6.763,8.507,-7.4626,-8.3026,-1.7212,-4.9721,-4.6646,11.498,-4.2787,-4.8284,11.806,-0.049551,-1.2819,-0.63702,-0.28504,2.5745,-0.10543,-0.86344,3.1622,-3.7727,-0.25114,-1.5347,-0.16536,3.9445,-0.73414,0.11278,-0.1797,-1.847,0.80961,-1.556,-0.27484,-0.16083,-0.12718,0.017378,0.11232,-0.040324,-0.016623,0.049837,0.00013802,1.4749e-16,1.8609e-14
125.89,108.03,182.8,70.48,59.557,2.296,4.2599,-1.0053,-17.54,-14.596,11.933,13.592,2.0974,-8.834,-4.6949,-3.103,-3.9777,-7.1234,-15.829,12.644,11.29,2.1476,9.2006,-0.72099,2.4419,-0.44682,3.2326,-0.21092,3.9332,-5.2696,-0.55662,-1.5133,-2.1303,-0.98595,5.3595,-2.5917,-1.0211,1.5618,0.57263,-3.2178,-2.9824,2.1412,1.5419,-0.85942,-1.0014,0.069808,-0.21535,-4.3392e-05,-0.057391,0.0075302,-0.019553,0.014041,0.0018052,-2.156e-14,-5.0177e-15
91.713,-10.049,160.72,118.42,47.887,12.983,1.5073,11.084,-6.3471,-11.436,6.4655,4.4679,-20.154,9.3032,-2.5648,-3.8041,-5.3351,-3.6034,2.0501,5.914,10.974,3.2698,-0.15571,0.74084,-0.75711,7.9665,-0.033494,-4.8379,-13.457,3.2981,2.7025,-3.3182,-6.6068,5.0969,0.49892,-2.1259,0.91803,-0.92071,-1.6543,0.94115,-0.21141,1.376,-2.5636,0.49426,-0.020313,-0.34426,-0.42537,-0.049666,-0.20182,0.018282,-0.040968,-0.0074949,0.0010724,-1.3562e-14,-2.8722e-15
92.302,-67.627,175.54,-42.548,142.15,-16.851,-1.1603,-8.1602,22.216,-3.9922,15.358,16.16,13.82,19.572,13.305,-3.8269,11.453,8.7098,-4.8082,-2.3458,-2.9633,-6.9179,-1.6482,-1.5961,7.2835,-2.4577,0.14209,5.8898,-2.8464,-4.1517,0.14387,-1.4563,-5.3774,3.3551,0.26621,-3.2349,0.24917,0.49129,-1.1176,2.8884,-0.33731,-1.1994,0.3035,0.073292,-0.014163,-0.1683,0.080253,0.16656,-0.12636,-0.0029724,0.011153,0.012329,-0.00016532,1.242e-14,2.9293e-15
225.22,141.15,234.06,5.6032,2.7195,4.8431,6.9645,-16.436,3.5561,24.999,-12.975,1.4735,-0.44943,-14.088,-3.6842,7.7343,10.158,15.453,-9.9253,0.90743,-3.4972,-14.757,6.8697,8.0102,-7.8212,3.092,6.7221,-0.38074,-1.1222,0.35778,-3.8022,2.0162,-6.5233,1.1949,-0.47106,-0.37786,-0.98912,-0.94579,-2.773,0.98124,0.94516,-2.1804,1.3073,-0.1756,-0.17306,0.2908,-0.056402,-0.38362,0.37628,-0.0081715,0.021217,-0.0962,-0.0058927,7.6164e-15,1.0153e-14
49.289,-28.112,355.46,-15.736,-88.245,11.772,-15.186,12.454,1.7891,12.603,-1.0134,4.8296,-14.491,-14.895,-1.6357,0.46079,-1.3155,14.828,3.0612,-2.2287,6.2111,1.8359,9.465,-6.3661,2.9416,0.62211,-0.45366,-3.7213,-0.76249,7.5711,-0.37427,4.4991,4.9828,1.9497,1.6671,-0.052909,1.5213,0.6758,0.69282,-4.7616,2.9203,1.3674,1.6521,2.0026,-0.45785,0.19906,-0.19145,-0.039115,-0.074164,-0.054735,0.055563,-0.004276,-0.0014531,2.4952e-15,1.0178e-14
-64.719,43.06,154.53,20.345,-58.302,2.1146,-11.817,-2.6786,0.15543,-1.5514,2.3758,-1.9597,-9.5625,0.26896,-2.2206,-0.96343,-0.38314,-5.4455,-11.243,2.8103,-1.8091,-1.9245,-6.9018,2.9233,3.9944,-0.85255,-3.465,3.8392,-0.8876,-3.4347,3.728,0.32103,1.6144,-3.8231,1.4336,-0.95891,2.2953,0.69698,-2.0193,1.3095,1.3909,0.97444,-1.3928,-0.079909,-0.025123,-0.12546,-0.12255,0.049279,0.11981,-0.019482,0.041078,-0.0034613,-0.00061954,-1.7118e-14,-5.1824e-15
74.227,44.993,238.99,-31.875,-48.089,34.837,-11.334,4.3193,-19.656,-11.291,19.366,-13.52,-6.9975,16.033,16.825,-7.9695,13.085,-14.165,-22.211,-16.1,-5.9244,-8.5654,-1.0973,-0.32743,0.0019965,-0.32492,-2.0084,4.3106,6.8466,0.24533,0.27094,0.64736,0.061638,-1.966,2.2592,-1.3376,-1.3688,1.1747,0.25585,-0.93028,-0.63682,2.6481,-1.9198,-0.3189,-0.63684,-0.1281,-0.56632,-0.16131,0.031706,-0.082909,0.024235,-0.031684,-0.00014281,-1.1714e-14,-1.1753e-14
-6.0599,76.105,146.65,-0.3653,36.169,-20.707,8.1789,5.5104,-1.4668,9.8289,16.055,0.72456,-5.141,-10.324,-1.5197,-4.2438,-0.95458,11.551,3.4954,-10.199,-6.3004,-3.007,0.57192,-17.686,2.5347,-4.9057,-3.5301,-16.291,2.7655,-1.3783,10.102,-0.76991,-0.6712,2.4805,-0.57916,-0.93595,-3.0759,1.2462,0.53858,0.26852,0.62037,2.1508,-0.0439,0.83775,0.88134,-0.10502,0.039939,0.16637,0.16174,0.040536,0.067697,-0.0022139,0.0039246,-5.9117e-15,-7.7067e-15
-28.386,-62.635,188.11,30.371,74.189,-27.249,-4.0007,-8.3878,-7.4436,-40.664,-5.1558,22.111,10.961,11.475,-0.61652,-4.4057,11.787,-9.2229,14.386,8.0794,-2.9037,1.4932,6.9647,-10.164,8.0224,-1.4419,7.4245,0.59203,0.84795,-1.0084,-1.7365,-1.6265,5.5648,0.76306,-3.6966,-1.1145,1.4585,0.9405,0.61923,-0.045759,-0.45463,-0.41055,-0.35726,-0.94318,0.22622,0.13238,0.30279,0.084958,0.26576,0.0055308,-0.0056818,0.01027,-0.001751,1.4562e-14,5.4499e-15
26.894,-36.602,162.87,42.602,84.815,-17.448,1.898,11.582,-3.7437,7.3632,-6.4739,8.0915,-19.12,-22.505,-1.2768,9.345,-6.7668,-7.3214,-7.379,-0.95781,0.52782,-2.9476,4.6143,5.3719,4.2719,0.078059,-3.1969,7.2231,-2.8139,-4.0094,2.2178,0.18987,-1.4645,-0.73235,1.6196,0.29883,-2.516,-0.014244,-0.80486,0.19737,0.23444,1.3773,-2.1809,0.59714,-0.14965,0.22429,-0.4306,-0.0011966,-0.11772,-0.0073425,0.031759,0.015045,0.0034079,9.238e-14,-6.1121e-16
-12.42,-54.82,294.36,-15.823,-59.679,16.651,2.9234,12.256,6.2714,0.8808,-20.847,1.2372,-7.3986,-5.1692,7.6624,0.83061,-7.6441,14.526,0.042375,14.548,-4.2527,1.4522,6.1275,5.4676,7.1544,-2.3169,-6.4738,-3.6648,-0.59551,1.3075,-2.468,-2.2602,-0.45892,-6.3765,-4.2632,0.25513,-0.56963,-2.8092,-1.4603,0.63742,-2.8395,-0.67248,1.8225,0.22748,-0.26183,0.099866,0.38912,0.17835,-0.086405,0.077896,0.033456,-0.0024768,0.0010083,-2.2789e-15,-8.1889e-14
64.104,4.7238,174.4,17.883,124.99,-3.6208,4.9754,1.8701,-8.8531,-27.816,15.355,-5.8269,-8.9332,-0.22173,-2.0806,3.6025,7.2317,2.5389,17.123,5.4359,-14.117,-6.5799,11.455,-2.2292,5.6876,4.0907,3.459,4.5422,-0.65522,-4.9381,-3.1398,-1.7219,2.1034,1.9412,-1.1589,0.23556,-0.80702,-1.934,-0.9538,-0.15943,0.90806,0.4927,0.062542,0.99825,0.16625,0.046236,0.32785,0.014064,0.022779,0.0073707,-0.0026612,-0.0068404,8.0871e-05,-9.9335e-15,-1.999e-15
42.622,-82.793,176.25,46.637,96.534,10.339,-14.808,-9.5909,12.925,3.2837,-6.8456,3.7237,-2.8237,6.7865,-1.2047,-0.38527,-3.7615,-9.862,4.9088,2.264,2.3587,7.6262,-3.741,-4.3311,3.4838,3.8834,4.8059,-2.5071,5.4177,1.3068,-3.3039,-2.3542,1.1602,-5.829,-3.2806,0.84721,-0.95123,-1.3291,-0.67533,0.19993,2.2579,-1.0685,-0.40938,2.0968,0.95139,-0.10704,-0.041865,-0.082252,-0.076929,0.047536,-0.012264,-0.031085,0.00063303,-1.0957e-14,8.377e-15
247.83,270.56,130.49,18.591,73.055,4.5792,14.73,18.64,9.4349,56.86,6.4116,6.5222,13.443,13.78,-0.23,-21.61,2.4635,-13.946,17.755,4.6254,-7.801,3.8336,-11.295,0.084211,3.4719,-0.87186,-4.207,-1.8041,1.5495,1.5563,-4.7507,1.7438,-0.93609,-3.08,0.82309,0.32198,1.9793,-4.8875,-2.7817,-1.5589,-0.84664,1.521,-0.27149,0.11714,-0.33182,-0.091133,-0.29894,-0.077896,-0.027607,-0.025987,0.0096005,-0.051011,0.0032755,-2.8271e-15,1.6399e-14
50.737,4.1956,164.43,96.419,21.469,-2.9566,-19.532,-3.2678,22.447,7.827,1.8198,0.91087,0.74566,3.1457,6.1625,0.9662,-10.087,-0.65658,-6.4313,2.2941,4.3364,5.887,-6.6286,8.0488,0.93254,1.864,-4.2374,3.9341,-1.2447,-7.8942,1.5479,-0.53976,-1.7708,3.1341,2.0314,-2.4448,-0.075937,-0.77181,-1.8024,1.3429,1.4541,-1.8699,0.15004,0.90589,0.72029,-0.16761,-0.11088,-0.032686,-0.16972,0.098064,0.016761,0.020003,6.4951e-05,-1.7105e-14,5.5418e-15
320.34,41.242,276.41,52.551,64.919,-35.151,10.089,-7.0108,8.8778,-35.527,-5.2114,6.361,16.895,-0.10094,0.6897,-16.243,16.406,2.0382,1.6208,-2.6455,-7.3856,-3.9927,2.229,2.7456,-9.2367,-5.0803,-3.0509,1.1135,-0.35482,0.56758,1.8239,1.3824,2.0859,-2.7489,-4.147,1.2276,1.0808,1.7549,0.31562,0.58516,1.1817,-0.67131,1.1472,-1.5122,-0.27734,-0.10279,-0.27413,-0.14513,-0.063047,0.062784,-0.03865,0.041707,0.00091166,-7.5602e-16,8.4988e-16
98.203,31.727,183.07,-53.695,-41.025,33.578,-1.2564,20.776,49.074,8.173,21.325,-22.497,5.2322,11.886,-7.4138,-3.3129,0.6846,6.6331,-0.31496,-9.2248,14.179,-0.56509,-0.73152,-4.6471,-6.8347,1.0309,1.7678,4.7057,-7.4075,-5.8197,2.1669,0.2011,-1.9137,-0.45268,-3.3815,1.5138,-0.86169,1.2381,0.84875,-0.69753,1.0094,-0.82177,-0.19344,-0.071674,0.44622,-0.17538,0.19483,0.33514,0.13187,0.13492,-0.090074,-0.018834,0.0016923,3.6858e-16,-4.6133e-15
-204.36,-29.249,-4.8111,-12.695,16.725,-5.6857,6.0099,12.747,-13.915,3.774,9.7406,-17.124,0.66669,9.2402,13.262,-11.433,-7.3397,-7.9085,-12.955,8.0599,-3.5612,-6.2549,3.3035,0.65341,-1.8494,-2.4814,0.10004,-1.4887,3.7736,1.2891,-1.9957,-0.44339,2.2297,0.35222,1.7622,-2.9422,-0.54588,1.5918,-0.57174,0.28945,-0.049191,-0.60495,0.53737,0.54368,-0.1214,0.075501,0.24474,0.017655,0.015588,0.048337,-0.0074959,-0.030241,-0.00075343,8.2115e-15,-1.5763e-15
-215.88,-48.117,-33.319,4.3586,12.882,-10.294,-1.4541,13.179,-7.2719,2.7736,-3.3314,-12.135,-0.81672,0.45855,4.4619,-6.2883,6.1214,-0.26096,-0.79665,3.4348,2.7923,1.2655,-0.78243,0.26256,-0.65531,-0.12513,0.30916,0.77341,0.37551,2.4568,0.60661,3.1988,-0.048866,1.4115,0.36681,-2.8789,-0.93049,1.8555,-0.93771,0.17257,-0.044878,-0.54791,-0.098287,0.8426,0.10236,0.047029,0.040275,0.057216,-0.072026,0.020575,-0.048726,0.015387,0.0012365,7.2008e-15,-4.1564e-15
-204.69,-4.7609,-46.328,3.0885,12.719,-11.075,-1.6035,-1.5982,-2.5571,-1.3451,-3.6836,-3.6012,0.27333,-3.8749,-5.0381,-5.491,3.4791,4.8533,0.58426,-3.4901,-2.3948,1.5628,-2.8068,2.4255,0.0090769,0.49843,2.4918,-0.18994,-0.5154,-1.5065,-1.0073,0.58793,0.044969,-2.7779,1.6481,-0.79957,0.69233,1.194,-2.3045,-0.9744,0.66077,-0.1252,0.25237,-0.11987,-0.18575,-0.25267,-0.003628,0.052945,-0.035556,0.01766,0.0030852,0.035776,0.00054803,-2.2183e-15,-2.6196e-15
-219.59,-40.011,-30.462,-20.247,37.444,-16.817,-6.7066,16.92,-3.1032,6.4034,-8.3569,-0.22274,11.173,2.2001,-2.7921,-7.9731,-6.9221,-5.537,2.4299,0.12393,-5.5038,0.19882,0.078863,-1.3057,-0.26496,-0.39017,2.7124,1.5268,-0.55289,-0.28761,-1.2368,-0.14343,-0.47955,-0.041399,0.14447,-0.62452,-2.0579,1.1122,-0.50602,-0.040904,1.9559,0.87686,-0.10527,1.0497,0.14893,0.054394,-0.032994,-0.070445,-0.051128,0.036596,0.00099745,0.0044739,-0.00055136,-2.7469e-15,-1.0045e-14
-211.72,-39.621,-37.633,-11.298,6.4865,-5.4451,-13.814,0.34204,15.849,-0.16104,-3.0528,-10.751,3.5452,9.7057,2.3542,-3.066,-8.343,-1.7502,0.84629,0.075348,-0.81369,-1.7077,-0.223,0.67382,-0.90569,3.8409,-1.2176,-0.47749,-3.1657,1.2833,0.57759,-3.0694,-0.13129,-1.1352,-2.6183,0.28143,-1.0113,0.26799,-2.2811,-0.99929,-1.9769,1.05,1.6122,-0.70771,-0.20841,-0.2221,-0.11247,-0.027976,-0.016864,-0.0089428,0.00041643,-0.032293,-0.0036723,1.7157e-14,1.7848e-14
-146.18,-49.496,-19.339,-5.278,11.307,-7.9369,17.784,3.9439,6.131,11.85,4.8916,12.323,12.734,-12.032,1.2581,-8.5004,-3.9817,-2.4699,3.4599,-4.6809,-7.7474,-0.52846,3.1512,0.6084,-4.6288,-2.997,5.0854,-0.29844,-1.8262,2.6038,-0.83951,1.2058,0.4186,1.2936,-0.22175,-1.7544,-0.8282,0.78859,-0.91899,-1.0893,-0.065128,-0.6179,-0.029759,-0.40135,-0.1418,-0.30294,-0.11923,0.030854,-0.10048,0.10514,-0.031503,0.039216,-0.00024257,6.1847e-16,-6.6028e-15
-219.48,-32.285,-6.9051,-3.3137,29.44,-18.058,-10.211,11.06,-9.5036,-2.756,-4.4214,-21.642,6.1472,-0.95449,5.3629,-5.9885,8.7459,-1.0981,-0.63591,-0.52213,9.1657,4.0819,4.2331,-2.0156,-0.035535,0.34629,1.7503,0.11001,-0.81754,-0.52357,-1.029,2.5604,0.82188,-0.20028,-0.6254,-1.0902,-1.5029,1.0937,-1.7936,-0.3,-1.1579,0.11535,-0.26363,-0.47657,-0.059913,0.27942,0.15859,0.071344,-0.043172,-0.075547,-0.029668,0.0067604,9.4888e-05,9.142e-15,1.1768e-15
-259.38,-42.201,-19.903,7.8419,3.0379,-9.9689,-11.04,4.1578,-9.7669,-1.1158,-9.6579,-7.6081,5.2109,-7.56,0.37568,1.3431,6.5215,4.2137,4.2691,4.4461,0.22635,-2.8446,-0.74657,-2.5999,-2.578,-0.68457,2.5638,-0.049956,-6.2653,-0.21787,3.9075,-1.2622,0.2232,-3.4056,0.89788,0.2586,5.0633,-0.68424,-2.7225,0.0063635,-0.39072,0.5188,0.14069,0.9497,0.30923,-0.25191,0.18623,0.071161,-0.010945,-0.051513,0.021915,0.0044129,0.0010854,-8.3195e-16,8.3685e-15
-226.18,-32.62,-20.11,-0.079775,18.228,-9.7686,2.2002,9.1502,10.607,19.584,1.0778,-1.9653,9.3283,2.867,1.7041,-8.7452,1.9036,1.7049,6.2764,-4.1708,-4.503,1.2691,11.251,1.3151,-6.0831,-2.1579,1.9967,4.779,-0.29291,1.4088,-0.26381,-1.3791,1.1542,-1.4522,0.31068,-0.13251,-0.2809,1.2354,0.18887,-0.87233,1.8434,0.18821,-0.23288,-0.82887,-0.44345,-0.14931,-0.23219,-0.0085792,-0.06482,0.054966,-0.010378,0.0070773,4.4254e-05,-3.5361e-15,-4.1435e-15
-184.19,-75.214,-46.545,-16.506,14.788,-7.0229,-7.3645,9.6746,-8.6363,0.90926,-6.7985,7.3222,12.115,-0.054577,-6.5357,1.7856,-7.4649,1.0628,-4.9618,-1.6969,-0.16128,-1.2577,1.1328,0.58345,0.060079,-1.972,3.8802,-0.98834,-1.0692,2.3569,-0.90091,0.63635,-1.1032,0.57348,0.09644,-1.5921,-1.6341,0.80864,-1.4079,-1.3541,0.34141,-0.53197,-0.68773,0.75786,-0.075789,-0.032044,0.05967,0.10859,-0.034616,0.040904,-0.02219,0.019602,0.00058299,-1.5383e-14,-9.2365e-15
-206.17,-55.829,-10.66,-24.206,27.361,-11.081,-5.06,8.4193,11.559,5.8815,-7.8413,-17.24,0.2992,-1.1046,7.3679,1.1515,7.4312,-3.3632,-0.53793,2.0724,1.0436,-2.5095,-1.1836,-1.2886,0.61063,2.0332,0.81081,-3.1795,3.1866,-0.20042,2.716,-3.5228,1.4554,3.116,1.082,-1.3067,-0.56301,1.5658,-0.97083,0.56612,-0.25761,-0.49199,0.31383,-0.19321,0.39181,-0.012422,-0.15727,0.010702,-0.10783,0.072179,0.0092665,-0.022941,-0.00073363,-1.5809e-15,-6.977e-15
-149.93,0.58246,-23.798,-3.9035,33.838,-8.7352,-16.973,10.295,-8.1873,-0.6389,-1.0166,-18.333,7.1603,9.3136,-0.56635,-0.48884,-11.876,-0.98562,5.0414,-1.4702,-4.8458,0.40889,-2.6613,-1.0413,-0.75559,1.5371,-1.9768,-0.41378,0.12604,1.3746,-1.3907,-0.87194,0.55394,-0.14738,1.6604,0.79189,-1.3316,1.0082,-2.4999,-0.53809,-1.4362,0.62327,0.74206,0.6911,-0.15166,0.046559,0.069616,-0.097707,0.010507,0.00093637,0.0097342,-0.013934,-0.0010004,1.1745e-14,2.6495e-15
-225.43,-45.89,-17.259,-13.056,9.9326,-2.3386,0.27132,14.544,-8.5299,-9.0026,-1.1075,-13.902,1.2085,4.8244,4.7073,-9.6693,-0.25139,0.1346,-5.6727,5.237,1.1209,-4.2823,-4.0844,0.35641,0.23205,-0.031182,1.9484,2.4365,1.4706,0.96854,3.7311,1.7437,0.086045,-1.1054,0.736,-0.57134,-0.76678,2.7324,0.39307,-0.52675,-0.44124,-0.4731,0.10664,0.63821,0.19384,0.052965,0.062371,0.0079025,0.068406,0.050946,-0.0038606,-0.00072462,-0.0004843,1.3138e-15,-1.1376e-14
-174.82,-59.12,-2.3747,-6.4687,53.694,13.571,-15.171,-3.5223,-4.3037,7.6481,-13.342,0.21536,7.8126,-1.3984,4.9402,7.1277,0.32517,-9.3176,0.29428,-18.101,-5.3156,-3.1943,1.5744,-0.89854,-0.65949,2.2681,5.9196,-7.8762,1.467,-2.4297,4.0187,-5.9657,-0.030841,0.88762,-0.094517,-1.1161,2.0729,-0.12708,-1.8535,-0.69831,-0.92965,-0.86946,-0.094578,-1.1327,0.25069,-0.05922,0.099668,0.063929,0.031396,0.041374,0.066623,-0.00027669,-0.00025155,-1.6708e-15,-6.3423e-15
-193.43,-8.2573,-43.966,1.4881,-2.3595,8.0314,3.3513,-3.3584,0.79966,-5.7023,-8.186,-1.1326,9.2421,-21.391,-0.22651,-0.37211,14.572,8.3528,-0.04404,6.9718,3.1374,7.0186,-0.63162,2.1992,-0.60474,0.36366,2.5277,-1.63,0.44902,0.90859,-2.2457,0.45793,-1.1901,-0.10214,0.1741,-2.103,-1.5221,0.72245,-2.2444,0.42233,-0.79372,-0.57946,0.22545,0.17162,0.22367,-0.44112,-0.25515,-0.48511,0.55865,0.12025,0.0075423,-0.075943,0.0041311,-2.854e-16,8.2744e-15
-197.4,-44.234,-25.242,-0.97757,-17.74,-12.256,-16.344,6.2674,2.9706,4.4617,-10.22,-5.0843,2.0708,5.5705,-2.9179,-4.2344,-4.7629,-1.9684,2.0081,-0.16321,-4.6061,-4.964,-1.586,-0.02386,-0.77457,0.082559,0.37126,-1.7376,-0.93818,1.4583,-1.0744,0.067499,1.1698,1.6308,0.88203,-0.27316,-1.0275,0.054072,-2.1348,-0.48606,-2.071,0.48066,0.35507,0.34114,-0.11788,-0.10497,0.049948,-0.025828,-0.061957,0.012366,0.0074413,-0.0016394,-0.0013079,1.6371e-15,4.4635e-15
-133.09,-67.742,-55.135,-14.517,13.472,-5.0709,3.3954,18.766,-1.9335,18.034,4.7576,6.8227,11.282,10.119,-8.5999,8.9306,-4.2007,10.314,-3.8624,-1.4464,7.4432,-10.976,-1.3051,-2.0221,3.3737,0.36675,4.2433,0.25148,0.57918,0.91994,-3.8043,2.2558,-0.29174,-1.0432,-0.76948,-0.85708,-2.1717,1.4059,-2.3237,-1.7665,0.0060889,-0.24918,0.15748,1.1083,-0.29513,-0.21956,0.066916,0.089955,-0.16505,-0.038455,-0.072983,0.0034555,0.0014549,4.4657e-15,1.3271e-15
-218.66,-4.6608,-31.834,-5.2622,19.937,-6.3712,-4.2807,9.7964,2.9639,-2.2457,-0.77911,-10.203,7.0227,4.1737,-3.8487,0.083894,-4.4984,3.2783,-1.2585,-2.0079,-4.1188,-1.7506,-3.7896,1.0365,0.52715,0.78227,0.35812,1.2179,-0.31497,-1.1507,-0.92249,0.36189,-0.12984,-2.4319,-0.08205,-0.87196,-0.12744,2.3384,-0.6436,-1.471,1.8217,-0.64139,-0.36519,0.18878,0.11112,-0.1523,-0.057578,-0.047062,0.0084665,0.020351,-0.018728,0.0032448,9.9871e-06,-3.4951e-18,-1.1085e-14
-218.97,-58.9,-15.484,-26.592,20.597,-13.217,0.65848,7.5563,5.1149,16.129,-4.968,2.5408,7.3686,1.3905,0.45588,-3.8474,-8.0295,-6.3006,4.3785,-3.8934,1.0209,5.1687,8.4552,2.6503,-3.1821,0.16923,0.80293,2.4755,-0.091749,-0.2826,-0.18638,1.0848,1.6721,-0.60779,-0.72981,-2.0157,-0.32508,0.52049,-1.2613,-0.53906,0.50211,0.25858,-0.29295,0.15773,-0.16935,-0.088184,-0.10687,0.018497,-0.021742,0.076431,-5.065e-05,0.0059702,-0.0017518,-3.3265e-15,-3.232e-15
-189.03,-48.948,-20.63,-5.1729,13.764,-5.8696,-6.6089,17.367,-5.5995,0.99623,-11.664,-10.696,-0.032912,-1.5937,-2.8051,-4.9101,9.9103,3.2211,5.8072,-2.6148,-4.1974,-3.2922,-4.386,0.66504,-0.8992,1.5556,2.504,5.537,1.4941,0.83928,5.8829,1.0167,-0.40347,-3.6645,2.9187,0.68725,4.1053,1.0625,-0.63516,-0.75164,1.1337,-0.36859,-0.70452,0.26851,0.11945,-0.11648,-0.10428,0.024898,0.063056,0.018559,0.032234,0.014456,0.0014221,-3.9196e-15,-8.0547e-15
110.32,126.64,78.295,-67.166,-156.77,-15.619,-19.253,9.2052,-27.022,14.928,2.39,3.2148,16.85,2.9869,-1.6824,-6.1965,-6.162,-1.8637,7.4612,-2.3691,-2.5561,1.1708,-6.7833,-2.5041,1.0613,-0.70049,0.1343,1.5845,-0.29543,-2.9302,-0.059944,0.88099,-2.6185,0.88238,-0.31561,-1.13,-3.1501,-0.54805,-0.71159,0.089752,1.3335,-0.76995,-1.5992,-0.16788,0.094774,0.29185,0.52289,-0.029438,-0.006083,-0.12825,0.072166,0.044533,0.00078828,-8.3006e-16,9.2897e-15
-46.712,78.842,-23.46,-39.85,-33.537,10.998,-10.897,8.9405,18.734,6.2993,0.61909,-11.49,-0.88986,13.726,-8.0672,-0.78569,2.9173,1.2395,8.6609,-14.46,24.208,8.7143,22.386,-3.6779,0.52383,-1.6102,0.59394,0.22222,5.0885,-5.4815,0.77953,-0.37894,0.58929,-1.7027,0.73632,-0.036419,-1.2333,-1.9383,-0.20385,0.13071,0.20035,-0.47334,0.25873,0.23691,-0.2138,0.15808,0.36838,-0.036123,-0.17776,-0.080769,0.077858,-0.023754,-0.00072021,3.6662e-15,6.1379e-16
-77.095,-6.0146,49.923,-79.38,-115.29,11.001,-4.7839,-19.999,1.9348,11.246,8.7611,-3.1533,1.8616,5.7919,0.77172,6.2083,-0.52505,2.7881,8.1874,1.1325,-6.0114,1.0349,-2.0956,-1.7729,-6.3987,2.7255,0.14068,2.1195,2.909,1.6171,0.5935,-5.8365,-0.52532,-0.21118,0.76495,0.088281,-0.98438,-0.47517,0.50282,0.8314,2.0828,1.7928,1.7095,1.0307,0.1578,-0.3608,0.075653,0.032512,0.016974,0.1154,-0.069828,-0.018842,-0.0016291,1.1796e-14,-4.1464e-15
-55.985,126.12,13.4,-78.864,-47.816,-5.0265,-4.4469,5.2956,-4.6316,6.1027,-10.366,10.509,2.443,-8.1389,2.2243,8.459,4.7836,-2.6482,-0.036024,7.0043,-5.7914,-4.7278,12.399,14.574,1.0723,0.86764,-0.2668,-2.8763,-0.49583,-3.5626,5.4055,1.1667,0.9847,-2.4792,-2.2676,-0.45098,1.0442,0.2877,-0.024782,0.29504,-0.50975,2.9728,-1.5468,0.21048,-0.45607,0.030684,0.13163,-0.12732,-0.09502,-0.065607,-0.076285,0.026278,0.00032789,-5.7137e-15,8.3005e-15
-69.488,180.08,-31.954,-26.958,5.7703,-4.27,24.538,-11.879,5.1698,16.601,6.8394,-0.68661,11.857,-0.01576,4.1629,-2.8847,4.9155,1.0942,8.7099,-2.1373,5.0509,9.8548,4.5215,0.77464,0.58078,-0.4886,0.69409,3.1484,-0.017301,-0.70892,-3.1268,3.9259,0.95152,0.012357,0.39791,0.12156,-0.26909,0.29304,0.71456,-0.41603,-0.61036,1.5727,-2.0264,-0.41461,0.033502,0.091315,0.24826,0.32834,0.20942,0.2223,-0.035902,0.031667,0.002407,2.1763e-17,-3.0864e-15
-43.886,13.114,145.1,-112.5,-101.6,-3.2432,7.9474,-8.7983,-2.7903,-5.966,-12.04,-14.972,-5.5573,-1.1207,-7.6243,-0.9724,8.3095,1.5182,-4.5437,5.2059,-0.70636,-3.7594,2.2794,7.6372,-2.928,2.7076,1.3325,-0.38364,2.3036,-2.4305,2.5236,3.8838,-1.3326,-2.5574,0.22223,-1.8201,4.1787,-2.2845,0.65184,0.31453,0.47245,-0.54934,0.82712,0.73745,0.37651,-0.26278,0.32718,0.23441,-0.012365,0.040041,0.036933,0.013951,-4.2838e-06,-3.1881e-16,1.1844e-14
-21.089,189.2,-24.884,-33.479,-19.856,-10.447,11.767,-11.225,-3.9735,-3.2868,-15.45,9.4184,1.31,1.0026,-11.652,1.6838,-4.2773,-7.3896,-3.6851,0.76639,-2.7501,-0.19913,1.8824,-0.26743,0.83479,0.055352,-1.1349,1.0327,-0.26477,-1.0118,-0.669,-0.16861,0.98925,-0.41554,-0.50962,-0.45679,-0.31131,0.58007,0.011516,-1.1019,0.41612,-0.65186,0.026567,0.22935,0.013815,0.41936,0.082187,-0.09998,0.010635,0.028755,-0.052639,0.012028,-0.0010795,-2.4886e-15,1.3535e-15
66.348,188.91,60.023,-132.84,-99.956,-0.20503,14.548,5.755,3.4021,5.0961,-14.384,3.0705,1.1185,2.5689,6.9562,-1.7553,-0.30367,0.5177,0.29865,1.5659,-8.4081,-4.9555,-0.12099,6.7507,-2.6874,0.36808,2.8886,-1.0941,-1.578,-1.3858,0.095467,0.79553,1.0128,1.228,-1.1442,0.81513,-0.5576,0.89319,-1.2776,0.024667,-0.54111,-0.93005,-0.66699,0.079274,-0.067541,0.51183,0.37416,-0.098758,-0.10082,-0.091932,0.0097324,0.037433,8.9948e-05,1.8173e-15,8.7343e-15
-54.354,147.73,-24.501,-42.655,-27.147,2.6471,2.677,-10.964,12.332,-2.6057,-5.3416,-7.131,2.1915,-2.2547,2.7852,5.5074,9.1811,0.55722,0.61844,2.4772,2.6968,3.563,-0.38283,-0.62492,-0.61351,2.2695,-0.38993,1.7323,0.83741,-0.28777,-0.68502,-3.5429,2.3618,2.9665,2.8512,1.0443,0.73242,1.8081,-0.60639,-0.16405,0.12197,-0.23994,0.9058,0.18733,0.053747,0.41165,0.20881,0.0066384,-0.035445,0.018492,-0.13064,0.020264,0.0033688,1.3694e-15,-3.6166e-15
-81.359,122.84,-41.625,-37.255,-3.7446,0.024573,20.978,-10.377,1.2541,-2.221,0.42242,4.045,1.5598,11.311,-6.3289,1.294,-8.1013,-1.6361,3.9796,0.42535,-4.4824,1.3516,0.40336,-3.4632,5.1984,1.8346,-0.67259,1.8437,2.5055,1.9195,2.6176,0.95444,-0.37453,0.49359,-0.97377,-0.67471,-0.31389,0.21803,0.88893,-0.30933,-0.69327,-0.56916,0.20821,0.12937,0.35635,0.12181,0.088991,-0.057072,0.080116,0.0090927,0.059011,-0.01871,-0.0014739,1.0745e-14,5.1195e-15
-154.46,49.335,15.988,-54.194,-44.401,2.0424,14.661,-21.326,7.1899,-11.898,-7.8346,1.385,-2.4751,6.1181,-8.2908,4.9032,-6.8505,2.2163,-2.9031,-0.67248,-1.7821,0.87129,-0.94719,-0.28461,1.0985,1.5602,-0.70846,-0.81108,0.80234,0.79506,0.35018,1.0032,0.59913,-0.32762,-1.0675,0.0087722,-0.14002,-0.86992,0.50383,0.45515,-0.96402,-0.16233,-0.11724,-0.015586,0.51478,0.041732,0.64579,-0.00041566,0.03289,0.041134,0.054317,0.0059421,-0.0029727,3.7157e-16,5.5196e-15
-49.382,137.87,-27.187,-28.28,1.8025,-7.239,16.421,-25.167,4.5549,-13.092,-6.5261,-2.0321,5.9474,-5.2757,0.73572,6.042,-10.955,0.058425,-2.6592,1.6884,-3.393,-6.7076,4.1615,0.64957,2.7664,2.8156,-1.6441,-0.87976,-0.44176,-1.6802,0.7956,-0.70385,-0.95031,-0.32913,0.017294,-0.14332,1.9618,-0.090172,0.64253,-0.59988,0.061902,2.3683,-1.3076,0.48654,0.40973,-0.20324,-0.20463,-0.014677,0.028746,0.045663,-0.06158,-0.011968,-0.0018393,-1.0674e-15,4.2349e-15
107.43,299,-87.547,-34.079,-4.5209,20.804,37.516,-7.9133,-11.787,-7.6723,-0.90394,-3.9857,-6.6626,10.313,0.73122,-8.9612,4.8599,-2.6868,-4.5086,0.74108,11.057,0.39573,0.44837,-3.9866,1.7662,3.47,3.9432,-0.81343,-13.508,2.147,1.3682,-2.7939,1.6267,-0.42493,-5.0421,2.7167,0.11511,2.0547,-0.51831,-0.99994,0.22194,0.43783,0.83526,0.67175,0.051938,0.23612,-0.0043566,-0.18932,-0.041359,-0.016062,-0.044854,-0.021655,0.00044316,1.5042e-14,-6.9268e-15
-41.665,111.83,-1.2486,-64.817,-66.714,20.159,40.329,18.809,3.7605,-17.608,-16.618,9.532,-9.6493,8.8268,16.758,-2.0139,-12.405,14.495,-3.8173,-4.1268,-5.5716,2.3807,-0.98917,-3.1268,5.1704,-1.4994,0.1269,-2.2581,-2.6854,-1.7665,-0.91884,-3.312,0.87868,0.884,1.4272,1.5746,0.50619,-0.66654,-0.7614,-0.20799,-0.036614,0.62153,-1.138,1.0066,0.2479,-0.019805,-0.23788,-0.085243,0.0085487,0.038675,0.071676,-0.0068184,-0.0031312,-7.8188e-15,5.575e-15
-120.52,74.572,-59.214,-36.763,-4.9737,2.0981,19.299,-13.416,-7.818,1.3728,11.696,2.7654,-6.3953,3.8691,0.22209,-2.2944,2.5914,-8.7197,-6.9202,6.2824,2.3702,1.4668,4.6425,-1.5272,1.388,0.52941,1.1136,2.8531,-0.21154,3.836,3.9612,1.9109,-1.8198,-1.1044,-0.73316,-1.3239,-0.14377,-0.73773,0.56209,0.75959,-0.88628,-0.598,0.55143,0.46845,0.26674,0.086089,0.39824,-0.079136,-0.084161,0.048266,0.012473,-0.0069232,0.00034647,4.0023e-15,3.7156e-15
48.578,211,-69.443,-59.084,-37.489,-5.7688,10.739,-23.575,-5.0394,0.49423,-4.4681,8.0538,4.1783,-5.4447,-2.0614,-8.1427,6.9837,0.58021,2.4359,-7.1268,3.2176,0.92725,-1.2941,-0.84595,7.361,-2.7281,-0.30737,-2.6552,0.0060806,1.6622,-2.2546,0.25168,0.55656,1.0711,-0.77103,-0.52866,-0.69712,0.50872,0.46753,-0.68199,-0.512,-1.6196,0.4549,-0.55712,-0.34007,0.11842,-0.13236,-0.10408,-0.16326,0.037747,0.044931,0.015602,-0.0009687,8.9232e-15,-2.1485e-16
65.302,226.55,-149.75,-14.244,8.1344,-2.1428,12.019,-11.326,-3.9469,-0.10714,-6.1901,17.886,-11.286,-1.3512,-6.9016,0.48534,6.7154,-4.9103,3.0443,-2.1284,0.36352,-6.0542,5.6983,-3.3962,-2.5265,-0.55158,-5.2636,3.4332,-0.14778,0.85566,1.0557,-3.7939,-0.93934,-1.651,5.305,-1.3227,4.546,0.26273,-2.1305,0.37498,0.48709,-2.1891,-0.54394,0.43537,-0.39775,-0.457,0.26283,0.30763,0.12305,0.024393,-0.054529,0.0092583,0.0013888,1.0516e-15,-5.8771e-15
-19.877,168.18,-43.928,-47.746,-23.129,-9.4442,12.012,-26.372,-7.7696,-8.4551,-0.32008,-12.59,9.2375,-5.3472,2.6795,-2.6708,-6.0636,4.5645,5.5726,-7.1824,4.0868,-4.9247,-5.3486,-0.18897,4.0022,-0.85033,-4.1049,-1.0579,0.82634,-1.3768,-1.1605,0.61936,-1.6836,-0.0071613,-1.9432,-0.34606,-1.1388,0.14322,0.69936,-0.21166,0.24245,0.19954,0.39199,-0.45922,0.42728,-0.1464,0.30938,0.10961,0.074808,0.06801,-0.011345,0.0038391,-0.0016387,6.4511e-15,-6.4282e-18
-76.682,154.83,9.64,-60.808,-26.484,-9.9364,13.589,-20.529,2.8178,-9.3738,-1.5383,-10.317,2.2926,-4.6559,-5.2851,-2.0897,4.8318,9.6181,-3.3475,-5.1524,1.4847,2.2515,-5.6889,0.52567,3.6848,0.32214,3.4332,-1.6264,-0.37809,-0.72557,-2.2405,1.5139,-1.8916,1.7753,1.4632,-0.113,0.94581,-0.23147,0.53258,-1.0626,-0.52155,4.0742,-2.9517,-0.29905,-0.046139,-0.1731,-0.45482,-0.0043464,-0.076397,-0.026475,-0.016903,0.021898,-0.0016197,2.8647e-15,-9.403e-15
75.627,269.64,-134.01,-23.207,35.555,-14.186,5.0435,-16.381,3.9594,-13.115,-8.9072,1.3998,6.7027,-5.208,4.3191,-3.1064,-14.185,-6.3755,-4.7086,-4.5895,7.1688,-5.0047,1.2243,-2.6797,3.1057,-1.0349,-2.1214,3.3776,0.024934,-0.46332,-1.4633,-2.3863,-2.1321,1.1599,1.1464,-0.15091,0.42983,0.57364,-0.67432,0.22388,1.3192,0.49081,0.5482,0.58739,0.16925,-0.106,-0.063864,0.25748,0.090422,0.027855,0.021055,-0.014384,-0.0013142,1.1782e-15,-7.627e-16
-125.65,22.174,-46.27,-3.5989,-17.468,-5.4138,12.929,-14.152,-2.2919,-0.67378,-0.91756,0.88014,-5.6297,-7.0023,-0.08919,-2.84,5.55,6.2178,7.9435,0.9135,3.0752,1.0333,-4.0869,2.3851,3.5348,-0.47467,-3.2715,3.604,1.4569,1.8411,-1.7719,-3.426,-0.3552,0.36709,1.4166,0.252,-1.2408,0.34409,0.45467,0.25296,0.71599,0.69301,0.65723,-0.41255,-0.1957,-0.18238,0.36782,-0.051247,-0.13056,-0.071095,0.11227,0.01577,-0.0033991,4.6071e-15,1.9758e-15
57.33,222.01,-91.737,-8.7715,-25.6,0.82768,20.869,-10.458,-4.3545,-1.1747,-12.273,2.3677,-2.0049,0.75017,-6.9869,16.741,10.015,-7.1048,2.972,6.3648,-0.13434,0.033554,0.11291,-3.4585,-3.1702,-0.90987,-2.702,-0.55458,0.46532,0.14948,0.16642,-0.14255,-1.1152,1.4763,2.6539,-0.53233,-1.7582,0.56176,-1.4949,0.63725,-0.20022,-0.85876,-0.49305,0.73379,0.36371,-0.10304,-0.0063606,-0.046752,-0.14612,0.098479,-0.035149,0.012515,-0.00044752,-9.1014e-15,-4.0911e-15
123.02,262.22,59.481,115.69,4.0542,-3.7845,-14.707,13.921,-16.848,0.36875,-1.981,-10.354,9.4503,-0.51963,7.7008,23.873,0.80584,-1.6311,3.634,17.017,2.2137,7.4651,-6.8305,-4.3282,-4.8849,0.57,4.044,-1.5697,1.939,2.8261,-2.6154,3.2963,-1.2374,0.78608,-1.0043,-1.5893,0.57431,0.010042,1.2071,-0.39321,1.3903,-0.56159,-0.8916,0.56639,0.60485,-0.17632,-0.33978,0.33599,0.072936,-0.043346,0.15286,-0.014356,-0.0029619,1.1139e-15,-1.1776e-15
136.63,134.09,-54.103,33.568,34.09,-1.9516,-39.176,21.322,-0.80812,9.3508,6.9631,-9.6968,-8.0471,3.5166,6.3371,3.803,-1.0039,6.4435,-0.65076,16.266,-5.4238,2.7109,4.0599,13.868,1.9767,-0.73151,1.2298,-6.4212,0.80539,3.7483,-1.4462,-1.143,0.92761,1.2821,-1.7344,-1.7589,0.8886,1.1658,3.0793,0.55195,1.9352,-0.58839,-1.7746,-0.89528,-0.62065,-0.19977,0.43054,0.16848,0.073006,0.045975,-0.10248,-0.01194,0.00047361,1.0418e-14,6.1417e-16
-13.782,109.33,-66.359,48.08,8.2543,2.7485,-10.586,25.813,3.5586,-6.261,10.363,3.1369,5.1461,-4.2911,-2.784,2.4309,-8.0089,0.7733,-6.5573,0.63488,-2.8514,0.67029,-7.2994,1.262,4.3693,-0.75013,-0.45907,0.51323,-0.2813,1.2927,-3.4584,-0.87071,1.3752,-1.3998,-0.96602,0.97751,0.21564,-0.48605,-0.65424,-0.72594,-0.80033,1.1803,-1.6093,-0.57586,-0.3034,-0.034648,0.34017,0.026247,0.12428,-0.054472,-0.16273,0.0011197,-0.0014064,-1.1829e-14,-4.0801e-15
79.208,106.68,-22.009,47.453,18.145,-2.7022,-9.8033,30.037,16.952,7.8021,-1.0031,5.4727,-4.1041,-10.967,4.1788,-9.8987,6.3311,-2.7342,1.3136,2.6679,-6.2953,-6.314,1.0417,7.6479,2.4144,4.6173,3.2215,8.6213,5.0734,3.9314,6.9384,2.7396,-1.3557,0.40448,-2.9441,1.2654,-1.3212,1.9022,1.1201,1.735,-0.33947,0.99745,1.5008,-0.50215,-0.30608,0.44759,-0.13875,0.26684,0.13163,-0.094107,-0.013133,-0.0077306,-0.0026635,-5.5335e-15,-8.3712e-16
23.298,133.59,14.596,66.945,9.8185,-18.551,-13.111,3.7995,12.685,4.0691,-10.616,2.2468,2.9403,9.8532,-1.7047,0.26657,-0.56479,0.0983,-9.6394,-1.2009,2.4173,4.6568,-0.071496,6.541,-2.1486,-1.9617,-1.6023,-5.7982,0.2784,5.5373,0.1561,0.98204,1.7634,3.3549,-0.97307,-2.282,4.0286,1.0394,1.1566,0.17474,-0.28958,1.039,-0.48869,1.6294,0.095134,0.19181,0.3636,0.39296,0.25461,0.07692,0.020978,0.020704,-0.00027938,1.2988e-14,-1.1561e-15
64.646,121.7,-19.779,47.28,17.887,-5.3894,-19.735,4.645,25.41,-0.51288,-7.2604,-4.9609,-2.2849,2.8403,1.8744,-14.151,8.8488,1.8204,-7.956,0.63457,-10.933,-3.0746,-2.7895,0.21675,-2.4232,2.2617,-1.0699,1.2043,-1.4882,-0.21678,-1.4826,-1.3051,3.1305,-1.2997,3.2566,6.5442,-0.77266,-2.362,-0.16143,-1.2576,-2.1033,-0.82242,-0.16618,-0.10932,0.080548,0.24882,0.36322,0.22917,0.22448,0.048547,-0.0076026,0.0082859,-0.0018147,4.1311e-15,5.2914e-15
125.86,223.92,-46.916,48.692,26.298,12.815,11.437,9.6064,-7.4765,-13.031,-10.045,-1.4413,-5.7954,6.3828,-0.64553,2.3316,-12.101,3.1171,-0.49596,-0.77214,2.7781,4.8066,1.2743,1.9017,2.096,2.3716,0.39527,-0.72542,4.1271,-0.52529,2.8067,-1.0584,-0.66196,-0.15658,-0.56923,-0.12902,-0.2544,0.285,0.26007,-2.2893,2.1356,-1.0373,1.0201,-0.497,-0.026392,0.0025387,-0.67532,-0.082489,0.026417,-0.0096038,-0.035284,-0.020873,-0.001683,-1.5319e-16,-5.4484e-15
105.99,188.39,-69.511,52.92,44.744,-5.0188,-9.1973,2.1737,7.0096,-0.035385,5.0091,-0.42006,-12.778,-7.2185,-2.5667,-11.667,8.4651,8.0912,0.89943,-1.305,-6.1108,-2.4297,6.8473,-9.9228,-2.9508,-5.3665,-2.0132,-1.562,-0.22351,8.269,-2.6531,-1.4503,1.6147,0.17545,0.8367,1.0694,1.4655,0.25502,-0.67366,1.0626,-1.9005,-2.0536,0.4843,-0.064403,-0.32265,-0.38775,-0.30019,-0.083907,-0.24592,-0.081186,-0.10872,-0.010307,0.0029517,-3.6162e-16,-4.1691e-15
49.529,125.33,-55.399,54.914,6.4587,38.336,-18.351,-5.2405,-21.539,8.7735,-13.997,13.323,-0.91658,-1.1942,0.50502,8.313,6.9458,-7.22,0.88231,-21.643,-0.6849,-2.8214,0.025552,3.4476,-6.6044,3.4103,0.27717,-3.4032,2.2875,-0.27958,1.9614,-4.1044,2.9999,0.53085,0.0184,3.5389,-1.0875,-0.1644,-0.016549,1.087,-0.074292,-0.027988,0.0029841,-0.75731,-0.40426,0.1796,0.16861,0.021295,0.032254,-0.045696,-0.013737,0.029644,0.0013871,2.1264e-15,-4.4957e-15
2.3038,82.913,-75.103,29.698,34.381,-4.5528,-13.082,6.5757,9.3689,-0.257,-3.7739,11.219,3.0023,1.242,-2.7583,-2.5926,-3.843,-1.0704,-10.316,-0.59235,4.2791,2.3137,-0.88093,2.4884,-0.55326,-2.5258,1.4537,2.3823,0.13673,-2.2715,-0.12609,-2.0562,-2.1472,0.57864,1.5813,0.87895,-1.0861,-3.2862,1.8839,-0.68483,2.1782,-0.30358,0.45807,-1.0842,-0.38359,0.055922,1.108,-0.37688,-0.24836,-0.037333,-0.12388,0.030808,-0.00055821,-1.1769e-14,-6.3169e-15
66.137,140.92,-45.329,73.764,36.145,-20.438,7.0713,14.873,-17.026,-3.6903,14.947,-10.667,-4.1025,1.0419,-8.3489,10.823,-6.3699,10.095,1.2198,-7.025,2.0803,0.63018,5.5753,-0.4755,-5.2167,-3.1293,0.69633,0.14163,0.029826,0.69484,-1.9014,1.6911,2.6432,0.87939,0.64473,2.6528,0.66081,-0.89514,1.5343,2.4807,-1.5042,0.35338,0.060479,0.16546,-0.057016,-0.36779,-0.10974,0.17159,0.027694,0.0041846,0.028933,0.011727,-0.0037264,3.0111e-15,-1.2244e-14
61.368,51.336,49.675,69.26,79.044,38.309,-16.354,-3.7258,-19.531,5.8548,-13.101,-4.0684,6.1562,-15.915,-16.124,-9.1186,-8.1796,1.0862,1.2516,4.6715,-3.6645,0.37927,-4.1852,-6.6546,-8.6714,0.66168,4.6684,1.4702,2.8538,-3.2392,-5.4036,-1.3897,-6.1072,-3.688,0.12976,0.22539,-2.3632,2.8712,3.9161,1.6292,-0.86495,0.60804,-0.90145,0.31067,0.48824,0.32003,0.28482,0.24951,0.068728,0.034384,-0.04708,0.023692,0.00068453,5.3926e-16,-3.0331e-15
118.92,113.99,-60.183,18.754,28.867,-5.7412,-2.0444,20.583,-2.1125,14.699,0.93651,-9.6878,3.3476,-4.586,9.5879,3.6015,19.031,-1.8663,9.312,-2.4255,-1.3184,-3.772,-10.89,0.83816,0.69085,-2.0272,-2.8782,-9.1834,2.0526,-3.8289,2.9555,-0.18128,-0.48423,1.4922,-0.83759,-1.3163,-0.81884,1.6159,0.45581,1.5916,0.94421,-0.077863,0.51681,-1.2716,0.21026,0.054654,-0.17093,-0.011643,-0.06413,0.03554,-0.011113,0.011829,-0.0012051,6.194e-15,-7.1538e-15
-95.952,-14.407,24.137,71.189,-25.786,3.3107,-22.159,8.5751,3.269,3.1051,1.4284,-5.5553,-1.1573,9.4751,-5.02,-1.1133,2.3357,2.0858,-0.24312,-7.8804,-7.8936,-1.2682,-4.5036,-0.24571,-0.99039,0.23737,1.7588,2.5569,-0.0042538,-1.6292,-3.0593,-1.4488,-0.87318,-0.64161,-0.58339,1.0458,-1.4366,-2.1921,1.1772,-1.2485,-0.10244,0.46219,1.0813,0.3419,0.091518,0.10477,0.11868,0.01533,0.038475,-0.093287,0.05086,-0.0083896,0.001298,8.9084e-15,-2.5918e-15
-0.34573,121.29,-24.839,57.182,-5.9252,-5.3078,-25.704,20.873,3.7822,17.838,-6.2165,-15.314,8.742,13.469,4.525,9.2437,1.8329,1.2966,-1.4297,0.62,7.8614,5.5511,4.3565,-6.8203,4.0825,-5.9609,0.72275,5.3362,0.59631,-2.652,1.0578,0.83323,1.9004,-1.8219,-1.9894,1.8263,-1.0575,-0.71937,0.40352,1.3199,-1.2971,-0.33683,-1.2758,0.029809,0.28828,0.51235,-0.2835,-0.10597,-0.021174,-0.069323,-0.061929,-0.036658,-8.1417e-05,2.1738e-15,1.8475e-15
4.4642,65.938,-55.287,9.7513,12.857,2.317,-20.074,14.689,0.83415,0.60589,10.376,-5.8934,-3.5023,-5.0366,6.5573,5.5368,-4.7305,-0.25443,3.3991,6.5804,-3.3745,-2.1086,-7.6318,0.88638,-5.0769,-0.95379,0.83188,-2.5894,1.5211,-0.48374,0.20899,-1.801,1.3443,0.32819,-0.7587,1.1007,-1.7179,-0.54807,-1.384,0.95543,-1.0855,0.69077,-1.121,-0.72405,-0.12306,-0.22511,0.1408,-0.0091016,-0.015027,-0.11298,0.072769,-0.034547,-0.0027576,-1.8197e-15,-3.7619e-15
-90.894,41.129,-34.51,25.578,40.625,-8.9543,-5.1097,27.046,-14.302,12.356,2.1761,20.98,-3.576,-1.4262,1.1689,-6.0051,-1.1708,3.6566,1.6987,1.2799,-3.3202,-0.50348,-3.4974,-1.3686,1.9857,-6.1789,-1.0064,-5.7333,-0.84245,-10.77,7.3957,-2.4678,-0.14861,-2.3585,3.2208,0.15952,-0.01812,-1.7764,2.9226,-1.2481,1.6552,-1.8711,1.1909,0.79314,0.4507,-0.36483,0.020808,-0.15061,0.092727,0.002684,-0.071783,0.016737,-0.0022349,2.8793e-15,-6.8041e-16
-43.348,81.242,-63.744,18.641,23.119,-5.9209,-3.5492,30.884,6.2935,-12.69,1.7508,-5.9801,3.7812,-2.4058,-2.9714,2.9335,-0.17227,-3.6232,-1.9764,-0.098343,-5.9209,0.34745,-0.31033,-4.7889,5.1845,-2.8301,-4.7026,3.0782,-2.0781,1.1348,-2.1973,-0.048845,0.77387,0.72816,0.20779,-0.36555,0.47913,-0.16368,2.6598,-0.12147,0.97359,-0.81969,0.62181,-0.042087,0.24102,-0.17258,-0.21198,-0.2406,-0.068088,-0.14184,0.072723,-0.066457,0.00028848,-1.2544e-16,-1.319e-14
92.205,39.359,-93.942,51.853,-16.459,-6.6306,-22.065,1.3507,-0.40107,6.0144,5.8746,3.0288,-16.857,-7.5814,9.7453,2.1032,11.447,-1.8021,-2.8154,6.5533,7.5739,0.4139,-6.4865,-1.0433,-5.3508,11.851,2.4444,-4.4731,-1.8501,-3.9271,0.25761,-2.0279,1.2088,-1.9538,-3.0288,-1.5354,-1.0476,2.075,-1.2656,-2.2783,-0.2025,-1.2062,0.34685,1.0828,0.35353,0.29177,0.085988,-0.048303,-0.053414,-0.14157,-0.031083,-0.0055011,-0.0010541,1.0568e-15,-5.8508e-15
5.6104,42.466,-73.81,51.105,-8.6625,5.4362,5.7099,46.94,1.6322,-18.691,32.62,-6.0325,8.59,-12.995,-0.64152,10.439,-11.613,4.6419,3.1708,-4.2696,1.0565,4.5044,2.0546,5.8408,0.6325,1.7728,4.2241,-0.073912,3.0391,1.2433,5.1147,3.4885,-0.73603,-0.035261,1.3139,-0.37278,3.6324,-1.6039,0.55241,-0.15745,-0.042703,-0.0092193,2.198,-0.091273,-0.11302,-0.28586,0.33103,-0.000977,0.050612,-0.043316,-0.05146,-0.0029966,-0.0017765,7.8713e-15,-5.7243e-15
361.43,-147.4,-123.78,-78.498,38.789,-28.297,3.2314,2.577,-21.531,31.673,-0.062428,1.5266,-13.755,8.519,-7.8123,8.5358,0.41283,6.8711,0.41801,-2.7967,7.9711,-15.241,-2.8745,0.83047,3.8916,-8.5009,-3.641,1.1426,-2.9621,3.0518,-0.48083,3.1452,-1.9068,-2.6765,-0.87466,-1.3158,-0.46842,0.45165,0.94046,-2.0256,0.040863,-0.4018,0.89946,0.87857,-0.54911,0.032414,-0.19013,0.23261,0.07582,0.050954,-0.091747,-0.039387,-0.00041384,-1.2336e-14,5.5573e-15
128.14,-150.58,-95.675,-1.2098,-29.659,14.742,34.032,41.094,-11.057,-23.144,-30.755,11.947,-19.655,13.606,34.045,3.0322,-1.4715,12.997,9.8084,6.4414,3.6098,-0.58649,-3.2323,-9.6987,-4.282,-4.5838,2.3145,-0.06652,-2.6772,-5.5319,-3.8713,0.75556,-0.63038,-0.9904,1.0472,-0.26266,-1.9353,-0.069228,-1.2589,-0.36081,1.2799,1.1806,-0.37584,-2.5625,-0.74104,0.13093,0.46439,0.11842,0.13698,0.11701,-0.0047262,0.0069335,9.2626e-05,6.0004e-15,1.503e-14
110.47,-147.72,-27.085,-20.185,24.794,-9.185,3.835,18.112,3.9636,-18.248,1.3474,13.571,-11.901,-4.9807,-17.444,-3.1917,1.592,-7.4346,-2.7155,-4.1268,-2.13,5.1357,-1.7457,-0.39675,-7.7026,-0.87717,-3.5815,-0.34944,-0.95665,0.066844,-0.83447,2.613,2.6109,-0.73827,1.8912,-1.5925,-0.93947,0.11228,-1.7338,-2.3712,-0.75941,-1.6917,-2.2384,0.9143,-0.16988,0.47426,0.22536,-0.0088444,0.13309,-0.022179,0.14786,-0.012078,-0.0020002,-1.6803e-15,-3.7096e-15
472.09,-130.45,92.817,-62.748,-12.251,-23.442,-12.013,-17.527,17.735,-4.4982,-4.6209,-26.389,5.0161,-18.673,26.82,-8.2951,-25.946,-17.121,14.155,-2.6282,7.9131,-5.1125,-0.64469,11.688,1.4084,-1.9228,2.2438,-4.7939,-0.21238,3.6586,0.3933,1.4845,0.67184,-1.5071,5.3092,7.1079,-1.6687,0.90087,0.33063,0.0085162,-1.0761,-0.74683,0.034306,1.2513,0.051885,0.28599,0.019442,-0.068268,0.025512,0.052955,-0.074121,0.014822,0.00061555,-9.0743e-15,2.4922e-15
293.73,-222.29,215.51,-77.094,-12.848,-6.1928,29.301,23.159,-5.5249,2.3097,4.6796,4.0493,40.777,4.2055,-8.0812,19.796,7.6718,8.9948,-3.0433,8.35,6.9613,-0.86378,-6.0692,1.8882,-4.794,1.638,-3.0233,2.6901,5.1639,2.8835,2.0486,-12.723,3.2159,3.0744,-0.51346,0.7928,2.1518,0.87918,0.93664,-1.4696,-2.3006,0.046281,-1.4057,0.57373,0.26903,0.59453,0.44652,-0.12155,0.015337,-0.030973,0.0042516,-0.060423,0.0010367,9.0645e-15,8.6429e-15
260.17,-91.901,-19.194,-39.286,-31.376,3.1285,-5.0264,-2.013,-9.6135,-10.652,3.729,-15.714,-9.1014,13.896,-14.623,-5.4186,-3.66,-4.3788,15.905,1.6257,-3.3275,0.53366,-1.5078,-5.8282,1.0303,10.443,2.2046,-0.89136,1.4917,4.8136,2.3434,2.8065,-4.3375,1.7025,2.0627,0.36135,-2.2343,0.12323,-1.213,-0.52539,0.074707,-0.59098,-0.90549,-3.3901,-0.47027,0.16307,0.11397,-0.25156,-0.074965,-0.058192,-0.037917,-0.0086388,-0.001268,4.1765e-15,-2.2123e-14
523.29,-122.65,-225.93,-7.8703,-129.66,28.621,4.598,43.394,26.66,-32.514,8.1166,-0.42171,17.639,2.0677,-18.009,-5.9024,15.025,-6.6257,-6.0948,-1.739,-6.3733,12.8,8.3231,4.5339,4.3963,0.56327,2.1632,-4.3022,0.78529,-0.013099,-2.1177,1.3383,-0.28219,-2.0891,2.0085,-1.2167,-1.122,1.5111,-1.9763,3.2781,0.81988,1.315,0.7056,2.7621,-0.16628,-0.1787,-0.031908,0.069249,-0.040983,0.021051,0.0085889,-0.0026637,-0.00094956,5.3454e-15,1.5517e-15
418.79,-125.12,69.488,-96.082,56.865,-27.85,11.218,13.144,-8.5593,21.521,-21.488,-13.212,-15.628,-21.894,-9.2718,4.4555,-6.7792,-9.3971,-5.6793,-3.74,-2.8752,2.864,8.3152,-0.73537,0.47285,0.71243,6.0573,1.5599,-1.4894,-1.9831,-2.5064,2.1622,0.018545,4.3971,-0.054476,0.29321,2.6529,1.1696,-0.79183,0.39052,0.43489,0.14583,0.78603,-1.6188,0.98816,-0.1073,0.35459,0.066987,-0.12139,-0.054045,0.035341,0.0015844,-0.00047904,-4.5899e-15,-5.3748e-15
396.04,-55.29,-121.97,-94.634,-64.339,-25.077,-31.367,-19.238,-14.875,3.2189,-5.7121,-4.9798,10.923,2.4567,5.6956,-14.058,-6.842,2.5733,-12.133,0.54899,-10.394,13.846,-1.9349,-2.4508,3.3308,-10.416,6.2928,1.9307,-1.0325,3.0667,4.9092,-4.1006,-4.291,1.799,-2.6708,-3.5087,-0.21648,-2.5362,0.025063,-1.3457,-0.168,0.13683,0.20354,-0.38344,-0.10393,0.1774,-0.11728,-0.1011,0.011306,0.050031,-0.05161,0.011246,0.001496,4.9353e-15,2.327e-15
109.03,-105.28,-84.732,-50.736,-36.348,-10.107,-5.6126,-7.0962,-15.377,6.3244,1.6226,-18.909,-17.115,5.5679,-3.0564,13.765,-6.2398,1.9202,9.4049,7.3316,-10.157,-5.8516,6.6715,3.3925,5.1647,7.9318,-5.1912,2.2782,-0.36337,-5.477,-2.6899,0.19642,2.7587,0.48106,-2.5656,-1.7829,-1.6795,-0.42229,1.3416,0.0023095,-0.93022,0.095009,-0.69491,-0.39072,0.23709,-0.10442,0.019841,0.028033,0.08913,0.082861,0.022044,-0.041223,0.0061239,-9.9752e-15,5.3604e-15
103.22,-119.63,-74.34,-54.81,39.723,-15.541,10.092,-0.66593,-1.4796,3.3945,-6.2063,9.3481,9.5878,3.4621,-5.0306,3.2354,3.756,3.4715,-7.9005,-0.54422,-2.5938,-2.6247,4.2342,-0.38019,2.0611,2.0717,1.4098,-0.57361,0.21545,3.2024,0.37745,-4.7714,-0.38676,0.04652,5.1669,4.9805,-2.1663,-0.53321,0.33129,0.93721,1.2471,1.2646,0.084369,0.22095,-0.13165,0.18385,0.080727,-0.087229,-0.15037,0.041728,0.081006,-0.018358,0.0027996,-5.8496e-15,-5.5181e-15
165.25,-93.809,-112.58,1.9868,-29.02,11.279,28.984,13.027,-14.084,17.259,29.759,-5.8765,2.1654,0.69973,-0.7448,-9.8318,5.6282,-15.7,-0.83436,4.1373,-2.4067,-1.2412,8.3093,-3.0018,-0.26333,5.9653,-1.7568,-1.0118,-9.4916,1.9022,2.6259,-3.9325,0.33754,-2.7141,1.065,0.81258,1.0913,0.64247,1.7607,0.11776,0.59485,-0.22108,-0.056911,-0.93194,0.048943,0.003566,0.11899,0.1065,0.20049,0.06,0.099483,-0.063154,-0.00098626,6.3043e-15,-8.7328e-16
250.94,-134.39,-141.01,2.6915,-50.321,5.3877,9.2697,17.701,-0.52266,9.6611,-6.3298,6.8095,-1.74,-2.3243,-10.451,16.945,11.785,-4.9632,-6.5319,-0.91245,-3.8092,-0.76122,-2.7156,-7.4882,3.4603,-1.9782,6.6737,2.3862,-1.1881,0.56806,-3.7956,3.3308,0.0033426,-0.87475,-0.60329,-0.5446,-1.328,-0.22651,-0.45089,1.8084,-0.81189,1.4834,0.6796,1.5556,0.32186,0.010864,-0.068973,0.0020267,-0.20305,0.053979,0.00014158,0.0058321,-0.0010781,-4.5032e-15,-8.2302e-16
241.66,-159.84,-111.21,25.176,-42.094,-22.249,-16.815,-7.7021,-14.841,3.3403,-10.084,-3.5479,-9.9052,-18.091,4.0082,-3.6228,-2.9481,-5.7011,5.9874,-0.94362,-1.1425,-1.5014,-2.0776,-11.129,-4.2562,-2.8062,3.3014,4.9149,0.19523,0.50865,0.19864,-1.8673,-0.98059,-3.7084,0.93684,-2.2004,5.5586,-0.86712,0.5095,0.71974,0.64707,0.82524,-1.8029,0.47627,0.38029,-0.13126,0.50883,-0.16954,-0.043104,-0.064017,-0.044477,0.0045714,-0.00052244,2.0975e-15,-9.8869e-15
309.93,-158.79,5.7791,116.5,-0.32054,-33.325,-2.3405,-12.865,-14.526,-2.764,-6.6654,17.12,1.2344,30.519,-11.3,2.8388,6.5299,-3.186,7.327,-1.9994,7.99,-4.5633,-5.201,7.6247,-1.2258,-1.4636,-1.1434,-4.9332,1.816,0.28868,-1.1201,3.1514,0.73475,0.41282,0.089203,-2.4763,-0.31472,0.50449,0.0092252,0.19173,1.2245,1.8666,1.6336,0.15881,-0.85432,-0.11394,0.34941,-0.057295,0.027754,-0.046765,-0.0051883,0.023188,0.00070261,7.3149e-15,4.4e-15
308.09,-134.97,-133.44,5.8549,27.39,-42.533,-15.984,-17.795,-16.708,23.385,1.8857,14.57,24.726,-0.91525,18.999,-8.9749,-6.4758,21.173,-20.794,-1.3201,1.291,7.0591,1.6469,-7.9309,2.7501,20.068,-11.297,0.76607,0.25579,-0.71836,0.33404,3.5351,3.5966,-1.8461,-0.33937,1.349,0.038354,1.6399,-1.1165,1.1945,1.2612,0.31951,0.28738,-1.0639,0.33981,-0.075459,0.12296,0.13389,0.048272,-0.04434,0.016813,0.0051111,-0.0028475,1.8014e-15,-3.2876e-15
80.32,-139.23,-34.904,-28.787,28.396,-11.162,14.872,-2.6971,-9.6719,-11.151,-3.8049,-15.621,-15.803,-0.0341,-9.2318,-6.8572,6.8159,6.6855,11.131,-7.8659,4.8089,-0.048084,-8.7879,3.944,-2.049,-1.3796,-9.1121,6.82,3.6059,1.0662,5.8827,1.6582,1.2248,0.68327,-1.5785,-2.2279,1.2872,-0.30885,1.6837,-0.43084,-0.80152,0.39492,-1.3262,1.7164,0.45477,0.13076,0.541,-0.21487,0.077045,0.06256,0.046566,-0.020991,-0.00030672,2.5739e-16,-8.7324e-15
-99.933,-78.1,41.407,116.52,-46.405,-22.611,10.835,-5.7891,-28.132,-10.2,-19.498,-11.906,5.736,-9.0684,-6.6414,-6.4898,15.66,13.645,7.1872,-0.32458,6.7992,1.2309,-1.6784,12.326,8.3914,2.3324,1.2522,0.16468,-5.9703,-0.15283,3.3299,-0.18504,-3.1114,-2.1965,1.4976,3.961,-2.8193,-0.73272,1.2588,-0.40263,-0.36232,-0.54583,0.19455,-0.28546,0.36545,-0.41831,-0.21797,0.14896,-0.054013,-0.082215,0.011405,0.066044,0.00076735,-6.9635e-16,1.2734e-14
46.032,-84.232,28.5,69.985,-51.568,3.7911,36.125,2.2609,-40.779,8.8202,1.0594,-19.632,-10.46,0.83089,9.7392,-9.6901,13.497,-3.6576,-0.98138,3.893,10.978,2.5889,-2.8275,1.3516,0.21405,-2.1046,-1.7154,2.6657,5.2901,1.7774,-1.554,-3.6951,4.8214,1.5908,3.7546,-1.3306,-1.7216,-0.82925,-1.251,0.8521,-0.24336,-0.6532,0.60045,-0.24344,-0.097918,-0.49202,-0.30794,0.081359,-0.067938,0.054291,-0.044594,-0.0087613,-0.0015508,-1.5547e-15,3.2991e-15
25.255,-133.23,64.214,98.075,-29.834,21.632,14.782,32.527,-6.3955,5.7245,-42.464,-13.168,-8.1526,15.641,10.001,1.2707,-7.8295,5.2315,2.2372,-12.812,-2.5439,1.1438,2.1449,7.601,1.8304,-1.0903,-2.1856,-1.3327,-4.0218,-1.7963,-2.8557,-0.68952,3.3948,3.7734,0.58329,-0.90302,2.8279,0.61741,2.3686,0.43725,-0.62708,-1.4422,-0.51079,-0.31145,0.3013,-0.3073,-0.33712,-0.10926,-0.035505,-0.060333,-0.099377,0.0052367,0.00040857,-2.1568e-16,1.0677e-16
-88.184,-106.01,64.626,-52.375,-39.888,-1.9674,11.896,7.5421,5.0766,-7.92,-15.22,-7.8477,20.938,11.944,-16.588,-2.4425,1.7904,-0.79214,2.6673,-3.1083,-1.7492,-4.7097,4.7156,-4.7698,0.74924,0.84381,0.68092,-1.2496,-0.67035,0.73138,-1.7606,3.0479,-2.0013,0.71055,2.0516,0.54239,-1.6153,-1.0865,1.8956,0.21685,0.47197,-0.67115,-0.54593,-1.5145,0.42572,-0.72077,-0.72392,0.14178,-0.059876,-0.022929,-0.069003,-0.016851,-0.0020477,3.6193e-15,-1.1965e-14
-74.128,-58.329,70.078,172.85,-41.9,6.3432,7.1688,-20.934,-29.749,-6.4493,-3.9731,-7.47,6.5561,1.9611,-15.502,-1.5167,-3.2426,-2.8072,-9.2436,-5.2057,-2.3618,-1.5882,2.8474,-1.6127,-5.9584,-1.5603,0.3032,-1.7047,-0.69544,2.2946,0.22242,-0.75718,-0.93567,-1.7299,-2.42,-1.6365,-1.4653,-2.5457,-0.52044,0.27642,-0.8816,-0.67044,0.71289,0.1063,0.60978,-0.71222,-0.0043483,0.086818,-0.042322,0.028469,0.0035682,0.0078883,-0.0012836,9.1508e-15,1.1272e-14
-93.423,-93.822,57.775,95.947,-49.264,0.51005,18.143,-5.3557,-20.525,15.45,-0.25309,3.4125,25.757,-2.3349,-0.9643,0.71185,-9.3182,-12.246,0.59663,-6.2463,-2.7468,4.2625,-0.15337,6.4265,0.95232,-2.3678,-2.4856,0.86664,-3.7692,2.2207,2.5218,-4.5367,0.65389,0.39808,-1.8718,-0.85508,-0.54646,-1.4956,1.4853,0.34388,0.39105,0.3118,1.1932,0.33505,0.47619,-0.60504,-0.26472,0.0053669,0.054843,0.073598,-0.010517,0.0030389,-0.0027188,6.4832e-15,1.4101e-15
-29.707,-106.3,-108.87,11.416,-58.732,-10.073,-31.351,0.21101,-5.2409,-10.569,7.288,15.938,-11.105,13.121,-4.8929,-3.2568,3.4951,0.68679,3.7187,3.5808,-1.113,2.8628,3.0743,-0.24074,2.5703,-3.9373,-5.622,-0.26792,3.8401,-2.2855,-2.3246,-0.40458,-6.7933,3.909,-5.8306,8.8437,3.9548,2.9045,-2.1372,-1.8347,0.80796,0.85665,0.53758,0.81669,1.5824,0.49426,-0.62953,0.081105,0.12907,0.036991,-0.071096,0.0038972,-0.0013777,1.4972e-15,-1.2235e-14
-134.59,-80.211,-13.161,-16.352,-24.915,-0.48254,8.679,18.908,3.7216,-12.143,-13.595,-4.4275,17.756,-7.5577,-1.6922,16.122,4.1868,-6.2633,-3.7178,10.884,-6.8544,4.0134,0.34807,-2.7567,-3.877,-4.6409,-3.3274,1.2372,-0.26327,1.4081,1.3849,2.4553,-4.5952,1.766,-1.6422,6.6776,1.0537,1.4217,0.1287,-1.6242,0.55193,0.71117,0.29017,-2.3223,0.86709,-0.68923,-0.15822,-0.059524,-0.053099,-0.076815,0.080468,-0.015868,0.0052055,-3.3347e-15,1.5228e-14
-118.13,-109.29,9.4587,24.314,-17.112,14.076,-3.0645,-1.672,-2.7278,28.303,17.932,29.296,-6.4981,-3.9263,-1.7329,-2.5407,-1.6414,-5.9778,10.728,1.7385,0.37957,10.651,2.4841,4.1938,-0.41191,-4.2689,-2.0113,4.6418,-3.9132,-2.5394,-1.7545,-0.50596,-3.6426,2.2961,0.92266,1.7677,0.77354,4.6718,0.29445,-0.61698,-3.4696,-0.21627,0.81785,-0.0092685,0.55665,-0.53305,0.3501,-0.055995,0.072207,-0.044012,0.059432,-0.0021159,-0.0028193,-1.5488e-15,2.282e-15
-96.797,-99.383,30.547,-9.0034,-10.256,8.5262,4.6243,-10.826,-27.984,10.949,21.031,-8.5198,-12.488,2.3895,1.4877,-6.1098,8.8099,-12.383,-9.7797,0.27435,3.7058,-0.030801,4.9783,3.5279,2.8764,-3.1051,-3.3693,-4.592,9.2073,-4.2463,-3.2075,2.6787,-6.1085,4.3024,-2.5259,5.35,3.542,-0.53002,-1.9722,-0.19592,0.11488,-0.96037,-0.59325,-0.28888,2.1805,0.046199,0.21247,-0.066259,-0.15206,0.059877,-0.055304,0.008732,-0.0020504,6.7543e-15,-5.5258e-16
-106.24,-61.706,28.395,66.535,-64,5.0069,13.823,-11.327,7.3333,-0.92182,-5.8598,-8.6485,5.0849,5.7801,-10.068,2.1342,-4.2963,-6.8817,-4.7888,2.3803,-2.1986,-2.168,-3.8615,-3.5072,-0.98804,0.49999,-2.9734,0.13461,2.5288,-1.4495,-0.058889,-1.1784,-2.389,2.231,-3.4827,4.4298,2.0711,0.96636,1.1468,-0.58471,0.73709,-0.80677,-0.069478,1.3667,-5.4397,-0.7025,0.13917,0.027277,0.10292,-0.043155,0.0049779,-0.007236,0.00026016,7.1818e-15,5.2662e-16
-70.758,-133.51,-12.216,-14.866,59.206,-19.228,23.75,-13.999,-2.3453,12.32,-5.1612,-15.271,-1.9115,-15.326,8.9386,0.42513,3.181,-8.4137,-4.4367,3.9968,-2.0994,9.0218,-0.79791,-10.984,3.5896,2.9364,1.4255,-3.1209,1.9591,-6.6215,2.0651,3.0616,-1.9681,4.0796,-3.9428,3.291,0.50463,-0.95363,0.11651,1.1507,-0.33922,-1.6174,-1.0098,2.0608,-4.3216,-0.4602,0.070864,0.022016,-0.025059,0.029025,0.0014493,0.0042361,-0.00078519,-7.5567e-15,-4.4141e-15
-105.2,-76.628,29.584,52.762,-18.541,-10.545,0.58743,-6.2309,1.0019,-11.414,11.58,-1.2056,2.9761,11.721,-5.6325,2.9253,-4.4872,7.0782,5.977,0.077766,-2.121,-2.2249,-0.54684,-0.45899,-1.5817,1.0694,-0.037575,-2.231,0.031835,0.71869,-1.5863,1.6351,-2.0932,1.6415,2.8569,1.6106,-1.3761,-1.2609,0.56572,1.2397,0.1805,-0.22405,-1.1862,0.19699,-0.10023,0.6335,-0.13404,-0.024746,0.03674,-0.061367,0.00088233,-0.015283,0.0001459,1.6109e-15,-2.8783e-15
-142.65,-77.415,0.20241,57.243,-71.718,25.684,36.219,5.1618,-20.101,5.8532,14.494,13.261,-11.431,11.817,17.599,-15.568,-3.2704,6.7019,-7.1476,5.0732,-2.5579,-0.85782,5.7201,1.2842,-6.6611,-4.1532,-1.1719,-0.1731,5.3928,0.76948,-6.4017,0.6132,0.41508,-0.91533,-0.054559,2.1667,1.5108,0.46279,0.3127,-0.18683,2.4343,-0.46091,-0.74882,0.28421,0.46296,0.18801,0.33065,-0.096783,-0.060001,0.018962,0.047876,0.0039329,0.0016839,1.6201e-15,-9.6263e-16
-188.91,-21.043,28.846,74.784,-0.65221,-18.239,5.5604,-9.1378,-15.598,-4.3066,-9.3791,-11.222,10.038,4.567,-7.2012,-3.801,-6.749,-1.6332,-7.8406,-0.70119,-2.1575,-1.5583,5.8883,-4.7616,-1.1694,-0.27388,-0.4247,-1.1635,-0.082154,2.111,0.12191,0.12841,-0.43703,2.6623,0.74675,-1.2823,0.44249,-1.0442,1.5122,1.655,0.11642,-0.57023,0.15048,0.29162,-0.05758,2.581,-0.2089,0.013243,0.030374,0.031742,-0.045673,0.00093641,0.0011392,-4.0562e-15,-7.0495e-15
2.0127,-184.87,-115.97,76.674,-121.65,15.253,6.5124,-2.5418,17.744,-4.74,1.9554,5.4319,15.657,-11.239,4.6883,1.0411,0.95816,-1.418,8.8975,-2.0485,3.6589,-10.22,-0.99358,-5.2261,5.9067,2.9302,-2.7123,-3.7853,0.53444,-4.0147,0.59624,1.8117,-1.1249,-3.026,-0.32895,-4.2001,4.646,-1.7473,-0.29624,-0.29883,-1.8656,-1.1489,-0.38554,-1.1307,-0.30815,1.3615,-0.86135,0.07551,-0.0062468,0.026493,-0.13021,-0.0071273,-0.0035693,2.7817e-15,-5.7064e-15
-163.87,-78.177,2.5951,47.386,18.261,-8.7957,16.648,0.32462,-8.1034,21.519,4.4058,9.7475,-0.32742,-6.5303,-7.0347,-6.9983,4.3239,-1.5553,9.6913,0.46517,1.0157,7.3883,-1.3196,3.4606,0.34204,0.87547,0.23301,2.5313,-7.0538,-0.10508,-0.8999,-2.2046,-1.6029,-1.9278,-1.7274,0.80533,-0.19067,-0.51023,1.2279,1.1443,0.89335,1.6502,0.13183,0.42418,-0.54844,1.5137,-0.16023,-0.010793,0.034273,-0.050524,0.10666,0.010562,-0.004021,-2.81e-14,-8.856e-16
-174.63,-52.199,-26.367,-33.252,-5.9374,-8.5929,1.7326,-2.2881,4.6729,-6.4614,-2.4145,7.8372,-9.6841,-11.056,-6.7751,0.43317,2.7217,0.23818,-1.8057,-0.22617,0.03721,4.0802,-1.789,0.34726,1.4568,-0.23214,-0.45395,0.75906,0.54177,0.46234,-0.41035,-4.2598,0.1728,1.9592,2.4097,0.68828,-1.453,-0.46304,-0.46899,0.99144,0.48656,0.51305,0.40635,0.3893,0.27791,-0.15091,-0.054598,0.19997,0.20671,-0.42059,-0.35384,-0.037949,-0.0015537,8.6331e-16,-3.7233e-15
11.627,-63.916,21.044,-46.962,46.057,63.135,-27.78,-32.398,-13.665,-0.36532,5.5748,-1.3037,17.292,12.927,-3.1416,-3.308,2.6357,7.3516,8.037,-2.4197,-2.6074,1.7037,1.7512,1.1761,3.3861,4.864,3.6038,-6.3975,-0.54186,-1.7895,-0.90407,1.6597,-3.2531,-5.0477,7.955,1.7708,3.9135,2.0596,1.3607,0.015973,-0.39382,-0.82927,-0.069447,0.35478,-0.41655,0.032207,0.13905,-0.0066064,0.017161,-0.092898,0.077822,0.0094856,0.002734,1.5387e-14,-6.9507e-16
134.72,13.745,72.519,-53.581,16.328,66.01,-26.41,-26.131,-10.027,8.971,-3.895,-5.2748,15.993,3.8116,-19.08,-13.506,-8.8023,11.181,3.1692,17.977,2.7508,-3.1923,-4.6181,-4.5086,-4.2934,-9.7087,-2.6871,1.5578,-4.4241,-7.0998,3.8437,4.908,9.163,5.8916,1.8393,0.93537,0.91675,1.7299,-0.58933,1.5658,-2.0051,1.2191,0.68674,0.066216,-0.076315,0.16676,-0.0056234,-0.25698,-0.04305,-0.018153,-0.051487,-0.029703,-0.0024946,5.5012e-16,-2.524e-15
129.8,-49.257,-19.205,-83.079,73.565,20.197,12.837,12.851,23.035,13.552,3.9619,-13.151,6.2392,-1.7174,-1.4308,11.843,-1.5436,4.227,-1.2949,7.0904,7.8786,-1.7585,3.6342,-2.3829,-4.3955,0.59531,-3.9218,1.088,4.6923,2.7313,-0.7869,-5.4695,-0.81635,-0.32278,-0.9098,-0.88399,0.56806,-0.12097,0.40742,-0.66563,-0.57713,-0.16641,-0.21505,0.089542,0.13105,-0.081537,-0.4529,-0.13946,0.075018,-0.10707,0.068023,0.27421,-0.00041129,-2.9828e-15,1.4471e-15
85.724,-41.811,30.102,-95.225,83.198,-14.452,18.459,-3.7036,12.838,-14.715,4.512,-12.974,-4.5391,-3.6019,-5.8248,-7.2401,-2.73,-3.1831,-1.436,-2.841,-4.4451,13.967,-6.9012,2.5087,-4.2234,-1.0989,-5.9992,-2.0049,-0.7407,0.22667,1.2551,3.9237,0.50014,0.34665,1.7995,-0.72057,-0.27915,-0.73396,-1.1804,-0.75597,1.2579,-0.434,0.82757,-1.8195,-0.12529,0.29829,-0.13113,0.02016,0.13545,-0.014025,-0.040333,-0.00022735,-0.00093685,1.5593e-16,-1.2224e-15
92.569,-80.602,-40.435,-75.066,131.89,58.718,-7.1645,-21.386,-30.431,-1.4829,0.43118,3.5105,8.3854,8.2811,25.562,27.172,1.6909,-2.593,-0.90148,-25.491,-7.9451,6.1633,3.1063,3.1003,-2.2197,-1.2013,-0.10606,1.9559,-4.0678,2.2637,1.6629,4.8699,0.67564,-0.53155,-4.4083,-0.2933,-0.1473,-0.62111,-1.2961,0.44353,-0.89313,-0.2938,0.33949,1.5361,0.057395,0.17591,-0.098959,0.075526,0.089524,-0.074053,-0.020476,0.013824,0.0009456,-8.3202e-15,-1.2377e-15
3.4239,-40.189,-87.438,-48.094,52.821,38.611,-7.0828,8.6021,3.6184,4.8785,6.8812,-17.552,-8.039,7.983,-4.1672,-3.7276,3.7023,-12.318,-6.2092,15.712,-0.45011,-11.34,0.095811,-6.0967,3.292,0.42385,-2.9114,-1.2572,-3.5568,2.4151,-1.7649,-0.53822,1.8533,0.91362,-1.7242,-0.20387,-0.45232,-3.3483,-0.39826,0.20508,0.88004,0.045241,0.91429,-0.031951,0.33717,0.077443,-0.19925,-0.061293,0.25607,-0.062159,0.068523,0.23598,-0.0023263,8.6276e-15,6.8231e-15
-61.815,-40.74,-40.585,-33.12,84.327,11.063,4.5664,-8.0562,11.896,-10.217,-4.1237,-7.0749,4.5919,-6.1416,-4.1054,-8.5601,6.5173,5.4812,-0.87318,2.3949,0.34736,3.174,-3.0495,7.2739,3.7261,-3.4381,-5.1257,-3.616,-0.26426,2.503,-2.874,1.2999,-4.2105,0.38234,-1.1931,-2.5854,-0.46958,-1.9067,1.6591,-0.85932,-0.88933,-0.94264,-0.98,1.0579,0.46494,0.0047007,0.21619,0.023205,-0.11733,-0.037001,0.0063611,-0.028923,0.00070851,3.3031e-15,1.0821e-14
-17.404,-90.815,-25.549,-41.486,104.65,39.813,6.3701,-4.9886,10.532,-11.689,-4.7654,-6.4565,4.6309,-13.884,-7.0128,-3.7471,10.809,0.33224,1.5264,-8.9158,5.9262,5.6141,-0.040627,9.4939,-2.6921,0.7489,-8.4259,-1.3116,2.9876,1.2798,-3.745,-3.5063,-1.2684,-1.0354,-3.5322,-2.3259,-0.90767,-1.3923,-0.34724,-1.4843,1.484,0.43741,-0.67446,-1.0728,-0.34033,0.19601,-0.10097,0.08862,-0.086607,-0.04401,-0.04281,-0.043332,0.00088265,3.3754e-15,6.2301e-16
106.83,-43.029,-71.65,-58.969,67.172,66.322,11.073,11.843,-1.0398,-14.332,-25.454,12.427,-6.9863,-2.7373,13.78,-19.88,-19.193,11.688,-2.8861,2.4269,1.0183,4.8594,-4.9552,-0.181,-4.5964,3.6144,1.3983,0.38125,4.6134,2.3096,1.0213,-1.1128,-5.7476,-1.3935,-1.5481,-1.5398,0.41206,1.6627,1.0281,1.4836,-0.58957,0.68878,1.3247,0.18751,-0.28804,0.073963,-0.18314,0.057358,-0.11072,0.044055,0.042511,-0.0085377,0.00025104,1.0349e-14,1.3364e-14
-29.842,-61.643,-34.091,-50.469,83.85,-1.0478,3.9723,-6.555,14.846,-3.2473,-4.6504,-2.0629,-8.3639,-6.3214,-0.73494,1.5314,-8.0429,-8.6164,-1.5393,-1.0353,-0.35783,-0.6373,-4.3155,0.29719,-2.4632,-1.784,0.052336,2.6222,0.27772,-0.76103,-0.33953,-2.942,1.352,1.3857,0.11971,-0.263,-0.075586,-0.14889,1.2339,-0.034365,1.9289,0.71874,0.14508,0.12914,0.33062,0.0056867,-0.35968,-0.014974,-0.0069982,-0.036428,0.13861,-0.060842,-0.003209,-1.2317e-15,-6.4355e-15
35.115,-86.517,-39.877,-18.701,55.333,24.663,-9.3576,-16.419,8.3964,10.937,-13.858,3.1685,-16.234,-1.73,-10.615,1.933,-2.2189,-7.0641,1.6938,8.2534,2.2534,-0.69905,-3.0814,-5.4191,-4.1454,-2.3284,-0.80377,0.51813,0.67795,-2.2153,-0.90777,1.5177,0.21596,-1.2437,1.4187,-2.0381,0.79726,1.3236,2.5765,-0.68691,-1.6352,-0.34306,1.0746,-0.42405,0.19754,-0.11725,-0.33734,0.093256,0.035533,0.016483,-0.03791,-0.037282,-0.0013975,8.2952e-15,5.9526e-15
-32.846,-82.493,-79.824,-17.01,29.295,14.675,-15.54,-17.209,2.9966,6.3681,-7.5277,-2.3053,-9.4293,-11.416,-1.2189,-6.5175,17.695,5.831,-4.2779,-4.4305,-1.6106,5.9672,-5.944,2.0735,3.8336,-3.4378,3.8812,1.9056,-3.3623,-1.8586,-0.98663,-0.20522,5.8148,3.4942,1.7727,1.7141,0.81679,-2.4402,-0.39114,0.19657,1.2652,1.8723,1.8365,0.08872,-0.058544,0.016406,-0.19369,0.042312,-0.091527,0.072192,0.030233,0.0037583,-6.1102e-06,-1.5555e-15,-7.0086e-15
7.7286,-52.044,-18.663,-36.578,104.11,-17.833,17.993,-11.357,-4.8741,9.1389,23.47,-6.8073,3.8511,10.722,6.369,23.603,-9.8746,14.907,-1.914,7.2954,2.6582,3.0537,1.6567,-0.70096,0.0054066,-3.5109,5.1372,0.37601,0.91193,-0.30049,4.3792,-0.0040654,-1.0394,-2.3664,1.9199,0.59117,2.3573,-1.1625,-0.99505,0.70368,0.69341,0.89456,1.3127,-2.2546,-0.49414,-0.13555,-0.14149,-0.15521,-0.1599,0.013652,-0.0093203,-0.010669,-0.00012213,-7.3909e-15,-1.042e-15
-67.506,-84.221,-64.616,-8.3421,28.384,9.105,18.002,5.0237,17.913,8.3123,10.849,2.6716,-0.4815,3.4872,-5.4551,13.532,-3.7131,5.3078,-7.148,-1.9238,-3.4384,-7.1766,-5.8347,-1.3151,5.1095,2.5159,-1.7668,0.47948,-0.95205,0.597,-2.3769,1.1393,0.035363,-2.0397,1.2494,0.13937,2.1625,0.42224,0.34375,-0.48533,0.31215,-0.323,0.419,-0.23828,0.14015,0.001558,0.055162,-0.016233,-0.047953,0.013017,-0.052317,-0.021569,0.0010903,-1.825e-15,2.0782e-15
-29.069,-53.447,-70.979,-39.068,71.969,-0.28834,10.289,-4.325,3.145,-19.272,13.615,-1.2153,-2.992,-5.5105,-3.6293,3.5071,-10.655,0.4021,-1.1148,0.17302,-3.9779,6.2792,-1.1219,1.4969,-0.10434,-1.9461,-1.3595,-0.59908,0.1723,0.078951,-0.071705,0.013479,0.48602,-1.0765,-1.6934,-2.5996,1.4313,0.26086,-0.25379,0.026974,-0.44981,0.37205,-0.16343,0.44914,0.17965,-0.081861,0.13571,-0.17023,-0.015135,0.010586,-0.095724,-0.00586,-0.0015876,-2.3078e-15,-5.9167e-16
-10.979,-29.116,-38.476,-47.807,108.02,-20.947,10.062,-5.1116,13.185,-5.5729,-3.3595,12.251,-7.7362,9.6168,-5.9473,1.4112,1.8213,-1.1237,-3.9655,-0.22076,4.1704,-3.3478,4.2142,4.2889,-7.6398,-1.071,0.24356,-2.7333,0.58374,1.0746,0.35365,2.251,1.3467,-0.57695,1.3065,1.7763,-0.75465,-1.5706,0.22507,-0.45174,-0.34556,-0.32204,-1.3092,0.21822,-0.099191,0.13386,-0.20315,-0.039288,-0.084408,-0.027259,-0.017896,-0.020816,-0.0011794,-2.6619e-15,-9.8007e-15
36.199,28.006,-59.803,-45.715,104.67,17.941,-18.827,-3.8783,-15.691,-5.119,8.3195,-3.211,-5.9045,4.0459,0.87021,3.2034,8.6213,0.62968,5.2653,-7.6293,-3.1602,1.4602,-1.5979,7.1292,2.0561,2.2793,4.7591,-0.69278,-0.56112,-2.9537,-4.8139,-0.84665,4.0149,1.6544,-0.63067,0.22152,0.42581,0.77891,1.8659,-1.3665,-0.096605,-0.038853,0.010825,-0.44458,-0.31437,-0.15019,-0.079455,0.068002,0.072258,0.053467,0.0095098,0.0059022,-0.0012666,2.034e-15,-1.3434e-14
-70.137,-95.161,-39.333,-55.144,78.909,-10.693,-5.8722,-13.107,0.81875,-21.338,4.5158,17.919,8.6498,7.1164,13.908,5.4326,1.6169,-7.8623,-0.70286,16.114,5.4196,-2.7784,2.5228,3.409,-2.0122,-1.7376,-1.4187,-4.2076,-2.8765,2.8777,4.3118,3.9713,3.0219,-3.0437,2.1945,4.2241,-3.9579,-0.29727,1.4133,-0.25873,0.81197,-1.7907,-1.8237,1.6323,0.6115,-0.28692,-0.16686,-0.11537,0.011686,0.056294,-0.016062,-0.019076,-0.0031018,1.7293e-15,5.5491e-15
-123.01,-47.847,-49.92,-32.715,26.714,75.233,-27.313,-8.7706,-16.851,5.531,-4.7101,15.482,0.88684,-12.181,-17.922,-4.2804,-3.4177,6.9781,6.925,12.71,6.5108,-5.2469,2.6087,-0.86558,7.6059,2.8279,1.2222,3.6561,5.3087,6.6296,6.8628,1.4879,2.3563,2.9729,-2.4794,0.72378,-1.3903,-2.6151,-2.4135,0.5976,3.214,-0.28603,-1.4483,-1.4325,-0.34773,-0.034731,0.12309,0.21761,-0.057285,0.070518,-0.034246,-0.033968,0.0014834,5.1756e-16,-2.6583e-16
