-46.468,60.918,7.3935,21.698,43.191,17.101,-10.209,4.9439,10.008,-18.856,-3.3562,21.042,-1.0756,-10.055,-14.025,-1.2217,-5.6845,-0.33972,11.446,-7.7551,3.968,-16.627,-5.9744,0.11706,6.3558,14.918,-2.5957,5.2046,1.0913,0.72123,-2.7005,-5.6766,2.1397,-1.436,-0.90116,4.6,4.0662,-5.0641,0.61701,-1.1226,-0.32321,-1.8506,-5.0376,-1.3409,1,0.11359,-1.0072,-0.19958,-0.019481,-0.049508,-0.015702,0.010594,-0.010871,-3.7832e-14,3.522e-15
26.066,159.78,-0.19649,-11.935,-16.669,-51.942,-2.3568,9.6562,0.10914,-11.567,-5.3184,6.6128,21.526,-3.4632,-2.5073,-10.345,-12.011,0.97731,3.6058,-0.76787,13.375,-10.466,1.1649,5.4226,19.545,0.61852,2.0124,8.1557,-1.6235,-1.8385,-2.9629,-3.1906,1.4649,2.7196,1.2409,-3.031,1.0021,-0.38869,0.17819,0.7116,4.2584,1.9071,0.63465,0.71357,-0.72657,0.48962,0.9605,-0.20395,0.16279,-0.060409,0.01539,0.044297,-0.0053943,2.1024e-14,-1.8135e-14
-88.886,44.009,-3.0891,23.212,-9.6971,19.995,27.437,-7.4611,-8.8582,-13.266,5.907,14.629,-11.605,-12.704,-16.819,-5.7953,-2.3102,-5.1284,7.9849,-9.7829,4.0316,-12.562,4.6043,-10.129,6.9847,-0.81559,-4.7945,3.6407,-0.96633,-0.068751,-1.5205,3.7806,1.6221,3.4947,-4.4804,-0.70137,-1.1409,4.06,2.1255,-0.069694,1.8345,-1.7765,0.14198,0.90512,-0.28155,-0.11702,-0.69644,-0.20022,-0.088757,-0.033842,0.047794,0.030905,-0.011189,2.1304e-15,-3.2115e-14
-33.364,142.91,-30.916,-31.737,67.417,-6.8556,-42.978,-4.8728,15.094,3.635,-4.0204,6.7241,10.597,-18.185,-5.8791,-7.5356,-8.3027,4.3487,9.6629,-12.021,0.89135,10.583,0.10861,-0.20236,6.0871,8.5906,-8.8752,-1.3207,4.2471,2.6347,-1.4694,2.8996,0.39178,-5.445,2.3036,-1.1324,-0.53289,-1.5148,-0.17763,1.7957,-6.9731,-3.2711,-1.5719,-0.86863,3.4973,1.2038,0.20721,-0.05579,-0.16245,-0.14767,0.065261,0.011345,-0.025197,-5.5233e-15,-1.0905e-14
48.172,47.69,-64.001,-28.45,140.32,62.211,-44.491,-0.12478,25.79,59.72,-17.416,-35.954,25.906,1.8078,4.36,5.1121,-17.368,25.304,8.9632,5.28,-13.332,-5.3883,-5.5058,-2.103,-4.4115,4.73,-4.3982,4.3281,2.0925,1.6205,4.7464,-2.3473,0.56847,-2.0464,0.48212,-1.233,-1.4542,-0.51596,-1.7508,0.030387,-2.356,-0.02498,-3.2258,0.95942,1.904,1.1496,0.63475,-0.13269,-0.013887,0.2291,0.0026797,0.026919,0.02127,-4.0151e-16,8.0341e-15
-44.78,76.822,-2.2086,21.776,28.479,3.9861,-36.936,60.397,-0.59509,35.354,-11.202,-28.54,-5.4119,15.504,-7.1063,-3.6327,-2.5199,7.9737,12.969,-11.188,-16.027,-4.7565,8.561,0.16203,12.831,11.667,2.8237,-0.46821,2.9334,-0.16942,2.7767,-2.2337,-0.02896,1.617,1.6955,-0.91106,-4.7302,-3.5854,-4.1728,-1.081,0.66309,-1.5702,1.3445,0.78477,-0.24142,-0.22922,-0.35675,-0.04228,-0.089579,-0.084583,-0.019928,-0.011265,-0.011042,-9.5146e-16,5.0984e-15
-108.96,8.9081,-33.052,19.131,-28.589,91.836,16.108,-0.20538,13.542,42.435,-26.734,-12.872,2.6948,-5.9827,-9.4631,-5.5322,-6.8292,1.7221,5.0281,0.58362,-14.026,-29.134,-3.2741,-3.708,-6.5268,-0.28132,-0.1037,2.1746,-2.6598,-3.3593,-4.0093,0.35215,-0.17208,1.7592,-0.95398,-1.1037,-3.7623,3.1348,1.4422,0.99792,2.2453,0.37417,-1.2523,2.2125,1.4301,1.6356,-0.32871,0.031276,-0.21114,-0.12606,0.049196,-0.014382,-0.021235,6.7977e-15,1.0653e-14
-63.222,26.363,-58.476,12.15,-16.386,-46.069,-13.8,25.525,-20.173,6.9883,1.1652,12.493,0.87578,11.599,0.92467,13.176,-5.5861,12.459,-0.521,-1.9836,-8.5433,10.073,-1.6557,-0.04526,6.3691,-3.5983,-2.4137,3.2767,6.5457,0.55175,-0.5259,-7.3722,-6.6927,3.3492,-0.24808,-0.22021,2.1424,0.54469,0.13271,4.9038,5.3647,3.7202,1.2387,-1.0433,2.1968,-1.1773,1.5353,-0.39165,-0.060359,-0.030791,-0.0079022,-0.015523,-0.03939,-2.6779e-14,8.43e-15
-161.89,38.001,-49.317,-19.591,-28.105,-25.475,4.3159,3.5658,16.631,21.302,-7.8025,-11.054,7.9005,1.5246,-2.978,9.0773,-6.319,7.8659,4.4081,-1.624,0.18692,3.9838,-0.9492,-2.1842,0.25404,10.8,4.9233,-3.1869,0.94895,1.5465,1.5933,-1.8132,2.7503,3.6547,-1.2614,3.1388,0.17106,1.7872,-0.23543,-2.8979,0.19153,1.2451,-0.69559,2.383,0.012965,-0.41849,-0.47064,-0.1467,-0.20259,-0.079068,0.041596,-0.044396,-0.0063602,-1.4456e-15,-2.1239e-14
-169.53,36.894,-76.534,-2.9403,-4.4738,-90.643,-9.4189,4.3595,-1.7492,-7.3658,12.343,-9.911,2.9495,-6.4915,13.778,3.2073,1.6661,-7.2504,0.3501,-1.5285,-2.5406,2.3912,-4.2106,5.204,-2.7038,1.3238,1.1429,-6.6349,-0.16741,5.0302,1.9939,-0.3354,0.63421,4.1773,-3.5919,1.3472,-1.0062,-0.95306,-1.4123,-3.5719,-0.19081,-0.30882,-2.3257,0.87565,1.0568,-1.0414,-1.2461,-0.18966,-0.28147,-0.05226,0.048424,-0.041487,-0.021326,-2.1554e-14,-5.4419e-15
-86.679,29.995,-65.687,-48.643,76.441,-32.406,-43.203,-14.983,4.7149,9.1515,7.5534,9.5513,1.4753,0.31351,2.7283,2.3385,5.4167,-2.3578,0.5132,-2.4242,5.257,3.926,-5.3793,-0.89561,2.717,-2.0829,9.7137,3.2665,1.483,-4.397,-1.0791,-8.1179,0.67776,1.14,-3.2445,-1.185,-2.3921,-2.0024,-4.0404,-0.51141,2.9026,-0.45765,-0.5574,0.95872,-0.89536,-1.2066,-0.93475,-0.1428,-0.14929,0.061661,0.013058,-0.034105,-0.0049391,8.357e-15,9.9968e-15
2.3556,196.63,75.758,-31.215,17.4,12.716,-12.199,-3.7261,0.29112,-7.2419,15.146,6.8725,8.9645,-13.621,-1.931,-5.8084,-1.3699,-3.7282,-1.4874,-4.3058,-3.1588,2.9349,-14.066,-1.373,0.15523,-3.2115,-2.1933,-0.03453,-5.1613,-0.51879,-2.0098,0.21203,-11.847,0.41936,0.58532,-1.2344,3.504,-0.35591,0.84739,-1.4868,3.7687,1.1345,-3.9863,-2.516,0.25282,0.13927,1.0852,-0.21004,-0.10865,0.034018,0.027703,0.027194,-0.0083671,1.3233e-14,2.3025e-14
-136.34,52.9,1.4043,-8.7592,-33.732,-3.3023,-21,-1.1713,-3.0343,-6.789,11.215,14.461,-4.1416,0.25536,-10.057,2.1085,-6.1133,0.85321,1.9573,-1.3028,-0.62301,0.42891,-13.772,-3.3569,1.6095,-0.51766,-2.5497,2.4904,-2.4047,-3.9327,-1.575,6.7071,-8.6548,-0.73487,-3.295,5.7268,-0.99389,1.7178,-4.3996,-4.1064,-2.7881,-0.4943,0.77114,-1.0177,0.85513,-0.63072,1.3292,-0.25735,-0.049133,-0.064441,0.038727,3.8558e-05,-0.027054,-6.962e-15,-1.3576e-14
-40.966,115.08,-45.76,-46.369,-63.583,-56.1,-25.935,24.297,8.4523,8.0248,-1.5519,1.5021,7.2416,3.0905,6.9451,6.9838,-7.9731,4.9508,3.9505,-7.1245,-10.554,4.5235,-1.8875,-5.7704,-4.0532,-0.47921,4.8739,-0.11188,3.6854,-5.2809,3.4552,-1.535,2.0202,0.21452,1.58,1.0342,-0.40282,1.5026,-1.0575,-3.1891,-0.7549,2.1095,-0.18259,3.43,-2.1792,0.13407,-0.12174,-0.045011,-0.33434,0.10389,0.0052515,0.030731,-0.0183,1.2966e-14,-8.1683e-15
-32.359,135.03,68.283,26.932,69.727,16.955,-5.8947,5.8517,-0.19087,-12.862,2.3763,-1.1518,-6.7864,6.4961,-16.119,-2.5769,-14.113,9.6788,7.0624,1.8886,10.581,-4.3725,6.5279,6.5606,-0.81403,0.77774,-4.6127,-0.86332,-1.3608,-5.4733,-1.097,-2.3737,-0.4627,-1.4513,3.7619,-0.67385,-2.9621,-0.12758,-2.8823,-1.265,0.53961,3.1858,-3.4235,0.25261,-3.8215,0.6,0.25152,-0.38236,-0.085095,0.24263,0.073318,0.038392,0.010597,-2.2475e-14,4.5721e-16
-133.51,113.77,-27.473,22.434,5.7293,-18.288,-27.153,14.136,-8.1644,-10.442,18.708,3.5244,-9.1914,0.83403,-6.3026,-3.4646,9.9669,-7.7789,3.593,2.8935,-3.6501,3.3501,7.6803,4.1159,2.8807,-3.9104,0.69947,-0.86945,-2.0338,0.3597,-2.5309,1.418,-1.126,0.0049532,7.1751,2.4604,-1.749,2.7191,-5.957,2.4151,-0.87545,-3.7956,0.71241,2.7183,1.6618,-0.87195,0.54999,-0.27325,-0.10349,-0.036665,0.056017,-0.026599,0.0067811,1.3223e-14,-2.845e-14
-86.225,33.398,10.211,-68.135,-4.9197,23.388,-20.239,-9.8282,-5.4711,-23.188,10.046,21.514,7.6619,-10.855,1.5281,-1.4406,-2.2217,-2.4754,3.6451,-1.5806,-7.4696,-10.979,-3.3208,1.648,-3.4888,-9.9817,2.4631,-8.1387,-7.6103,-3.411,1.5547,-8.1423,-0.09427,0.89392,5.446,1.7461,-0.81597,1.3778,-0.1632,1.4304,0.94261,0.21245,0.63101,1.0333,0.39644,0.59897,-1.6547,-0.38843,-0.10932,-0.020081,0.060111,0.011276,-0.0063356,1.6677e-14,3.3863e-15
-58.955,100.41,-106.47,-10.609,29.263,-43.526,-35.175,-6.4137,4.3936,-17.427,11.11,3.3232,-2.4703,-1.694,20.415,-11.035,-6.7157,-0.46279,0.17872,-6.5919,-9.9839,-0.086191,0.68799,-4.3096,3.9209,6.4854,-1.1237,-5.7833,-4.5644,0.75748,-2.2689,-0.71288,0.27185,2.2049,-0.42065,-2.4296,-2.3441,-4.5016,-2.1942,-1.468,0.73633,-0.020114,-1.8776,1.0997,-0.75882,0.30164,1.0381,-0.25231,-0.096681,-0.034087,0.046276,-0.0031486,-0.019256,1.6279e-16,4.8622e-16
-75.744,54.875,-80.765,-38.733,-27.8,-22.39,-52.114,0.56522,-6.4194,-13.306,5.3743,7.5782,0.94818,1.6659,15.022,-2.6818,-6.535,-6.0403,4.1565,-4.1,-8.3066,-1.9501,-2.7529,0.088206,-8.6622,-5.6766,-4.0978,-5.1118,2.2883,0.59295,-2.6172,1.0301,-4.0521,-0.21569,-0.75381,1.6466,-0.73926,4.7975,0.33649,4.814,5.5554,4.249,-2.1973,-2.0768,1.2356,-0.48778,0.039904,-0.070515,-0.041658,0.16807,-0.0045242,-0.039914,-0.025579,-3.184e-14,1.7577e-14
-167.79,-103.19,-44.893,25.947,-22.491,9.3099,-18.407,-5.8802,0.85211,-10.815,8.1713,15.169,-1.2628,-0.51829,12.573,5.2298,-10.222,-5.8561,-4.5557,-0.41059,-2.6258,-0.41066,6.5708,8.5203,-1.9347,1.7133,1.2066,-5.2621,2.5575,0.14182,3.2507,-2.032,-0.71891,-3.7385,3.174,0.81567,1.4889,3.3143,0.92029,-4.6614,-0.97641,1.2467,2.855,0.077727,-0.54244,-1.0393,0.60802,-0.13341,0.093432,-0.051795,0.0040593,-0.044576,0.043161,-1.6572e-14,8.6797e-15
-164.24,-137.73,-31.58,-39.308,-20.623,90.228,2.0818,-10.184,-9.7146,-1.1801,15.017,17.046,-1.1501,-9.0126,8.0801,-4.9177,-3.7296,1.5924,1.2037,1.3391,-5.7702,-3.2517,8.5353,2.4464,-2.2311,4.2908,0.047336,1.8705,5.1673,-3.3802,-3.2467,9.3999,-3.7188,0.22857,-2.5161,-2.4061,-1.3914,-1.9586,2.121,0.53961,0.15635,0.36752,1.9489,-2.847,-0.68276,-0.64247,-0.42973,-0.083751,-0.078787,0.013565,0.091174,-0.016944,-0.015396,2.6696e-14,4.1778e-15
-146.61,-164.37,17.432,-13.486,-37.368,99.78,-1.2366,11.528,-15.669,-6.3906,20.327,14.537,-1.4665,-4.8609,-13.228,1.9951,-5.8271,0.29906,-4.5592,-2.8384,-9.6112,-1.4473,2.2331,7.4865,-0.68318,1.1828,2.6919,-2.0447,-2.6668,1.5618,-0.12716,3.6327,-1.1942,-0.73807,0.42995,0.60544,-0.92369,1.2962,1.9065,-1.2191,-1.3729,-1.7234,1.5725,-0.49529,-1.1666,0.3755,0.75898,-0.088755,-0.17246,0.32052,-0.013202,-0.037965,0.025147,-9.556e-15,-7.6123e-15
-126.83,-167.64,28.402,-49.765,-13.163,64.372,-29.742,-6.2414,-15.619,4.1983,20.697,17.588,-2.3325,-0.25914,-0.46917,5.1588,-4.6808,4.4751,-5.1057,8.8352,6.1271,-1.1439,-1.9242,4.9758,4.4273,2.7139,-6.3205,1.5844,5.8045,-5.1003,-1.0574,-0.77184,1.6782,-0.54562,-1.1408,-0.9477,-0.84251,-2.4138,0.59692,1.4809,-1.3298,0.55272,1.4753,-0.74093,-0.45292,1.6219,0.67955,-0.059075,-0.0089351,-0.078972,0.034812,-0.035272,0.0059323,-3.3629e-14,-1.4487e-14
-115.26,-185.64,17.073,-11.407,-20.834,27.438,-14.636,-22.426,-17.714,-1.8801,11.117,13.235,1.9683,-4.8703,2.5583,3.6456,6.8692,5.7757,-2.1717,1.3414,-3.8847,0.96892,-1.0718,1.7576,-0.15261,0.89368,4.5068,2.5946,-0.24506,2.7585,-0.67441,-4.0197,4.035,-2.0442,2.0435,-0.26063,4.7652,1.8405,-5.258,-0.10786,-2.592,1.0327,-0.1096,0.17481,-0.17587,1.6168,-0.075161,0.21651,0.0041711,-0.089633,-0.0486,-0.0021055,0.020239,1.5346e-14,-7.2002e-15
-160.19,-124.52,-14.771,2.3771,-44.435,38.47,-18.279,-2.7375,4.3453,-21.838,5.8957,8.1809,-0.45351,-10.913,-7.3163,12.204,-2.6569,-3.66,-9.3939,7.3777,-9.8095,-4.864,12.09,-6.414,0.74803,-3.2599,5.1394,-2.6063,-1.1991,4.03,0.76396,-3.7164,1.4872,-1.3052,3.8487,5.903,5.2052,-5.2221,4.9279,-3.2399,0.45355,0.095191,-3.7784,-1.0877,-0.26102,1.2541,0.37095,0.31971,0.17415,0.26718,0.52918,-0.012926,-0.0042084,-1.2745e-14,-1.1405e-15
-254.5,-2.3909,-70.462,46.594,-42.199,45.982,-16.8,2.218,0.7681,0.38225,-11.969,-9.7747,-3.8432,-2.3486,15.249,5.4619,3.5474,-4.0317,-11.039,5.2616,1.2082,10.923,15.85,-1.9165,-1.6723,4.7976,-1.9161,5.6117,2.8496,1.7294,-1.7465,-2.9904,-6.8584,0.5994,2.4775,-2.5349,1.8753,-1.447,-0.67487,-1.2817,-2.054,0.48587,0.52764,-1.6667,-0.20395,0.14857,-0.1069,0.025754,-0.055458,-0.08057,0.031758,0.037746,0.0076086,3.4038e-14,-9.8013e-15
-191.93,-82.669,-9.9271,27.621,-39.435,80.651,-26.202,-3.6094,-13.975,-35.855,9.1457,5.9657,-1.4105,7.9363,1.9269,-1.4397,1.5671,12.1,-8.3806,-2.0526,-13.993,-12.001,1.7069,-0.15743,-7.2023,5.8117,-1.1896,-0.63489,-5.0865,-1.988,-3.5377,-6.226,0.024599,-3.2035,-0.27467,-1.0345,0.31181,2.8105,-1.1721,1.477,-2.7097,-0.010788,1.0652,-0.49592,-1.5909,-1.8645,0.24997,0.057128,0.12045,-0.17353,-0.034469,0.060975,0.01136,-1.3224e-14,-1.7988e-14
-51.389,-218.95,15.483,-25.234,-19.886,17.331,-33.441,-3.0574,-8.5391,-1.4303,19.878,3.6442,13.38,5.8702,-4.8737,-2.6704,-8.8875,11.277,-3.6424,0.96503,4.3977,12.018,-2.1561,1.1463,-7.2237,4.9691,-1.6179,6.1186,2.3949,1.3552,2.4848,-0.75106,0.56672,0.73593,1.1879,3.2423,-2.0007,-0.79067,-0.46669,6.4641,3.7309,-6.3204,1.1021,0.48233,-1.5209,-0.052155,0.479,0.23855,0.15909,-0.13804,0.048985,0.018274,-0.0020706,1.4776e-14,-1.706e-14
-210.62,-118.6,-7.1762,-10.101,-61.334,88.742,-27.128,-4.1259,-6.1571,-6.5307,4.5451,12.233,0.6284,5.1227,-3.6703,4.4281,1.9459,13.273,6.0557,5.0149,-6.2188,-2.5647,-3.1468,1.3137,3.5986,0.96842,6.0918,-1.0827,-4.0172,1.5683,-3.4836,5.4695,1.8852,-1.9947,1.424,-0.41077,-3.1141,-2.0207,1.1149,-1.4228,0.33663,0.3206,-0.84048,-0.41514,0.41042,-1.0755,0.67651,0.23881,-0.010274,0.052871,-0.0436,-0.015493,0.0082622,1.9509e-14,-1.2157e-14
-195.09,-104.6,-11.901,28.862,-30.7,24.679,-20.783,-2.4827,-0.72145,1.3353,1.8206,9.3183,-2.3641,-5.1283,1.9184,-3.2286,0.22711,5.5371,1.5566,-0.34036,12.152,8.1061,5.5505,7.5675,2.834,5.2942,5.0703,4.9255,0.99984,1.4659,2.1582,3.6448,-1.9195,0.81179,-1.2149,-2.7196,-1.3913,-2.5801,1.1181,-1.2234,-1.0353,-1.0986,-1.2081,-0.83864,1.5,0.71852,0.057179,0.20285,0.017894,0.098623,-0.065859,-0.048101,0.021627,-1.4361e-14,-1.0947e-14
-110.91,-156.28,-1.7215,-44.143,-50.003,52.348,-21.511,-13.295,2.3538,4.3802,-1.966,10.161,1.3785,5.3488,18.307,4.3751,18.557,3.1164,3.3538,1.0333,13.929,16.446,1.1927,2.1266,-5.1028,4.3471,-1.5117,2.1353,2.094,0.54506,1.4114,0.8147,0.042038,-0.90641,-1.1664,-4.0536,6.044,0.98207,-5.4821,-2.3978,3.4455,1.3258,0.13776,-1.2774,0.37261,1.9827,-0.25526,0.19063,0.085435,-0.1353,0.0058465,0.00964,-0.032896,8.8406e-15,7.8684e-16
-13.623,-321.95,127.78,-101.06,-66.007,6.2943,-26.608,10.313,5.9913,18.193,2.2146,-17.394,15.396,-10.769,-12.083,6.3809,-18.481,8.3016,-8.0931,-3.7993,0.71543,8.6998,-0.63726,3.8235,-1.1266,-11.04,9.9747,-8.9973,5.4877,4.5555,7.8064,-1.7131,-7.4562,3.209,1.7461,-1.6523,0.34081,0.17183,1.8221,-0.77981,0.67782,2.2817,-1.4652,-0.025462,1.3842,1.1213,-0.344,0.051854,0.12874,-0.069474,-0.0083597,-0.020657,-0.0023575,6.6934e-15,2.0819e-14
-214.66,-76.242,-20.172,29.716,-43.668,89.425,-7.6906,-10.659,-27.198,-16.224,18.896,13.711,0.24096,2.1217,-12.277,6.9352,-7.2664,8.9989,-5.0535,-3.8756,-13.081,-5.1648,1.0624,3.9255,-0.45944,5.2279,-3.4112,1.0887,-2.0424,2.3812,2.1955,-0.70913,4.397,0.82882,-2.309,0.62149,-0.37471,-0.53687,0.28715,1.7903,-1.6288,1.6985,-1.751,-0.84644,0.75174,-0.90112,-0.001653,0.08083,-0.093138,-0.088153,-0.064416,0.081023,-0.046794,-4.6483e-14,6.1149e-16
-85.102,-234.21,57.66,-78.546,-69.621,38.278,-1.4386,10.67,12.293,-3.6765,27.029,-0.07585,7.78,-9.9632,-10.015,3.9264,10.478,-6.2863,-0.27806,8.7303,1.666,-0.62099,6.0321,7.9292,1.6359,-0.91824,3.0131,-3.0732,-3.286,1.4492,0.56816,-3.5594,0.73895,6.6171,2.1137,-3.1964,-1.8556,3.4713,-1.5169,0.12566,-0.79594,0.78506,-0.17958,0.90704,0.28875,-1.2359,0.99633,0.12348,0.21871,-0.14576,-0.0685,0.04232,0.01495,5.9755e-15,-8.1509e-16
-219.77,-100.52,-7.2166,-28.525,-29.209,-3.582,-6.7699,21.132,-21.006,12.899,-6.3186,11.839,0.68228,3.1022,6.4671,-0.72447,3.3073,7.0827,-4.8467,0.93004,11.561,22.972,3.2057,5.9756,2.4694,2.4429,1.256,3.8031,1.5537,4.0835,-0.67921,-0.077226,-0.092107,-0.57321,0.51575,-2.3105,-2.899,-2.9345,2.5603,-0.011087,1.3093,0.59511,-0.99317,-0.59643,0.80185,-0.0025029,0.52423,0.15957,-0.041305,0.042026,-0.070653,-0.0023865,-0.010834,-2.2883e-14,1.0134e-14
-233.05,-123.21,7.3924,-18.182,-37.453,-20.775,1.9164,-8.7766,-1.4271,-1.7789,1.9779,8.5313,2.9779,-7.0232,0.98488,-4.3755,-4.7201,-1.0927,-3.1471,6.2984,0.33492,8.4877,4.3017,2.8026,2.1192,4.6468,7.6742,-8.4656,0.058764,3.6257,1.7008,-0.94053,-2.5544,-1.8314,-5.6596,-1.1877,0.038526,-2.4172,-0.29423,0.71207,-1.3836,-0.16277,-1.1309,0.0019202,2.0713,-1.9674,0.19907,0.22934,0.11753,-0.052818,-0.10507,0.063564,-0.025069,8.2137e-15,-1.1134e-14
202.23,199.61,-170.51,-70.173,60.943,4.9865,-11.3,-9.7516,-2.6538,-5.0803,26.937,-12.094,-33.281,0.72531,7.9605,-20.078,2.4888,-5.61,-0.49719,-13.602,-2.3634,1.5768,-0.8452,-12.763,-3.4861,-2.9687,-4.9449,-3.1716,7.0271,0.67286,-10.761,1.9519,1.7094,1.5112,-1.3927,2.5091,-0.56108,-1.4952,-3.2588,-0.15006,-1.5739,0.32203,2.5028,2.318,-0.91302,-1.7148,1.9021,0.22457,0.20516,0.026133,0.0036689,-0.0011003,0.018989,1.8404e-14,-4.224e-15
256.83,258.43,-237.6,-52.849,2.6353,81.919,40.358,-6.4994,-24.212,-31.735,10.852,1.883,33.825,25.08,34.883,15.251,-20.807,-12.05,35.946,4.83,4.0092,4.3868,-8.6467,-6.8358,3.8836,-18.722,12.638,2.6441,7.2406,9.1448,8.8482,3.4409,-1.2269,-1.0615,-2.6518,-2.9769,-1.392,-0.68611,0.30548,1.6064,-3.9196,-0.45565,-1.9401,0.7845,0.51837,2.1229,0.27226,-0.19122,-0.07551,-0.11015,-0.025937,-0.0031908,-0.033905,3.0849e-14,-6.0237e-15
84.766,171.3,-23.078,-80.172,-77.942,138.79,19.908,7.4294,15.793,27.774,-14.144,-32.61,-19.867,26.226,34.418,-1.8555,6.6578,-22.882,-14.555,-0.92497,13.425,0.34104,-6.989,-3.3453,-6.57,-4.3943,2.169,-6.3884,11.041,-0.53,-3.2459,-4.8209,-0.05042,5.2575,2.7998,-1.7741,-0.010883,-1.3339,-2.8896,-1.1096,2.0193,0.064783,1.0985,-0.2448,1.0898,-1.9138,0.21811,-0.10975,-0.10265,0.25194,-0.046737,-0.033215,-0.025657,-1.786e-14,8.2261e-15
156.01,131.69,-244.44,-155.96,115.71,18.637,-2.5218,-26.804,-9.4558,27.93,6.435,-17.743,9.3168,-25.455,8.8126,-6.9905,25.956,5.4404,-18.065,-8.863,-0.27881,-4.9396,9.1885,10.945,12.839,-16.863,9.8122,-3.8364,-0.1512,2.14,-4.1141,6.1245,-3.9037,-3.0953,4.3215,3.5717,1.4803,5.3841,1.7075,9.1725,-2.7646,1.8878,-3.7008,0.24202,0.88007,-2.37,-3.9063,-0.0163,0.10247,0.024492,0.048343,0.029899,0.012995,-4.0951e-15,-1.4218e-14
-47.424,85.181,-91.979,-73.524,-85.389,11.441,-5.1055,9.2628,17.804,2.654,-10.995,-7.5937,8.7396,7.0789,0.056059,-12.972,-1.2288,-5.1627,8.2204,0.28033,12.535,20.775,-1.3661,4.015,0.27162,-5.4653,-2.7048,-1.9497,-7.7817,2.2657,-5.7548,-3.0945,0.73296,1.8258,-0.35756,3.6275,0.76743,3.6354,0.79845,-2.4567,-2.0947,2.1932,-1.2415,-2.8652,-1.804,0.20998,-1.0671,-0.16419,0.14763,-0.08136,0.0070167,0.031502,-0.0073298,-1.8716e-14,-5.3738e-15
-104.28,25.663,28.841,-73.959,-50.732,-18.205,24.11,17.964,-18.225,15.087,1.5157,-24.179,10.233,-29.919,2.9394,-8.2698,1.9237,-6.1908,1.8959,7.4667,-0.87918,-13.719,-8.9552,4.5048,-6.8752,0.79424,-1.5071,-2.968,-6.9462,0.54279,3.6539,-0.9702,0.93098,0.7258,-1.8042,-2.1444,-3.1032,0.53909,-0.095135,0.74521,-0.418,1.2708,0.86635,0.43065,0.24348,-1.193,-0.89193,-0.029551,0.0051749,0.13059,-0.052812,-0.026196,0.030368,1.0401e-14,3.8748e-15
-96.358,145.23,-74.024,6.5699,20.686,14.172,28.632,39.999,-9.0387,8.6739,-13.302,10.36,3.2373,11.415,19.695,-12.662,-12.654,-2.2201,5.9233,1.5572,-10.877,-2.891,2.3546,1.2184,0.083217,0.045561,-2.5415,5.3892,-10.183,0.624,-1.6517,2.4918,-2.5436,-3.4701,-1.8531,10.369,1.909,-3.2322,2.1393,0.71902,4.25,-1.957,-0.13333,-2.1726,-0.78492,0.95554,-1.3758,-0.033812,0.14462,-0.076837,-0.072186,-0.020158,-0.011837,2.2148e-14,-7.6998e-15
-25.418,163.12,-179.21,-65.365,133.43,19.964,-44.607,-26.429,-27.89,5.1362,3.7365,-12.261,43.326,22.442,-13.995,-14.099,18.303,-4.3242,-20.539,-18.083,4.4783,-1.7353,-12.842,-10.574,15.401,-8.2115,5.5192,2.1188,-9.9188,-15.909,7.2561,1.0064,4.2768,5.0856,-0.99073,2.0234,1.2841,-1.5748,-1.932,-3.0538,1.9037,-0.0071592,4.3856,-4.5236,-0.054655,-0.085045,1.8973,0.21068,0.085758,-0.051868,-0.07574,-0.0098626,0.0042599,-1.6384e-14,1.0967e-14
-9.6823,73.355,-44.978,-30.098,-35.77,35.014,12.441,13.807,1.4,23.57,2.7671,-6.5175,-11.698,-7.5637,-0.89713,-15.727,-2.0602,2.715,2.2871,3.0657,22.13,17.123,-0.62412,-1.6594,-13.746,3.8786,-8.9324,4.8451,-6.2986,-4.9671,6.3464,-7.9668,0.90591,-1.2155,-1.2996,-0.37199,2.9175,2.5913,1.1413,0.94561,-2.3985,2.3662,0.2413,-0.48555,2.5069,-0.024168,-0.70489,-0.25735,-0.035649,0.21229,-0.086341,0.033801,0.0088897,1.1192e-14,-7.2853e-15
-28.503,85.625,-90.211,-45.791,-18.703,37.699,16.797,-0.90126,48.105,-5.6152,-12.046,15.24,-7.4073,9.4866,-16.691,-5.4988,6.5323,-14.443,-3.4041,-4.2156,9.6668,13.45,-0.98388,-8.7602,5.5923,-1.7539,-3.9629,-5.8374,-3.1835,0.38731,5.9046,-5.9775,-1.4851,-5.9433,-0.77022,-3.2119,0.36125,-0.34995,0.34511,1.3631,3.2572,-0.94978,0.11048,-0.47146,-0.45048,0.13808,1.3955,0.070088,-0.21795,-0.14691,-0.033821,0.042901,-0.015327,1.5076e-14,-1.3546e-14
-154.85,90.905,-97.712,-16.269,29.841,6.1701,22.008,-4.4711,-7.267,7.1811,-12.052,-6.6875,-5.5386,-13.315,-1.5992,3.3379,10.304,0.67808,-2.7025,-5.4807,15.327,12.597,-1.4614,2.2003,5.1085,10.193,4.6348,-6.6022,-9.8162,-6.4106,-1.8784,1.7885,0.67216,4.7078,-0.86719,-0.065013,1.8084,-4.9823,2.9611,-2.1951,0.71405,0.2815,-0.3102,0.080396,1.3175,-0.1965,0.18812,-0.069322,-0.061269,0.0064132,0.25668,0.013806,0.0017936,1.4614e-14,-3.9328e-14
-203.37,80.374,-50.493,22.695,-58.461,-19.019,47.871,-1.2442,-0.4003,12.513,-6.6752,-8.6989,-5.8447,-2.5252,-3.677,10.168,-0.58085,7.4647,-7.1852,-4.8893,-5.8852,0.1762,4.5207,8.5824,-0.57596,-0.55682,-0.19296,3.9046,-9.3297,3.7188,8.4745,2.31,-6.7159,-2.3938,-1.8149,2.42,1.9443,-3.2219,-1.148,-0.28698,-2.0104,3.6041,1.9611,3.9797,-0.26831,0.78227,0.26905,-0.054047,-0.3075,0.068918,-0.045845,0.015212,0.00026876,-1.4221e-14,-2.0589e-14
-96.299,165.61,-68.151,15.614,-88.937,-19.144,-8.1063,16.196,25.736,5.7562,-8.9914,10.038,-2.2205,10.004,-26.745,1.1393,1.3439,-4.5118,-4.474,5.9634,9.9324,-5.7278,4.3342,2.4075,5.0712,-5.3585,7.2062,7.2347,3.5314,-10.427,0.14841,3.9692,1.7539,-0.88771,5.0334,-2.4865,2.7956,-1.6745,-2.8784,2.1313,1.1044,3.0363,-0.1851,5.4586,-5.2419,0.13936,0.093479,0.12472,0.010771,0.024924,0.056047,0.060042,-0.002731,-1.8666e-14,4.0103e-16
-99.929,92.383,-112.21,12.569,-47.112,-34.791,22.854,9.5905,5.6445,1.6627,-12.155,5.4311,5.6854,3.0003,-7.1718,-19.946,-18.1,-5.2898,7.7495,1.5165,6.1454,-4.9818,1.4119,1.6465,10.557,5.5315,-0.16564,3.7367,-8.6252,3.5714,0.94082,0.4972,0.29167,-4.3214,1.0419,0.42499,-0.95374,-3.6323,-1.4167,3.8441,-4.687,0.78348,-2.7824,-1.8762,-1.2674,0.26537,0.72007,0.41341,-0.10953,-0.13185,-0.057672,0.0053583,-0.0066237,-1.1829e-14,5.2838e-15
-122.35,-31.789,10.533,-81.738,-53.148,-5.9479,28.16,3.3524,17.217,7.6071,-2.7958,-0.90144,-9.0951,3.4157,-19.583,-0.33887,-1.6187,-0.14633,6.8493,-7.3157,11.958,2.7424,-2.8573,-8.0754,3.1453,5.7818,-3.119,-5.4374,3.2246,-1.8213,-1.9963,-6.7894,3.2079,2.4162,0.16235,5.4958,0.76303,1.2039,-0.66111,2.1767,-4.2722,2.2729,0.28205,1.0593,-0.11375,-1.5576,-0.054689,-0.01515,0.14636,0.0010951,0.01859,0.064736,-0.015073,1.4054e-14,-6.4408e-15
-98.278,13.944,-20.884,-48.694,-57.013,-5.7284,19.288,-2.5827,-10.204,14.897,3.3819,-7.6732,-1.118,-20.634,-16.119,-9.8641,-10.469,0.82805,2.6664,-12.711,-5.6341,-13.108,-5.9686,-12.48,11.763,4.9722,-1.2879,2.2909,-0.29769,1.8067,-1.5722,-3.8499,-13.621,-5.1108,3.7723,-4.7367,1.8351,1.029,-2.2499,-4.5104,1.3368,-2.9308,2.9006,1.615,-1.1201,1.242,-1.5909,0.063304,0.1728,0.26013,-0.11024,-0.0067113,-0.017792,-3.8267e-14,-2.0148e-14
-191.03,48.294,-89.291,57.079,-75.888,1.234,-0.8742,8.4524,4.4967,-4.1624,8.0119,6.5544,2.3824,-16.964,-9.1907,-14.663,1.9864,12.238,1.1587,-4.2158,11.314,4.6263,5.46,0.29576,5.5016,5.43,3.0316,3.0951,-4.7991,0.57758,-3.7024,0.51914,0.74941,-0.47799,0.066014,2.1724,0.76028,2.0176,-0.79313,2.2104,-2.0995,-1.9285,0.96183,1.6395,0.17016,-0.20383,0.22035,-0.0050881,-0.18137,-0.030007,0.11248,0.008779,-0.0046509,3.8307e-14,1.9805e-13
275.75,152.32,-153.31,-158.99,52.558,9.9098,37.087,-6.35,-26.929,-10.367,5.0303,-7.6021,26.913,-14.544,23.747,34.962,5.439,15.103,22.806,-2.995,7.6214,-2.6801,-4.3412,-2.8721,-5.2704,1.5193,-11.321,2.231,-10.213,4.1078,-6.2741,-3.0733,3.2751,-5.7324,0.7571,1.034,2.2368,-2.5901,2.9485,-0.065098,-0.21869,1.7801,3.3776,4.3113,0.25603,0.94346,1.612,0.14679,0.23397,0.30033,-0.052961,0.064288,0.010484,-2.8455e-14,1.6394e-14
-161.84,91.143,51.827,7.0359,-28.761,-10.074,41.58,-2.5607,-14.212,-6.6724,2.1238,-8.7843,-10.111,-1.0369,-18.794,2.3337,1.6944,-1.9067,13.319,-3.4495,9.8195,5.2761,0.7144,0.4186,-3.2014,-12.996,-0.77385,2.1069,10.43,-5.6838,-6.7955,0.021388,-0.42576,-2.2183,2.8282,1.2755,0.60072,-4.399,-1.3475,-0.33922,1.1354,-0.31804,-0.39759,-0.67222,-0.87201,0.69629,-0.36442,-0.030876,0.011654,0.19979,-0.02717,-0.0024998,-0.032971,-8.5941e-15,3.2555e-15
5.0156,46.607,-111.9,-80.575,21.034,1.2952,59.291,14.566,-2.1365,-3.6521,20.827,-2.2938,-17.319,-14.815,-6.2478,-16.66,-4.4926,-21.562,11.093,1.4308,-11.101,4.9039,-11.485,-2.0225,-7.5493,12.067,3.4327,3.829,-2.4628,-10.118,8.7479,8.8192,2.5593,-3.2233,1.1244,-0.96387,-0.10376,3.114,-0.82588,-2.2561,-2.9965,1.9392,1.1978,1.1844,2.6409,-1.3293,-0.85481,0.10773,0.15995,-0.14926,0.081927,-0.001625,-0.032756,-2.3046e-14,6.8969e-15
-260.58,11.483,-46.994,39.419,-5.4655,15.396,-40.613,-1.824,10.828,5.988,0.15203,2.1418,6.7868,-0.13754,6.0633,-1.3982,-1.6837,0.22046,7.1003,-0.35964,-0.036066,1.6443,-2.6779,2.6119,-3.5714,-0.36286,-0.84429,-3.1853,4.5041,2.5486,2.805,-4.8602,-0.4852,-1.6766,2.2627,-0.311,-0.6453,1.2675,0.51808,-2.0736,-0.44748,1.8464,1.6505,1.6885,-1.7811,0.61739,-1.336,0.18578,0.19413,0.073461,0.093293,0.023072,-0.01718,9.9704e-15,-3.7242e-15
-263.46,37.411,-52.215,40.024,-25.755,-5.5613,5.3145,12.709,-16.475,-1.8528,-1.6689,-1.9746,-6.387,1.6908,14.137,14.399,11.666,-2.9802,-2.6786,-9.2691,3.6752,-2.8166,-7.0754,1.9121,1.3323,-7.1509,-5.2843,-1.6,3.6594,-2.538,3.8839,0.72214,2.9017,3.54,-4.3071,-1.1485,-2.1407,1.8191,0.12733,-1.9246,3.1021,0.64724,-0.62854,4.27,0.57631,-0.13147,0.61156,0.17175,0.14367,-0.02229,0.10591,0.038952,-0.016426,-1.009e-14,7.2476e-15
-288.77,-1.9046,-29.953,53.914,-18.88,-16.857,-11.866,5.584,-3.0224,1.4588,-2.0383,-4.9797,-2.1353,-3.8896,6.5498,-9.343,-6.4073,4.3847,-4.3016,-0.42289,-3.3868,-5.4944,-2.4996,-0.019864,-1.1411,-2.4058,2.7517,-2.0882,1.6119,1.0894,4.0673,-1.2332,-3.24,2.3091,-2.3768,1.4191,1.6583,0.73272,3.8186,0.47222,-1.9273,-3.1267,2.0361,-1.1374,-2.1622,1.7177,-0.03473,0.22086,-0.22685,0.10198,-0.0051201,-0.011609,-0.0086383,-4.8998e-15,-2.4935e-15
-244.49,36.181,-52.944,55.71,-24.143,-7.16,-7.4046,11.084,-0.77363,6.9068,-2.3929,-13.516,4.7372,2.166,6.0271,1.2547,-3.0311,-1.2149,6.6369,3.3413,-6.2956,-4.562,-3.3797,-0.10556,-2.9705,0.46335,5.1134,-3.9029,1.8998,-3.6577,-3.9052,-2.7153,-0.74248,-0.033314,2.6251,1.3882,1.7187,-0.94566,-0.70355,-1.3016,0.28134,-2.5505,-2.043,0.88537,-0.72171,0.081918,-0.08665,0.23035,0.17852,0.14219,-0.046533,-0.030729,0.0057242,2.8712e-15,2.2121e-15
-261.61,7.098,-65.527,57.26,-29.329,-28.813,15.091,-1.5072,-18.17,-7.2536,-13.416,-5.471,-1.7268,-6.261,18.757,16.165,8.343,-1.4961,3.0324,-5.4064,13.122,5.1618,-1.7088,3.6345,-1.069,1.8915,-1.9276,-1.1158,1.2158,-3.9056,-0.69109,2.192,-2.709,-1.8201,-0.23844,3.9284,1.1337,-3.0106,2.1495,0.99586,1.897,1.3095,0.18272,1.5528,1.3275,0.84695,-0.094848,0.17682,0.092495,-0.12653,0.016813,-0.030002,0.011685,6.9243e-15,-2.2415e-15
-277.85,49.209,-38.047,45.881,-39.109,15.09,-15.006,-0.50841,-6.8937,-0.5437,3.9162,-4.1556,-7.1554,-1.2288,-2.5935,-1.4172,0.29301,-3.4303,5.2552,-2.7892,-6.1626,-11.623,-0.83158,1.5236,-3.436,-4.3745,3.9617,-3.2005,2.1575,-1.6252,-1.489,-0.44781,-0.98566,1.2014,1.619,-3.3403,-1.5446,0.53002,-0.90246,-1.1794,-0.047465,0.049355,-0.61987,1.1039,-0.42214,0.049181,0.44857,0.22727,0.19395,-0.15103,-0.059628,0.017567,-0.0010916,-2.0694e-14,8.3078e-15
-301.15,28.014,-54.623,50.647,-21.374,-40.554,-1.6021,9.209,-17.867,3.194,-1.2631,11.193,-1.3106,-8.8451,-6.4636,-6.0148,-6.7136,0.095796,1.7986,-0.61157,0.050075,2.2045,-4.249,-0.27479,-1.0906,-3.6774,-2.334,-2.5587,-2.512,0.18568,-2.7082,-0.85698,-1.253,0.031119,-1.2231,0.90315,-0.53292,-4.322,0.86674,0.22437,-0.20138,-1.5541,-1.7585,-0.065388,0.32688,0.89598,-0.21426,0.11256,0.31016,0.0084118,-0.038074,0.0064371,0.044036,3.8417e-15,-2.0599e-15
-264.76,4.0514,-54.527,37.238,-34.851,-45.296,33.667,-1.4561,-28.403,4.3226,-11.89,0.67832,-6.702,-13.467,5.1237,-9.1463,-7.5346,-9.022,-2.1521,2.1563,-0.79099,5.9276,-2.3406,2.8207,-1.1147,0.024372,-2.9676,2.4114,2.6054,-1.8259,-4.4478,6.8327,-0.5058,-4.2162,0.039966,-2.5993,-0.73088,9.2567,3.0491,-4.4381,3.1331,-0.19843,-1.3477,-0.25078,1.3311,-0.56868,0.99928,0.12138,0.16128,0.13232,-0.023963,-0.017904,0.045989,2.131e-14,3.2986e-17
-302.43,16.208,-44.489,32.501,-17.23,-7.3758,0.37006,9.5529,-6.0309,13.681,-17.538,-3.7876,0.16357,-10.649,-3.6656,-4.1929,-8.266,-1.5943,-2.39,7.9706,1.0547,1.2136,7.2639,-0.24787,-2.931,1.3847,-1.7037,0.73257,-3.9894,1.6308,3.148,-1.2461,-2.8329,2.7797,3.9181,1.8547,0.24087,1.2835,-0.14105,3.9021,3.605,-6.3598,1.6778,0.33898,-0.10677,1.2895,-0.34099,0.25216,-0.22995,-0.017267,-0.026919,-0.03448,0.0015372,2.0952e-14,-1.5248e-14
-260.02,25.477,-48.716,50.05,-29.504,21.763,-9.4408,-10.758,-10.902,-2.0796,3.7433,0.39758,-7.6089,11.182,-0.37249,9.876,2.3942,8.7096,-2.6364,4.1524,-8.1698,-0.38223,-9.2451,0.28717,6.1267,-0.33435,-3.4214,-1.1999,1.5104,-0.35144,-1.7713,-0.59171,4.067,-0.98403,0.51819,-1.5687,0.17211,-1.2804,-2.6602,-0.67704,-0.57888,0.66399,-0.56249,0.034944,-0.83481,-0.82325,-1.0824,0.18852,0.11702,-0.034962,-0.03402,0.011171,-0.029676,2.1284e-15,5.3203e-15
-278.64,-1.4804,-44.059,32.4,-51.169,-13.268,-29.1,9.2117,-8.2996,-5.9064,-17.278,-7.6624,-2.4451,-8.3995,-8.605,7.5107,-2.6074,-5.4404,-10.426,9.0696,-9.5243,-3.3869,7.3364,-9.5853,4.6223,-6.4215,-0.99678,1.8939,-1.4279,4.6133,2.2824,-1.4338,3.2611,1.0129,1.8552,-0.034175,-1.6151,0.6021,1.2715,2.3005,-1.7687,-1.3852,-0.23114,0.27734,1.2283,0.24795,-0.14055,0.071657,0.21908,0.019604,-0.037841,0.032761,0.02565,-1.2748e-14,2.1505e-16
-268.24,37.377,-65.321,57.97,-16.989,-21.356,5.7239,16.561,-14.93,0.27862,1.3155,-28.148,1.4284,5.9232,0.78546,16.371,16.227,4.4647,-6.9268,0.54211,-2.2686,4.587,-3.7203,0.87978,-2.6551,5.4293,-7.9981,4.8092,0.96831,-0.71404,2.6192,-3.8284,3.5158,-1.6576,-4.1573,-0.097446,1.5974,-2.7018,-0.17282,2.2446,1.0055,-5.9785,1.3621,-0.04019,1.2779,0.023754,-0.63951,0.085124,0.06712,-0.035484,0.01757,0.032936,0.025046,-1.2446e-14,6.616e-16
-275.6,47.058,-28.32,49.625,-32.959,31.845,-14.124,-2.3319,-17.821,-19.982,6.631,21.741,-0.61512,-13.668,-3.5114,0.13573,-6.8484,-2.4831,9.0363,0.37356,-3.1113,-7.4885,-0.54567,-1.6188,-3.1813,-3.5817,5.6882,-1.1617,4.4977,2.1043,8.3912,-2.108,-3.7955,5.1726,-4.6502,1.9541,1.4665,-0.17281,-1.0756,0.5216,1.535,-2.4681,-1.7974,1.2047,0.19054,-0.017951,-0.12295,-0.017513,0.014179,0.069688,-0.069533,0.035167,0.0084684,9.5162e-15,4.3696e-15
-280.96,16.971,-101.48,34.247,28.216,3.4959,7.8722,-3.3558,-10.771,12.996,-9.7339,-2.9162,-7.2818,-5.7148,14.877,-6.1888,-8.9593,-7.4762,-2.0303,1.5669,3.5701,8.8837,0.7606,4.9792,-2.0818,7.7503,3.1224,-1.2204,-0.41403,-1.6929,5.9205,5.753,-2.2708,2.7271,-4.0131,-2.182,-0.89183,0.08218,0.76917,-4.3518,0.61691,-0.9829,-2.3899,-1.2689,0.15409,0.48773,0.2088,-0.0072218,0.16004,-0.11903,0.017757,0.037107,0.058406,5.1094e-15,4.4154e-15
-290.3,2.0772,-44.492,52.19,-35.667,3.4802,-19.017,0.10749,-15.269,-13.736,-6.2589,9.8472,2.9727,2.4259,-6.9238,0.6165,7.3656,10.234,4.4777,0.043442,2.3019,-0.26885,-4.2442,0.71062,2.0825,-1.0091,-1.2318,-3.0076,3.7913,-0.46607,1.9982,-1.8555,1.5591,1.0047,-0.28372,0.37718,0.64923,1.5078,-0.58673,2.542,4.364,2.8891,-1.7396,-0.52139,1.5886,-1.0515,0.16467,0.07688,0.2052,0.08127,-0.04394,-0.021936,0.048123,5.1783e-15,-2.3128e-15
-269.37,21.273,-77.357,40.218,7.8209,-2.2996,7.2484,-7.939,-27.897,-15.909,-5.6131,3.438,-0.80486,-16.075,6.7537,17.65,8.7403,-5.1867,-1.1193,3.6507,3.0853,-3.9184,7.0119,-9.376,-5.2163,1.0953,-1.1442,3.9292,5.6805,1.8094,4.3748,8.1511,-2.5611,4.2365,-0.11982,0.1693,-2.3698,-4.8974,-0.90068,-0.24709,0.66443,1.0847,1.2548,-0.72924,0.80127,-2.3657,-0.64249,-0.011428,0.030649,0.16861,-0.0057363,0.024774,-0.0095132,9.2999e-15,6.3458e-15
-268.1,40.674,-49.996,25.878,-27.608,-22.531,40.688,5.4841,-22.064,22.562,-10.507,-20.458,2.1732,-10.501,3.873,15.519,-3.7086,9.0821,-3.7114,1.0748,-8.4611,-1.1748,0.16996,3.7251,1.4315,0.18932,5.249,5.4692,13.005,-1.8543,-0.99801,3.9082,0.062173,1.9061,-0.65692,0.31815,-1.4446,-1.0266,-1.4858,-4.3042,-1.4047,-1.4347,0.25205,-3.1314,-1.0745,-1.4844,-0.17505,-0.069533,-0.0013563,-0.060426,0.066049,0.011789,0.027744,-8.7252e-15,8.1398e-15
-290.8,-15.219,-44.876,62.938,-35.986,5.8388,-7.6044,10.037,-5.2096,0.35335,-9.5161,4.4419,6.1178,-10.298,-12.617,-6.7338,2.0109,-6.5352,4.9,2.6649,12.916,12.855,5.0344,-1.3092,-0.7437,0.051745,-5.38,-0.45329,2.1961,1.2906,-0.69261,-3.627,-1.6048,1.5315,3.5618,-2.211,-0.42704,2.7895,-0.20479,0.0084968,0.36561,-1.1248,0.080547,1.2049,-0.13546,0.50666,-0.65406,-0.041074,0.18733,-0.056507,0.038012,0.042191,0.020953,-3.0843e-14,-3.8879e-16
-204.83,28.549,-74.892,6.6316,5.8837,-22.772,30.891,0.80859,-38.25,-3.5922,0.34591,-9.6273,-5.6081,-2.6871,-2.8517,-6.6992,-16.571,1.6522,-10.127,22.586,-5.2529,3.5267,-3.7839,1.8889,7.1042,-4.2798,-1.7019,12.332,6.0479,0.7355,2.5437,-4.691,10.144,3.126,2.7582,-1.3814,0.089213,1.1754,1.4397,-1.5142,-0.62024,0.94649,-1.4512,-0.30463,-1.0805,-0.1309,-0.53585,-0.025331,0.039666,-0.05065,-0.0069036,0.0095111,0.0038375,8.9139e-15,-2.2335e-15
85.43,-26.911,-51.896,308.95,-57.14,23.801,10.235,-17.916,15.758,-6.969,3.808,7.5075,-18.722,28.844,29.883,0.89503,-1.0361,-12.389,-16.576,-5.9317,-9.9531,-4.8359,3.4289,1.0458,5.2395,-0.81032,-5.0282,-2.4305,-11.27,-3.3392,1.1185,-1.3646,3.9861,0.090327,0.43556,-1.3837,1.6952,2.6015,-4.117,0.79499,-0.90527,1.5921,-1.8354,0.2676,0.076403,1.0921,-0.19951,-0.14949,-0.019654,-0.042869,0.15491,-0.10772,0.011201,-3.7221e-15,1.2072e-15
194.19,-290.6,9.3279,68.275,-43.447,-15.536,2.7253,0.87257,14.867,16.272,14.351,-11.498,15.945,-6.4797,-9.1644,-2.8479,-5.4875,16.394,5.8907,3.6898,9.5128,-2.2102,5.1073,-4.6968,-3.051,-14.219,-1.3721,-2.6679,-1.5215,-7.7509,-5.1399,1.0563,1.4317,-0.39568,-4.3164,0.046695,14.079,-1.2523,7.4638,-2.5399,-0.080611,-3.8887,-4.4777,1.9009,0.3999,-3.9688,0.82873,0.0064119,-0.11247,-0.00010864,-0.13428,-0.043845,-0.015825,-2.315e-14,-2.8885e-15
67.982,-260.53,49.732,13.431,-21.658,-18.007,12.181,47.649,1.2132,-3.0457,34.355,-19.708,17.571,-13.515,-21.601,7.1248,21.796,-2.4906,15.031,4.863,-3.9549,8.766,-5.8108,16.356,5.8161,-1.612,1.7808,-3.3597,-1.5478,3.2038,-2.7359,0.25479,1.6605,4.1665,0.66987,-2.0229,-3.5635,-0.36573,-0.32214,-0.4738,-2.5347,0.47936,2.7128,0.79664,-0.87504,-0.014389,-0.57255,-0.12744,-0.18848,0.0021869,-0.0045643,-0.027497,-0.013854,1.5151e-14,-1.1036e-14
-28.559,-172.52,14.755,-79.291,-109.5,-24.378,-36.486,5.8744,-1.8944,10.282,10.454,12.686,6.8523,19.341,5.1857,3.9302,0.58716,7.289,-0.20273,6.9017,-7.9493,10.659,-6.5499,-2.5282,5.3475,-9.1042,2.1249,0.98251,-7.04,-3.6697,-5.3843,7.6095,7.0393,-3.932,2.0996,-0.26951,0.030945,-0.71785,-0.96628,1.0308,0.7653,-2.6091,0.74427,0.69334,0.50458,-0.9,0.57035,-0.36934,-0.20055,0.33285,0.037692,0.020943,-0.014249,7.1194e-15,-9.8427e-15
97.332,-230.02,43.064,155.32,29.214,-15.469,16.878,-8.4795,-2.7107,0.59322,-7.4095,3.1707,-0.31548,-3.7744,-12.992,13.066,-15.353,-0.0686,-2.2878,-8.6777,0.77606,9.5753,-2.6149,4.7904,3.422,-1.1479,7.9981,3.0669,0.81722,0.56899,-3.3456,2.6525,-0.29816,4.0615,0.90842,6.4185,0.22895,3.4983,-2.133,2.2548,-2.0517,0.13442,2.3889,0.39229,0.73627,2.4414,-1.0901,-0.12049,0.15693,-0.018982,-0.07568,-0.048338,-0.028378,-4.3493e-14,1.3123e-15
-10.204,-222.47,32.318,96.107,39.817,-30.254,-18.7,-21.171,-6.8695,4.3233,2.109,1.3653,10.482,20.448,-3.0866,-6.4931,-0.84632,0.46343,-1.0024,-6.2529,4.1217,0.96979,-8.2294,-9.6126,-2.1016,2.2304,-11.795,4.9551,1.347,-5.5136,-0.2502,0.51248,0.27255,0.35602,-1.9234,-3.224,-2.5179,-0.21144,0.59633,0.55677,-2.094,-1.1098,0.19329,2.221,-1.0498,0.80674,-1.9713,0.072186,0.17913,0.015923,-0.020762,-0.070261,-0.029441,1.8318e-15,7.6675e-15
144.48,-301.08,75.533,43.579,10.777,-20.794,-0.26579,17.296,-34.38,-7.2274,-66.401,17.916,17.566,22.332,-26.909,-11.1,10.903,-8.3932,6.2243,-16.974,5.6401,-7.0738,-1.3006,-3.1107,-10.061,-2.9702,2.2676,-0.66778,2.1351,5.562,1.8844,-1.0542,-3.103,-0.28036,-0.11291,0.85815,-1.9349,1.2213,1.9419,-2.2573,-2.3542,1.2675,0.84614,1.4585,-0.95245,-1.0731,-0.17046,-0.077136,0.10991,0.2151,0.0098535,-0.033897,-0.045474,-1.7391e-16,6.2119e-15
153.9,-303.17,46.495,149.25,67.63,23.161,3.7483,-24.059,13.601,28.212,-0.20854,9.2768,-5.1436,9.0032,12.362,-5.92,-4.4037,-8.1847,-0.092731,-5.4132,17.006,1.0384,-5.8594,1.171,0.93136,4.1452,12.941,22.256,-3.8073,9.9539,-0.90758,-1.073,-0.74032,-2.7035,4.1085,1.1459,-5.3956,-1.0735,0.11092,1.1927,-1.4514,-0.9463,-2.2602,1.1454,1.7781,-2.4917,1.7942,-0.23541,0.21765,0.30592,-0.1047,-0.01186,-0.020247,-3.6434e-15,4.9146e-16
211.16,-335.6,34.491,190.73,141.57,15.869,7.2413,97.695,-0.054181,6.3382,49.468,-29.987,13.505,6.7923,2.9063,-2.2557,37.297,-32.067,13.481,-1.2585,-9.5235,-6.1242,-8.3568,4.577,2.407,3.6899,0.57785,1.9143,3.0523,7.6094,-1.9989,0.43985,-1.489,-1.0297,3.9863,2.2952,5.4489,-0.80671,0.82746,-0.59804,2.8467,2.5581,-3.3989,-2.1183,-0.054769,0.75319,1.1557,0.014866,0.034231,-0.03558,-0.021725,0.031719,0.00034584,9.2678e-15,5.2169e-15
-3.5348,-243.79,56.043,-38.302,-2.6837,-15.856,-12.858,-6.472,-1.3136,5.9431,11.62,-3.5282,4.3792,-14.328,4.3054,6.4825,-6.9417,2.4866,0.30475,-6.0161,4.2239,-2.2503,-3.2233,-5.0426,-9.2921,-5.303,-5.0411,-6.2125,-4.1801,-3.7742,-5.364,2.4474,0.22354,0.23772,-0.12675,-4.2864,-2.0492,-0.45965,0.79222,1.7785,-1.0959,0.12398,1.7197,0.015517,0.71942,0.7529,-0.30011,-0.029258,-0.1872,-0.14808,0.068522,0.040079,-0.020486,1.6244e-14,-8.1294e-15
111.54,-195.94,22.478,53.605,-61.063,-20.344,-20.741,-12.685,9.9024,-5.6228,-22.971,3.5027,-10.465,-3.9713,4.7816,-12.617,11.703,4.1048,10.512,0.40737,1.2461,-2.8795,-4.6066,-5.2929,3.6456,0.33913,0.33336,0.72751,4.855,-1.4782,3.2062,4.4388,1.6772,-1.7148,-3.1449,-4.105,8.2557,-0.087121,-0.86278,4.2892,-3.0457,-3.0823,2.3004,0.010321,0.37655,-3.8095,-0.4875,-0.19092,-0.10844,0.049981,-0.00067168,0.062165,-0.015285,6.2926e-15,-8.4782e-15
35.524,-249.25,121.6,-7.26,-17.192,-14.082,-19.298,-18.188,-8.9634,-15.607,-56.239,-12.607,-25.494,-0.52541,8.5332,7.2735,20.195,-12.282,0.16829,-9.762,10.993,-14.628,-11.292,7.4529,-0.039523,-7.1008,3.0848,-0.50891,0.30456,3.0003,-1.0904,0.048554,0.85557,-0.026223,-0.079189,-0.64527,1.5452,1.0727,-2.4411,-0.048187,-1.0758,0.29107,1.2104,-2.2361,2.2232,3.4281,-0.078779,0.30706,-0.40347,0.19411,0.032148,0.070178,0.029477,-1.8668e-14,8.5386e-15
-76.54,-246.54,64.255,79.114,16.816,-13.946,-5.2418,-24.289,1.1782,21.284,-10.787,5.4666,-1.3035,-2.0778,-1.3722,-5.3318,-3.9814,-10.649,5.5189,-10.46,4.2276,-6.887,-8.2489,-2.6653,-2.9118,-4.9333,4.0577,8.7069,-5.4465,7.2833,-3.5541,0.044788,0.33159,-1.7722,2.0589,-0.868,-2.451,-0.28545,-1.861,1.5406,1.1886,0.81525,0.71797,-1.4138,0.58485,2.1615,0.44753,0.018452,0.040497,-0.20736,0.05126,0.020953,-0.023331,3.7944e-16,-5.4076e-15
-35.187,-167.13,82.764,110.01,68.526,-19.481,-15.386,-22.069,-4.4002,3.7322,2.1027,10.229,7.5334,10.883,17.664,-8.9046,2.7928,-4.2387,-4.2913,6.1269,10.417,-9.9811,-2.7243,-3.2558,-0.23017,0.80565,-7.3357,-4.2501,2.1115,-5.08,3.141,0.98099,-5.711,-5.0491,2.4833,0.7126,-4.4162,-0.95375,-1.7169,1.445,-2.2932,-0.24929,-3.1225,2.2421,1.6078,-0.85721,1.0274,-0.10034,-0.0045374,-0.057969,0.037643,0.035617,0.021048,2.6129e-14,-2.4196e-15
-32.94,-273.27,72.645,-7.2737,16.926,-32.248,42.082,-16.493,-25.233,4.5068,-10.497,-3.5425,-6.7068,-12.991,17.013,-11.27,-0.18216,-3.2654,-5.6633,8.6833,-0.017211,-1.2143,0.49141,-0.013244,-8.7145,4.1201,1.1127,1.7879,0.34014,-3.1602,0.55903,3.6969,-0.33929,-3.8667,1.554,1.1183,3.1962,6.1998,-4.3502,-0.19166,3.5999,-5.2891,1.2743,1.2164,-0.84602,1.1656,0.12128,-0.35418,-0.17878,0.10868,0.010259,0.048046,-0.0074581,-2.248e-15,-3.9864e-17
-33.805,-115.08,12.406,120.36,-38.105,-36.773,8.6541,-0.92772,12.892,0.70965,4.8103,-13.781,-2.0145,-1.3442,6.8337,-6.2999,-3.7355,-5.5495,-1.8411,-10.794,10.974,-4.6385,-6.039,-11.986,-3.5684,-12.597,3.5289,0.068019,6.372,2.8752,-0.64068,-4.0836,0.96575,0.07029,-5.1903,1.6529,-1.213,-0.41639,3.95,0.54101,-0.98479,-2.3399,-1.0494,-0.55916,0.29406,1.1605,-0.32776,0.090206,-0.11957,-0.17411,0.0071122,-0.033324,0.023579,1.1679e-14,-6.6127e-15
-49.32,-174.51,65.111,63.882,-0.058212,-19.015,-10.46,-19.633,14.384,8.6625,8.0604,6.8024,2.9042,14.688,17.225,-3.8041,11.877,-11.56,12.68,7.341,-7.2068,-3.4986,-3.6146,-2.52,6.0774,2.5453,-9.3942,-7.5347,-3.2089,-7.3283,1.6316,-1.4785,-1.5165,-0.34211,1.473,1.1695,-5.8466,1.4246,6.1536,0.78429,-3.407,0.51104,2.7845,-1.036,0.13216,1.3337,-0.68096,0.2339,-0.051777,0.082545,-0.013417,0.059766,0.012431,1.1934e-15,7.0206e-15
-103.89,-128.02,36.287,75.826,-10.637,-16.038,7.3864,1.3156,-29.818,-4.1743,-18.424,-18.68,2.2604,25.933,-10.906,-1.9009,-8.0172,2.244,-19.235,-8.9415,-8.2638,9.8985,-6.9286,1.532,9.0436,0.1646,-12.148,1.0217,3.903,-0.99951,-0.67128,6.5394,6.9073,-3.0276,0.55062,-1.4749,-5.6924,1.2613,3.741,2.0599,1.1826,3.5885,-5.7477,-1.0729,1.13,1.0991,-0.26783,-0.23426,-0.063089,-0.070476,0.018949,0.04837,-0.02386,2.5433e-15,3.3481e-16
-0.42021,-138.19,50.258,-3.0064,-1.1241,-20.524,-3.9439,4.2023,9.434,3.9928,-3.3103,-16.836,5.5868,1.7908,3.7117,-11.189,-11.336,3.0435,-1.9217,4.5783,7.2394,-12.31,-2.3974,-2.7657,-2.4403,-11.12,-3.7373,-8.2887,-0.7876,-2.6864,-4.0498,1.48,0.50698,0.77059,0.69904,-5.0394,-1.6373,0.70843,2.7808,0.53153,-0.74614,-0.47859,2.3769,-0.036264,0.21891,1.513,0.45202,0.0081562,0.09496,-0.2026,0.047482,-0.011915,-0.019025,-2.3459e-14,4.6191e-15
-26.301,-97.362,-17.242,101.85,68.987,-12.887,-7.1173,12.838,5.0864,-2.6366,22.153,-20.634,28.131,2.2656,-1.4868,-10.721,-0.71447,-17.775,0.033428,-8.6715,-4.5256,-4.5231,-1.3227,5.9933,-14.249,1.1002,-7.6122,1.3453,-3.4458,-6.7752,-5.4088,-0.25622,-1.8716,1.3701,-1.2075,-4.1767,6.7878,-2.3724,2.9017,-3.5923,-0.58959,-2.7069,-3.2415,-1.1015,-2.3565,0.44117,-0.3044,-0.15793,-0.1334,-0.055409,-0.0039003,0.079752,0.023725,1.3396e-14,-1.646e-15
39.299,-139.74,49.846,-52.488,-56.407,-31.871,0.8744,-18.13,-25.25,7.0565,-3.7385,-1.0517,-8.0472,13.997,13.125,-10.372,-6.227,-10.623,13.527,11.054,1.4104,-6.0337,-3.1828,-1.9903,-2.5616,-8.861,-0.80694,0.64657,-4.4819,3.3854,1.1669,-3.5071,-1.7396,0.49162,-1.453,0.41344,-2.4952,-3.3774,1.5276,0.47839,0.85259,1.4124,-0.16714,-0.8745,-0.0027898,-4.1523,0.37983,0.028562,-0.15776,0.080503,0.1582,0.04364,0.0021105,-2.5554e-14,2.0157e-15
-36.902,-189.82,84.189,-16.232,-18.052,-24.45,-24.125,-31.522,-4.0967,13.546,-1.9707,8.3451,-6.7958,3.0272,1.7462,-7.9851,16.922,7.8963,13.527,9.2011,-1.5213,0.062043,-0.054911,-5.3121,2.4496,-3.6957,-4.4022,-4.1628,-0.032519,-6.0991,-0.37295,-0.098452,-1.6642,1.7097,-1.5744,3.3274,-4.6706,-0.11113,4.6606,-1.1788,0.85998,0.76926,0.41012,-1.3021,-0.3489,-0.25905,0.59252,-0.15051,-0.0060995,0.056063,0.018142,0.022839,-0.025653,1.0351e-14,-1.2271e-15
-31.924,-202.51,0.24003,123.74,51.544,-13.391,0.66834,-29.512,-1.3782,4.7353,-12.139,2.6164,-2.1608,5.6246,9.8714,1.9521,-0.68298,5.319,5.7359,7.4121,-5.3166,5.4586,9.7235,7.013,4.8474,4.5887,2.7334,-3.1049,-2.592,1.1594,-3.7191,2.1775,-0.68338,-1.8143,2.0277,2.1809,0.90644,0.038861,-3.4053,-4.3574,0.50425,3.2661,1.4483,-0.26444,-0.30703,1.0154,-0.81636,-0.10477,-0.21693,0.14398,-0.088855,0.09025,-0.012534,1.9695e-14,-1.9034e-15
104.32,-109.69,129.12,-83.616,-22.184,14.886,2.6188,8.0183,-0.43887,-2.0835,3.3553,-40.525,-2.6273,-14.939,8.4351,8.8764,19.848,-5.2395,-0.15543,-9.4186,1.2811,-2.902,1.2193,10.59,6.7292,2.8441,0.29543,-3.4959,3.5915,0.063006,-0.14504,-0.7086,0.068407,-1.1755,2.7116,3.6103,-2.3057,-1.1468,-0.12044,-0.4659,-5.0495,0.078288,-2.7506,1.5728,-1.1105,-0.76063,0.53687,-0.020623,0.058586,-0.24711,-0.079213,0.009545,0.0031849,-1.0012e-14,4.2008e-15
112.71,-182.51,88.682,-151.57,-23.563,-6.4746,7.7596,-9.1159,-11.285,-20.809,-4.6429,-16.322,-0.87209,1.6255,-0.84476,-10.556,10.714,16.748,-1.737,-1.6683,-0.37793,0.56498,8.0956,1.0288,-9.7869,4.0574,-4.7732,0.86227,1.5349,7.3262,-1.0154,3.1208,-8.0331,2.5039,-6.1731,2.9564,-0.6416,-2.4788,0.1049,-0.47326,1.6648,5.5989,0.24657,3.4561,-0.87482,0.89944,1.1314,-0.05741,-0.026878,-0.11547,-0.018833,-0.023753,-0.0084881,-9.8504e-15,5.3418e-15
105.88,-2.4488,162.05,-98.839,5.3028,-33.943,1.3352,28.231,-5.4501,1.8353,8.7201,15.72,4.6842,-9.4723,12.56,-5.8781,-8.2521,-0.58286,-9.6455,-6.3221,1.0064,3.0151,-1.7904,-5.279,-0.50695,-5.3213,0.90084,-5.3696,-1.7993,-0.64408,-2.04,5.0818,1.3038,0.92578,-0.72715,0.70815,-3.2322,1.6774,-1.698,-1.5913,-0.60931,-1.7199,-2.5796,-0.28957,-2.358,0.46685,1.1301,0.10624,0.11543,-0.15223,-0.040161,0.01831,0.0053782,-9.2537e-15,1.6149e-15
68.691,-156.08,89.718,-81.662,19.376,-33.967,19.973,3.9341,-8.9838,-7.9907,-4.4989,4.5264,13.646,5.7102,15.075,18.688,10.895,9.734,-6.6883,-4.9234,0.14506,-3.3025,-1.0925,-6.8751,-8.7706,15.031,2.0125,-6.5143,-2.4836,-5.7805,4.3042,-0.19843,-0.17081,1.4402,2.256,6.2788,-2.2876,0.83381,-0.93803,2.5255,2.0228,-2.8838,0.65062,-1.6939,-0.033713,-1.2931,-0.02361,0.2,-0.18112,-0.10869,-0.093339,-0.037504,-0.025869,-1.7732e-14,6.9623e-15
-4.6869,-72.645,52.339,-51.029,-11.657,87.14,28.472,-7.2909,21.928,-17.222,14.604,13.143,-5.8327,-4.0279,9.5451,-10.288,8.6032,9.746,5.0369,-12.198,8.6164,-6.1117,6.0928,-8.8087,14.445,6.0907,-8.2681,0.81436,13.81,0.3887,7.7294,-3.3615,1.9081,2.3503,-2.2141,-0.025656,-0.99374,4.2415,4.3767,-2.2423,3.2564,-2.5673,0.30077,1.2885,-2.7993,0.12228,0.62601,-0.11061,-0.12031,-0.12104,-0.14631,-0.049244,-0.0034227,1.0055e-14,4.3723e-15
184.22,-116.35,80.752,-134.03,15.76,22.205,25.603,-3.2339,41.109,-4.201,-0.69565,3.3095,8.9062,27.377,9.1026,10.414,-11.825,-0.26621,5.8172,-3.3797,-1.8738,1.7032,-4.3909,-1.3449,2.5151,4.4728,9.9474,6.1478,-5.6731,3.6913,-6.2785,5.707,3.4488,12.254,-3.4763,-2.0355,-0.2984,0.095312,1.7639,2.8102,4.2309,-5.2121,-2.07,3.7432,0.59932,0.60445,-0.58862,0.080092,-0.057557,-0.037635,0.072877,0.027762,0.089323,-4.2839e-14,8.0449e-15
56.808,-105.45,135.8,-147.38,-61.794,9.9536,-4.5635,-13.037,-13.931,31.858,13.295,-29.721,-28.329,16.334,7.6511,-3.9687,-2.9267,2.7015,5.6432,-9.4049,-4.2172,-2.3151,8.7395,-9.6945,-0.32597,2.7491,-0.42162,1.2032,-7.5692,2.7034,2.779,4.3489,3.3268,-2.5,-3.3749,1.0622,4.6282,-3.8042,-3.375,0.31854,-0.24917,2.9793,2.5633,0.26353,-0.95365,1.2039,0.037802,-0.035528,-0.02946,-0.16526,0.044409,0.041025,0.016813,1.4057e-14,1.1791e-15
-22.84,23.847,75.299,-123.13,32.155,-9.5719,-5.0252,-16.734,-3.8432,1.782,-2.9323,-15.229,-11.716,2.3901,29.357,-13.847,0.73013,-9.5104,-10.193,-8.7863,-1.1081,-2.8223,7.5257,4.3575,10.11,-2.0718,-6.3657,-4.2796,0.27741,8.1702,0.40637,-1.2019,-0.39706,-1.622,0.84214,-0.84086,-1.9658,-3.1481,1.2624,-0.31634,0.95545,-1.3814,0.67233,0.94559,-1.4529,-0.12376,-3.3998,0.17851,-0.098927,-0.17843,-0.052285,0.01188,-0.0089061,-4.2899e-16,8.5564e-15
-29.506,-70.641,117.58,-80.774,-35.234,0.035916,4.5579,20.961,24.569,7.4927,1.1744,13.2,1.4236,14.039,19.423,-2.5816,-1.7121,-8.7728,-5.6344,-10.857,-5.7822,-2.5304,0.69229,-0.87259,2.1442,-6.7151,-3.2233,0.19107,-4.5987,-2.1528,4.9982,1.3027,0.39423,-1.885,1.3711,2.1354,-1.6476,-0.89629,-3.3892,1.9521,-0.90082,-1.1199,-1.4178,-2.3232,-3.1873,-0.42937,0.92244,0.12432,0.19714,0.1683,-0.1457,0.048056,0.03229,-1.1464e-14,1.084e-14
138.85,-113.27,54.216,-79.149,97.551,-13.824,-0.052024,-5.9673,14.969,-7.2038,6.0033,-18.742,-12.115,-6.5213,-1.1327,8.7831,-15.642,-10.48,-11.393,0.61808,-12.045,16.067,9.0437,-17.006,-3.3754,2.8146,15.403,0.12289,8.502,-11.038,1.1281,-5.067,2.224,-11.626,-7.4442,4.0822,-0.53518,5.993,2.5697,-2.2198,1.1438,1.3738,-2.886,-2.3015,-0.58878,0.60476,-0.22091,0.058599,-0.034805,0.0045934,-0.029556,0.10042,-0.015505,-1.1959e-14,1.0256e-14
26.998,-126.34,23.455,-114.14,-42.738,-31.441,5.0179,-14.332,11.23,11.717,7.1284,4.3166,5.9423,3.0017,14.489,-4.1911,-0.68381,0.58727,4.6969,-1.2645,-5.8335,4.5326,1.4042,-1.9609,3.4773,-1.8871,3.5651,12.279,2.0182,-0.41506,-2.3095,-0.38106,2.0369,-4.1649,3.1818,5.8727,-1.346,6.4237,-0.16424,-5.0047,-0.3333,1.1351,0.58386,2.3574,-1.7371,-0.78866,0.84484,0.027133,0.10776,-0.13349,0.092511,-0.044275,0.051061,1.4075e-14,-1.0435e-14
-8.0832,8.7904,31.17,-28.913,5.9688,-42.042,-15.821,13.256,-12.382,0.2993,17.303,-15.28,8.0334,-5.1671,16.639,-2.202,-21.859,2.5925,-2.753,-9.1518,9.6589,-5.5604,1.1859,-7.5116,9.4556,16.842,-0.2869,6.5993,9.9164,-1.1175,-6.0559,1.5659,-0.8775,-5.4772,2.7817,-5.1298,4.1392,4.0348,4.1853,8.4064,3.9129,8.8556,1.4749,-0.32217,-0.6842,-0.68342,0.32117,0.3219,-0.31509,0.051377,0.037079,-0.0385,0.028078,-6.2844e-15,-1.304e-14
-77.377,52.728,120.94,-18.815,3.3656,-36.012,23.485,-11,10.579,-3.3189,7.7207,7.0151,7.634,-7.2667,20.47,1.0257,-6.5893,-8.225,-6.5188,-17.005,0.61359,-8.5051,-1.0429,-3.6437,11.341,5.6063,-1.7846,-1.2254,0.87141,6.663,10.795,-4.9424,2.9049,-1.8375,3.8812,0.45421,-1.5588,-4.6467,0.92489,-0.30195,0.74451,-1.9427,2.0371,-1.2044,1.3125,-1.8366,-0.1603,-0.16219,-0.050885,0.26278,0.13334,-0.012588,0.055151,-7.0277e-15,5.5963e-15
38.415,-152.27,136.62,-113.06,-47.539,-29.892,-16.2,-11.863,4.5852,8.861,6.8064,2.264,17.686,-8.3507,2.3339,-2.5815,-6.2886,2.171,4.6062,-0.78769,1.5079,6.0444,1.4669,0.057257,4.1546,-7.3398,-0.60022,-2.2111,-1.8815,1.7949,-3.3699,1.6027,2.0216,2.0209,-1.0097,1.3331,1.7219,-1.1503,-4.4627,-0.82507,-0.27491,1.0384,1.0656,-2.2715,-0.66101,1.4944,-0.29152,-0.11406,0.09109,-0.05106,0.017246,-0.033026,0.013582,8.6661e-15,-3.5547e-15
66.913,21.262,63.352,-124.45,45.797,-40.046,30.112,7.2684,9.6888,6.0173,21.84,-13.625,-10.144,4.104,6.8907,3.0958,-2.5681,-5.672,-2.44,-6.337,-5.5186,0.96164,8.5256,11.073,-0.38111,3.5079,-3.4968,9.2551,-1.6566,-2.2821,6.0527,-1.5647,1.9957,5.4099,-2.7301,-6.0741,1.2903,4.0059,0.10586,1.4453,-4.6277,-3.2188,-1.941,-2.6127,-1.4247,-1.1685,0.55509,0.45911,0.25879,0.5511,0.2043,-0.058025,-0.14091,9.6002e-15,-1.0105e-15
15.006,-140.48,96.067,-85.09,21.368,-5.4017,-30.622,30.797,15.666,-42.596,-5.9805,-33.204,9.1594,-9.9775,-9.7709,18.491,12.588,-21.698,-1.7868,31.575,-5.2622,1.0849,18.578,-16.366,10.944,2.2576,5.2474,6.7022,-6.7801,-0.79607,-0.87601,-2.2125,2.494,-7.0273,-10.681,-2.0721,-5.7662,-2.2531,-1.2815,1.417,2.1363,0.8223,-0.75591,1.2451,0.91938,0.31713,-0.91957,-0.091894,0.023039,-0.043993,-0.036545,-0.072534,-0.027304,-7.5031e-15,8.3252e-15
100.47,-70.241,177.63,-138.5,-50.432,-25.444,23.97,-7.1531,17.227,2.5653,13.183,5.0944,21.071,17.07,-9.1484,1.9223,-4.5061,-1.7223,-5.6876,-7.2387,1.2196,7.0448,7.7699,1.3958,-12.195,-3.3302,-3.5725,1.2647,-0.72018,-2.5773,5.6146,-0.84464,1.1373,0.87325,3.6933,-0.33298,0.042851,-2.5634,-0.49137,-0.27128,0.77297,1.7982,-0.044625,0.76942,2.0344,0.51556,-0.68469,-0.032525,-0.032965,-0.11667,0.062971,-0.011167,-0.0039526,1.102e-14,-1.0218e-17
65.991,-24.339,72.415,-168.92,92.975,-26.78,3.0087,-4.956,-5.639,2.9644,22.185,17.251,5.1927,7.2939,5.29,16.57,0.90062,10.02,-0.12893,10.721,17.248,-14.398,3.9387,8.6927,6.6508,1.9282,-2.7018,4.5838,4.2876,-1.285,1.7311,5.9573,2.5492,0.80267,-4.7802,-0.014122,3.4318,2.2363,-3.9371,-1.9526,-0.036607,-3.6809,-0.82102,-0.70632,3.3073,2.0332,0.44905,-0.21948,0.052501,-0.028529,0.039749,0.038882,0.013046,1.3911e-14,2.0222e-15
-32.685,54.976,83.002,-33.169,-11.317,-29.943,31.962,-1.236,25.489,-19.809,6.9902,9.765,-11.644,21.958,1.0347,11.458,-8.8832,-4.0439,-12.231,-3.0999,-8.1966,-10.335,-4.4737,-2.5456,10.843,14.753,6.786,-6.6419,-2.3542,3.2372,-3.9271,-1.335,-14.554,5.8643,-0.90813,-0.96276,6.7124,3.2707,0.19004,2.1798,-1.9074,2.9873,-0.82744,-0.71755,3.8236,0.22964,0.55595,-0.02828,0.30127,-0.083189,-0.015703,0.0074054,-0.011638,2.5501e-14,-1.0638e-15
75.143,27.258,113.8,-79.249,-12.08,3.8683,39.489,1.245,26.888,-19.915,1.6735,7.5946,7.0006,11.33,16.439,-1.3838,-13.072,-4.6028,-3.739,-0.15123,-2.1372,2.0243,4.6617,5.3137,0.60592,-1.307,-4.5567,4.4193,0.39881,-1.3729,-4.6257,-4.0723,2.41,-2.9848,9.0394,-5.1648,-0.76545,0.18826,2.0773,-2.1872,0.59046,-0.53325,2.567,-0.29792,2.1648,0.8491,-0.16343,-0.030164,0.13622,0.039023,0.0017321,-0.013445,-0.0070586,1.9852e-15,6.4312e-15
85.81,-90.933,54.578,-158.24,78.592,-34.759,-26.799,-1.1282,23.91,-40.686,-28.5,4.1771,-6.0819,-9.6977,9.3883,-6.3942,0.073776,7.1302,-4.7947,-6.9822,-11.251,-3.6081,6.1518,15.33,3.2869,0.094848,-5.1132,4.6964,-1.8226,-6.6878,-0.74593,-0.93268,-0.10061,6.0416,-2.9302,-2.7205,-0.60344,-1.6111,1.4382,-0.73883,-0.28483,0.21719,-2.1002,2.0098,0.18237,1.9881,-0.020483,0.074114,0.14387,0.43889,-0.16676,-0.020015,0.01955,3.2254e-14,-3.6203e-15
560.58,38.483,-163.49,-61.633,-196.92,-19.143,-37.244,4.7183,-2.563,15.07,-3.2488,3.4736,-0.90302,-11.147,1.4845,16.376,3.1121,-9.4909,-1.3581,-11.578,-5.4086,-10.789,-2.848,4.1442,-6.4969,4.3703,10.135,13.082,-9.9459,2.7704,-0.3195,-0.14046,4.9455,-2.458,0.40335,-0.97747,2.5784,4.2755,1.9411,-2.9332,1.4511,-1.0354,3.6197,-3.3255,0.76514,-1.1303,-1.0062,-0.13093,0.025778,-0.14632,-0.092362,-0.040363,-0.026375,3.8641e-15,-2.9603e-16
305.74,81.937,-76.536,158,1.1414,-1.9796,26.559,-3.8254,21.499,-12.821,9.2059,-1.3517,12.799,4.4009,0.76793,14.9,-0.37213,16.502,8.6431,-9.8638,10.188,1.9435,10.134,1.0976,3.8526,-0.75073,-7.9775,-0.95206,-2.7266,4.8472,-6.7498,0.38867,2.8644,7.702,-4.1789,3.9409,-2.7026,2.8058,-2.3151,-4.0412,2.5007,1.329,2.8304,-3.9912,2.2098,0.081124,-1.1761,0.46651,-0.31146,0.13421,0.019316,0.040993,-0.0098891,2.6881e-16,-7.354e-15
208.93,113.84,-38.554,22.627,-108.14,-51.521,-7.6114,-12.871,-10.358,2.1482,2.9226,-20.194,-12.325,16.54,3.5672,10.184,9.3465,6.8293,9.0064,-5.2354,-3.4646,0.51479,15.405,-2.2374,11.4,-0.98474,-2.965,-5.2425,7.7351,-5.0123,-2.9876,-3.219,-0.31109,1.8303,3.1905,0.37853,-3.5393,1.3409,0.93494,-2.9301,-1.7941,-2.2052,-1.9851,-1.6222,3.2225,-0.32289,0.82645,-0.15229,-0.030606,-0.014407,-0.026629,-0.038678,0.036349,4.895e-15,1.7152e-16
334.91,-80.783,-22.389,100.1,-32.732,2.1534,35.616,2.5572,-0.096935,-12.356,27.012,-20.047,-12.063,-27.961,8.2104,-46.148,11.569,24.009,-22.244,11.576,11.033,-3.8485,-8.2341,-13.819,6.3254,-3.3906,12.684,-2.859,1.3441,3.4833,8.7813,-1.4299,6.1331,2.557,-0.31455,0.92236,2.312,-3.7135,-1.733,1.3255,-0.44463,2.4012,2.0385,-1.6365,0.082446,2.8863,0.79569,-0.32429,0.068613,0.19284,-0.025955,-0.0067806,0.0024873,-1.1139e-14,-7.7496e-15
352.07,5.826,68.716,-51.592,67.719,13.32,3.6579,-43.255,-57.059,-1.0206,8.0333,-9.6523,-50.136,-2.1304,-27.682,-0.31524,12.395,4.1462,23.873,-13.495,0.3873,-3.3323,6.1417,-6.6876,3.5342,4.6969,6.6057,3.8824,-5.1892,2.7345,1.1739,-5.7313,2.2362,-0.22814,3.4806,-1.8453,-0.16649,3.1904,2.8183,-2.1928,2.2695,-0.86488,-3.969,-0.33586,0.56794,0.52546,-0.48992,-0.13223,0.062699,-0.13222,0.01977,-0.069471,0.022761,2.2443e-14,1.1484e-15
501.1,72.069,62.827,-117.25,-100.29,43.997,2.8337,41.591,7.1295,-9.6414,-35.495,29.012,-1.1793,-28.283,-21.617,2.3351,-0.058031,-9.8252,5.7519,-25.616,6.8218,9.9656,-5.0538,-1.4194,2.8897,-0.44194,-7.1904,1.9176,5.7434,-5.7845,-1.1634,4.8273,1.333,0.54551,-1.215,0.16922,-1.8391,-2.0353,-4.1457,2.9407,-1.5244,-1.5287,-4.1313,-2.9636,-0.055548,-0.96941,-0.76924,0.052027,-0.01456,0.000647,0.04213,-0.016406,0.041794,7.9203e-15,-1.0819e-14
355.17,181.71,-51.552,-33.599,-53.377,-11.654,24.156,-30.474,-35.676,-15.15,-5.9965,-3.0931,87.13,49.28,-25.763,-30.145,22.634,-8.7523,-16.727,-4.3459,1.7069,-4.2524,21.937,-5.0113,-14.938,13.929,5.3354,-2.541,7.2894,4.0913,-0.79277,0.61046,-4.4644,-3.2293,0.20032,-1.152,0.22235,0.23859,-1.3951,-1.4354,-2.1292,-1.7089,0.42224,1.3352,0.87818,0.66595,-0.15437,-0.034079,0.027561,0.00064707,0.071328,-0.0054804,0.015052,-1.056e-14,-2.5956e-15
359.46,132.78,95.628,7.4508,-36.352,-2.1739,14.072,-13.626,0.32323,10.87,4.7708,12.39,7.4751,-20.123,-14.123,-18.705,17.844,-7.9384,20.438,17.084,-5.9058,0.33148,-4.8606,5.8588,0.92712,1.8588,-11.202,-5.6387,0.6866,4.1037,9.6521,-0.65423,2.117,-1.5182,-1.6925,2.7462,-1.2021,2.6152,1.0614,0.18068,2.5842,2.3727,0.6661,-0.39634,-1.2046,0.25915,-0.21366,0.032692,0.09116,0.029544,0.038053,-0.013053,0.040433,-3.1953e-14,1.0029e-14
604.49,109.94,-130.41,57.858,-71.004,5.6524,-45.745,11.561,29.499,25.625,7.8811,3.184,13.511,-21.166,-4.0006,-3.5477,-11.479,-1.9385,-15.452,-2.1814,2.9328,-14.415,7.056,8.9386,-1.5869,5.3353,-11.846,-5.639,6.6905,10.338,-3.4091,5.4804,2.3523,-4.805,-2.0557,1.3688,-3.2931,0.26586,-0.80343,-3.5885,6.1623,-2.2459,3.1442,-1.4509,-0.15425,-1.8477,-0.85353,-0.080254,0.18765,0.069311,-0.021248,0.05191,-0.043788,4.124e-15,-9.1263e-16
269.2,36.609,-41.337,-65.655,-7.6401,-20.683,-17.956,-7.7735,-10.359,10.138,19.64,4.1146,-15.975,-7.6544,-20.771,-5.75,-23.318,-11.781,1.9281,-7.3086,-8.0301,0.018577,5.0947,1.5638,-9.0897,0.28712,-1.6262,-8.4194,-6.1747,5.0132,2.1873,-0.97882,1.6415,1.3326,-1.1817,-0.80382,0.98526,-4.1026,0.7499,0.72884,0.033233,0.9716,0.30556,-0.38463,1.0488,-0.38801,1.8359,0.13229,-0.24335,-0.020978,-0.028554,-0.071902,0.035339,-1.385e-14,6.2946e-16
871.74,266.68,-86.349,127.15,-212.09,-29.545,14.919,-36.716,-3.3282,39.222,5.0257,17.326,1.0303,-0.9084,10.603,-0.37292,17.158,-10.595,6.7017,13.758,-25.105,7.854,14.669,-1.8218,3.5897,3.5979,-4.2886,-3.1593,0.56892,-7.17,0.87419,-0.92589,-0.2261,4.8043,-0.93715,-0.12218,-0.27488,-0.99313,3.2756,4.6516,0.29493,-1.6055,-3.7458,0.70939,1.1879,4.6685,1.1817,-0.051025,0.14351,0.10326,-0.10846,0.033846,-0.021443,-1.712e-15,-4.6786e-16
476.5,-11.978,-87.138,133.32,-60.546,-17.846,-8.4009,37.935,31.326,-59.135,-5.6213,-25.25,-10.84,-5.8897,5.9464,-8.348,-3.7018,27.107,-12.783,-1.1447,8.1464,-6.6761,4.6789,6.3406,-11.294,-0.33734,10.195,1.0303,-4.6295,-6.0914,3.8369,1.657,1.6668,1.4136,3.8989,-0.81948,-2.4322,-0.26503,0.93324,0.51872,-0.44233,0.16075,0.62335,-0.48875,1.5388,-1.0247,0.72059,-0.15766,0.046574,-0.026427,3.1522e-05,0.032047,-0.008351,-1.1066e-14,-1.1264e-14
739.43,52.005,-179.03,-22.843,35.191,-11.43,-106.67,-10.269,16.826,-33.126,-36.232,7.5578,-27.518,-4.0163,9.5954,-2.7093,18.857,-5.145,0.88396,-3.6674,-2.3314,6.1193,-9.2117,14.494,-8.6795,7.454,6.9751,6.7563,3.8996,5.3355,0.7306,0.091486,1.2928,0.15848,-0.76263,-1.4178,0.59007,-0.2283,5.4072,-2.293,-0.20611,0.7349,0.27883,1.7538,-1.545,1.2253,0.40576,-0.04603,0.11894,-0.083587,0.017649,0.036271,0.0085303,1.8444e-15,-2.6752e-16
372.97,-279.87,-18.175,129.82,57.715,9.4393,-9.1976,-45.957,7.3181,26.316,-12.592,17.66,11.436,5.2461,5.3707,-4.0081,-1.6069,-0.7992,18.259,12.665,-8.3021,9.9331,5.5195,0.43065,9.5738,1.5059,0.086172,-2.2104,0.17153,-2.6978,0.18052,-1.3564,-0.89518,1.5833,-0.53511,0.24871,5.8372,-3.2544,-1.6369,1.0701,-0.025214,2.0775,1.9864,1.6886,-0.70723,-6.6575,-0.70472,0.1634,0.035268,-0.040815,0.025819,-0.055115,0.016211,8.0166e-15,-2.945e-15
624.1,-31.583,75.466,29.589,99.737,31.822,17.832,102.3,-39.223,27.117,-24.789,65.995,-15.71,6.9215,13.406,1.0804,13.746,20.46,-6.8305,-1.5942,-8.1311,-2.9927,10.771,-13.787,3.7558,-6.2907,0.97847,-10.158,1.899,-3.1201,-0.8172,-0.58645,1.4857,-1.9478,-3.1926,-3.3386,3.5432,1.4989,-3.2787,-1.7634,-3.9843,1.5986,-0.14044,1.117,1.1363,0.10401,-1.033,0.20566,-0.089954,0.10063,0.041415,0.00072307,0.028462,2.9539e-16,2.4441e-15
737.31,-199.22,-33.393,-3.3995,56.2,56.159,23.379,7.0205,-19.849,-64.172,-50.612,-46.525,6.1182,5.2438,10.831,-8.1529,-35.753,13.051,11.853,14.189,-11.812,16.005,-7.4523,6.3686,13.466,-3.2795,-5.6531,-8.8009,-1.3923,-4.8864,2.6436,-0.10182,-4.6631,-1.6058,5.678,2.9697,2.7961,2.3109,-1.6351,-1.0986,1.2559,-4.3229,2.1621,-0.48655,-0.99944,-1.3415,-0.1031,0.084574,0.017112,-0.15825,0.047109,-0.022324,-0.0071012,-1.3493e-14,1.218e-14
633.53,118.24,-38.206,-19.821,-19.56,-20.621,-49.124,26.615,-35.108,6.2438,22.746,-0.87795,-19.534,35.68,-15.087,13.787,-29.703,-13.076,0.92703,23.101,36.759,-21.621,3.4278,14.585,-6.1446,-0.42216,-0.10689,-0.50392,4.0773,-5.8356,5.8666,0.51794,-0.83688,-2.7681,-1.5683,1.2144,-0.68136,-0.067583,0.062325,-0.47418,-2.3925,1.2763,-1.0383,-0.38196,1.2733,0.49295,-0.78318,0.16292,-0.15233,-0.026263,0.0046381,-0.014949,0.033779,1.2304e-15,5.3358e-15
540.15,109.55,74.642,108.84,-16.391,-16.226,9.1067,-7.3422,-1.4171,-0.83956,19.825,-4.8247,-11.825,-0.95684,-22.695,7.7659,-15.997,-0.11736,-29.832,-0.40507,-5.1529,9.5811,-17.891,6.2778,5.9631,-6.6068,-11.534,1.2571,-1.3284,11.032,5.2649,0.56355,-1.0002,-7.7647,-4.2252,-1.6116,1.0482,-0.23699,-3.3645,-2.149,2.1471,-1.5334,-0.96265,4.855,1.6799,-2.0559,0.37856,0.30162,-0.048304,-0.07588,0.023369,0.033414,0.0019431,2.6017e-14,-1.0452e-15
621.8,124.52,99.639,-76.505,-18.88,4.1497,6.4143,-26.206,-23.571,23.333,11.39,10.015,-6.335,-5.5811,-16.151,18.513,11.844,0.71921,-22.098,19.356,-9.6368,2.5286,-23.51,5.6506,10.268,-0.49346,0.080757,9.234,3.482,-9.1796,-1.6367,-4.7033,-12.216,4.3731,2.2312,2.3817,-3.0404,-4.1996,2.5361,-1.4592,-1.4322,-0.97133,2.291,0.3283,-1.3177,1.3584,-0.55177,0.10982,-0.072758,-0.026373,0.02487,0.02824,-0.002563,6.705e-15,1.2199e-14
413.22,84.021,-3.4236,61.23,-48.357,2.0356,12.864,7.721,25.535,-11.959,20.253,-3.8979,-3.1485,-5.5687,9.7757,-21.145,16.89,31.57,2.0869,14.915,7.3079,1.7067,-13.301,-15.264,-9.6115,4.3271,3.2106,14.098,-0.98438,0.14653,-6.0499,-0.30853,-8.7071,1.2999,0.2686,0.67386,-8.4168,-0.42673,0.30927,-0.36091,-1.2525,0.9828,-2.9316,-2.2736,-1.7067,-0.83932,-1.6772,0.43439,-0.15927,-0.042757,0.1069,-0.04394,0.016592,6.1434e-16,-1.8595e-14
513.81,-51.147,38.545,178.14,112.88,35.994,20.957,-28.149,-10.462,15.274,4.4372,10.096,9.5367,-37.936,-11.835,40.254,-16.81,-23.694,-9.8592,-16.144,0.24295,11.04,6.4856,-0.45193,-8.669,-0.21955,4.7662,-0.56718,0.67699,-6.3983,-2.3379,-5.4501,0.090416,2.9248,-1.3726,-1.8343,-4.3246,-1.3426,0.051733,3.7757,-1.0535,0.18426,3.6106,-0.33772,-1.3509,-1.4285,0.86862,-0.1716,0.010112,-0.10195,0.010584,0.0068494,0.026157,-1.2361e-14,9.416e-15
441.3,-142.37,-19.302,184.48,53.653,11.05,41.135,-12.597,-6.8312,-7.7646,22.098,-8.6414,5.2917,-17.346,-1.6468,7.3507,-17.894,6.7487,3.773,-12.426,9.412,1.648,7.8131,-6.102,1.3718,0.44486,-0.767,-8.1664,-1.384,1.3858,0.95063,1.9203,2.1123,3.6031,-0.2044,-1.1848,-1,-1.5165,-3.3221,-0.39019,2.2049,3.3953,1.4713,1.1189,-2.644,2.824,-1.0339,0.10609,0.211,0.10697,-0.0088794,0.026686,-0.012149,2.1719e-14,-2.0187e-15
-10.057,269.3,123.51,32.848,46.682,-9.4005,-27.004,-8.6476,-22.997,-6.8272,30.153,-26.456,-47.876,28.02,-13.283,-0.32069,-6.1966,4.5137,4.4169,-7.0214,1.5616,8.3272,11.482,-3.8864,-10.581,-2.4716,5.0563,-6.4253,-0.2099,5.3789,-2.7266,5.0478,0.056666,1.0226,4.3784,-0.51018,-1.7979,-0.36933,4.4522,2.7131,-0.62035,-5.054,1.7816,0.47355,-1.8438,-0.5074,-0.10547,-0.027857,-0.01949,0.11037,-0.065017,0.044992,-0.011153,-3.821e-15,4.5361e-15
29.468,227.23,197.18,59.71,-18.621,23.043,10.714,-9.0656,-1.061,-5.9132,-14.428,7.841,5.3921,-7.1046,12.87,3.2572,4.1054,-4.7404,-0.69424,6.0964,0.95954,-1.7475,-4.0879,1.7106,-3.6467,2.5117,1.8303,-1.7777,-5.8804,-2.2681,-2.6148,-0.34525,2.2824,-5.2712,-3.0766,-4.5508,1.3722,1.2842,-3.2558,1.3373,0.27044,-0.056138,-0.62452,-0.10374,0.5062,1.4064,-0.014426,0.13363,0.01609,0.061963,0.062337,-0.071525,0.016503,-1.6025e-14,2.5761e-15
-36.199,257.51,137.89,32.164,70.51,-48.917,-18.921,36.704,-16.991,9.3563,-4.4553,31.233,18.622,-4.4331,15.751,8.7614,-2.2682,2.225,-0.11892,2.5329,-1.6156,5.2268,-5.0651,-3.9376,0.096432,0.56205,2.7382,-2.529,1.3655,3.5703,0.17222,2.507,1.2936,0.50233,1.1492,-6.3721,2.0676,1.3741,7.9145,1.0643,-3.0285,-0.51166,3.6579,-1.3407,-3.0356,-0.46884,-0.11152,-0.01289,0.027564,-0.11674,0.013949,-0.033172,0.009021,1.1658e-15,-1.8154e-15
-82.119,165.15,62.814,77.638,40.091,-57.459,-33.963,-23.251,-2.6811,0.46641,5.6195,7.6486,-4.4864,1.611,-6.587,-4.7048,9.1361,10.072,8.1236,4.2038,-1.3309,9.9574,4.0627,1.3549,4.0395,0.21417,7.4577,0.87932,0.73824,1.8837,-1.5215,3.7268,2.1293,-2.5488,-0.29596,-3.663,2.2963,-1.5441,-1.8727,-1.6559,0.76538,0.074779,1.1362,-0.9846,-1.9446,2.6749,-0.61278,0.064991,0.061411,-0.049014,-0.04992,-0.030274,-0.015471,-3.3272e-14,5.8269e-15
-13.606,295.42,210.22,29.3,7.5214,-23.44,-0.69337,-20.723,-14.932,4.7777,1.2142,-6.4496,-14.533,12.96,0.30576,-4.8558,1.9534,2.8012,11.208,4.8597,-6.4632,0.6155,1.5847,-0.62665,-5.7052,-4.3491,0.4695,-1.3585,-4.2059,3.4012,-1.0746,0.27246,2.0008,1.9574,0.51646,-3.1251,3.0806,-0.91622,-4.8132,-1.3321,2.0934,0.97302,-3.5239,-0.47699,0.245,-1.6782,0.15045,0.38163,0.046921,-0.088981,-0.14119,-0.0067454,-0.012182,-9.0417e-15,1.037e-14
-30.399,252.77,211.92,40.205,43.198,50.632,-1.7339,-5.574,4.9874,23.231,-34.76,-23.437,14.849,-12.456,-5.5862,1.1121,3.5463,4.8806,-2.1094,14.14,4.3008,2.1427,6.1806,-1.8269,1.6473,-0.075761,2.8457,0.70415,-7.4763,1.9393,-2.3427,0.066176,1.5087,-6.0091,-2.8669,-3.3288,-3.0566,-0.34351,1.5729,-0.36294,3.214,-0.25722,0.96005,-1.0819,0.29197,-2.136,1.617,-0.18226,0.11669,-0.085281,0.091459,0.0071427,0.0069822,-2.0774e-15,-5.5129e-15
-80.381,240.04,143.02,62.541,7.4973,20.009,12.059,-0.40529,7.2388,4.2381,-5.0679,0.076034,19.54,-11.171,-1.081,5.5259,-4.6448,8.1017,-1.1211,5.2262,0.5171,-1.3967,-2.3854,4.4397,-4.364,1.3325,5.6791,-2.3971,-4.8725,-2.7715,-3.5102,-2.2884,2.161,2.1917,5.718,-3.808,0.3134,1.1304,0.75394,-1.3687,-0.15411,1.1339,0.30626,0.45433,-0.14544,-0.094725,-0.094308,0.13309,-0.13047,-0.083672,-0.06255,-0.0052419,-0.0030921,4.5522e-14,-1.2486e-14
-57.356,255.44,128.31,30.467,47.157,-1.2467,-29.484,4.1522,-3.5609,4.398,-1.0088,-3.3625,5.7528,-11.556,4.3986,0.47391,-2.2826,8.4738,2.4118,5.8587,-2.8434,2.2651,-3.7008,-5.8989,-10.253,-0.48128,3.0819,-1.0888,0.2957,0.46797,1.5629,-0.88108,1.4471,1.7358,-0.20644,-0.77655,-0.85956,0.63241,-3.0263,-1.3861,-0.3456,0.041522,-1.965,-2.0686,0.42535,0.068597,0.32315,-0.019312,0.13545,-0.063038,0.019686,-0.0068103,-0.025473,1.0164e-14,7.734e-16
-90.456,171.39,49.565,47.716,-1.2031,8.3611,-26.122,0.83883,0.51614,-20.024,14.727,10.874,6.6916,-14.403,23.634,-2.6621,-0.54789,1.4846,-3.9409,-1.7156,2.4622,-0.99949,-5.9541,-2.5272,-5.59,2.3041,-0.13856,-2.5915,0.74928,-1.326,-2.8287,0.95943,0.20318,-0.23833,1.1039,-2.5503,-0.97465,0.82143,-1.0299,0.25044,-3.5382,-0.52411,-0.99825,2.4633,-0.21527,-0.29488,0.74721,-0.14611,-0.041261,-0.11442,-0.078288,-0.038093,-0.0042434,-1.0433e-14,-1.4252e-15
-59.128,297.42,199.83,4.9547,10.395,-18.653,1.3184,-6.1918,-14.323,-4.789,-13.353,2.8225,4.6436,-13.996,2.9983,-0.61718,7.5031,5.2746,-0.3294,8.228,-3.3461,-5.2415,-5.8086,2.8064,-4.0418,3.2938,7.5418,-2.3622,7.8045,4.6554,0.11636,-2.5948,2.5764,1.5884,1.4527,-3.345,4.8387,-0.719,-3.1111,1.6884,0.86574,-1.3435,0.57443,-2.4992,0.41249,-0.81759,-1.2824,-0.19354,-0.079304,-0.069502,0.00093208,0.018152,-0.011719,-1.9177e-15,2.8244e-15
-45.857,195.8,102.46,28.715,60.563,8.2234,-31.965,12.245,-2.1491,-0.011417,-1.945,-23.427,-3.2518,9.2213,-5.954,-1.1734,1.3265,-2.3452,9.7853,2.9799,3.2823,6.5907,-4.9468,6.2497,-11.04,9.5274,0.70029,-1.5348,1.9793,-3.589,2.9874,-2.2082,-1.2567,1.1985,-1.441,9.1804,3.1691,4.6193,-3.2282,8.037,3.155,-2.0236,2.0245,0.5954,-1.4396,1.1361,0.52127,0.14502,0.082945,0.15796,0.10368,-0.0059747,0.021898,2.6818e-14,-2.0418e-14
-128.69,128.86,95.573,84.107,31.891,27.889,2.8953,-4.4625,17.507,-4.0862,-10.78,13.643,6.8671,-2.9601,3.0063,3.9873,-4.5022,-6.7272,-1.5591,1.7976,5.9338,4.5948,2.773,3.2275,-0.35613,-1.1721,-2.3467,2.0189,1.792,-0.22193,4.0742,6.3422,-0.80983,1.3346,-1.9675,2.565,-2.2081,0.60688,-1.4766,-0.75169,0.61736,1.9167,-2.4615,2.2709,-2.0862,0.11422,-0.78994,-0.026966,-0.019568,-0.079535,0.028779,-0.057311,-0.036219,1.1404e-16,-8.9183e-16
3.6993,265.18,217.64,27.456,96.337,-11.546,18.571,-24.727,32.926,-10.439,3.8472,26.653,3.7871,4.1194,-2.3135,-6.539,9.5442,6.9264,2.1544,3.4965,-4.7661,-1.7375,-0.6433,7.5189,-1.8422,-8.729,-2.0181,3.0501,7.973,8.0956,4.3015,-1.4482,3.0936,3.2338,1.1565,2.5635,1.2305,2.0917,3.5828,-0.7447,0.3101,-0.78835,1.7115,0.12548,0.88785,-1.5133,0.31111,0.11947,-0.069749,-0.04915,0.036878,0.067896,-0.026636,-5.2593e-15,6.8804e-16
-185.4,127.88,69.462,33.824,-23.362,55.111,5.3117,15.584,-2.9717,1.7047,-1.9019,-15.061,-7.1668,22.421,-8.6047,5.3497,11.824,8.2406,-14.433,-0.19569,-2.3416,14.318,-12.147,6.6929,4.3367,1.5049,-11.756,2.9343,-3.6267,4.8533,-2.1143,-4.2806,2.1683,-0.74674,-4.2211,0.3677,3.9849,3.0715,5.7578,0.95381,-3.327,-0.16574,0.37943,0.88817,0.11233,1.1902,-0.59993,-0.28451,-0.10774,-0.022455,-0.023044,-0.055639,0.0060673,9.0387e-15,-2.7247e-15
-97.787,230.63,94.786,53.857,28.85,36.153,-4.6029,-7.1557,20.282,22.485,-11.45,-16.646,-0.027508,10.613,-9.1117,-2.1672,-7.5123,2.158,0.80638,-8.3646,-8.4232,-0.83867,3.7606,4.4927,1.3773,-5.759,9.1302,-0.55581,0.5432,-1.6708,2.1161,9.7757,0.32768,6.6681,-1.3615,-0.56594,1.1722,-0.066538,4.6859,-0.4202,0.73585,2.4758,1.7735,-0.66533,-0.14878,0.26124,0.58187,-0.02645,0.038712,-0.021054,-0.013998,0.03778,0.017884,-6.1462e-15,5.7332e-15
-72.456,213.1,115.07,28.73,8.2731,58.324,17.605,-6.2349,8.5034,-8.3342,1.703,-1.8045,-4.8302,-5.5592,-0.49826,-3.0676,11.411,-8.3465,-8.9747,-1.1714,3.1457,-0.98774,4.1352,5.5286,2.2607,-8.9182,6.2347,-1.8106,4.5136,-3.0542,-8.1803,2.0087,0.016688,-10.233,-3.1175,4.5655,1.5599,-6.3833,2.7734,-0.96877,1.6154,-0.95877,-0.31538,3.2163,0.75699,0.82227,-0.97551,-0.074407,-0.048325,-0.018776,-0.031988,-0.0383,-0.020276,2.0806e-15,-1.1217e-16
-133.35,193.75,81.325,16.936,-0.659,3.1384,-14.337,3.7892,-3.0902,-3.5591,-9.0473,0.80395,5.5622,-14.835,18.655,4.4194,0.70529,-10.02,-7.5022,6.1378,1.7272,-5.1088,-2.0557,-6.036,-2.7302,2.5294,-0.093429,5.101,-1.1509,-1.1428,-0.71873,2.4795,1.077,1.0275,-4.1572,4.9516,2.0647,-0.22374,2.4562,0.37915,-3.9706,1.4844,2.1903,2.2579,-2.3782,0.26629,1.0078,0.029688,-0.17654,0.061149,-0.10142,-0.048981,8.9708e-05,2.0927e-15,3.1385e-16
-197.88,104.29,80.689,42.863,11.717,20.306,2.3903,14.703,21.888,-16.323,14.354,2.3888,-3.4494,7.5893,-11.368,-7.3321,12.051,-4.5842,10.089,-0.6515,-3.0997,5.0203,1.1377,9.6989,3.3305,-2.7233,1.2132,-0.28814,0.25705,-5.9535,4.0633,12.815,-0.8431,-5.4271,0.23691,1.5835,-1.6709,-0.85639,0.9675,3.2561,1.4351,1.0686,5.5909,-0.26789,3.1164,0.48485,0.10122,-0.0027031,0.13635,0.15368,-0.057733,-0.042537,0.0032288,-2.5691e-15,3.351e-15
-141.91,249.2,167.26,7.2464,13.238,15.919,14.571,-2.5441,13.801,1.3786,-2.6367,-2.1511,-2.4144,3.6,-1.7291,-1.0362,2.554,4.2476,-0.38368,-0.79513,5.687,5.6681,0.8119,4.0262,-6.1617,-3.7458,-4.5094,-1.2135,-3.4092,-3.5923,-3.6867,-0.94396,0.58854,1.679,2.6751,4.253,-2.4907,0.8216,-2.629,-2.8037,0.16811,2.0003,-2.316,-1.3413,2.2367,-2.3943,-0.1865,0.12904,0.089958,-0.01684,-0.075694,-0.038198,0.0091433,-1.5557e-14,6.1177e-15
-170.08,181.26,129.3,6.1716,5.9303,9.0639,6.4913,-0.42872,0.25847,-1.228,-2.6527,-8.8773,-18.073,29.367,-16.546,3.1731,-7.9607,2.1876,7.3909,0.98393,7.7701,-3.9827,4.6948,0.023941,5.1432,1.9607,2.6499,1.3535,-4.0468,2.9535,-2.0215,-1.7213,-4.2836,-2.4635,-4.0453,-0.33376,1.8175,0.6867,3.0337,-1.1225,-4.1284,0.32944,6.0819,-3.21,-0.64788,0.19424,-0.0020208,-0.2763,0.18054,-0.030805,0.034064,0.0099169,0.0088287,5.694e-15,3.9425e-15
-193.11,84.838,10.06,77.605,-19.016,-27.74,-9.4919,3.981,27.932,8.1101,-10.825,-3.1366,4.5568,5.0517,2.4526,1.1176,-3.1896,-3.5168,-1.4576,-8.0329,-4.5193,-7.0937,2.2398,3.5197,1.5653,-4.4303,1.5023,7.3774,4.6462,0.16007,-0.84218,-3.0041,1.3798,4.3929,-7.817,6.5371,2.2914,2.6601,-0.67117,0.074846,-4.156,1.0119,1.7987,2.0913,-0.16084,-0.23575,0.46268,-0.0027646,0.13085,-0.11974,0.030346,-0.0024218,0.012104,-2.7062e-15,-3.2014e-15
-81.52,244.6,147.29,-0.28069,26.309,-24.185,-1.656,-3.6954,4.4774,-21.895,-8.1381,6.0692,4.8358,-18.986,4.4567,8.3872,4.951,-6.8092,-7.9342,6.342,-1.4339,-2.0908,5.338,-10.091,-1.991,-2.7612,-4.7341,3.5932,-5.4803,4.7528,2.5802,2.4513,2.5172,0.32759,4.9742,4.3594,0.0070657,0.53249,1.4577,-0.54984,-1.6038,1.2438,-0.32227,0.062374,0.39528,-1.1348,-0.15104,-0.09027,0.019701,-0.026835,-0.068804,0.025319,-0.013354,-5.0358e-15,-9.8566e-16
-140.73,-19.733,-91.604,-8.9008,75.096,7.727,0.75749,5.0726,26.664,-14.487,2.3844,-3.2027,-6.6896,-1.5297,-22.559,-13.895,14.611,-18.002,5.3721,8.6954,-5.433,9.4063,2.8108,-3.6564,4.0605,-1.8257,-3.1648,3.3294,1.2436,-1.3455,2.8205,1.8502,-4.1618,5.0685,1.5438,-7.4335,0.48717,1.6602,-0.89233,-1.5669,1.3532,-0.53677,2.3266,2.163,1.2857,-0.65533,0.00038493,-0.01104,-0.29388,0.068203,0.045919,0.0004196,0.038098,-3.5116e-14,5.2806e-15
-81.31,3.0776,-143.78,-67.442,133.47,10.063,-1.8595,-14.854,-1.5716,11.086,1.6114,14.663,1.3127,-8.464,-14.621,-14.238,-4.5206,-10.112,-8.2195,11.628,9.326,-1.8567,6.5471,8.5528,7.282,-7.1283,4.232,-3.0818,-3.3297,3.3839,-5.395,-4.4072,-0.13589,-1.2654,-0.29432,2.1539,0.18655,6.0516,-0.65736,-1.5526,-0.44002,-1.8972,-0.8694,1.0142,1.5966,1.7478,1.9916,0.61939,-0.46176,0.020045,-0.065722,-0.026083,-0.043391,-1.1813e-14,-1.1469e-14
55.614,-89.593,-95.346,-89.479,26.514,4.8018,-40.66,-0.11392,32.341,7.8223,-11.434,-3.5872,-4.4966,5.2939,-26.767,13.679,-4.7804,-11.103,-3.7155,14.311,-2.6664,5.9765,-12.508,-25.881,-4.7645,-4.6929,-9.6723,-4.7115,1.6133,12.414,-0.034866,7.9398,3.2235,3.1721,3.934,0.62191,4.5314,0.42133,-1.5577,0.50491,-0.89484,1.1378,0.98163,-1.1463,-0.80785,1.9133,-1.2512,-0.03662,0.182,0.033715,0.037192,-0.051187,0.013436,1.1595e-14,6.4718e-15
-108.17,-50.567,-109.45,-62.042,48.926,-7.301,15.164,-5.9998,14.742,8.0572,10.794,17.476,-13.521,18.065,-5.7293,15.794,7.2194,4.1417,-7.7454,19.22,4.9859,-12.959,-14.886,-3.0659,-1.3488,14.748,-1.2302,-10.429,6.4701,2.006,-7.9873,1.849,3.726,-1.3813,0.17004,0.82857,-0.52318,0.47611,0.079828,-1.8737,1.0468,-0.90753,1.9201,0.96107,0.61996,0.1787,-0.32739,-0.16552,0.14914,0.0054972,0.016996,-0.012304,-0.015774,-1.5697e-14,1.1574e-14
-121.52,-55.19,-54.537,12.777,20.485,-8.0641,-0.155,-4.5643,20.219,1.6221,-6.7893,4.4987,5.6034,-6.6477,-20.713,1.9197,-7.5248,-0.3804,0.84576,4.1128,-0.54682,1.7508,-3.5523,-4.1694,-0.72769,3.6747,10.023,-16.249,0.89022,-0.04714,-3.323,-4.4675,2.0874,-3.0281,-7.3709,-0.23507,-3.5546,1.2225,0.0099427,0.92165,-0.41697,-0.31382,-0.52831,-0.038586,1.4997,0.70625,-0.22809,-0.15936,0.16026,0.38889,-0.10519,-0.020014,0.01761,3.3464e-14,-6.6299e-15
-161.23,19.744,-91.261,14.81,-13.242,-29.029,24.695,7.7495,9.3161,-27.12,3.1723,-2.6343,4.4354,1.6165,-0.084308,5.618,4.7034,-9.9835,11.969,2.5328,-8.8061,-3.434,2.6954,2.7238,-2.3291,-11.507,-1.318,7.2895,4.3172,-1.7095,-6.1919,-9.6907,0.77306,-3.1015,-6.2269,-2.6042,-3.3409,-0.4002,-3.2693,1.7668,-0.77924,0.55095,5.4897,-3.3224,0.39242,-0.44809,0.057747,0.12887,-0.10335,-0.078197,0.012506,0.027866,0.020751,1.3691e-14,-4.4841e-15
-99.395,-32.41,-144.25,-20.465,116.74,0.020016,-13.307,-14.17,7.0391,5.8413,15.59,13.976,-10.502,1.9015,14.853,-4.4418,-4.0512,-6.7112,-5.356,-0.66681,6.5447,17.72,2.2391,4.8664,-5.6514,5.3232,-3.6997,-5.5385,-6.1665,-1.6901,3.3383,-1.8023,-1.2792,0.81449,-0.024411,-1.1517,-0.23001,-1.8981,1.8273,-0.98525,-0.33899,1.0566,0.65757,-0.44254,-1.0779,0.088606,-3.0252,-0.14707,-0.030979,0.015667,-0.12111,-0.035424,0.011085,-2.3159e-14,1.26e-14
21.42,-120.51,-101.54,-85.431,66.387,-5.1042,52.846,-16.282,15.838,10.992,-16.292,12.577,-16.916,-11.629,0.012398,-16.407,-4.6052,-0.72154,-0.1642,10.458,-22.148,1.3196,7.9292,10.504,-13.438,-1.7416,-6.9224,10.682,9.3126,1.417,-5.1455,-1.0345,-1.0254,3.022,-3.4582,-1.3945,1.7312,-2.7632,-4.1459,3.6283,-1.5946,0.81352,-0.62932,-2.5047,-1.744,1.33,1.3992,-0.27303,-0.03809,-0.16432,0.02787,-0.0096226,0.015647,-2.3377e-14,7.1272e-15
-53.178,32.506,-143.36,25.759,10.177,-41.198,31.347,-6.7931,32.869,-14.066,9.0831,-5.9916,-9.8599,21.095,-11.715,28.898,14.77,20.993,-2.343,-8.7119,-5.4935,3.0245,-4.038,-2.8706,-3.3219,-9.7993,0.69003,0.71233,-6.3888,4.2588,2.3628,1.2738,-11.352,-8.2217,-5.411,-6.5733,-1.7541,2.2554,-2.3254,0.9296,-0.029183,-1.9239,-1.7901,-1.4557,-3.1723,-1.0871,-0.31387,-0.060358,0.028985,0.14759,0.024388,-0.0082328,0.055,-3.8204e-15,8.4959e-15
-73.34,-2.5031,-146.69,-11.494,9.5752,-18.927,32.03,-15.816,4.468,18.458,-8.0737,-5.7113,3.3682,-8.2494,0.42396,26.747,26.466,13.3,-1.8261,-4.2205,12.519,-5.2232,5.1095,7.3226,0.58652,-3.5767,-5.6183,-10.431,-0.95306,6.2199,4.1942,-0.12391,0.79153,-5.2592,2.2501,-1.0752,-0.71843,3.4088,-1.0595,2.0177,-0.74239,-2.0987,-3.1682,-2.7832,-5.6406,0.78333,3.1862,-0.25512,-0.033153,-0.10702,0.046533,-0.080836,-0.015862,-1.004e-14,-4.5225e-15
-10.413,-31.063,-104.74,-35.52,17.674,-37.736,28.068,-3.1699,18.118,-3.1728,-19.832,0.76925,-5.6001,-0.98645,-9.2573,-10.129,-9.398,-4.3931,-4.7692,11.671,-6.4912,-1.4117,-5.5667,4.4272,1.0349,5.0845,1.0074,-10.775,8.7478,5.6858,-3.8202,1.9017,3.1195,-1.4441,2.6228,3.0034,-1.3588,-4.0484,0.9624,-0.79035,-2.29,1.264,2.47,-2.48,-0.62497,-0.3937,2.857,0.10285,-0.1403,0.093232,-0.053095,-0.032691,0.018679,2.0856e-14,-1.8077e-16
33.071,-65.809,-105.47,-64.02,94.658,-13.542,34.637,68.417,-16.064,23.846,-6.7695,48.485,-22.778,16.371,6.2601,-14.245,4.0049,8.1101,-9.4168,0.6867,-2.2694,9.8749,6.6034,-2.6544,-6.6834,-7.0899,6.0449,2.2856,-7.1056,4.7432,-1.9199,-5.7835,-0.68577,0.81351,1.0835,1.3195,-4.1773,-1.2818,2.851,-0.72506,3.2138,-1.2264,2.5008,1.837,1.0044,0.36002,0.64858,-0.097686,0.085666,-0.21604,0.054438,0.035057,-0.019583,-1.1961e-15,-3.6268e-15
2.4285,-44.879,-76.253,3.0731,58.916,-3.5603,-23.173,8.9679,1.7866,-12.467,-15.029,-8.5357,-6.7853,-10.879,-5.3951,26.981,3.5039,-10.105,-10.335,17.936,10.528,-6.3656,16.948,-25.305,-0.22246,-2.5573,-14.425,11.607,-4.5827,2.1542,1.7323,5.2576,-4.5687,9.2806,9.3143,1.6888,2.6266,1.2574,-0.017506,-1.5394,-1.5582,0.53279,-1.0862,-0.83957,0.33707,-0.57344,0.621,-0.07139,-0.11106,0.0025445,-0.16307,0.0050762,-0.0015417,9.4679e-15,3.8203e-15
-14.367,-21.414,-57.888,-33.999,-30.869,-24.905,58.799,-3.5104,2.5658,-6.9793,-19.371,0.95929,-6.2338,3.4967,1.3844,7.2578,0.72845,-11.04,-0.52701,10.576,7.7875,3.913,-12.676,-3.8903,-0.21239,13.575,10.451,-13.564,-1.6677,-0.25103,-7.6404,1.6123,2.4752,3.1362,4.2596,-2.9639,0.012239,-2.3679,0.2381,2.7127,-0.057172,-1.8967,-1.7331,1.2043,-0.50544,0.10122,0.018593,-0.013007,0.097388,-0.070643,-0.029492,0.026594,-0.025769,-1.0829e-14,2.9967e-15
-92.299,-97.472,-25.927,-27.108,-3.8465,-24.906,21.688,-1.7517,28.513,-2.5269,8.347,12.621,-6.1806,4.0288,-7.0229,8.7387,-2.9785,1.0253,-0.01735,-7.8006,-5.1525,-4.2392,1.8011,2.8248,-9.1849,-7.8303,-0.91523,7.9382,7.8119,-6.9355,1.5775,-2.8793,1.1893,-7.2151,8.2511,1.5232,4.0717,-8.2628,0.4424,-0.62465,2.0205,-0.56932,0.54889,-1.0522,1.4304,1.394,-1.0131,0.013473,0.00069042,-0.062715,-0.10413,-0.059708,0.005472,2.1125e-14,4.4003e-15
-102.39,-43.771,-121.74,10.082,91.853,-21.103,11.942,-1.0117,24.77,4.5305,10.043,-6.3785,1.1169,-1.5823,-0.50935,-8.9527,0.60566,23.31,2.2682,2.5042,-2.6903,-8.5132,5.0824,-0.41744,-8.1745,-10.804,-4.7656,2.4915,2.8656,-2.1847,1.2145,-0.95166,0.5178,-0.038003,0.5454,-1.1109,-0.90564,0.34362,-0.3609,0.50781,-1.5731,0.033438,1.9181,0.4101,5.6645,0.93013,-0.7409,-0.024122,0.23767,-0.16585,0.040114,-0.025436,0.018325,-2.4311e-14,-9.191e-16
-82.392,-40.515,-88.599,-59.79,33.92,7.2672,34.899,-20.825,-30.628,-29.936,-3.0092,0.64922,13.489,16.611,-27.19,-8.0307,0.70153,1.2097,-15.233,-5.7446,-17.245,2.2643,-7.8016,2.9625,-8.9394,1.9353,-2.4917,4.3336,0.16967,4.2546,-4.258,-0.41443,9.7004,4.4531,-0.32937,-0.30002,-0.46609,-0.80121,0.28732,0.98326,0.24687,2.8681,-1.7246,-0.029421,-0.59033,-1.5424,-0.70996,-0.048141,-0.20059,0.16297,-0.091973,-0.031494,0.022201,3.7713e-14,2.5625e-15
-87.406,-17.549,-95.746,5.905,24.157,-15.451,31.688,-14.161,40.542,1.9331,-2.916,16.431,-5.5054,10.154,-16.515,21.027,13.494,13.81,10.093,-4.3997,-9.1725,-3.836,-5.9772,-4.2169,-6.8758,5.1419,8.1258,-2.3534,1.5311,-3.1935,10.786,4.1541,3.4194,-5.8189,7.6572,-0.5523,-0.78236,0.66795,3.3349,-0.1631,1.9009,1.857,-1.5721,-1.0419,0.40704,0.02513,-0.030402,0.24708,-0.22248,-0.14042,-0.052168,0.030904,-0.0028368,3.9319e-15,7.4976e-16
-31.96,-91.461,-106.65,-47.288,70.389,-9.2377,1.8983,-3.5746,-2.7163,1.1814,-33.209,-10.865,-20.566,-9.1804,-9.6699,-0.68632,7.1351,4.6124,0.2319,-3.1522,2.5569,-16.704,1.3243,8.6242,-3.5023,-2.8498,-6.5027,-3.0339,-3.9806,-7.0367,4.1399,-0.09451,-0.70859,0.35699,-2.3967,-3.2717,0.61654,-3.2519,1.0946,1.2338,1.8608,1.0893,1.4235,0.68075,0.050913,-0.8749,1.3468,0.040023,0.26306,-0.2883,0.037639,-0.064004,-0.05649,3.4686e-14,1.6768e-16
6.087,-95.487,-92.69,-40.659,28.885,-13.929,31.815,1.0855,15.648,8.7004,2.4732,17.021,-5.047,26.435,-3.8861,3.6619,-5.3956,-2.396,-5.2756,18.675,12.963,-19.569,3.1665,10.807,2.6102,0.83136,1.3211,-3.3723,-4.0359,0.17627,2.2104,0.8096,0.14356,2.3339,-3.0934,0.70987,-0.8286,0.17438,0.22473,1.4746,1.4139,0.33156,-2.4085,-2.7569,-4.633,-1.6378,-2.1,-0.18694,0.091944,-0.04634,-0.076737,0.013225,0.01401,9.6915e-15,5.7404e-15
