29.794,-88.061,108.83,71.47,26.829,-13.321,8.8161,-5.3205,-7.7644,-8.9501,2.9447,-0.99795,16.893,-2.7022,-6.0616,-4.523,2.5735,-3.5171,3.0451,5.0042,-5.6783,-1.9963,-1.0506,-1.6191,2.1794,-1.5176,-4.6454,0.19293,-4.5654,2.799,-2.2665,-1.2101,-3.6151,-0.0029303,-2.0918,0.62761,0.11649,-0.71132,-0.76471,0.93509,-0.24173,-0.40649,-0.67439,0.48073,-1.0714,0.015112,0.37301,0.087347,-0.23492,0.049381,-0.050959,0.07516,-0.0033136,-9.7072e-15,5.6093e-15
151.18,-35.717,22.228,-40.423,49.054,26.39,35.581,-8.2725,-7.9431,-14.556,5.7438,0.79306,-0.88123,-11.6,-0.84656,7.6497,-6.0656,2.8062,-7.1384,-5.7967,0.79212,-0.50353,-2.6775,0.13486,-2.7794,-6.6483,-7.0715,-1.9282,1.8424,0.58245,-0.070483,-1.3472,0.59982,-2.0983,-3.5418,4.0968,-0.35739,1.0619,-2.008,0.075075,0.85092,2.3579,1.9426,0.50052,-1.3254,-0.23465,-0.025606,0.00041715,0.046943,-0.071731,0.0095268,0.044821,0.0053039,-7.003e-15,-3.2773e-15
66.564,-87.629,41.188,45.126,61.837,22.272,43.547,25.085,6.5598,-6.8786,3.681,9.1028,24.133,5.0739,-0.67011,8.4964,1.3894,6.5785,-8.6439,5.7372,-1.0108,-8.7546,2.0208,-2.9841,-6.3651,-12.192,-0.50504,0.22396,-0.43599,-5.299,5.8025,-0.27245,1.5421,3.2725,-4.3597,-0.85466,0.51531,-1.598,-1.9637,-0.16208,-0.60315,0.053909,-1.1147,0.66916,-0.21265,-0.34955,-0.015565,-0.097119,-0.17787,0.090094,-0.0023823,-0.056456,-0.0013902,5.5583e-15,-1.5112e-15
53.981,-32.864,37.664,-1.4173,20.303,-16.975,-1.4954,-0.57523,-9.2302,8.0186,5.2236,1.3036,-14.563,-2.2153,2.5066,-2.5008,4.0013,-4.4403,-9.858,-2.0383,-7.9868,0.16172,7.9002,-2.1661,-2.9783,0.10488,3.6145,4.3331,2.4991,-1.8345,-1.4372,2.4382,1.833,2.3701,1.6177,-0.029205,-0.98464,-1.146,-1.3349,-0.19586,-0.16884,-0.21285,0.71256,-0.23375,-0.24256,-0.34171,0.32029,-0.096389,-0.27239,0.098691,-0.085391,0.00070452,0.0025245,1.0179e-14,4.0277e-15
57.215,-84.072,64.924,-4.6777,50.178,-18.432,-1.9854,-7.618,15.975,-12.65,8.6087,-6.9018,-4.904,-16.169,17.954,1.828,1.5105,-7.679,2.0456,-4.799,-4.3779,2.2052,0.37324,-0.046229,7.1475,-2.7219,-1.1663,-1.4783,0.45753,-3.0708,0.019383,2.7872,-0.63185,0.57472,-0.041922,-0.20198,0.41085,-1.7839,-2.4166,-0.46608,-1.3767,-0.3862,-0.17383,0.67484,0.20719,0.082809,0.24915,-0.47313,-0.16028,0.019654,-0.064107,-0.031769,0.0024149,2.8966e-15,-5.0131e-16
17.073,-26.212,69.897,-9.7771,39.141,-18.671,2.8675,12.882,5.5683,-7.0268,3.0662,1.2997,-11.686,2.5203,-14.642,4.3836,-2.6521,-2.6384,3.0956,-10.076,6.8547,-4.2246,1.3682,-0.42733,0.84589,-1.1987,-0.68047,0.048587,-3.3604,-4.3581,1.9438,-1.8663,0.45272,-0.9498,-0.64374,-0.50805,0.70077,-0.080003,-0.30208,-0.13677,-0.46151,0.71036,-0.10148,-0.27623,-0.025702,0.036454,0.00551,-0.39878,-0.27009,-0.11634,0.098759,0.026554,-0.00015297,-1.3199e-14,6.0813e-15
173.08,-22.602,84.944,-34.346,48.188,-12.652,38.748,5.3568,0.059484,14.582,-24.935,-4.0046,-19.917,-12.071,-16.678,7.1164,10.425,-9.0909,-2.7693,-0.18616,0.04275,5.4127,16.422,3.1183,1.99,-2.9001,-0.37615,-1.0846,-1.8816,1.1923,-2.1461,3.758,-2.2729,-4.7899,-0.43292,-0.12377,-0.72904,1.2661,-1.1238,-1.126,-0.74353,0.29172,-0.10793,0.024283,0.020695,-0.084295,-0.23779,-0.003154,-0.1246,0.025592,-0.023174,-0.0073137,0.0025486,5.2364e-15,7.1584e-16
-32.065,-88.461,51.261,9.0401,-23.038,-9.9056,13.245,-0.88758,5.4285,-7.5993,4.413,4.0761,6.8187,-3.4034,-4.7932,-4.8997,9.1208,2.3371,-0.33847,12.809,2.9747,-2.9439,12.624,4.2161,1.0143,1.3422,2.67,2.6277,2.3291,2.0774,-2.0462,0.9174,0.13293,0.92493,1.0117,-0.051358,0.26331,1.1833,-0.27539,-1.4088,-0.70143,-0.45764,0.42176,-0.021869,-0.023284,-0.061313,0.22594,-0.44407,-0.052199,-0.048303,0.017686,-0.033493,0.0058423,-3.3665e-15,1.2932e-14
-16.063,-52.875,81.882,12.271,-3.5662,-8.8937,22.545,-3.2352,0.2832,3.646,-11.828,0.021015,14.527,-9.7086,-2.0842,-3.2856,-4.0754,-6.3839,-0.75689,-10.796,-1.3873,5.4232,4.1186,-1.0593,-0.036833,1.1144,-0.33057,3.8167,-9.779,11.923,0.5003,-7.3156,-1.3199,-0.075338,-4.1587,0.44746,-1.6829,-3.1707,-0.32911,0.84902,-0.7273,-1.0832,-1.2062,-0.21495,0.13315,0.033655,0.20326,-0.20338,-0.072422,0.02918,-0.024368,-0.054066,-0.00021383,1.5119e-14,6.8963e-16
-15.916,-77.241,16.03,-23.383,-8.5718,6.115,14.164,1.6206,-4.4855,19.102,14.072,1.3466,-6.1079,-13.265,-12.403,-1.1707,-3.0369,-1.9287,7.4762,-2.5996,1.9948,3.4013,7.0974,0.59128,-1.7711,-0.97666,-2.4453,-0.92061,-1.5159,-0.061856,1.1356,-0.51279,-0.35317,0.63256,-2.3114,-0.76397,-0.77422,0.66894,-0.094504,0.23743,0.30069,0.54197,-0.53549,0.26357,-0.26838,-0.38984,-0.076022,0.15981,-0.067936,-0.17756,0.11583,0.051221,-0.0030225,1.6572e-16,1.0817e-14
38.997,-108.19,91.185,-0.57496,-33.769,5.1678,10.19,-3.1249,-4.833,2.2592,-1.038,10.477,19.081,-7.1963,6.1145,-2.1522,12.379,-4.1472,-0.33051,4.999,-3.407,-5.5493,2.3129,-2.3406,-2.0333,2.4097,-2.9405,-0.21747,-0.27027,-2.0761,-1.5455,0.88686,-2.2357,-0.95172,1.1399,-0.18709,0.43481,-0.080306,-0.98288,-1.0219,-0.16376,0.081924,0.18256,0.20238,0.029039,0.29121,0.32271,-0.12206,-0.14101,-0.11682,0.047616,-0.041415,0.0018904,1.4841e-14,8.1079e-15
52.109,-84.661,63.191,-21.255,-7.3394,6.0388,7.0117,6.9316,2.745,-9.5182,9.0192,-12.791,-13.438,-16.987,15.175,-2.2658,4.8601,2.2405,-2.1768,3.2055,-0.022142,8.2215,-4.2642,-0.38982,-0.96233,3.6275,-3.9893,-0.76209,-1.1922,-2.4389,-0.089143,0.30277,1.4672,-1.6292,-1.8065,-2.8256,-0.77466,-0.11186,8.8439,0.72093,-1.7946,0.97662,-0.60774,0.22611,-0.49303,-0.88447,0.49267,-0.42874,0.13165,0.019439,-0.0025625,0.04027,0.0046052,5.6197e-15,-1.502e-15
-25.862,-77.572,35.265,-19.527,-12.042,-8.6381,8.262,6.3774,15.574,4.852,-1.4968,4.9677,-6.793,0.54197,-17.934,7.7745,6.0872,2.7104,-3.3738,-9.3424,-1.7723,2.6114,1.2877,-0.56314,4.985,0.14385,-0.36503,0.46573,1.0293,-0.63532,2.139,-2.3448,1.284,-3.5329,1.5211,-1.2101,-0.14032,-2.217,0.91587,1.3248,0.48948,1.0974,-0.44349,0.4788,-0.15141,0.27304,-0.14633,-0.63261,-0.014419,0.068526,0.0089113,-0.0026894,-0.00088008,-8.9416e-15,-6.8296e-15
-23.755,-112.88,95.339,13.898,-32.581,-0.12719,5.7554,-11.166,-1.3749,7.9916,1.818,-1.7617,17.931,7.8696,2.2155,-4.3328,8.8333,0.45651,6.2139,8.6128,-1.8018,-5.43,-0.39356,-3.5856,-6.1654,0.15965,-0.73149,-0.62341,-0.17991,-1.1918,-0.13064,-0.22095,-3.5264,-1.3043,1.3444,1.0764,-1.256,0.28815,-0.24613,-0.028973,-0.025564,-0.24679,-0.13313,-0.089334,-0.38515,0.28209,0.29858,-0.43119,-0.050959,-0.098814,0.030532,0.015626,-0.00016932,-4.8068e-15,-9.0301e-15
32.745,-43.795,3.9728,-23.607,9.4928,17.184,31.311,-6.1774,-0.42921,-6.6093,-1.3389,-8.0404,-12.557,10.284,12.884,-3.7211,-1.0113,-4.4501,-3.4363,7.1108,1.7464,1.8428,7.1012,-2.3874,7.4955,-3.316,-5.9536,-3.6956,-1.9193,0.9075,1.3213,1.1744,0.89619,-1.1144,-1.477,2.0052,0.73235,1.9046,-0.86387,-1.2557,-0.89071,-1.4598,-0.30492,0.080942,-0.10829,0.12246,0.0060497,-0.20269,-0.090108,-0.10853,0.062965,-0.041932,0.0053083,-1.1905e-14,3.8829e-15
32.56,-89.989,-20.643,-54.44,-14.89,15.032,14.217,12.689,18.699,18.309,15.027,-4.498,-18.656,-8.7741,-9.7821,-8.0078,2.0177,1.4458,10.809,-3.5244,2.8515,1.7614,-3.993,-0.69571,0.27592,0.53065,-0.042425,-1.994,-0.20436,-1.4059,1.5036,-2.7324,-0.54101,2.8393,-0.28212,2.7258,0.88295,1.6083,0.54695,-0.84064,0.78191,-0.42198,0.12729,-0.64226,0.075037,-0.2164,-0.18627,-0.22675,-0.085353,-0.013071,-0.042298,-0.023817,0.0030768,7.9256e-15,-6.515e-15
98.585,-93.469,-2.2361,-57.296,-35.234,-10.058,1.4364,7.6594,3.8439,5.6936,1.081,6.5869,-17.192,-6.9407,-0.10182,-8.142,2.9002,6.0542,2.9131,-3.1535,1.512,1.3878,-0.056362,-1.0545,0.31075,1.6881,1.4134,0.69193,-0.025626,-1.1858,0.65785,-1.1756,0.83596,-0.94051,0.98561,-0.3052,-0.18334,-0.17907,-0.80246,0.26944,0.24977,0.79911,-0.033032,-0.36178,-0.31547,0.51761,-0.26723,-0.36287,-0.31955,-0.031874,0.1101,-0.021714,-0.0021246,-4.0061e-15,1.7084e-15
-4.9903,-87.754,19.349,-17.713,-47.377,-12.197,9.0586,-3.288,-14.702,-2.5061,9.5473,3.5722,-6.4321,-3.7273,-0.39529,-2.1352,-0.95241,-3.8458,-1.1784,-5.6088,0.35289,-0.93967,-0.71927,2.8262,-1.6301,-1.4423,2.1391,-2.3583,0.95581,-1.4204,1.2036,-1.0884,-0.56998,0.51632,0.3945,0.82472,-1.8646,-0.10315,-0.6568,0.24791,0.051654,0.079268,-0.62363,-0.27913,-0.027054,0.14946,0.053379,-0.27713,-0.056193,0.054082,-0.10096,-0.032988,0.0032028,-2.2148e-15,-2.8875e-15
-147.29,177.09,10.971,-11.074,24.597,-13.724,18.245,-3.7627,2.9746,-9.0849,-7.0654,-15.235,-0.14787,-0.62097,-7.896,-4.1607,-2.0285,-3.8846,-9.2969,-1.465,-4.484,-1.9289,-3.8465,-0.040285,-4.0639,0.24491,4.9119,-2.5531,1.9105,-2.738,4.025,-1.0406,-0.014048,-1.5395,-0.59746,0.15327,0.13234,-0.74137,0.54743,-0.91512,2.7039,-0.68004,-0.60254,-0.3249,-0.60808,-0.67346,0.47924,-0.056007,0.068507,-0.043501,-0.037838,0.047415,0.0010044,-9.6633e-15,9.3143e-15
-142.67,84.967,-26.413,-42.186,4.8423,-11.99,-11.074,-9.843,18.85,15.149,-4.1694,3.685,15.65,-15.257,2.1459,-11.696,-14.72,1.171,-0.51542,1.2829,-2.1004,0.2497,-0.35814,6.5423,-0.91982,1.5091,1.1293,-2.9173,-3.2605,1.1466,-0.44423,-0.91674,2.681,1.3554,-1.1403,-0.60178,2.9169,-0.037403,-0.48932,-0.95847,1.6856,-0.0069453,0.36451,-0.0081742,0.049476,-0.055368,0.29068,-0.11173,0.045956,0.01521,-0.041509,0.020099,-0.00012202,-5.8692e-15,-8.02e-15
-121.81,124.67,5.3466,-65.127,-17.278,-17.041,-10.49,-8.4134,-3.6376,19.537,-22.034,8.6016,3.6732,-5.9432,4.0821,7.3372,-11.486,-4.4087,-9.0498,6.3,6.0691,-5.7405,-2.5197,-0.29009,-5.3756,1.2501,-2.4004,4.3825,-1.1112,2.9429,-2.2254,-3.558,1.9167,1.0704,-1.6494,-2.3172,-0.96138,0.54003,-0.78364,-1.4357,1.4003,-1.2567,0.98558,-0.30498,-0.18891,-0.057461,-0.057962,-0.24859,-0.10932,-0.0030699,0.044921,-0.0033173,0.0053807,-8.1772e-15,7.152e-16
-146.14,28.34,2.5076,-41.592,-3.7554,-19.792,-1.4233,-14.285,-0.10351,16.009,-3.4755,-3.4277,-1.8763,3.7357,2.6271,-2.8247,-13.904,1.847,-0.52896,1.9279,0.068661,-3.8148,-4.2301,-1.2338,-4.0979,-6.2904,5.5653,1.6711,3.16,-2.7162,-1.8089,0.53703,-3.5735,-0.11701,1.7161,-0.60245,0.11124,0.39858,-0.0022161,-0.22557,0.41453,0.16553,-1.4264,0.10217,-0.3879,-0.088385,0.27716,0.055961,0.021455,-0.088497,0.020985,0.00050768,-0.0055584,-3.9458e-15,5.3214e-15
-58.956,-61.527,7.4534,34.657,-7.3125,19.149,-14.637,-7.4622,0.7229,3.1886,-4.484,-4.8013,-8.2012,5.9242,8.615,-16.094,5.8108,3.868,-4.1413,6.3318,-1.2695,-1.1304,7.7821,1.5593,-1.663,-1.3648,2.9505,0.58622,0.40769,-1.9684,2.1476,0.63461,0.29423,2.7174,-3.5998,-2.422,-1.5648,-1.4704,-1.1194,0.47874,1.8251,0.89763,0.55518,-0.82101,0.48706,0.30061,-0.34602,-0.28986,-0.050566,0.066727,-0.01445,0.053441,7.3906e-05,3.6626e-15,8.4927e-15
-151.53,23.815,-72.613,6.8978,-27.691,-28.545,-3.129,-20.22,-4.818,2.1405,1.0982,2.1097,-3.6454,6.0855,-5.849,-6.7921,7.725,0.32866,4.0229,-3.7103,0.99897,-1.0311,-0.79033,-1.1811,-2.9057,-0.22017,0.17987,0.11823,-0.525,-0.79993,-0.12325,-0.35229,-1.5308,-0.90372,-0.34884,2.83,1.3461,0.17406,0.61808,3.5772,1.5864,1.6524,1.0155,2.2175,1.6105,-0.72293,0.90807,-0.18785,-0.12511,-0.017522,-0.11307,-0.045649,0.00017769,-9.6161e-15,2.4317e-15
-154.15,111.86,-69.966,-16.064,-6.7274,0.23657,14.027,-11.877,-9.257,0.62324,-1.5472,0.52656,1.2087,13.902,14.107,5.953,4.8512,2.3717,1.7646,-1.3922,2.8108,-3.9022,-2.3633,-6.8542,0.86531,1.2105,-1.0758,1.4151,1.2557,-2.0996,-1.0479,-1.5704,0.44831,1.8638,1.0859,-0.31998,0.69283,-0.67115,-0.38344,-1.0328,-0.027911,3.0779,-2.6006,-0.1283,-0.055327,-0.14881,0.20443,0.0012545,0.1689,0.00857,-0.070088,-0.012461,0.00043834,1.3525e-15,-1.5558e-14
-155.7,84.159,-55.734,-45.594,-16.484,-11.143,-8.1448,-7.4701,-9.5252,0.88981,8.2805,3.5549,-5.7028,1.1227,-5.6089,-8.88,-2.5405,1.8961,0.78295,-3.1135,-2.8004,1.2104,-1.8872,8.3419,-3.044,-0.1913,-0.50539,-4.4676,-2.9834,-0.18362,1.9685,1.3518,-2.4636,0.48395,-1.506,2.2146,0.039492,0.31201,0.14781,-1.0672,0.35655,-1.1907,-0.5364,0.06356,-0.38092,-0.21388,0.49642,-0.28766,-0.070705,0.05216,-0.12424,0.028823,0.0057239,1.552e-14,-8.6957e-15
-140.93,53.241,-27.655,11.223,45.598,-37.914,-6.4765,-11.521,-13.778,-7.5275,-2.6176,-8.0509,-10.006,2.576,-2.3411,7.5135,5.677,14.517,2.8994,10.42,-0.53071,1.5448,11.551,3.7189,6.2303,1.2076,1.9891,4.3294,0.77,2.001,-2.4623,0.48027,2.846,3.0105,-1.2215,0.97256,1.1109,0.80378,0.096697,0.38672,-0.86533,1.9486,-2.3733,-0.30906,-0.74729,0.082303,0.0098512,0.021365,0.019349,0.061134,0.11516,-0.01523,-0.0019669,5.4409e-15,-4.5289e-15
-145.71,81.168,-4.6488,-35.649,12.334,-25.339,4.628,-11.163,-2.5784,-12.026,-0.49858,5.2447,4.6809,3.2399,-4.5467,-7.9023,3.8677,-6.3646,-1.856,-0.42704,-3.746,2.487,4.3068,-0.11411,-7.3779,1.0707,-0.57212,1.4627,-0.18558,-3.1239,-1.0721,0.26344,-0.33084,-0.2345,0.69119,1.1751,0.48536,0.30568,-0.60894,-0.9629,-0.57945,-0.074348,-0.028363,-0.68515,-0.0008538,0.10122,0.64473,-0.25577,0.094313,-0.054182,-0.072789,0.0004994,0.009048,1.2479e-15,-2.0214e-14
-164.44,130.43,-58.037,-36.287,19.827,-23.029,16.931,-13.795,-5.8818,-6.3319,-0.20073,-10.352,0.80317,6.9069,0.41907,0.82121,4.0066,0.068541,-3.7057,-3.9433,-0.61945,-3.307,0.40832,-0.64862,-2.2724,2.2049,-0.61034,2.0753,2.3903,-0.98438,5.8004,-0.05856,2.3404,-1.6646,-1.0223,1.2207,-0.72137,0.0080371,-0.63531,0.72213,1.0092,-0.36887,0.59543,-0.64476,-1.2697,-0.20913,-0.0062128,0.02574,-0.014061,-0.0066842,0.031546,0.031291,7.3257e-05,6.3846e-15,-7.4632e-15
-159.12,31.328,-75.239,-11.8,-4.7182,-30.617,-2.7452,-18.909,-1.7328,-12.764,-2.7113,6.5636,-4.0688,9.7985,-2.9674,2.5736,0.51074,2.2131,8.3206,1.6505,-6.4044,1.5504,3.685,-4.5362,-3.3999,-2.215,-1.8261,2.1524,-2.11,1.3727,-1.6347,-1.0666,-1.067,0.16948,0.47134,-0.42265,-0.46746,-1.7024,-0.23436,0.29099,-1.251,-0.79948,0.42028,0.10903,-1.0191,0.34963,-0.16918,-0.15918,0.066784,-0.04449,0.049965,0.05911,-0.0014092,5.5166e-16,-2.4035e-15
-141.15,66.174,-31.178,-12.547,12.32,-49.536,-9.7395,-9.1017,22.607,7.8351,-10.135,-13.192,-0.21611,-15.461,13.213,7.0016,4.8887,5.6581,-0.11813,4.5777,3.6531,-2.4144,-2.5703,0.18268,0.035245,2.7229,-1.1538,-3.328,-0.81221,3.0736,2.9047,3.7902,-3.3006,-0.67229,-0.85857,1.7624,-1.5542,-1.5643,-0.44207,0.19306,-0.0216,0.97607,-0.74624,0.18762,-0.12495,0.072418,-0.35722,-0.099477,0.070879,0.020015,0.037826,0.0068172,0.0044488,-7.2208e-15,1.5425e-14
-160.81,62.991,-48.933,0.52772,11.671,-23.352,-4.007,-10.064,-14.422,-5.3398,-0.59034,3.3986,-4.6569,4.177,0.62848,-2.2544,-1.3833,4.4552,2.2151,-1.9061,-5.3506,1.4256,-0.5466,-1.6446,-6.1531,-6.1717,-2.2919,6.864,1.2854,-0.61695,-5.2582,0.75876,-1.0335,-0.76307,2.4691,0.16818,2.5229,-1.597,0.91508,-0.10411,0.04612,0.34179,0.73256,-1.1012,-0.092123,0.29591,-0.30248,-0.09234,-0.03435,0.053014,-0.02399,-0.020889,0.0041251,5.2074e-15,2.0627e-14
-56.173,-84.093,43.609,79.106,1.0932,-51.258,-15.322,-24.234,44.759,15.194,-21.591,-17.852,9.23,-19.364,7.5068,2.7075,-18.287,-5.648,1.9399,10.524,6.3356,-1.3772,-3.4644,-1.3955,-0.47012,-4.0839,0.7656,-6.3311,1.8376,-5.4477,-1.4644,5.124,0.9587,0.12855,0.32109,1.7339,0.8371,-1.7329,-0.22994,1.372,0.030556,0.25939,0.10143,0.051848,0.0075448,0.47034,-0.49255,0.44278,-0.027462,-0.0057204,0.07981,0.04256,0.0038052,9.4251e-15,-8.9723e-15
-173.97,97.842,-35.766,-29.599,34.194,-0.36745,-3.6973,-11.81,-1.1113,6.1903,4.3398,-9.2905,5.1508,5.3185,-10.31,0.26185,-3.3975,-0.20503,7.1099,-6.9004,3.6513,2.8553,1.3656,-1.7626,0.91091,-0.11962,-2.6961,-1.5331,-0.73103,-2.5645,-1.1709,-0.8961,-1.7114,-0.15599,-2.4539,-1.7086,0.24799,4.7777,-0.9467,0.84015,0.5513,-1.0358,-0.097235,-1.4261,0.024691,-0.13619,-0.13259,0.10507,0.090585,-0.1518,0.095056,-0.018744,0.00016339,3.509e-15,3.3568e-15
-142.13,-0.40996,-64.421,-22.429,12.966,-30.275,-15.087,-23.379,52.371,-34.113,6.9089,-9.0937,-11.008,2.0866,12.28,-4.99,7.748,4.9704,6.1914,0.92403,3.0263,2.2455,0.032829,-2.8351,5.1111,-8.379,-3.7107,1.2828,-3.349,0.70036,-4.6285,1.3176,-3.2574,0.37208,-0.22743,-4.0257,-0.83369,-0.31376,-1.5303,-0.19975,6.1984,-0.22624,0.22423,0.085497,0.080011,-0.5206,0.093479,0.1974,0.032098,0.046753,0.033704,-0.078397,-0.0069167,-4.7197e-15,-9.5855e-15
-38.214,-107.22,-52.35,-15.649,2.2101,2.0544,6.1419,22.878,23.026,2.2361,15.365,-7.7329,-7.2393,20.25,11.54,9.5144,1.9981,-0.38816,-1.0971,3.7775,-4.0194,0.48675,-4.7928,-8.4991,2.1453,-2.2326,4.5703,2.7329,-3.0934,-0.086253,-0.32848,1.0683,0.64007,-0.8518,2.541,1.4371,2.297,1.1688,0.36953,0.59631,0.33587,-0.69779,0.28392,0.13766,-0.31969,0.35304,-0.13921,0.38091,-0.29043,0.067437,-0.031719,0.048348,-0.0042562,8.8173e-15,1.9548e-14
-27.482,6.4364,-19.225,-1.4531,52.353,-15.065,32.615,-12.58,2.0624,12.658,-21.952,3.3917,-3.3367,5.7655,-3.9466,7.8708,1.0648,1.3727,5.5778,-11.066,3.9659,3.6175,1.0346,-0.9349,-1.4048,3.8291,5.1282,-6.8237,-3.4444,-1.0038,2.7217,1.2915,-1.9054,0.68434,3.1266,-3.7494,-1.9289,-1.5388,-0.29125,-1.147,0.52561,0.92488,0.070223,0.69615,-0.54637,-0.10555,-0.064248,-0.34044,0.058942,-0.13694,0.15326,0.012901,-0.0070507,2.1619e-15,-9.6288e-15
-79.313,-146.85,-49.224,-5.8597,-31.715,35.863,41.906,-9.512,1.3896,-8.9193,-0.72374,-1.8197,-6.9261,2.6893,7.0828,5.3193,-5.0029,-0.045787,-0.030065,-2.8941,0.85037,0.83657,-0.069288,-0.60072,-0.64048,5.213,0.55878,-0.25511,-1.2761,-2.0721,-1.6415,-0.4652,-0.93407,-1.0402,0.26197,-2.627,-0.69427,0.61909,-1.5021,-1.4993,-0.40071,0.53031,0.045364,-0.29553,1.1097,-0.10567,0.30434,0.04432,0.0049668,-0.088044,-0.028647,-0.020178,0.0029805,7.1044e-15,1.0715e-15
17.018,-57.08,-51.319,-42.959,29.523,37.116,34.377,16.839,36.087,-13.42,-3.8958,2.6559,-6.0511,0.13492,7.1927,-1.4348,2.2969,4.3627,0.92647,-3.5798,-0.65016,-3.575,-5.5809,12.23,-3.4332,0.9448,-1.0296,-3.1665,-5.7564,-1.4532,-2.0395,1.016,0.21697,1.0525,0.050179,-0.92,1.7169,-0.78157,-0.35471,3.3654,-0.73575,-0.47695,-0.36517,-1.9552,-0.54683,-0.61318,0.04632,0.30626,-0.20962,-0.070871,0.14697,0.037695,-0.0046089,-2.1341e-14,8.0158e-16
-32.009,-25.52,5.7266,37.584,93.604,0.030626,2.7129,7.2385,-0.25187,-7.0441,7.1659,25.954,-0.33155,3.6906,2.9525,-9.0329,-1.2136,4.6704,-0.5103,-2.3518,7.7565,-4.9119,-1.4796,2.0077,-3.1048,0.96537,-1.4532,-3.561,-4.7234,0.15255,-0.43152,2.242,2.1857,1.3631,5.0726,-5.2922,-2.1198,0.049453,-0.89381,2.0242,-1.155,-0.73995,-0.67742,-0.1825,-0.43407,0.69963,-0.5887,-0.21555,0.32131,0.13947,-0.1541,0.068033,-0.0024125,-2.5046e-14,1.9181e-15
-32.187,-111.61,33.491,36.24,20.582,-0.55774,26.789,4.8165,5.4021,-9.6131,4.0707,6.9911,-5.7696,7.3094,-2.1102,0.83757,-5.3861,3.4553,-3.11,-8.0366,-0.65785,-9.6785,0.3424,-1.0866,-5.1626,-1.1951,7.9243,0.91638,-4.263,-3.1412,-0.95034,0.15273,-2.2327,0.6165,4.8448,-1.0576,-1.5049,2.9123,0.4634,0.021242,-0.99659,-0.066929,0.48254,-0.2339,-0.58044,0.1003,0.38132,-0.014777,0.0013752,-0.055549,-0.041559,0.025783,-0.0009201,1.4293e-14,1.0632e-14
14.818,-42.661,52.076,17.515,51.32,37.487,42.314,-1.1359,-5.0664,-0.30108,-10.256,0.3687,-5.2463,6.3319,11.726,15.756,-4.371,-3.6011,0.83276,-5.5498,0.77813,-1.1208,-2.811,-0.41481,-1.1311,2.4239,-6.9648,-3.4646,-2.1166,-0.26337,-3.0356,0.48435,-2.0723,-4.9971,-3.332,1.0968,1.0712,3.2496,-2.6422,0.77599,0.44342,-0.098868,-1.2079,1.3025,0.020588,0.53548,0.069845,0.34932,0.18174,0.012524,-0.11382,0.00024911,0.0030796,-9.9817e-15,9.3584e-15
2.1507,-36.863,63.884,41.164,126.41,-2.1396,16.915,8.0789,5.9374,11.246,-14.324,20.052,-10.92,0.3256,0.42853,-11.326,3.8424,3.6837,-1.9181,-13.888,-7.493,-9.0109,-2.1003,-0.027626,3.1445,0.35746,-0.48047,0.059657,2.2907,1.885,-3.5082,0.73589,-1.3357,2.9634,-0.55044,2.1591,1.2747,0.8204,1.8998,0.66406,0.59309,0.56012,-0.24069,-0.028369,0.19141,0.5252,-0.38952,-0.19605,0.22381,-0.05531,0.07628,0.056756,-0.0014105,-2.3419e-15,-1.0999e-14
-1.1096,-30.699,127.4,140.03,174.1,-35.052,19.899,-0.37365,2.9241,0.034408,2.9834,-12.315,10.942,-12.481,6.9,-5.3248,-4.668,-8.2146,-1.9653,-14.697,-1.0823,-2.0709,-1.2932,-1.9339,2.7202,1.925,0.17756,1.1505,3.9254,3.8379,-1.7245,-0.4227,0.32095,6.3531,0.3656,0.12645,3.3641,1.2855,1.2081,-0.72555,-0.32151,-1.1039,-0.63499,0.0095873,0.64155,0.074907,-0.19712,0.25075,0.092898,-0.18214,0.10195,-0.0010273,-0.0032086,-1.8495e-14,-5.1092e-15
21.939,48.772,29.315,-25.326,270.8,-29.6,35.275,-0.010666,-21.442,2.1703,15.832,-1.4276,1.6157,-5.9817,-0.69437,-4.594,-2.0202,3.7995,-3.4223,0.97696,1.3522,0.34696,-5.2621,2.351,3.6233,3.5128,2.7308,6.0176,3.3517,-3.8581,-4.279,-0.24967,0.13847,0.62582,-2.4107,1.376,-2.3134,-0.65328,0.29591,-0.46977,0.58284,-0.028729,-0.32807,-1.1193,0.71317,-0.72722,-0.11433,0.46536,0.0052819,0.044262,-0.038176,-0.0090548,3.2835e-05,-8.1787e-15,1.9389e-14
13.948,-1.2221,4.4487,-16.374,126.61,2.4359,45.874,-1.0862,-14.871,-13.597,-3.2725,11.981,2.5569,-0.023776,-4.436,-0.21206,-8.6083,11.667,0.22143,18.795,14.605,20.421,-2.5158,2.7979,-2.0787,0.2102,8.716,3.1868,-2.5134,-1.8904,-0.85694,1.9011,-1.8359,-7.4846,-2.025,3.392,-0.15188,-2.642,-0.78839,1.7282,-0.26381,-1.2962,-0.71376,0.72964,0.44795,0.69944,0.00022214,0.024107,0.20857,0.056983,0.013216,0.067164,0.0056865,-6.5795e-15,-2.2586e-15
73.34,-50.155,9.4225,22.768,119.24,3.1568,2.2878,-13.645,10.267,14.715,-14.351,-12.439,-9.9246,20.227,-0.78323,-8.6699,4.3555,7.678,-6.3531,0.51327,-10.289,3.5032,3.1875,-2.1524,1.31,5.5403,-5.5226,-3.6936,0.13974,1.5004,1.3572,-0.5638,0.47078,0.26406,0.28887,1.1549,-0.70705,0.2275,2.6153,-0.17872,1.875,-2.1207,-0.62175,1.1387,-0.55186,1.3375,-0.84302,0.21978,-0.0054041,0.1826,-0.017963,0.026518,-0.0026036,7.6526e-15,-4.6562e-15
104.95,-25.564,47.13,38.24,147.93,-23.951,34.169,-9.9819,-7.4667,-2.0539,-2.8274,4.1724,-2.7877,-5.8903,-1.2737,4.4325,6.734,3.9255,-1.7425,4.251,0.96757,-1.2851,0.636,3.4507,2.3672,3.9492,8.6027,2.9133,2.2336,-1.8275,-0.39736,-0.54451,0.81841,1.9415,0.43763,-3.237,-0.37085,1.3292,-0.58488,-0.5627,0.35631,-0.10461,0.38936,0.71575,-0.30579,0.0834,-0.0085029,-0.11047,0.083564,0.053799,-0.0063068,-0.027008,-0.0048805,1.1937e-14,4.3629e-15
39.527,-62.393,42.684,29.059,59.944,28.103,48.198,-0.501,-2.4985,-7.2833,1.7174,2.4443,-0.21315,-13.057,1.422,-3.4619,-4.2179,4.1877,-6.3631,-2.3444,-5.4277,0.657,0.7912,2.1295,-3.5444,2.1058,-4.3735,0.20786,-0.71878,-1.133,-0.71705,0.49665,0.86674,-1.4102,-0.22553,-1.053,-2.1664,1.5926,0.32464,-0.80109,2.1667,1.3179,0.57984,-0.8154,1.6576,0.47963,-0.75202,0.13291,0.21814,0.093707,-0.094923,-0.021178,0.0077597,8.0898e-15,-7.9561e-15
54.681,-33.396,-12.799,-70.246,-2.8901,11.865,19.172,-6.2451,1.4721,-4.8877,14.454,-3.1458,8.9928,0.5958,4.7253,-4.6755,-6.5161,-3.1529,-10.512,-3.146,-8.3629,0.90515,-1.676,-7.3408,-5.43,-1.0675,13.6,5.3508,-6.5941,11.951,-1.4615,1.3786,1.4322,-1.7179,0.62032,-0.29409,-1.5896,0.3765,0.8417,-0.71009,0.8776,0.91942,1.064,0.16515,0.17849,0.3279,0.020854,-0.24658,-0.1088,-0.073218,0.032494,-0.012776,-0.0036278,-7.7449e-15,-2.7563e-15
40.524,-60.24,-35.823,-26.349,6.3731,-0.34475,22.298,-21.752,0.45808,-15.917,7.4676,-7.4708,14.19,-0.077085,-9.9355,-10.198,1.7439,-1.2214,-0.88025,3.7206,3.687,2.383,-3.6548,0.27346,0.74743,3.0164,-2.1974,0.077806,-0.75952,-2.3229,-1.143,-1.0947,0.2994,0.56283,0.89173,-0.15723,-0.10449,1.2369,2.4109,-0.60618,0.30684,-1.2749,-0.16381,0.084018,-0.10836,0.90082,-0.5193,0.3155,-0.06076,-0.00066136,0.014389,0.027169,-0.00090507,-7.1193e-15,6.2377e-15
18.653,-29.893,-33.848,-59.952,7.2669,14.04,13.871,-7.281,0.20952,-10.65,9.2131,11.503,0.95503,-3.1503,8.8723,-6.1869,-0.0068906,0.25904,-0.90189,1.4492,-2.0455,-0.1498,-2.523,0.015508,0.8344,-1.4094,1.5437,-3.1697,7.2598,4.7802,0.33954,1.4621,-0.8721,-0.78951,0.83575,-2.3696,0.6239,-0.22436,0.21333,-0.34327,-0.14341,-1.3691,-0.86635,0.8907,0.43361,0.60491,-0.62328,-0.51835,0.22466,-0.079986,0.0041993,0.080651,-0.0024396,2.841e-14,2.215e-15
47.88,-67.896,-45.348,-8.5819,78.505,8.4616,27.494,-21.527,0.57342,-15.597,3.1373,15.362,2.2277,-3.2218,2.7498,-1.9381,3.6259,2.5347,0.379,6.5905,9.0816,4.8895,-7.1654,3.0908,12.349,6.0969,5.9651,5.5827,2.4315,-2.3164,-3.9597,-2.9429,3.5816,3.5794,-0.3142,0.81432,-0.79606,-0.48283,-0.071537,-0.9393,-0.28949,0.28777,1.3407,0.23733,-0.53499,-0.1501,0.34221,-0.033032,-0.15548,-0.077783,0.071614,0.054411,-0.0028284,4.3974e-15,-1.6888e-14
18.032,-75.034,5.095,-53.092,-28.184,41.839,28.768,11.601,-10.902,21.01,31.524,10.509,5.5476,-15.077,1.8407,-5.3305,-1.7335,-1.7081,5.3434,3.5169,4.8067,-0.72405,-3.0508,-0.74664,1.6066,2.3893,0.85561,-1.2,0.040111,-3.6709,1.3042,-1.2741,-1.552,0.92995,0.52354,0.59534,-0.84119,-0.82213,1.1485,-0.012728,1.833,0.84802,-0.15732,0.25104,-0.058301,0.052557,-0.36308,-0.48527,0.24172,-0.066066,0.020365,-0.37819,0.0021276,-5.2289e-15,7.2095e-15
-9.932,-93.272,-8.2238,18.911,-30.439,13.411,21.693,-7.6317,8.2377,-5.1625,-2.6091,11.754,-6.4809,-15.32,4.328,-5.1037,10.425,-3.0511,-3.9537,-3.6958,-0.28901,-0.43806,-2.8388,0.28138,4.9815,0.95685,-1.9253,1.0008,3.3523,4.0127,7.7152,3.7391,-0.17771,1.2438,1.7166,1.8683,1.0156,0.76501,-1.3346,2.4288,0.87866,-1.5793,-1.2009,-1.553,-0.3457,-0.51914,0.49841,0.2137,-0.10505,-0.001007,-0.042355,0.027552,-0.00076909,3.7469e-15,-4.4533e-15
-72.718,-102.46,-75.363,-6.4342,-44.289,4.213,11.688,-13.393,5.79,-16.82,8.0129,16.036,-16.567,-5.3513,10.011,-1.2376,0.6852,-1.0154,2.8759,-0.17746,-3.7679,1.4674,0.38874,0.005533,3.8643,-0.33579,-0.42768,-3.5252,1.869,4.0793,2.1147,0.02139,0.91062,0.23268,1.3104,3.2618,6.0258,1.4065,-0.91463,-0.82938,-0.56453,-0.18137,0.32905,0.1076,0.27074,0.36813,0.44701,-0.087573,-0.081207,-0.11245,-0.028304,0.0092697,0.0022461,-2.9999e-15,7.2884e-15
-80.653,-123.96,-68.566,9.5974,-47.208,-16.168,3.0217,-1.4377,-3.3196,14.335,-11.552,-2.2255,19.316,-14.914,0.70141,-0.62064,-10.029,-4.7821,-3.485,-2.1345,0.22642,0.44608,5.0529,4.1034,3.2451,-4.1466,0.70031,3.5251,-0.13894,1.3593,0.77767,3.3881,3.1843,-0.4866,-0.02901,-0.20303,0.94517,-1.6147,0.040415,-0.038097,-0.10197,0.11048,0.17149,0.32937,0.14266,-0.077579,0.082758,0.087906,0.13471,0.041874,-0.04555,0.0085096,-0.0053506,-4.6795e-15,8.2985e-15
-79.355,-122.68,-42.036,28.473,-43.321,-1.2886,-17.301,15.58,-9.0141,2.2807,-3.9819,-9.3047,4.8318,2.2511,6.2004,4.1495,-2.364,-8.0147,3.5172,-3.519,0.52785,8.3921,1.1081,1.177,1.8992,3.3978,-0.96251,-3.4856,5.8318,4.3935,-3.1726,-1.1167,0.72885,0.047095,1.029,0.59703,-4.1665,1.732,0.2607,-0.19688,1.0186,0.44209,-0.2001,-0.067773,-0.32915,-0.68708,0.15897,0.331,-0.023388,0.012538,-0.14192,-0.018119,-0.0016388,1.7146e-15,-2.9829e-15
-44.722,-156.48,-88.177,-9.281,-50.734,11.324,1.1168,11.935,-2.5764,1.5418,-11.869,-3.9704,4.0458,0.0060402,6.8852,-1.7624,-3.7221,0.99336,2.7716,-5.8745,1.4003,2.7003,1.7141,3.0409,0.087491,-0.87802,0.26293,0.12611,-0.99703,-2.6311,-0.6959,0.49225,0.92124,1.289,-0.88185,-0.74469,1.6062,-0.15778,-0.092267,-0.31706,-0.34658,0.45943,0.20933,0.12445,0.45548,0.14989,0.039992,0.13445,-0.0048207,0.025179,-0.033851,0.013391,-0.0026154,-6.8926e-15,9.9998e-15
-76.268,-144.2,-90.932,-16.713,-30.017,-22.596,6.9774,1.8735,-19.541,7.6783,-8.4309,-3.334,-4.6367,2.5427,0.88837,2.7812,-5.0545,-5.7409,0.282,3.4307,-0.45622,-4.2199,-3.6029,-2.119,-0.70824,0.88543,-2.4218,-0.7248,1.1252,-1.7819,-2.3579,-1.739,-0.16758,-0.45553,-0.68138,-0.30821,0.37038,0.35579,0.50118,-0.27663,-0.16935,0.036151,0.23228,0.1886,-0.24003,-0.04623,0.18324,0.17532,-0.015175,0.026294,-0.08679,0.044211,-0.0040207,-8.2498e-15,-8.1918e-15
-90.119,-94.979,-68.531,-12.931,-44.596,-34.696,4.9713,26.516,23.347,15.566,3.5677,-6.5065,13.588,2.6484,4.6588,3.4018,-9.6195,4.9259,-5.3609,1.7236,2.215,8.9021,1.3052,3.2685,4.1266,-0.098279,-5.21,1.3443,-1.8856,-5.3891,-1.0604,0.42515,-0.35002,1.5416,3.3967,2.3154,0.65736,-0.014823,0.48903,-0.92755,-0.34877,0.42611,0.46579,0.15781,0.28243,0.054981,0.13829,-0.079773,-0.016389,0.012719,0.042762,0.0027469,0.00031472,5.5107e-15,6.2401e-17
-76.981,-143.33,-89.865,3.1798,-39.316,-3.152,1.4826,6.9648,-13.264,3.4045,-12.473,-3.3253,-5.7244,0.7111,-2.6954,1.3193,-6.5038,-2.2781,-1.0947,6.1954,-1.9984,0.909,1.1985,-3.3803,1.0954,2.3375,-1.84,-1.0086,0.21657,-1.5209,1.2698,-1.1388,0.13294,0.63097,0.27599,-1.8397,-1.0907,0.41658,0.43088,-0.57632,0.087423,0.19429,0.23519,-0.6138,0.48187,-0.073094,0.01378,0.061232,-0.040801,0.034097,-0.045485,0.043755,-0.0019053,-6.4296e-16,3.2692e-15
-48.324,-135.61,-96.184,8.4519,-52.458,-18.966,-6.115,8.7426,-20.057,2.4486,-3.2944,8.8383,-0.75832,-5.5577,1.7815,-1.1435,4.6413,-3.9535,3.7004,-2.9705,-1.9835,-0.92975,2.0856,1.7615,-0.37523,-0.80653,1.1625,0.75417,5.1361,2.8181,-1.0144,0.92832,0.22575,-2.6387,0.69536,-1.4165,1.5094,-1.305,-0.30736,0.51768,0.40165,0.36522,-0.50485,-0.023361,0.0025507,0.21751,0.58833,0.2813,-0.027862,0.26663,0.22866,0.036761,0.046399,-1.6096e-14,1.5071e-15
-77.194,-149.44,-93.076,3.4366,-53.948,3.0809,29.793,7.3203,-9.382,6.0525,-6.6929,-10.145,4.4388,25.239,10.76,1.445,-2.4556,-3.9402,7.9095,1.9735,2.7125,-2.0462,-3.6853,-4.5541,-0.47948,1.2889,-1.5105,-0.01066,0.25146,-1.985,-1.1469,-0.37762,1.5466,1.5037,-2.6328,-0.04749,-1.7421,1.3646,-0.45959,-0.12368,-0.16694,0.73389,-0.21485,-0.26536,0.010106,-0.26685,-0.0013364,0.29103,0.037759,0.075683,-0.10065,-0.0026259,-0.0042053,9.8215e-16,-3.0814e-15
-60.457,-142.32,-83.374,27.156,-45.972,-4.6405,15.031,-5.0191,-6.7557,-1.1483,-11.094,-14.896,-2.1979,-9.7449,-10.071,5.6017,-1.744,4.2065,-6.3918,2.9028,0.619,-2.7731,-7.5254,-0.34675,0.50523,0.41248,4.0907,-5.3935,0.060079,-0.99635,1.7958,-1.8106,-1.7458,0.052131,-0.70863,-0.78009,-2.399,-0.9117,0.56329,-0.16141,-0.59455,-0.16842,-0.043952,0.10546,-0.24059,-0.58926,0.25999,-0.014761,-0.041582,0.081392,-0.07958,0.065598,-0.0023194,-2.3673e-15,-4.4232e-15
-35.8,-141.51,-29.211,6.2237,-65.324,-16.121,-6.6607,-2.3406,-15.363,4.5959,-8.1891,-1.7542,14.237,-1.3419,-2.7261,-2.8111,10.031,5.8648,3.3961,0.52844,-2.6685,-3.5905,0.81336,-0.20882,0.36775,2.0704,-1.3207,-1.6203,1.9833,1.0882,1.8702,-0.13058,0.21109,-0.39475,-0.7174,-0.42926,-1.2189,0.053182,-0.31796,0.49626,0.33838,-0.36759,-0.36174,-0.43597,-0.092332,0.022732,0.016778,-0.23931,-0.009848,0.08691,-0.046104,0.072858,-0.0049142,-7.7702e-15,-8.2013e-15
-64.43,-127.58,-79.279,21.12,-41.09,-3.3686,4.2245,19.58,10.335,-2.6451,-11.981,-6.8693,3.1084,-2.2409,-1.6383,1.2592,-1.5224,2.6916,4.959,-3.9327,3.2742,2.4354,2.72,-3.092,-2.6563,-6.4518,7.1399,2.3574,0.14172,-1.066,-0.87437,-0.21746,-3.5808,-0.64164,0.99461,0.2489,1.9759,1.6261,0.4914,0.49542,-1.0181,0.13187,0.3799,0.16101,0.1321,-0.066238,0.092485,0.26527,0.041801,0.049883,-0.13081,-0.006163,-0.0046097,1.4346e-15,-5.3373e-15
-67.415,-132.87,-84.266,13.829,-39.405,-1.3329,4.1499,6.6706,-7.337,-5.6697,-1.5258,-6.2337,5.6941,-4.715,-7.932,-4.6401,2.6059,3.5216,-3.7645,-2.8339,-0.45548,4.5682,-1.3289,-1.9689,-0.24687,-0.06888,-2.1228,0.81075,-1.0152,-1.7437,-0.97719,-0.12584,0.3694,-0.1163,0.25688,-0.6653,1.5452,0.51515,0.056288,-0.36609,-0.65958,-0.093287,0.86077,-0.56323,0.60119,-0.005371,0.18346,0.071255,-0.052557,5.6821e-05,-0.0278,0.026072,0.00029618,-4.5448e-15,2.0399e-15
-98.669,-61.667,-87.25,-22.126,-27.736,-19.135,-0.37978,0.72707,-23.908,-4.019,-3.0652,-8.1595,3.6384,-3.74,-4.0937,4.3815,-0.059245,12.626,2.9391,-0.09175,-5.2172,1.733,2.6675,5.3584,0.90615,1.8073,-1.8411,-0.2155,-0.019175,0.78996,-1.9435,-1.6051,1.4616,0.8048,-0.96403,-1.0156,0.089129,3.493,-0.52058,-0.26792,-0.48748,0.17988,1.1522,-0.16412,-0.63381,0.042837,0.041941,-0.18868,-0.022327,0.010517,0.094173,-0.012251,-0.0028517,-3.9107e-15,-8.2895e-15
-76.817,-89.505,-88.859,26.79,-55.083,-11.291,6.1144,-9.3429,-17.384,-1.6086,-3.7109,-18.238,6.5806,4.1237,-4.6445,5.6226,5.5013,8.3103,1.6871,-3.0443,0.63469,-3.9521,-0.4748,-2.4897,2.413,3.9071,1.7905,-6.3905,-4.0459,0.56309,0.90424,2.599,-0.72431,1.2673,-0.3489,1.0553,-2.3817,-0.41937,1.3354,-1.1039,-0.65347,-0.1922,1.2785,-0.80123,-0.2848,-0.32726,-0.20949,-0.41554,0.068802,0.057073,0.028456,0.033806,0.00039579,-2.6523e-15,8.8707e-16
-52.012,-116.64,-62.697,-9.2505,-39.074,-6.4238,-4.6189,10.816,-11.175,-0.39914,-8.4016,-13.465,-6.5957,-10.422,6.1543,-3.3988,6.4016,1.9643,-0.63507,-1.8623,-1.3156,6.1881,-0.91971,-0.57725,-1.1439,2.2385,-1.8682,2.7875,0.20116,-0.71759,-1.5039,-1.7924,1.6897,-0.29752,-0.18757,-1.5408,1.211,-0.23539,-0.68518,0.12631,-0.21369,0.045338,0.42703,-0.048393,0.25544,0.13153,0.079075,0.14903,-0.075193,0.025933,-0.0096551,-0.051922,-0.0027831,-4.4595e-15,3.7134e-15
-86.194,-127.38,-39.532,-12.39,-33.725,-5.3383,1.2295,11.849,-11.401,-5.5047,-0.96199,-7.5897,5.7134,0.49076,-7.1662,-2.9133,-2.0123,4.7929,1.5351,-3.3335,-1.9105,-1.6938,1.2957,4.4007,-0.38399,-2.636,-2.9499,0.75605,0.29401,-0.9817,2.3245,-0.57159,3.715,-0.1593,-2.0029,-2.02,1.2721,-1.7115,0.11145,0.43543,-0.15554,0.20337,-0.62097,-0.059083,0.514,-0.070834,-0.10617,-0.16264,0.037334,0.075234,-0.029549,0.026992,-0.0053237,8.6457e-16,-4.802e-15
-87.921,-90.749,-92.101,16.484,-6.2513,-28.311,-6.6687,14.592,6.4648,1.6862,-1.9631,-4.7976,8.7597,-2.8546,-11.521,0.54948,-7.0343,-1.8123,-4.8274,-2.7036,0.33922,1.7894,4.1031,2.4151,5.1141,1.4708,-3.8997,3.4742,3.359,0.3633,2.7282,1.085,-0.021009,-4.7654,2.1617,0.84783,0.9668,-0.60898,0.96277,-0.069647,-0.26068,-0.35099,-0.35114,0.26672,-0.09083,-0.23069,0.21713,0.32675,0.059897,0.021237,-0.11813,0.040575,-0.0046239,3.2353e-15,5.1515e-15
-172.58,169.08,87.997,-106.71,-12.536,-10.635,11.733,20.027,5.2068,-13.539,-5.7003,-20.98,2.3054,3.084,3.1868,5.6691,3.6641,4.7596,-4.8278,-1.9655,-0.36236,3.1671,2.2936,-2.6826,-3.1798,-0.22528,1.65,-1.682,1.8996,-1.4885,3.1984,-0.89562,0.98903,-2.0494,0.38708,0.19831,-0.37582,-0.54314,0.23977,-0.5116,-1.1084,-0.46867,-0.71537,-0.42388,0.75782,0.52003,-0.58177,-0.92549,0.062697,0.12184,0.017293,-0.045428,0.00094476,-5.6788e-15,-4.6254e-15
-31.826,67.294,204.74,172.22,-143.34,35.047,3.4362,-6.1444,-10.367,-1.689,-13.168,-21.669,-15.717,6.1984,-4.3816,-2.7146,-7.0239,3.8136,-5.6431,-2.5031,7.2219,4.9649,1.279,0.0021949,-1.7439,-4.7325,-5.0754,7.3312,0.54389,0.51664,-5.8312,1.6195,2.1438,1.1754,1.1588,-0.76772,2.546,-4.573,0.5933,0.15667,1.263,0.25074,0.4871,-0.04095,-0.72504,-0.17441,-0.37636,-0.44661,0.043812,0.05882,0.078308,-0.04235,-0.002949,2.4704e-15,-4.5419e-15
7.4601,168.41,138.18,238.86,-116.08,-17.161,2.8751,24.179,11.929,-8.9932,-11.736,9.5411,-30.545,0.42302,2.3105,3.4543,-15.478,-0.86784,15.541,16.305,-13.583,9.5284,-7.3156,-1.9599,3.8198,1.8658,3.7809,-2.4513,-0.85501,0.38105,0.89822,-1.4796,1.7504,1.4307,-0.11285,1.2788,-0.27717,3.908,-2.7588,-0.69239,0.0094054,0.79396,-0.074598,-0.9864,-0.33068,-0.12088,0.087443,-0.44725,0.20185,0.1069,-0.080241,-0.026446,0.00094084,-8.2019e-16,1.3665e-14
-5.0749,-30.616,174.33,125.25,-121.38,10.377,1.6926,-17.247,-9.7484,-5.6133,2.3501,-7.0922,-9.5488,-0.70302,-7.3327,0.11644,-1.6906,0.010235,-1.904,-2.7312,9.0935,2.2312,-2.3587,3.0594,-0.48271,-1.5622,0.015362,2.993,-0.33797,-0.48421,-3.261,-0.38109,-0.079349,0.043137,1.2336,-1.3513,1.5642,-0.64548,-0.72504,-0.16734,0.14774,-1.5638,0.42522,0.29546,-0.27826,-0.12875,0.14641,0.067877,0.046225,-0.062607,0.015067,-0.033479,-6.3329e-05,3.07e-15,-1.0648e-14
11.1,-29.624,129.04,81.508,-104.51,31.853,29.486,-30.512,19.962,-7.4859,-3.535,6.1978,-6.4788,-3.8942,-10.622,-2.2339,1.0135,11.147,1.3063,-2.9574,-2.4552,-0.79635,-2.5331,-2.801,-3.8345,0.23953,5.5121,-1.9089,0.2968,0.12962,4.4453,-0.60385,-0.94736,-1.0866,1.3954,1.122,-0.35556,-4.363,-0.73219,-0.95576,-0.29798,0.042749,1.0468,0.4759,0.035234,-0.75363,-0.089511,1.2744,0.22028,0.0072056,-0.094278,-0.0036734,0.0016766,3.3469e-15,3.4183e-17
-63.446,31.65,58.792,121.16,-86.733,-16.431,-10.223,14.207,3.4657,1.621,13.258,14.139,0.63452,12.118,-11.971,-3.9371,2.4795,2.122,-10.512,-3.6251,5.2812,-1.1523,4.0785,4.5774,-2.7307,-0.17002,0.92702,1.8569,-3.4645,-2.6857,-0.24159,-0.56326,1.7766,-1.1319,-0.30756,0.18837,1.0248,0.75296,0.14362,-0.24405,0.23858,1.7249,0.36486,0.092472,0.50568,0.56342,-0.50191,1.0693,0.14786,-0.010705,-0.051932,-0.01381,-1.518e-05,2.9086e-15,-6.4791e-16
-90.021,-7.1786,44.749,-19.338,-49.527,7.8072,-15.58,-21.423,0.46115,-8.3925,6.5362,7.1249,-12.122,-0.44866,-2.9548,-5.9153,-1.7936,4.884,-1.7966,-7.206,1.9329,-0.63959,1.093,-1.7482,-3.095,2.7284,-1.1538,1.1275,1.8058,0.34462,2.6858,1.1615,-2.8369,-0.36737,-0.95542,-1.7172,-1.4392,-0.84006,-1.1182,-1.0894,-2.3231,0.32749,0.4898,0.19089,0.59694,0.096578,-0.049354,0.25672,0.081315,-0.13199,0.01786,0.010899,0.0048556,-6.0971e-15,1.5241e-15
-13.978,-44.903,297.41,9.259,-116.49,-20.668,-0.28717,3.1434,-10.39,8.3061,-3.826,7.8994,35.801,6.0169,3.2017,-9.7737,13.738,1.8593,3.0007,8.8166,1.0235,-2.6029,-6.8986,-0.40661,-0.2576,3.6747,-3.0349,-1.8958,0.60824,0.39335,-2.0071,0.60266,-1.1026,-0.59294,1.5507,1.609,0.24701,1.082,-0.70961,0.61539,0.94737,-0.048197,-0.36507,-0.14672,-0.05961,0.53835,0.1865,-0.033721,-0.17851,0.10189,-0.017677,0.012036,-0.00038394,-8.3606e-15,-4.7688e-15
-108.53,32.209,118.05,-44.342,-64.787,18.02,-3.8499,-0.49011,16.206,0.66636,4.0286,-11.435,13.5,3.6328,-6.7441,-1.2537,6.6013,2.3809,8.0531,3.6473,1.9552,1.2076,-4.7092,-3.861,-2.2812,2.1289,0.59449,-1.9513,4.1312,2.863,-2.0683,0.53843,-2.5439,-1.1969,0.33379,-2.4946,-1.6705,1.9711,-0.19658,-0.10452,-1.4146,0.63173,0.13243,0.165,0.48764,-0.4047,-0.50057,0.93984,-0.14284,-0.13434,0.073542,-0.0017809,-0.00052511,-5.1607e-15,8.7014e-15
-199.97,150.12,107.82,-123.46,-18.65,3.0645,41.035,-0.80429,5.9984,-14.182,-11.746,4.0379,19.934,0.73259,-10.624,1.7411,1.1464,5.778,-1.5642,2.6384,-12.862,7.1347,2.8383,-4.2263,0.60677,-6.0602,-2.551,-2.5069,3.7341,-0.70429,4.7594,-0.43621,4.6985,5.0028,-1.4765,0.53465,-0.10018,0.29269,0.24478,-0.69462,-0.75941,-0.71396,0.38148,-0.58227,0.79456,-0.58911,-0.34874,0.38452,0.12646,0.057451,0.092006,-0.03681,0.0043596,-1.0329e-14,3.1921e-15
-106.6,72.642,160.19,-74.091,-52.794,-14.496,-0.91842,6.5389,-21.281,16.494,20.373,0.65818,-2.201,-2.9647,-0.12824,5.185,-1.6834,-4.8681,3.558,-3.3964,6.2147,1.0429,3.2513,0.83242,9.0477,2.102,3.4922,-3.4118,-5.9034,4.7594,2.4059,-3.9522,-3.1816,3.9298,-2.5178,0.38067,1.022,-1.613,0.77574,1.5803,0.1575,1.8337,0.53482,0.055824,-0.33433,-0.064718,-0.7067,0.58365,-0.045904,0.071444,-0.017926,0.058021,-0.0032349,5.5217e-15,3.8528e-15
-75.795,5.8306,173.35,-57.025,-66.731,-33.782,-16.469,3.7182,6.1873,-0.83359,9.088,-6.0715,-12.769,1.11,-0.50863,-0.83994,1.6093,1.9934,2.8046,2.4741,3.8262,0.28148,-3.2744,2.79,-3.5008,4.511,-0.59314,1.8522,-0.013366,-1.0225,2.8691,0.40225,-1.8183,1.3179,-0.46638,0.14816,-3.2594,1.265,-0.061837,-0.22025,-1.8784,0.44228,0.012826,0.10621,0.53498,0.26744,-0.22227,0.22523,0.02911,-0.022582,0.056086,0.010292,0.0040614,-1.0303e-14,1.1478e-15
-85.547,-52.075,217.56,-0.75734,-77.503,-31.293,-16.791,14.707,-6.2553,1.2445,1.0774,-5.1929,-3.1412,1.7003,-7.3495,-3.8985,2.3982,4.2364,1.3729,-4.3484,-0.28512,-1.744,0.43948,2.3649,1.7635,1.0286,2.3484,0.87095,-1.2814,0.3955,0.56067,1.7607,3.8347,-0.32455,0.055413,0.98085,1.2196,1.3815,1.8777,0.32619,1.1147,-1.3219,-0.96256,0.39923,0.43436,-0.014365,0.11674,0.55084,-0.11159,0.03157,0.034528,0.0010221,-0.0044678,7.3194e-15,5.9931e-15
-213.29,190.41,109.27,-172,17.341,-17.054,-8.9242,22.251,-13.061,6.9467,-7.1097,23.535,4.8885,5.3677,16.469,-2.8108,8.6528,5.9077,-3.8175,-4.1288,-4.3749,-3.2078,0.98577,-5.9235,17.151,-7.4841,1.5915,0.081481,-2.3159,-2.2395,-0.63708,0.61548,-2.8382,-5.0757,3.1825,-3.0442,-0.27707,0.92415,0.17372,0.53944,-1.1632,0.37863,1.3456,0.72287,0.25567,-0.27063,-0.28667,0.47545,-0.036299,0.046257,-0.042046,0.03355,-0.0067306,-7.7649e-15,-1.205e-14
-99.722,24.343,70.664,18.573,-56.911,0.87179,-6.3746,-5.3609,-9.6713,1.0967,2.6941,16.108,-17.478,-0.61681,20.493,4.134,5.3498,-2.6482,-1.8611,-4.2821,-0.94592,-2.5011,-1.1804,1.5399,2.1028,-6.7715,0.1591,2.0948,4.5935,0.80305,2.0115,-1.8667,6.3875,1.0485,-0.61651,3.0265,-1.6658,-2.3725,-0.2956,-0.5782,-1.9288,-1.2338,0.54117,0.22052,-0.06007,-0.34613,-0.331,0.51804,0.13333,-0.059693,-0.0091667,0.038288,0.0003973,-8.5192e-15,-1.4516e-14
-155.41,75.853,87.919,-90.956,-37.414,-2.723,3.5119,-4.1321,-3.4522,-1.3467,-13.613,-2.4845,-2.1053,-1.2573,0.35431,4.1561,-7.1542,-7.2862,-8.9654,-0.94827,4.1574,1.8677,-2.1666,-2.26,1.3913,0.62428,-0.44726,-0.61006,-2.2955,3.1928,1.4592,-3.2991,-0.18135,-0.93712,-0.085829,0.48314,2.6409,1.5415,0.92547,0.34279,1.4006,0.63809,0.50817,0.33763,0.13817,0.35155,0.26287,-0.13915,0.11862,0.044941,-0.097357,-0.024023,-0.00055779,-2.3425e-15,6.2202e-15
-187.84,81.366,-9.1867,-116.08,8.528,-10.788,-6.6359,2.1567,-1.1513,2.4666,8.4696,10.712,3.5383,-4.6884,6.1992,3.5182,7.7253,2.3784,7.4604,0.79973,-7.7992,1.7415,-1.8883,5.6434,-2.7318,1.3709,-0.63324,-2.1729,-0.69002,-0.97228,-0.39288,0.23091,0.37172,0.90875,-0.049881,-0.64985,0.6306,-0.51703,0.10505,-1.7638,-0.48226,-0.71397,0.28291,0.48717,0.20754,-0.13194,-0.11567,0.45423,0.00059506,-0.068824,0.028438,0.016304,-0.0017268,9.0982e-15,5.7723e-15
-140.3,80.06,11.367,-31.59,-30.868,-31.222,-9.1906,4.8747,-7.2252,10.554,-2.2592,8.3909,-15.234,-11.409,-3.6202,4.6723,-5.7734,-6.14,-1.6243,5.231,-1.4056,-3.1759,-4.9844,-0.77635,-3.9275,4.4313,-1.9961,-1.9813,0.75611,-2.7963,-2.4093,-2.2559,2.196,-1.9004,-1.6186,0.1288,1.0313,0.25097,-0.0050828,-1.2231,-0.15555,-1.6634,0.47273,0.6336,0.070858,0.024615,-0.099056,0.60983,-0.017024,-0.14822,0.097108,0.085823,-0.0020174,-1.6151e-15,5.1726e-15
-67.741,-56.127,1.5403,-31.814,-54.312,-1.7683,-17.099,-2.2865,-9.2834,11.026,5.2717,18.448,-1.25,2.2671,1.3954,1.7516,6.4195,-5.3647,-2.7954,-4.0726,-0.21526,4.9476,-2.3038,6.1123,-3.6102,2.1812,1.7292,-1.1983,-0.87429,0.61872,-3.2849,1.5752,2.0666,0.24145,1.2393,1.6497,-1.4176,0.37887,-0.68592,-0.7378,1.344,-0.6176,-0.49738,0.35494,0.49953,-0.068801,0.63771,0.0065477,0.024587,-0.030338,-0.09036,-0.00031107,0.0008255,-6.4913e-15,-4.565e-15
-60.001,53.968,110.65,-11.298,-15.388,15.313,12.075,6.4771,-17.531,5.5217,-12.361,-3.1063,-10.523,12.111,12.433,13.082,-5.3368,-2.286,-0.49862,-2.9002,1.0652,2.2066,0.11094,-3.2927,-4.7854,-5.3481,3.1231,1.9593,1.7527,-0.74696,-2.0661,-0.44316,-2.9311,-3.3528,0.57403,-0.55517,0.87264,1.4239,2.7343,0.40701,1.0314,-0.87551,0.16923,-1.0324,0.20586,-0.38473,0.15534,-0.76068,-0.04758,-0.086569,0.091637,0.091338,-0.008598,-2.4006e-15,-3.6463e-15
-113.91,53.538,15.255,-5.5023,-31.905,-11.683,-0.64382,3.7139,-7.8745,22.229,18.22,15.171,-9.1706,-2.7253,0.24716,-6.9943,-0.67643,-5.9707,6.8952,7.9889,-1.6715,-4.4788,-2.2351,4.1199,4.3554,-4.5595,-3.1245,-0.60195,-1.5107,-1.0202,-1.1247,1.6255,-1.1866,0.9586,-0.086841,-2.8848,-2.7768,-1.1214,-1.6927,-1.4894,-0.2395,-0.19771,-0.91501,-0.54813,0.63101,-0.64526,-0.088115,-0.78145,0.19162,0.011696,-0.114,0.1271,-0.0058708,1.1013e-15,3.4464e-15
4.1683,42.278,-14.474,-48.707,-5.4354,27.295,-3.5464,-8.6347,8.6013,-13.452,-2.1921,5.0176,-7.8617,-1.0504,5.9574,7.7375,0.72705,-2.9941,0.5117,3.7451,-6.0182,-2.793,12.49,2.6325,-5.1272,4.9353,0.27686,-1.2194,-2.2678,-0.89595,-1.5095,1.652,0.96838,2.6367,4.5689,0.42773,-1.1099,-0.53838,-1.1054,6.4868,-0.17049,-1.3741,0.12801,-0.031369,0.71396,-0.70646,0.22838,0.16153,0.22649,-0.07991,0.061161,0.079312,0.0038118,9.3722e-15,4.3954e-15
98.508,60.573,-1.7328,-22.208,14.387,34.023,-18.986,-16.409,8.3704,13.4,-18.919,7.577,-3.5387,-19.023,7.1636,-12.916,-17.762,7.8188,-17.95,2.4104,1.988,-8.592,-4.3859,-4.2051,-0.31787,0.97073,-4.2195,1.9355,1.6321,-1.8095,1.2886,1.8449,0.15157,1.9346,2.826,1.5561,-1.4762,0.55746,-0.1712,0.16137,-0.61532,1.9762,0.4105,0.30337,-0.054197,-0.055683,0.30557,-0.10518,-0.19917,0.010456,0.001745,0.044132,0.0012357,-1.3484e-15,2.2389e-15
-160.87,91.993,-64.694,-16.162,26.254,-19.802,2.1141,4.5746,-15.734,-0.19777,-3.7826,5.4578,-0.81952,-2.9064,-3.0537,-0.37869,-1.3708,-5.0876,-3.1909,-3.1563,-3.6951,-1.8155,-0.82411,-3.3385,-1.444,0.094764,0.40932,-0.32099,0.44529,-3.9629,0.15496,0.54768,-2.1243,0.90828,-0.42267,1.093,-1.6218,-0.45809,0.37899,4.0462,-0.76163,-1.3524,-0.37562,-0.2089,-0.97553,-0.15851,-0.10617,0.49174,-0.080961,0.11029,0.022608,-0.43681,-0.0019893,4.0892e-15,-6.8432e-15
-13.841,221.55,26.758,-98.199,5.3862,24.968,-3.1859,15.269,-10.345,-17.898,-10.833,5.8263,9.1776,-8.556,-8.2028,6.759,-13.618,-2.2283,-4.2426,0.63044,-8.4219,5.1494,-1.4811,10.507,-0.36912,5.6947,-1.5218,-4.2912,-3.8809,-0.52705,-0.935,2.1692,-0.39788,1.998,3.0349,0.048115,2.7733,0.8942,0.56171,-0.092912,0.63222,1.1754,0.0788,0.40181,-0.49207,0.14042,0.15201,0.00084437,-0.12246,0.027868,0.049187,-0.021893,0.0061383,5.3843e-15,1.4698e-15
16.207,71.073,-10.887,-50.495,15.725,22.45,-13.738,2.1111,-4.0059,5.5687,19.115,-18.812,8.0733,-4.81,-13.231,9.2887,0.94226,-5.4461,4.6618,-2.9611,-0.94273,-2.4718,-5.9077,-7.2101,-0.76944,0.39305,4.3736,0.96875,-7.6076,3.4981,-5.0157,16.072,9.7331,-0.96711,-1.8113,1.0091,-1.2595,2.8387,-0.75452,-0.50521,-0.82145,0.047437,-0.11834,-0.17144,-0.55059,-0.4162,-0.097929,0.02586,0.10823,0.097286,-0.049151,-0.006535,0.0050902,-2.3937e-15,-1.0212e-14
217.61,114.18,5.6103,-39.944,-16.543,54.994,-30.243,-4.9148,-6.3678,-10.677,-12.66,-4.6446,-1.0265,-5.2678,2.6034,6.9774,-0.14845,-3.1023,-6.3633,-3.128,3.3737,0.67011,2.209,6.0906,-2.6817,-2.6269,-1.5221,-0.76611,-0.55359,-0.55549,-4.2787,-1.1938,0.85117,-0.10459,1.5187,-0.22768,-3.1396,0.1942,-0.5578,-1.0011,-0.10405,0.045452,-1.7221,-0.06751,0.12309,0.049664,-0.47111,0.27494,-0.27575,0.073025,-0.10089,0.0015654,0.0025759,-2.1788e-15,2.0912e-15
-23.507,24.301,-12.023,-31.695,4.5159,16.309,39.346,-13.168,10.877,10.766,-7.3242,-7.9752,-14.248,22.268,7.8645,-0.28277,-0.25302,-10.599,6.0605,-1.2478,3.6848,-0.48628,1.8873,-2.807,2.3004,4.9519,-6.397,2.9167,-0.49355,2.6091,-1.2336,-1.8815,5.4711,0.060774,-0.81682,0.63177,0.098653,-1.8683,-1.227,2.2636,-1.7359,1.3671,1.006,-0.37182,0.44996,-0.11048,-0.46906,-0.12997,-0.053277,-0.020246,0.043987,-0.022163,-0.0039084,1.338e-15,4.3419e-15
-8.5128,94.668,-20.712,-20.205,13.165,15.961,2.2361,9.4173,14.152,-1.1384,33.052,-20.09,-0.20832,-10.407,-13.665,-10.363,-1.0842,-3.8817,8.747,3.4835,6.6217,2.7677,-3.0183,-2.8504,-1.4743,2.9894,-5.5519,-3.49,4.5459,3.5766,-0.083987,0.9354,-1.2955,-0.59159,2.1662,-1.8103,1.2175,-0.14478,-0.58566,2.1634,-0.47794,-0.10686,1.01,0.24495,-0.67435,-0.33683,-0.88525,-0.22458,0.043914,0.029615,-0.11917,0.074689,-0.00056229,3.1185e-15,-3.2343e-15
-31.757,65.965,-18.257,-34.825,-2.1305,19.584,0.50834,-12.103,2.9314,-9.9485,-6.1967,5.9894,16.963,1.7295,0.51392,6.4482,6.5504,-2.0173,3.6105,-1.5156,-4.154,-4.0351,-1.6095,-1.9054,0.57996,4.0003,-4.3041,-3.1936,-1.3979,-1.323,-2.1185,-0.64838,-1.4509,0.82324,0.68155,3.3559,0.023121,-0.81175,0.75829,-0.84939,-0.365,0.72895,1.5504,0.41438,-1.0354,0.25575,0.01711,-0.52466,0.040954,0.024237,-0.058218,0.014868,0.0045372,5.6308e-15,9.8662e-15
-1.3827,86.681,74.683,-54.063,31.158,12.445,-2.348,-4.6496,-3.676,-2.8859,3.8138,-9.4869,-5.614,8.375,5.2864,-1.8261,-4.9363,-5.948,-1.5414,-7.9999,-2.1477,-2.6152,-4.1,4.2458,-4.8669,3.8123,-1.9943,1.2366,0.62965,-2.2076,-3.0929,0.47058,-0.14672,1.4449,1.1493,1.2699,2.3302,-2.3292,-0.0059413,-0.24473,-2.1276,-0.83653,-0.13522,0.36118,0.53569,0.045541,0.25003,-0.50461,-0.068461,0.057435,-0.10485,-0.04508,0.0061502,-4.6471e-16,-3.5429e-15
40.176,0.77299,16.582,25.385,13.18,-8.9817,-17.14,18.934,-0.71244,-11.628,20.1,11.305,-3.1189,13.754,-10.544,8.6944,-10.703,-0.62804,-7.4726,-10.927,1.2251,-4.471,1.8235,-3.5872,0.81409,5.9837,1.1426,-2.9924,2.6011,0.54582,-2.5966,1.5145,-2.2422,2.1302,-1.1896,2.3296,-0.6358,0.13812,0.5667,0.42952,0.76145,0.069823,-0.19168,0.75201,-0.35714,-0.15726,-0.022484,-0.13625,-0.03065,-0.010319,-0.039944,0.094775,0.0050311,-1.3629e-15,-5.2924e-15
24.897,22.64,-32.131,-29.851,-9.6449,3.9614,0.28108,1.478,22.224,0.9662,-20.655,14.824,-4.6699,-11.117,-10.284,4.2814,-9.3329,-5.488,-15.686,18.039,4.4982,-21.96,-0.051197,-2.0705,2.3486,1.3468,0.28836,-0.048158,-1.6476,4.1553,-1.9684,-5.7979,0.34612,-0.50469,-1.481,-1.1642,-0.64084,2.0818,1.0043,1.2403,-0.90929,0.31433,-0.65121,-0.6281,0.58179,-0.12124,-0.18429,-0.067968,-0.084593,0.082458,-0.10191,0.02778,-0.0019148,3.5852e-15,-9.5489e-15
25.068,22.224,10.618,-9.4233,12.686,-12.283,-28.542,22.91,22.606,-8.4429,21.565,-1.1367,-5.3209,0.41799,1.3387,6.4797,5.6941,8.1635,-8.6648,0.84663,-1.1352,6.0529,-3.1138,-1.3067,-3.6878,4.7162,-1.6512,3.2069,0.92319,-1.7266,-3.9368,-2.2496,0.74775,0.17941,2.3525,2.3061,-0.59953,-0.49086,-1.0204,-0.31483,0.046039,0.60469,-0.74541,0.21583,0.082025,0.13982,0.171,-0.071139,-0.15285,0.036059,-0.04528,0.014068,0.0021045,-1.1828e-14,-6.8857e-15
-19.879,9.285,44.221,11.962,5.1217,-3.5668,-3.6442,-5.856,12.273,-7.0671,10.582,9.8737,11.914,20.87,-4.9037,3.9207,3.8477,1.6413,-4.0048,6.5134,5.4345,0.94636,0.34543,0.46472,3.9783,6.3175,0.52019,0.98331,2.5717,-0.058841,-3.8047,0.27408,-1.7089,1.0405,-1.0311,-0.42265,-0.23613,-1.883,-1.869,0.81701,-0.29796,-0.22818,0.061515,0.18285,-0.23784,-0.33187,0.38101,-0.50014,-0.096133,0.064517,-0.062844,0.019621,0.00097739,-4.8398e-15,4.5739e-15
23.053,37.131,-18.936,-1.9841,18.35,23.66,-3.7691,-7.7851,-2.0148,-11.014,19.107,7.473,-4.6723,-6.894,-1.3534,-1.8949,-2.3005,-13.179,-1.0279,-2.0166,6.8345,-0.24229,3.1319,-1.2008,-5.0451,0.91794,-2.4406,-4.1026,2.1365,0.92036,0.023464,-0.58185,-1.7328,-1.0252,1.5423,2.8133,-0.081801,0.97763,-0.79237,-1.7027,-0.83364,0.16364,0.29314,0.026734,0.73585,-0.0038185,1.1184,0.18906,0.12014,0.5733,0.4365,0.018512,-0.057304,-4.2621e-16,6.876e-16
-12.862,-38.915,-24.566,9.7259,-13.704,-0.78496,-25.794,2.7196,-2.9091,-10.813,8.0369,2.7148,-2.4429,3.6476,-2.9847,-0.99135,0.48239,-7.8291,-5.9043,-9.5619,-3.0643,-2.79,-3.6662,3.1668,2.9014,-3.311,1.6322,0.31187,-2.3649,-3.2492,-1.882,2.3298,0.12255,2.5377,-2.4939,-1.6792,1.6126,-0.34335,0.063177,-0.042202,0.98105,0.87028,0.11608,0.41161,0.10972,0.81052,-0.29245,-0.11589,-0.01212,-0.033806,0.010381,0.035388,-0.0025015,-3.7958e-15,6.7431e-15
5.6365,32.249,22.088,-39.764,103.38,25.634,-1.6625,1.0061,-10.022,11.09,-17.288,7.2157,2.9453,4.1916,-4.5164,-1.0084,4.4231,1.6626,2.0683,4.4536,16.732,11.681,-4.0235,-3.4026,0.40225,-1.6339,-0.30549,-3.7986,-1.7486,1.1537,5.4002,-1.8372,6.7178,2.8706,7.294,-4.5031,2.0279,0.5673,-0.14808,-0.89458,0.26907,-0.41274,-0.016817,1.1046,-0.4791,-0.52549,0.4718,0.11611,-0.21471,0.028242,-0.097505,-0.066213,0.0033696,-2.8051e-15,1.9228e-15
53.175,9.3825,-23.737,-54.766,-29.754,5.9904,-28.707,-14.413,-8.8499,-23.348,2.068,-5.5684,-2.1693,-1.3321,-5.3044,1.7368,-1.4298,-5.2546,-2.4848,0.61221,3.0794,2.9026,4.2695,-0.2553,3.8456,-1.4096,-0.58837,-1.0176,-1.2854,-2.2633,-0.4801,-0.14512,-1.8953,0.50323,-0.43772,-1.5006,2.5533,0.9939,-0.34613,-0.31646,-0.3454,-0.33784,-0.61065,-0.97265,1.0273,0.95606,-0.56369,0.063698,-0.2516,-0.020402,0.019839,-0.050063,0.0046022,6.2048e-15,-1.9719e-14
51.455,15.39,-51.306,-80.264,1.1929,23.365,-21.349,-2.7392,0.75464,-0.3654,-12.48,10.569,-6.422,-3.853,-7.372,17.284,3.9586,-13.737,6.7777,-6.4325,0.93311,1.1513,6.9245,-5.776,-2.552,2.8388,-0.3032,0.26179,1.9174,-4.4465,-0.61806,-1.3116,-0.80822,0.79127,-3.079,-0.72022,0.64418,-0.083833,-1.0785,-0.88251,1.0854,-1.2579,-0.85549,0.073268,-0.27399,0.38555,-0.30848,0.28287,0.021377,0.051949,-0.14773,0.020057,-0.00060416,-5.3717e-15,5.2824e-15
118.07,-18.529,29.052,-69.424,-23.261,7.6,-21.877,-22.303,34.035,17.823,-3.6563,0.84299,23.45,3.6205,12.328,-4.146,-15.504,-1.9534,13.644,-11.538,10.424,2.904,11.816,-2.1039,1.986,-1.3875,1.4763,0.43677,0.73796,-1.4418,0.73509,0.93647,2.6946,0.26634,0.62892,3.541,-3.5302,-1.3699,-1.5226,-0.93561,-0.54524,-0.35856,-0.61369,0.036164,0.11708,0.061945,-0.18424,-0.52143,0.0017119,-0.026702,-0.034162,-0.023473,-0.00074236,-5.5268e-15,4.1505e-15
30.757,94.62,-133.95,90.881,-44.715,-14.461,22.007,45.211,11.227,-21.724,-4.3017,30.867,9.6166,6.8054,-5.6196,-11.165,-14.905,9.1094,0.93453,-7.4206,12.787,-5.0142,9.8797,-1.4643,0.76557,0.029098,-2.0721,-2.3502,6.9904,7.4346,-5.2118,3.5264,-1.2856,-1.507,-0.61482,-1.3261,1.1274,0.58745,0.82962,-1.9697,-0.44149,-1.0652,0.15952,0.23763,-0.61275,-1.1053,-0.64012,0.066444,-0.077249,0.009041,-0.040377,-0.095444,4.7904e-07,-7.4561e-16,2.0493e-15
151.63,237.07,-138.54,138.09,-32.853,14.427,27.371,1.0941,6.442,24.316,-2.5384,2.4397,1.8543,12.071,4.2082,-2.6727,21.269,-15.74,-20.354,1.3818,3.755,6.5032,1.7726,-0.24608,4.8473,3.1263,0.0043701,-5.5373,-2.3385,-2.3993,1.1255,0.15108,-1.2918,-2.4794,2.901,2.8816,1.5061,-1.8761,0.37189,-1.8831,0.010374,0.1695,0.72603,-1.5797,-0.16094,-0.19704,-0.37972,0.077042,0.077707,-0.044957,-0.071891,-0.0065192,0.0012707,-5.0149e-15,-9.9177e-16
75.45,31.288,-21.616,62.099,-74.957,-12.278,-6.0137,-0.39557,-26.339,-4.0063,0.13929,5.0097,0.699,-3.5816,5.2135,8.7367,0.76191,7.1321,3.2292,-0.90942,-1.6601,-2.7435,-1.6822,2.6438,1.1681,2.0238,0.10049,-3.1564,-1.7317,-0.57883,-1.0178,0.15009,-0.078336,1.5529,1.0586,1.427,-0.95783,-2.8022,0.37713,-0.77417,0.84917,0.22676,-1.015,-0.088692,-0.95896,0.2156,-0.63057,0.015181,0.0372,-0.028683,0.15543,-0.027126,-0.0018538,-7.2705e-15,1.5894e-14
46.507,36.982,-142.79,113.3,-48.422,-19.034,5.8811,5.8854,-9.3906,-0.0062744,0.12292,18.842,1.0349,3.332,4.5095,-8.285,-4.9795,-9.6602,1.8659,0.9814,-4.8654,7.712,-0.97404,-3.0921,-1.8079,0.045791,0.072256,6.0729,-3.3812,1.726,4.9463,-0.020117,-1.9856,3.1085,1.0156,-0.13711,-2.1252,0.23226,0.13521,0.22626,0.012016,0.77953,-0.69155,-0.58386,0.19898,0.62994,-0.40355,0.22873,-0.043428,-0.0067725,-0.014347,-0.0077637,-0.0017522,-1.246e-14,6.0287e-15
45.987,140.81,-96.39,41.287,-26.218,-11.725,10.997,12.955,-9.5983,5.116,15.961,-2.966,1.843,-14.008,1.8524,-13.036,8.7776,-9.1479,-2.8253,-1.1529,5.345,1.1805,-3.3836,-0.99394,-3.7303,-0.82306,1.2035,-0.068849,-1.4233,-0.67735,-0.33443,-1.4088,-2.4838,0.0091086,0.46585,0.64147,0.87749,-2.9085,-0.42519,-0.67888,0.069663,-1.2798,0.43311,-0.45279,-0.24965,-0.10606,-0.60021,-0.032686,-0.18296,-0.0015635,-0.078643,0.073794,-0.0018546,-2.532e-15,1.8534e-15
-14.243,126.31,-73.053,-55.427,12.296,-9.7196,12.82,22.375,5.9551,7.7615,5.2354,-13.162,5.8207,-14.8,16.22,-0.54667,8.9032,-9.0435,2.6829,2.757,-0.077311,8.0352,-1.9157,0.24985,-7.6648,-4.5362,1.9691,1.485,4.3034,0.69853,-2.3723,-0.40418,-1.2529,-0.92523,0.24612,0.40868,-0.5093,0.74479,1.0929,0.2499,-0.75612,1.1005,-0.89981,0.51963,-0.057479,0.23186,-0.6531,-0.12328,-0.048777,-0.11849,0.066745,0.059417,-0.0058863,-7.5681e-16,-5.9812e-15
-12.912,155.49,-161.1,199.06,-42.051,-22.94,-10.93,-15.53,-15.912,7.3505,1.307,-3.7897,9.0556,-2.3625,2.9536,-0.13935,6.9914,10.416,-7.3263,-6.9903,7.5907,0.20457,0.94311,0.62338,0.39775,1.3319,5.9389,-3.5903,-2.9221,-1.8443,1.998,1.0683,0.18993,-1.1825,-0.81232,0.96771,0.22532,1.3052,-1.3779,1.2948,-1.0297,-0.30486,-0.00093623,0.13912,0.96622,0.26258,-0.39859,-0.056912,-0.048199,-0.064183,0.1128,0.0052431,-0.00072356,5.2527e-15,-3.3431e-15
128.16,215.92,-123.39,76.578,-32.385,1.2822,17.344,-20.172,-10.768,0.16003,1.3438,-22.468,0.39007,2.9781,7.9832,10.935,7.7596,13.959,-1.8752,0.79633,2.115,-11.661,2.4095,-0.55395,3.6786,-0.49101,-0.65003,-1.6854,-2.2675,3.459,-1.7532,-1.5232,-1.2883,1.8394,1.8004,2.1491,1.1034,0.45838,1.0764,-0.65402,0.38103,-0.31821,-2.0932,1.5053,1.4791,-1.2131,-0.24965,-0.077393,-0.13796,-0.023249,0.042682,0.012247,0.0073152,1.1941e-15,1.2377e-14
230.99,143.08,-28.783,71.794,-43.418,-0.65737,-5.7967,2.4841,-16.283,3.6302,18.099,-9.1948,-4.7774,-11.05,0.56872,-2.2955,-0.91794,5.8375,2.7949,-0.020525,-1.454,-4.2571,-2.4079,3.5315,1.4521,2.1024,1.1218,-0.37279,0.6625,-1.5505,2.997,-1.784,2.7781,-4.8718,-1.9265,-2.678,0.48182,2.3348,-3.0258,1.6599,1.0653,-0.40385,0.010429,0.70282,0.38365,-0.28326,-0.36426,-0.36645,-0.22904,0.0020435,0.019072,0.032862,-0.0038052,-1.3013e-15,-1.4023e-14
207.82,146.6,-9.7475,54.775,-7.0993,-6.165,3.3541,14.662,-2.343,-2.8224,0.35689,6.8294,16.121,-0.38977,8.6696,-3.8906,-14.556,-13.585,9.1265,2.67,-6.5944,3.8987,8.8925,-0.77597,6.5081,-0.36159,3.2025,-1.7725,-2.6533,-1.8294,2.3067,1.0983,1.8598,-0.24486,1.1151,-0.95042,-1.798,-0.50983,2.8835,1.3351,0.95043,0.22289,-0.11818,-0.5558,-0.25282,0.66158,1.1046,0.21475,0.010736,-0.15829,-0.0097107,0.049975,-0.005471,3.5363e-16,-1.5709e-15
14.298,174.35,20.329,31.277,9.3886,-22.908,20.377,57.164,22.688,-21.583,-5.2565,-4.9102,-7.4966,3.9731,10.783,4.518,3.2317,4.9486,-0.55964,-0.29446,6.2933,-1.5885,1.5393,-2.2262,-4.4621,1.3793,0.42425,-6.9141,8.7649,4.6837,1.2835,1.791,0.89594,2.2822,-4.3089,-1.7391,-2.8675,-2.5272,0.44398,0.17919,0.33836,0.74983,0.62461,-0.078612,0.20902,1.496,1.6388,0.16122,-0.11833,-0.11437,-0.048997,-0.048154,0.001288,4.2276e-15,-1.2889e-15
342.77,157.89,-41.954,-36.983,-42.324,16.358,17.399,-13.375,2.1795,17.717,6.7407,-9.5685,-10.046,-4.9687,-23.318,-0.36652,-3.9155,6.5785,10.972,-1.0806,-1.7851,-0.26605,-4.5332,-0.93736,1.715,-6.2756,0.63772,1.6987,2.0884,0.52851,-2.3848,-0.063215,-2.0996,1.8543,1.8969,-0.30336,0.66066,-1.5792,0.25864,-0.46199,-0.91793,1.3946,-2.7902,-0.39153,-0.35115,0.83659,0.97035,0.7051,-0.045845,-0.037604,-0.10726,0.032045,-0.0042394,-4.423e-15,-6.2511e-15
122.77,187.03,-60.911,8.5017,-26.329,13.125,22.336,-6.7327,-14.871,23.243,13.772,-18.094,-1.6161,-8.7706,-5.9633,17.121,7.711,14.622,6.5363,0.76769,3.3486,-8.9133,1.1172,3.1162,4.9676,-5.7487,-6.5935,-1.4726,-0.18714,2.3844,-2.8025,0.80449,0.82239,1.3903,0.33174,-2.2588,-2.1201,-2.2877,1.0478,0.49876,0.0019041,-1.8577,2.6076,-0.6251,0.73663,1.6733,1.6674,0.27002,0.11085,-0.020864,-0.10562,-0.040553,-0.0026352,-5.5342e-15,6.7392e-15
82.8,130.56,-50.032,191.55,-69.132,2.5234,8.9543,0.19203,-0.61324,-2.4812,-16.169,15.422,16.616,1.2445,-2.2553,-9.9238,13.048,-14.251,2.3881,4.5518,1.0131,1.5961,-3.1295,0.35034,-1.863,-2.8704,-2.2415,1.3282,-0.19182,-3.9963,-2.0308,-0.46709,2.0851,-0.17257,-4.2607,-1.3071,0.58514,3.1037,1.7701,1.9379,-1.194,0.3794,0.48687,1.2105,-0.072735,0.061601,0.19054,-0.48666,0.072193,-0.16008,0.086152,0.0072313,-0.0058497,9.4195e-16,-3.1811e-15
112,-1.7883,-17.454,26.898,-55.087,15.195,25.793,-0.069485,-10.748,11.277,-16.148,5.0374,-5.6602,4.1422,5.0553,10.554,-2.3245,-0.36472,5.754,0.33244,1.9646,1.267,-6.7377,3.6436,-1.3084,3.6229,-10.119,15.397,0.77948,3.0548,6.8229,8.5925,-5.3453,3.145,1.7632,-0.24837,-3.5717,2.836,1.5341,-0.62532,0.97348,-1.2085,0.13449,0.90301,0.26515,-0.24303,-0.11608,-0.054112,-0.076626,-0.0077726,0.11359,-0.022376,0.00029463,-3.0409e-15,-9.0772e-15
224.31,97.526,-80.065,-3.946,-40.012,-2.5477,0.25545,6.2895,-3.4221,-8.9791,0.97623,10.843,-3.0694,-0.65088,-13.334,1.2785,-11.248,-5.3557,14.426,4.173,-12.332,4.9207,1.2324,-3.5923,-0.71165,-1.5027,2.0223,0.48991,2.1652,-3.2017,0.066569,-0.87965,0.71432,3.4555,0.35638,1.039,-2.5598,-1.3823,1.111,1.3262,0.62317,-0.29841,1.2452,1.9962,1.3216,-0.26769,-0.72561,-0.36064,-0.25703,0.10458,-0.01618,0.023644,0.0034584,-6.8626e-15,-3.787e-15
145.77,29.858,-47.882,18.721,24.97,1.6921,-6.7643,-27.997,16.341,-31.508,-10.153,-19.801,7.9369,6.7714,-16.471,-7.5563,0.59308,-5.1441,-0.38963,0.65273,-8.0711,-2.725,3.0938,0.76287,1.0659,2.4215,2.6491,0.69956,2.3886,-0.89219,1.1397,-2.7192,2.4621,0.49907,1.3676,0.82615,-2.496,1.1846,1.6154,-0.67342,-0.026095,-0.10579,0.57681,0.37656,0.19573,0.25792,-0.31005,0.26421,-0.03809,-0.0115,-0.030067,-0.0016764,-0.0030287,-1.6474e-14,6.3805e-15
110.83,-0.94517,-39.684,-36.398,-34.319,2.0734,19.093,-6.0526,-13.007,11.64,18.044,3.636,-1.6183,-4.8468,8.2487,7.3432,3.6239,3.4896,4.3583,4.9148,-1.9983,-6.7316,-1.7324,3.4428,-3.0717,-10.394,3.8933,0.94717,5.0018,2.1816,2.9049,-2.8712,2.1712,1.0891,1.9161,1.4625,2.6658,3.6184,-1.2477,0.52548,0.65822,-0.63635,0.30547,0.4301,-0.94196,0.59748,-0.71851,-0.29172,0.10352,0.065753,-0.068306,0.0058577,-0.0032007,-5.1664e-15,4.7919e-15
116.9,88.604,-25.181,-47.059,4.8557,19.059,28.481,19.264,9.793,28.544,14.211,-7.0906,0.91539,17.726,-2.2388,-14.57,-12.754,0.00011147,10.461,-2.7155,4.7575,-7.0719,1.1033,-3.9424,3.1374,-2.5051,2.5015,4.2701,-0.18988,-1.8085,1.9479,-3.539,0.58236,-3.1352,-0.32743,1.0972,-0.7649,0.52074,0.29826,-0.042069,0.63987,-0.76184,0.47141,-0.38714,-0.094041,0.22026,0.37508,0.38371,-0.024989,0.1686,0.27598,0.12411,0.032446,8.481e-15,-6.8658e-15
193.44,-59.867,-35.412,-15.39,-42.59,-1.871,-12.47,-16.242,-7.7713,-18.219,7.5422,19.437,-5.5491,5.1463,17.779,0.84654,-3.8945,0.36126,5.2309,6.2012,-5.954,-1.9715,-0.58834,2.9234,-1.1881,0.6779,-3.1784,-3.604,-3.2143,-1.1265,-0.57428,1.1897,-0.58273,-1.7567,-1.5577,-1.0829,-1.5805,-1.436,0.62977,-1.6078,0.069852,0.33442,0.15232,0.036856,-0.70145,0.305,-0.63899,1.2355,-0.16306,-0.015859,0.048481,-0.03875,0.00015327,5.6559e-15,-1.733e-14
170.84,8.5422,-3.6668,-39.954,-48.967,13.19,-9.6144,-17.676,-2.01,-13.615,5.0048,10.173,-7.1132,-3.8259,5.0566,-2.0677,1.9732,-4.5414,-3.2091,4.0441,1.9962,1.6277,3.8867,-2.4594,-1.5335,-6.5636,-1.7078,-0.54725,-0.4391,-2.5399,1.9543,1.2793,-0.29517,-1.4638,-2.6731,-2.8701,0.95947,-1.163,5.2465,-0.30388,-0.39149,-0.51475,-0.63712,-0.058314,-0.5407,-0.48348,-0.050465,0.050882,-0.0809,0.027551,-0.028582,0.0073837,-0.0010596,-1.1226e-14,8.6131e-15
284.94,64.597,58.158,104.53,22.457,-38.224,-24.337,-47.298,31.247,32.237,28.653,10.842,17.733,3.6815,23.372,21.277,-11.639,14.136,-4.2917,-12.19,-7.5243,10.635,5.4704,3.5504,-3.7325,4.6325,-0.95962,1.053,3.3687,-1.107,1.0277,-4.0717,-1.0142,-2.895,-2.4613,-4.7617,1.3365,3.1547,0.9549,0.65283,-1.4346,-0.22515,0.9427,-0.64272,-0.49033,-0.3896,0.14312,-0.086043,-0.081976,0.19832,-0.10535,-0.042729,0.0033731,-2.4465e-15,2.9354e-15
225.93,-50.585,22.349,-67.756,-42.186,-12.334,-15.964,-32.51,20.799,3.5723,9.8597,37.568,-5.1957,9.1981,-3.5034,5.9488,12.714,3.8363,2.5645,5.6261,6.6831,-0.80801,-0.72358,-2.9682,-3.2339,-0.2259,2.5054,-1.3451,-1.384,2.0372,1.4966,4.0612,2.9904,-1.2444,-4.484,2.1958,3.0931,0.86269,4.1518,-0.4833,1.1141,0.49167,-0.4296,-1.0586,0.77905,-0.48103,0.40061,-0.11659,0.059952,0.025643,-0.038466,-0.019827,0.0019002,-2.4453e-15,1.576e-15
244.03,-62.902,-34.53,-63.717,24.246,17.995,-43.729,21.758,-17.394,24.181,-24.961,6.5249,-11.263,15.128,9.7739,-15.249,-3.7145,12.438,-5.63,-2.8767,-5.2737,5.8437,0.08218,1.6919,-1.8465,2.6211,-0.65672,-4.3756,0.95053,1.7991,0.69808,1.2878,-0.4563,0.065793,-1.2957,-0.52262,0.56368,-2.0403,-1.1009,0.36415,0.69099,-0.40551,-0.23874,0.67891,-0.093594,-0.40547,0.31631,0.14356,0.13807,-0.052479,0.095138,0.044947,-0.0036099,-7.9466e-15,8.1751e-15
273.05,-51.054,80.412,-57.846,-15.962,-17.418,-11.016,7.096,-25.532,-10.522,7.0514,-14.403,6.6529,5.2453,5.5901,-0.55277,-6.2794,-5.5483,-2.5761,0.59835,-1.8039,-6.6374,0.6781,1.1185,3.5056,0.84089,-0.41294,0.31408,1.7192,-1.5375,2.3464,-0.48481,1.8576,-3.1663,1.7494,-0.60879,1.0641,-1.1173,-1.0801,0.36715,1.1378,0.32107,-0.024981,0.40827,-0.33009,-0.49922,0.31318,-0.1035,0.28062,-0.11851,0.0058945,-0.0032512,-0.0053967,7.3325e-15,-1.0012e-15
219.98,12.146,-18.064,-10.531,7.6616,-34.413,-30.161,49.834,26.798,-17.484,5.5722,-11.447,-1.4886,-3.8669,2.8671,9.9333,1.8909,4.5973,-5.0096,4.4026,5.543,-3.5687,-3.1255,0.72805,0.47484,0.6692,-6.4037,9.4282,-9.0788,-1.6178,5.5655,-2.6778,-3.0814,0.95228,0.43918,1.9011,0.43527,0.80522,-0.24472,-1.422,-0.45026,-1.4736,0.47834,0.35532,0.12341,-0.25795,0.10195,0.036158,0.3594,-0.019847,-0.053375,-0.0035586,0.0025566,-1.6448e-15,-7.0898e-15
327.81,-47.659,24.827,-70.146,19.871,-12.298,-22.127,3.1547,-20.863,-11.868,-3.4693,-14.303,-0.20496,10.308,5.4953,-7.5633,-8.2743,6.4165,-3.2732,1.1558,2.4174,-0.71625,-4.1737,-3.2802,2.6425,2.614,1.9321,-0.92126,0.97919,-3.0952,0.63686,-1.8323,-1.1895,1.4079,-0.55602,1.485,-0.46419,-0.18515,-0.70215,0.20784,-0.020082,-0.56228,0.69871,-0.59289,-0.22534,-0.5051,0.21349,0.049244,0.030879,-0.04639,0.075935,-0.014839,0.00060201,-1.0482e-15,2.2305e-15
391.89,-28.241,55.387,-62.702,17.24,-31.342,-15.803,-2.2116,-19.097,7.2766,-7.8894,-0.94792,7.6688,8.9439,-3.5309,-4.8648,2.4415,-3.6109,-4.1387,2.4791,-4.3043,4.0833,-4.5625,-2.5132,-1.2201,-0.95712,-0.65378,-3.3199,4.1468,2.3492,-1.1191,2.5508,-2.8682,-1.421,1.4882,0.30816,1.1233,-0.47691,-1.8163,0.65478,0.44788,0.52772,0.26175,-1.7525,0.85858,-0.41201,-0.083694,-0.042985,0.037625,-0.044587,0.043655,-0.04935,0.0027248,-3.8866e-15,-7.6824e-15
189.16,-85.786,-27.72,-47.776,20.273,-30.62,-21.996,4.6068,-17.23,-7.7379,-3.029,-4.0421,5.0877,2.9457,1.2393,0.92251,-4.9089,-4.0827,0.3286,0.10026,3.2802,-1.1483,7.2616,2.0071,0.93855,-4.0951,1.3773,0.20002,-1.1646,-2.2466,-0.78578,-0.096506,-1.771,1.8129,-0.8064,1.9066,1.0485,1.2401,-0.23857,0.41142,-0.43579,0.089567,0.032075,0.23239,-0.092421,-0.20316,0.25503,0.30044,0.38667,-0.08592,-0.024917,-0.045307,0.00049759,-2.3529e-16,-5.7172e-15
439.8,-11.312,-12.885,-103.98,11.61,-37.91,-8.9036,11.058,34.274,18.941,-44.011,6.9024,-1.5282,1.5261,-20.672,2.4923,23.902,1.2089,12.523,-6.6298,-1.5674,-2.0374,-7.2799,2.9626,-3.0796,-1.0699,2.2442,1.9214,0.6939,-1.2669,-2.9959,-1.464,1.0158,1.4268,-0.71482,-0.24862,1.7818,0.40608,-0.71709,-0.20937,-0.45257,0.23527,0.72589,0.028966,-0.23461,-0.15278,-0.30813,-0.17463,0.23667,0.066723,0.018347,-0.028902,-0.0048154,6.0551e-15,4.7908e-15
326.23,-19.513,36.83,-64.588,-87.345,-4.794,-27.269,-4.9119,-12.692,-30.968,1.1723,-17.845,10.347,11.647,-4.2918,-7.4568,-10.363,2.3044,-4.9921,2.6951,1.623,-3.2115,-0.057241,1.2402,1.8903,-2.1639,0.51209,-3.3386,1.3079,1.5386,1.4373,0.37978,-0.49699,-1.1605,1.5503,-1.7804,0.67803,0.73476,-0.53636,0.14793,-0.55011,0.50935,-0.19175,-0.64042,0.25432,-0.052296,-0.20864,-0.26028,0.14883,-0.061354,0.043851,-0.045224,0.00054715,4.3748e-15,1.1677e-14
272.61,-22.556,-77.421,-66.087,8.1023,-27.061,-17.75,11.563,-1.1365,-4.117,2.8993,-13.329,1.3823,-3.697,12.489,-0.71609,8.8043,-4.8665,-3.7115,5.0937,-3.6045,6.5325,-6.1893,-3.4757,-3.874,0.40339,1.6279,2.9253,-3.5421,7.4839,-2.0313,-3.7231,0.12959,2.5122,-1.2031,-1.7946,0.87954,-2.3105,-2.132,0.2203,-0.56096,0.087457,0.27904,0.13177,0.066234,-0.29604,-0.10443,0.26672,0.20751,-0.034059,-0.015413,-0.0038029,-0.0029214,6.0988e-16,-3.3611e-15
-91.736,-160.6,-77.894,2.5252,9.086,-17.691,-21.67,-5.2901,14.372,30.957,15.537,7.8692,-19.065,8.7753,-18.971,9.8923,-10.578,-4.4632,-18.446,13.977,-8.0041,-2.7486,-7.2238,-2.9274,3.395,-0.40808,0.59147,-4.7259,1.0445,3.2473,-2.86,0.81263,0.24639,-1.6171,0.21543,-1.2007,-0.23541,-1.8631,0.45063,0.27204,-1.2588,-1.1471,-0.067801,0.44664,0.18926,0.29868,-0.088736,-0.25418,0.062585,-0.12315,0.18518,-0.20987,0.0016318,-4.0836e-15,-3.32e-15
-18.803,-94.405,70.065,154.67,334.55,-42.904,-53.539,-2.4715,-32.017,-2.1424,1.7713,4.6746,-4.7029,4.738,-4.9075,7.8106,-1.4435,-0.41968,10.338,3.1571,6.2577,0.4056,-3.0497,-4.9762,-8.0542,-8.6103,-9.3915,-5.6426,-3.0629,3.483,4.6056,-0.19191,2.7028,-0.67997,3.4767,1.4014,-0.24302,0.021581,0.84927,-0.21542,0.034707,1.0453,0.65767,-0.74457,0.79341,-0.17772,-0.078771,0.14296,-0.24162,-0.078026,-0.073365,-0.0020472,0.00088359,9.3206e-15,5.2198e-18
-58.734,14.506,59.557,51.875,130.8,39.161,-21.09,19.967,1.7208,25.776,3.4495,-22.094,-9.9726,4.2145,5.6404,-7.2018,5.2178,-2.9129,2.2037,14.332,-5.3898,-7.0871,18.922,7.8718,-4.8668,0.29754,6.4548,0.98456,-0.64148,-0.49726,0.033189,2.9485,-5.0255,1.5902,-2.2414,0.57305,0.91366,-0.5332,0.58503,-1.2611,-0.08481,0.23314,1.4592,0.55982,-0.4127,-0.58601,-0.080716,0.31013,-0.058346,-0.00092965,-0.091609,-0.025852,-0.0053909,-1.5542e-14,-1.2366e-14
-37.826,-49.18,11.357,118.52,74.888,54.796,-7.1261,21.378,-1.2349,-7.1821,-4.992,7.5272,17.584,-13.987,-3.4849,27.121,-4.2123,4.3707,18.89,2.6855,-15.35,-6.5625,-0.94936,-4.0448,5.01,5.8602,1.8722,1.4148,0.33581,-0.74505,0.33187,0.26079,-1.6799,-5.0659,1.6394,-0.59811,3.5697,-5.0674,0.35124,-1.0426,0.9061,-0.069502,0.30542,-0.99468,0.72403,-0.42067,-0.32391,-0.25698,-0.040183,-0.028317,0.057529,0.004977,-0.003879,-8.3425e-15,-1.0233e-14
-30.78,-2.6189,6.12,57.967,1.5982,50.976,-50.842,15.493,-8.2636,2.9042,-6.962,-8.4177,-2.1647,-16.548,10.011,-1.9757,8.7496,6.9792,-8.2004,-6.5168,1.0603,1.4295,-3.8483,-12.493,0.78022,4.1282,6.4549,-0.99815,-1.5319,-3.6117,2.6538,3.3215,1.81,0.492,-4.5719,-1.6339,1.1819,1.0502,-1.5737,-0.26345,0.079854,-0.68986,-0.045689,0.57562,-0.28207,0.56746,0.15369,-0.055382,-0.026884,-0.0061878,0.063877,-0.0077164,-0.0011403,-1.8979e-15,7.2035e-15
-23.325,-52.883,58.719,13.101,7.775,12.636,-16.549,-9.837,3.8227,-1.9252,7.1468,-12.526,-16.574,2.8477,-6.7772,-8.247,-1.5769,-0.30642,1.7491,3.8172,-0.22702,-0.66646,11.152,-3.2069,3.2676,2.2457,1.6178,-3.4285,-0.46366,0.58364,3.4826,-0.087449,-2.1164,1.9858,0.36725,0.29293,1.1874,2.151,0.57999,-0.5207,-0.52299,0.0034921,0.15123,0.29046,-0.094679,0.29845,0.15827,-0.49164,0.096271,0.01015,-0.0851,-0.032341,0.0038344,-2.0419e-14,-1.0773e-14
-51.558,-20.79,33.915,122.63,63.967,17.944,-33.673,5.0057,12.949,-10.257,-3.4577,-11.443,-0.85436,-8.8642,2.9659,-6.023,14.649,-19.992,-0.48717,-8.1728,-2.0785,-4.4698,-7.7491,4.6598,6.3433,-5.8855,2.6057,-1.2997,2.6859,0.36851,-1.8084,-2.7542,-0.89046,-3.3275,1.4953,-0.87229,-4.3116,1.6083,0.75147,-0.096983,-0.35985,0.40198,0.030597,0.19688,-0.14909,-0.28477,0.25938,0.14882,0.16319,0.2182,0.10156,-0.038341,0.024852,5.0983e-15,9.0726e-15
-115.89,12.795,29.094,16.754,58.998,62.48,-58.206,-3.5321,-2.3834,-6.253,-18.439,9.023,0.86355,7.9863,-1.1465,7.0844,-0.46167,-0.23174,6.1682,0.13081,7.5302,7.3422,-7.105,5.5444,5.6209,-6.3894,6.7408,-2.0225,0.35198,0.33463,-2.3273,-3.4013,-1.5996,1.0851,-2.5074,1.7979,-3.0727,0.8195,0.48539,0.051201,-0.14364,-1.6885,0.18763,-0.38982,0.37156,-0.25484,0.17999,-0.14937,-0.093067,-0.058052,-0.028182,-0.025137,-0.00018633,1.2308e-15,2.4155e-15
-93.813,15.867,-35.871,-12.562,50.061,25.521,-36.413,1.393,-11.255,-2.7929,-4.5518,6.7732,3.1283,-1.7776,-8.0565,6.7172,-3.2812,-2.6314,3.3878,2.642,10.93,3.5263,-2.8676,-3.0496,-0.48815,5.0175,1.4499,1.8619,7.2224,2.898,3.1237,2.9226,-5.126,2.7692,-3.5664,-0.82696,3.3026,-0.96123,-0.036902,1.0502,-0.21992,0.68649,0.86773,-0.51434,-0.22027,0.23188,-0.38147,0.032023,0.028507,0.088572,-0.061784,0.053304,0.0042409,5.3355e-15,-8.7181e-16
-99.855,60.337,-54.17,2.7508,76.057,31.539,-21.747,-8.5404,1.1785,0.67445,-4.8292,3.8446,-2.7536,0.011119,-5.1067,-25.119,-2.7148,15.948,0.53374,0.061968,-7.0916,5.5991,-3.5985,0.13519,4.2008,-8.1243,-6.8152,-1.0848,-2.9741,1.6432,-2.4676,0.8333,-1.8632,-2.412,-2.5094,2.001,-1.4405,0.10196,-0.31478,0.17222,-1.6098,0.88891,0.91183,0.13216,-0.27733,-0.053074,0.086814,-0.36393,0.072574,0.011223,-0.013886,-0.015332,-0.0012489,3.9744e-15,6.8321e-15
-71.77,98.918,-32.381,-36.867,37.079,1.1974,-29.593,-21.901,5.1155,-13.954,-9.4953,4.1569,-2.1438,0.40449,-7.6365,5.5336,2.2873,-7.5564,-1.139,-0.4283,1.7143,-3.7157,-3.439,7.3752,5.0944,2.063,0.90528,11.934,2.3045,1.9857,8.6609,4.2103,-2.2775,-3.6195,-0.017282,-0.61748,-0.29817,0.49271,-0.9427,-0.048154,-0.35033,1.4895,0.46081,-0.12469,-0.40406,0.52297,0.10808,-0.01278,-0.071371,-0.070465,-0.0032997,-0.041955,-0.0054613,-1.8524e-15,9.1115e-15
-86.587,-35.701,-9.605,28.779,-1.3261,35.06,-27.489,10.373,16.647,9.9922,21.599,7.5644,15.644,17.635,-18.21,11.481,1.2444,-1.628,-15.169,-4.054,-7.2948,5.6939,-7.1872,2.2093,4.0153,-5.7414,-3.1794,2.0735,0.43036,-1.6035,1.5774,1.8315,-1.3994,4.3329,-2.568,-0.38473,-1.5972,-1.4414,-0.41154,-0.085844,0.062769,-0.22231,-0.80655,-0.04378,0.23624,-0.037776,0.081319,-0.39208,0.046413,-0.057526,0.083194,0.1027,-0.0011307,7.0751e-15,1.3746e-15
-75.819,-83.892,-18.422,29.427,14.491,36.061,0.80071,3.3767,11.492,12.572,16.651,-6.1711,8.9739,6.5402,-13.326,14.9,6.9407,-1.2481,-16.783,7.3188,-5.8305,13.343,5.748,3.6606,-1.083,-5.1657,-2.324,-1.4108,4.6599,3.078,0.87762,-2.8654,0.89014,-0.39729,2.3404,-0.84208,-1.6642,1.8279,-1.3409,0.77567,0.88628,1.0407,-0.37194,0.24999,-0.35666,-0.18785,0.12774,0.35613,0.064233,-0.18091,0.09525,0.049004,-0.0020062,-5.4859e-15,-3.255e-15
-76.033,-105.23,-45.067,23.552,-30.498,37.679,-24.975,-10.63,-0.11975,-5.3191,-6.866,-5.6273,2.7249,-7.4338,6.8835,12.213,-1.101,6.3311,2.9096,-4.5783,1.5465,-0.5034,-2.3055,4.0389,-1.7738,-5.9404,7.0409,-0.11196,0.79693,3.556,0.1188,-3.876,-2.1017,1.2905,2.5848,3.393,-0.54184,0.93225,1.8752,0.36396,-0.75637,-0.24351,0.29475,-0.46187,-0.15015,0.51203,-0.27388,-0.18296,0.096446,0.0056823,-0.022051,-0.011703,0.0018299,-1.0121e-14,-9.7864e-15
-111.86,-0.78406,-14.36,2.6439,52.85,51.301,4.2638,6.4872,9.6362,12.96,-4.5479,-21.045,8.852,28.937,10.59,-10.565,-4.1252,-4.0915,8.0253,3.0912,-3.562,-5.6869,-10.172,16.061,-0.94358,1.6797,3.1838,0.17973,1.1993,3.1472,3.4048,1.1092,0.89427,-1.6969,-1.1483,-0.93572,3.7388,-0.26516,0.8703,-0.25452,-0.95289,0.64467,-0.22423,0.10364,0.35865,0.15386,-0.11741,0.21,-0.1394,0.038176,-0.079663,-0.08842,-0.0071178,3.7026e-15,-2.1541e-15
-69.631,88.59,-43.038,60.849,44.85,23.364,-21.417,-1.8243,9.2968,4.001,-2.336,1.8452,0.089379,-8.2072,-8.882,-21.357,-0.37651,12.044,5.7629,-2.8697,-11.585,1.0288,-0.27624,-7.8019,-1.0485,4.5774,-2.0683,5.0696,-0.77464,0.21755,0.081023,-3.3144,1.207,-4.9417,0.035877,-0.41711,0.41303,0.84984,-1.397,-1.176,-1.2814,-0.53173,-1.6707,0.15597,-0.22057,-0.28797,0.81051,0.15417,0.004563,-0.10091,-0.038938,-0.062345,-0.0065096,-1.1355e-16,-5.977e-15
-74.976,-25.162,-22.702,2.0565,-1.4438,-5.4452,-38.726,27.484,10.666,-7.9763,3.8654,10.756,-0.50265,-1.0256,1.7686,0.523,5.2212,7.4427,7.2863,-0.85876,5.0461,-6.774,4.2228,7.6769,-5.0807,1.5629,-0.6464,-0.14293,-0.56049,2.3291,1.0877,-2.9028,5.6352,-5.6452,0.95304,3.1398,-3.4404,-0.72844,0.73329,-0.60805,1.2809,0.46786,-0.090646,-0.20509,-0.063251,0.18461,-0.37559,-0.36806,-0.079132,-0.14035,0.084383,-0.053192,-0.0044415,3.6794e-15,7.5559e-16
-82.941,-36.505,-25.625,5.6491,43.794,-4.5969,-19.478,-16.598,2.1087,-1.7421,9.9162,-10.035,-4.8793,10.808,-3.6896,0.31337,-1.7918,-14.284,6.9599,0.88895,1.6157,-8.1491,0.20533,0.071382,0.84933,3.7956,-0.93507,4.1874,3.1319,-1.8467,0.6761,-1.9901,4.3351,-4.3613,-0.90748,-0.62922,-0.12796,-3.2142,0.22797,-0.068184,0.24489,-0.39873,-0.49989,0.2292,-0.34136,0.17432,-0.10757,-0.0054553,0.1604,-0.091567,-0.080725,0.0002146,-0.0088457,-5.2273e-15,8.365e-15
-99.768,0.47866,2.5451,-24.761,9.7017,78.653,-51.574,9.0509,-3.703,10.305,-0.4065,4.2852,9.0927,-16.547,4.5295,-2.4661,7.4382,7.4545,-0.87696,5.6859,3.8372,-1.5958,10.812,-9.166,0.011418,4.4877,-2.9264,5.5864,1.1824,-2.5889,-2.6243,-2.6222,1.0511,1.4435,1.9254,1.7738,0.51217,0.9977,0.80626,1.418,1.0561,0.10627,-0.34763,-0.65062,-0.18886,0.25364,-0.073043,0.31854,0.20442,-0.057489,-0.0056691,0.040632,-8.8074e-05,6.3778e-15,4.5818e-15
-76.668,25.748,-50.922,37.318,68.009,21.87,-17.551,-9.3456,4.5182,-5.8802,8.8123,3.3324,3.4053,5.8565,0.68487,0.5538,2.0904,-10.94,6.9771,5.2538,3.4745,-1.7704,3.1849,-0.95626,-5.4368,0.50494,-0.99781,-1.067,-4.8766,1.5303,2.0655,-2.9014,-0.69018,2.8595,1.046,-3.244,2.7387,-0.57287,-1.0472,-1.6558,-0.41236,0.64119,-0.13888,0.81093,-0.10087,-0.17747,0.60067,0.0008203,0.2016,0.1178,0.24468,0.00085524,0.026654,-6.8749e-16,-1.5066e-15
