-16.276,70.853,-59.151,111.48,-49.112,2.7447,-9.555,0.6337,6.699,0.31758,-12.154,-1.7024,-6.3043,17.655,-5.3948,6.78,5.4653,2.3803,10.161,-3.5422,6.6136,-2.3019,0.19049,-2.8679,2.0421,-2.3524,-2.8706,-6.2349,-1.2371,-2.4686,-2.7555,4.3114,-0.48876,2.605,0.35369,-2.0904,-0.20695,-0.77275,0.25401,-1.912,-0.0059929,-1.3611,-1.1228,-0.48347,-0.33652,-0.40208,-0.054669,0.076629,-0.16821,-0.087027,-0.057265,-0.016992,0.0013504,-3.774e-15,5.9874e-14
-58.367,-20.074,-74.265,116.33,-25.543,13.267,-23.275,24.006,4.3148,-1.448,-13.864,-0.13125,-16.141,-3.8515,-7.499,7.0582,2.8019,7.2597,2.9331,-12.697,-3.729,10.077,8.5417,-0.21171,1.7768,-0.45531,1.3148,4.7796,-1.0162,1.5502,-2.7788,0.74877,-0.16267,-0.74646,-1.5053,-0.95997,-0.14951,-0.96566,-0.71308,-0.46463,0.70213,-0.47203,-0.51352,0.13569,0.0071791,-0.51035,-0.12656,0.047149,-0.010615,-0.029886,0.047272,-0.023304,0.0044711,3.8531e-14,-8.4079e-15
65.775,77.042,-76.672,123.31,-59.337,-11.982,-36.68,-21.108,17.131,5.3404,-13.708,-9.1743,11.779,26.054,8.9272,9.7852,-4.2305,12.47,-1.7118,-1.244,4.9009,-8.5703,5.583,1.2823,-2.1154,-0.2912,-4.2759,-0.21151,-0.73789,-1.5221,-6.8919,-3.0491,2.3394,1.3054,-0.88808,-1.6152,-2.2002,0.57588,1.3939,-3.6213,4.3944,0.025902,-0.50375,-1.4065,0.6734,0.47022,0.14745,-0.031436,-0.043782,-0.11134,-0.01714,-0.08683,-0.0021151,-1.0303e-14,7.734e-15
-119.32,49.394,-104.46,142.73,-71.646,12.944,-24.295,7.8548,-17.239,4.8389,-13.234,0.79761,-3.1527,-0.64764,2.6427,-4.6516,-6.6149,1.2685,1.8553,-6.4805,-0.0014321,9.6172,1.4972,2.2811,1.5299,-8.8737,0.90307,9.8141,0.25198,1.4156,-1.4656,-1.9414,0.21834,-2.7296,-1.5996,-1.4545,-0.74627,-0.54392,-0.89337,-0.53628,-0.22242,0.51547,0.17439,1.0862,0.090793,-0.048847,-0.10348,0.032903,-0.071973,-0.23865,-0.0059774,0.041858,0.0040096,-1.2837e-14,1.0431e-14
10.225,-6.6385,-76.172,147.27,-82.452,-36.703,-0.86974,-13.075,18.639,-3.8647,14.921,-0.42197,8.7154,-1.4008,8.0746,12.926,7.9075,-2.4028,-8.0021,-0.86333,16.236,-3.7563,15.302,-2.2617,-2.0729,6.3289,7.4857,5.1559,-3.7993,4.1561,-5.5949,2.9615,0.21109,0.18841,-1.9485,-3.9293,-1.32,-0.69808,-0.26603,-0.28599,2.378,-0.076309,-0.45974,-0.30883,0.67072,0.09708,0.049986,0.097457,-0.15698,-0.034403,-0.037279,-0.042804,0.0028666,-4.7749e-15,2.5994e-14
-67.808,21.012,-54.438,19.277,-33.997,-7.4066,-20.155,-0.54518,4.5016,-26.149,3.3949,9.206,-29.344,-16.464,-1.9411,-14.292,-24.042,-4.2523,1.6141,7.3741,1.0087,-8.1968,-0.14325,4.6976,2.5095,-5.7305,-11.85,-3.0955,-3.105,1.3384,-0.18991,-0.38093,1.1397,-0.69179,1.5467,-1.2272,-0.52771,0.28346,1.8845,0.13498,0.59565,-0.18174,-0.28721,-0.093744,0.13305,0.47225,-0.097171,-0.15554,-0.031093,-0.18717,0.018562,-0.0056086,0.0036068,1.1847e-14,-4.6244e-15
58.133,120.71,-45.893,9.1585,-93.567,46.235,-24.265,-21.495,-38.911,2.8782,-4.3452,-11.767,10.288,-30.337,-9.9328,-16.779,3.7764,4.1427,10.261,8.2595,-1.0984,-0.086107,9.0709,-0.86935,-2.3483,-9.3603,2.3376,-4.1827,7.1544,4.6635,1.1532,3.6052,0.83845,0.13469,-2.3763,3.4261,2.431,1.9447,-2.5697,-0.79518,1.548,-1.4284,0.65226,-1.1381,-0.6118,-1.5369,-0.17878,0.014172,0.08048,0.0044629,0.092671,-0.072455,0.0021095,-1.3107e-14,-8.1611e-15
103.02,119.04,-109.8,12.073,4.5795,-16.317,-15.229,25.607,2.0588,-6.4951,4.7491,-5.7639,9.7268,17.75,8.6736,-8.5083,-2.2204,-7.6291,5.7469,-9.9799,-6.9723,5.697,8.2387,-2.006,0.036689,-2.2138,-2.1694,-0.18397,-0.31693,-0.085937,0.28222,1.5687,1.902,-0.53489,-0.55463,-7.5938,-1.7958,-6.2814,1.7343,6.9373,4.201,-1.3046,-0.13295,0.059396,-0.76575,0.37101,-0.045543,-0.064757,0.048868,-0.050702,0.1367,-0.11997,-0.0011245,5.6524e-15,-2.6775e-14
-58.446,22.677,-53.546,119.7,-71.758,36.227,-33.923,-26.461,-2.9487,-4.9772,-22.09,-2.5977,-12.631,-8.3084,19.077,44.23,31.448,-0.39096,-8.0339,4.15,-11.632,-8.9273,4.4042,1.4892,-2.6779,-6.8433,9.9455,3.0239,-8.0779,3.7266,12.8,3.8129,1.6945,-4.4401,4.6908,1.2146,2.0165,-4.212,0.87187,-1.9757,-0.23708,-0.45163,1.1171,1.2925,0.05677,-0.012535,-0.01354,-0.12818,0.065456,-0.096769,-0.12073,0.082653,0.0063157,-1.9142e-14,-1.1488e-14
92.037,183.17,-83.937,18.715,-38.495,-37.694,-30.933,-33.697,19.444,21.384,0.12645,-13.007,17.723,-25.595,-8.3564,-6.9678,1.6464,12.849,11.657,1.7595,-1.0768,1.4055,-6.509,-1.9777,8.796,-0.36513,4.5014,-2.1049,-2.9004,1.4393,0.51406,-2.7935,4.1635,1.5305,-0.23153,0.86681,1.4366,1.6033,-2.4362,-1.6227,-0.43329,-1.1081,-0.8224,0.18176,-0.34999,-0.041638,0.031661,0.058232,-0.23662,-0.076653,0.020176,-0.043666,-0.0071734,-2.4959e-14,1.0342e-14
-110.85,37.854,-28.016,66.628,-5.3293,67.189,-4.2738,-12.74,-8.9808,-29.623,-21.152,-7.0019,19.552,-0.55858,25.488,-22.96,-11.374,9.259,-18.388,2.2261,-13.068,3.2172,1.3291,9.9674,-3.312,8.1566,4.5306,4.4068,-0.97291,-2.4402,-0.40677,-4.2534,2.0089,-0.15506,-0.44123,-0.81643,4.0758,-0.29048,0.19459,-1.157,1.0133,-0.41088,-0.26443,0.09246,-0.10121,-0.18873,-0.1722,-0.11124,-0.10251,0.083405,0.14803,-0.08878,0.0046428,1.4027e-14,2.0108e-14
-128,80.943,7.5774,121.19,-70.313,-68.304,-11.906,3.9349,-7.9734,2.5434,-6.7148,-10.278,-19.939,-2.3603,-3.6972,9.5026,-2.7427,-6.8612,2.8881,-10.366,-10.604,1.9355,4.0836,-1.8516,6.6974,-1.8753,4.0697,1.5413,-0.23018,-3.223,2.0095,3.6428,2.3527,-1.3787,-0.13573,1.9149,-0.94112,-1.846,-0.62491,-0.69351,-1.4553,-1.0635,-0.42207,0.1243,0.31746,0.15956,-0.19094,0.1598,-0.10802,-0.12139,0.061289,-0.12253,0.0026583,-4.5022e-15,3.0108e-14
-52.519,135.1,-71.283,73.407,19.368,-41.6,-8.0497,7.1743,3.4287,4.4759,2.5905,-14.817,8.1377,4.2067,-9.7095,-2.477,3.6334,-1.3939,3.26,-7.0549,-2.0827,0.68032,-1.198,1.6312,5.3285,-0.02848,0.75454,1.7413,-0.077124,-2.8408,0.084575,-2.5717,0.97811,1.0407,0.66856,4.6352,-1.5332,-0.63996,-3.3975,1.287,-1.8321,0.14062,1.5307,-0.54967,0.6311,-0.27488,0.16041,0.1111,-0.13877,-0.22569,0.01977,-0.056111,0.0044298,-4.4411e-14,-1.095e-13
-85.266,55.805,-69.033,55.897,-85.775,92.76,12.972,1.8129,17.408,-0.25144,1.5292,-3.9495,13.594,-0.69608,-9.3107,-4.127,-7.7578,-4.8312,24.332,14.782,-8.697,0.84196,0.92578,-2.3103,-5.6828,-1.3001,1.9017,4.1694,-0.71211,7.9723,-6.047,2.7488,-2.5066,-2.0572,2.7632,4.45,1.8354,2.0977,6.1438,0.81502,1.7328,-1.981,2.5684,0.31624,0.93033,-1.0799,1.0479,-0.37646,0.13658,-0.14663,0.0082076,-0.10483,-0.010041,-1.3294e-14,-2.4513e-14
-106.5,-34.708,15.065,-10.414,-107.95,-55.805,10.342,-21.502,8.6766,-19.992,7.6637,-13.463,0.90472,-18.44,-15.047,8.8684,9.3127,6.606,1.0683,-16.396,5.467,3.3309,0.96519,-0.93291,3.4725,-2.8703,6.4639,-1.4193,-0.25234,-2.3629,-0.67021,4.9753,-1.4252,-0.24826,-3.7888,-0.19997,1.0078,-0.053871,0.47452,0.41114,-1.5727,0.25266,0.38166,0.15078,0.34482,0.40201,-0.018543,0.013056,-0.082968,-0.047969,0.065359,-0.11621,0.0067751,-1.3288e-14,-6.9757e-14
-112.54,120.53,-40.816,24.516,-26.694,-23.549,7.7701,-14.138,8.205,13.601,-5.2953,2.46,-3.286,-11.38,-11.604,-5.9007,-8.2254,-2.9952,-2.6874,-5.7133,-9.2471,1.8094,1.814,11.362,0.17897,0.71569,6.8748,2.4951,-0.97641,-5.109,-1.0566,-0.75918,-0.89482,-1.8303,1.1134,1.0826,2.0499,1.5747,-2.255,0.43722,-2.1286,-1.8823,0.1858,-0.55964,0.54276,0.13248,-0.10386,0.037132,-0.18766,-0.089496,0.089815,-0.07156,-0.00046283,2.3019e-14,4.0316e-15
78.969,161.7,-84.711,72.07,-32.442,3.2287,-10.912,15.332,-27.863,0.79706,2.339,0.44839,-9.535,10.815,8.741,-1.7947,1.2625,-6.9555,-0.34347,0.39621,-15.684,-7.6361,-8.1169,-19.644,6.7594,0.66842,3.6614,-4.6547,-5.72,1.6479,7.9376,-5.6279,-7.8605,-0.50561,-5.2711,0.69056,-1.7679,-0.40413,-1.2372,-1.1789,2.1852,0.12668,1.7289,-0.59831,-0.79138,0.017888,-0.2328,-0.098651,-0.2378,0.051364,0.15697,-0.17486,0.0017085,3.564e-14,1.7425e-15
45.564,75.214,-96.467,18.988,-68.83,106.9,21.062,27.068,4.7124,-5.781,-4.8434,-0.72967,-14.169,-2.517,-10.811,-1.4321,3.7737,-2.6455,-1.274,3.0036,0.058884,-1.5934,1.356,3.7296,-3.6308,-3.7647,2.301,14.478,19.099,-6.116,6.1477,0.56206,-0.24211,-1.4969,-0.25235,0.62025,-2.1159,2.4949,-2.039,1.1818,2.1014,-0.99347,0.82348,-0.67154,0.13679,2.8782,-0.22067,-0.1412,-0.29606,0.035889,0.093599,-0.058218,0.0019094,-4.3229e-14,1.9867e-14
-127.11,56.905,-19.088,166.36,-65.125,-26.923,-10.666,-2.9529,12.448,-3.521,11.088,3.1741,-3.2814,4.4827,-1.7519,-16.66,-11.631,-14.261,1.5954,21.2,3.4457,5.1253,7.1309,2.5064,3.5714,7.0899,9.4056,0.77189,5.8108,-4.2586,0.65872,-1.0753,5.1793,-1.4364,-1.7129,-1.2251,5.1742,1.1366,1.1448,0.77705,-1.0698,-3.903,6.4485,-2.9992,-1.869,0.26997,-0.37184,0.21137,0.20421,-0.053174,-0.12978,0.19598,-0.000909,8.0664e-15,1.3777e-14
-272.77,-57.566,47.492,-127.93,1.4826,-50.46,23.585,5.195,-0.90605,2.7663,-0.53036,4.0043,0.091663,2.6114,11.294,-21.545,2.1935,-0.99758,-6.1292,-0.40094,-2.0952,-5.0265,0.98844,-1.0301,7.2874,-3.9158,-5.8959,-2.3592,0.11089,2.7516,-1.3389,3.9084,-0.002752,0.012882,-0.17483,0.46282,-0.44863,0.09948,0.080368,-1.883,0.58535,0.12329,0.84778,-0.2195,0.31292,-0.28592,0.18501,0.064945,-0.092902,0.15398,-0.037838,-0.072277,0.010318,2.5746e-14,-2.2247e-14
-325.28,-5.0814,-47.03,-70.325,1.9969,-44.091,-9.951,4.3922,-3.7601,-15.261,-5.7296,-3.3002,8.9616,1.8237,-1.507,-3.1899,-1.482,-1.0601,-0.15373,-10.03,-1.5475,2.9052,2.6039,0.94582,7.4001,2.4201,-2.0394,-0.027014,-0.030138,1.1563,-0.70048,-0.95256,0.449,-0.68923,0.40487,1.1845,0.80102,2.3116,1.533,-0.30782,1.2787,-3.3484,-1.2128,0.38408,-0.2752,-0.0095236,-0.42508,-0.085914,0.081641,0.14314,-0.090856,0.057567,0.0018481,2.178e-14,1.538e-14
136.23,-207.82,-167.45,34.302,92.911,44.046,-5.0113,17.181,20.74,-17.235,9.1773,19.048,14.717,1.9554,-6.5955,-14.859,2.9714,0.63986,-2.7781,0.13722,3.1618,-7.939,-9.8649,-7.0139,2.8545,-6.6615,-1.4238,-0.64187,-3.9804,0.34015,1.5859,-3.7699,2.5582,-0.88647,0.55535,0.74786,0.75711,2.6756,0.39344,-1.0511,1.5175,1.0547,0.51179,1.217,-0.14252,-0.64041,-0.24184,-0.017919,-0.11295,0.032439,0.039221,-0.10338,0.0061435,-8.5326e-14,1.7406e-14
-127.75,-54.004,-92.72,-50.115,-8.3536,-56.838,-5.7127,6.3883,9.7682,-21.95,10.204,15.632,6.5712,-12.729,5.7829,13.491,5.6347,-3.4855,-0.7758,4.0489,-11.409,16.883,-9.9657,12.628,-12.401,-3.6255,-14.05,0.26623,-1.5753,-1.8777,2.5205,-1.4449,-5.6123,-2.8861,-0.1548,-2.7838,0.7004,0.69808,-2.0363,-1.9505,-0.48035,0.041185,1.2916,1.7613,-0.60362,0.0067869,-0.16509,-0.42138,0.016046,0.12719,0.045141,0.11875,-0.00072538,-2.6288e-14,2.5978e-14
-165.49,-50.047,-54.866,-51.465,26.062,-54.043,-5.6343,14.143,11.968,4.5083,-8.4984,4.6743,4.6993,-8.9596,-1.9439,-3.2501,2.1671,-1.1332,2.1469,-9.129,-4.6336,5.5485,0.23297,-6.933,-6.6591,3.764,-0.32032,5.0403,-0.5518,0.16026,-1.6757,2.2497,-2.3486,1.6517,1.7002,8.6356,-2.1463,9.5933,12.287,-0.44133,4.4098,-3.1444,0.1371,1.3855,-0.15559,0.72282,0.71116,0.19519,-0.026096,0.025426,0.12993,0.14068,0.012789,8.8043e-15,3.456e-14
-211.54,-58.403,12.378,-158.66,-77.195,-52.5,58.72,-9.7958,-17.65,-28.541,10.523,-9.9522,9.2948,-7.1878,-19.987,13.387,11.093,11.279,6.8939,-8.1052,0.44631,-2.5001,3.3464,0.15647,-2.7918,1.2241,13.549,5.1586,2.6162,-1.5418,-1.1853,2.1111,-1.0396,-0.30248,0.12257,-0.59526,0.65394,0.56478,-1.142,0.71576,1.4566,0.81663,-0.11252,-0.53982,0.11105,0.18047,0.038087,-0.14869,-0.009426,0.15807,-0.022475,-0.074855,0.001483,2.9608e-14,-7.248e-15
-4.1785,-77.862,-51.763,-12.311,59.304,-42.557,-10.902,24.639,7.7121,13.03,-4.3417,5.7519,2.8623,11.287,-5.7735,-15.715,8.6007,-2.2562,0.75432,-1.4051,-3.5111,-5.2601,-0.9881,-1.1162,7.0516,-5.3457,0.62832,0.070643,-0.97444,2.526,-0.78193,-1.3387,2.9022,-0.93588,-1.2084,-0.034794,0.036776,-0.70062,-2.0176,-1.252,0.98953,-0.82468,-0.036235,0.50334,0.046193,0.19351,0.20119,-0.0284,0.044278,0.13205,-0.16774,0.096547,0.0013202,-3.1553e-14,-1.7635e-14
-205.38,8.1031,39.332,-102.61,50.082,-47.437,-21.604,3.2906,5.2707,12.021,-5.6166,-11.695,-0.60185,3.868,1.089,8.0323,-4.2495,-13.126,4.2296,4.255,12.229,-14.892,-0.38134,6.2117,0.60781,-2.4329,-0.83193,-4.0822,-1.0046,0.24232,0.24287,-8.3209,-1.443,4.4913,-1.1913,-1.2924,-3.0132,2.1802,0.85792,-0.26925,2.0242,-1.4089,0.96171,-0.84617,0.91041,-0.15107,-0.21139,-0.035529,-0.089028,0.21523,-0.043761,-0.026781,0.0027365,-4.1191e-14,-2.4641e-14
-190.88,-45.055,-41.631,-107.32,48.337,-8.196,1.0765,8.7383,2.9284,9.0285,-4.1131,8.6462,2.5298,2.2294,-4.018,-6.2047,-8.4023,-4.5183,8.2881,5.3867,-2.4713,-2.0825,0.33153,2.1036,5.6458,-0.99629,-1.746,-2.9994,-2.2923,-2.4689,0.99481,-0.27645,1.7068,-1.9854,-0.083375,-0.39061,0.072958,-0.094589,-2.1056,0.20477,-1.9859,-1.3015,-0.69395,0.35484,0.12683,0.44361,0.045056,-0.027933,-0.00016992,0.25975,0.024017,-0.079981,0.00027946,4.5081e-14,2.8471e-14
-242.3,-16.539,-21.356,-78.188,-4.014,-58.595,-15.112,12.307,-0.55223,9.03,6.4369,-2.3157,-3.6205,-4.4795,-4.5719,-1.6338,3.2433,1.769,-5.8984,0.55604,7.2204,-7.5028,-1.3387,-2.6331,-4.3857,9.2888,-0.55937,2.1535,-1.0816,-2.5785,-3.6074,1.074,2.7176,0.85463,-3.2872,1.7914,2.0045,-0.60012,0.78686,-1.8018,3.8787,-0.89248,-0.47939,0.093651,0.077187,0.36354,-0.22348,-0.044463,-0.079293,0.21578,-0.090323,-0.025205,-0.0015703,-2.4003e-14,-2.984e-14
-179.2,-103.25,48.907,-111.81,22.753,-37.085,-5.194,26.778,-16.218,26.47,-0.51527,0.81255,6.9649,-2.4654,-13.027,1.9578,-9.153,6.3418,-8.9772,2.8346,-2.3599,-0.01336,0.8247,2.1481,-2.5035,-4.4951,4.7533,2.1764,-2.2493,-2.8179,0.21104,4.1791,0.47938,-1.8909,-3.4608,1.3273,-1.4398,-0.73481,0.7068,-0.14835,-0.48405,-0.015037,0.51219,-0.63625,0.3586,-0.50251,0.068071,0.018019,0.14129,0.10727,-0.054068,0.0051894,0.0043985,-4.6495e-14,2.1015e-14
-240.76,-10.661,-90.075,-76.715,18.425,-51.738,-11.573,18.487,4.7154,0.593,-14.678,7.2064,-9.6228,-11.127,0.13149,-10.924,-1.7721,3.5494,-0.50233,2.7101,1.6909,-3.6723,-11.651,-5.0012,-14.157,4.5308,-0.55668,1.6752,-0.52127,-3.0959,-1.2153,2.649,5.6816,-2.3335,0.8579,0.56248,-0.23031,-1.046,-0.66972,-1.7664,-0.348,1.1964,0.51424,-0.021827,0.196,0.019942,0.11103,0.037596,-0.057207,0.056373,-0.034523,-0.05149,-0.003605,4.4284e-14,1.806e-14
-264.84,-16.563,-42.792,-104.22,24.462,-50.045,4.4341,13.973,-3.7981,-7.4525,-6.4355,-3.9675,3.6308,-2.2756,-0.094685,-5.361,-14.63,5.1862,-7.9653,5.3586,0.070693,-2.1897,0.95768,0.57043,3.1714,-10.914,-0.63549,0.61788,0.61856,1.6613,1.2455,-4.0045,-0.11274,0.34874,1.9533,-1.9082,0.14297,0.51106,0.42447,1.5225,2.1016,0.507,0.64539,-0.54675,0.34358,0.16046,-0.034745,-0.030204,-0.0062304,0.0045998,-0.015221,-0.009298,-0.0023312,2.5719e-14,-1.4209e-14
-157.25,-108.58,58.699,-157.78,-17.015,-57.574,12.853,13.25,12.566,11.922,-15.269,-0.38308,1.7529,14.219,-1.2266,-7.5999,-4.0957,0.26921,-7.8128,5.8554,1.02,-1.8508,-3.478,2.7251,3.6836,-12.863,5.1478,0.42155,3.6377,2.5028,0.10948,-3.4182,-1.2261,-0.88378,3.7308,-1.4719,0.24036,0.28141,-0.053577,0.884,0.48012,0.52182,1.6072,0.77521,0.015858,-0.41991,-0.14206,0.015322,0.11288,0.10169,-0.028442,0.038845,-0.00021967,4.3115e-15,1.2417e-14
-164.33,-11.903,-179.36,2.0092,-11.474,-38.046,2.8796,3.8207,6.4355,0.062683,-11.365,-2.8124,-5.9417,-10.171,4.2261,5.0493,-2.3431,2.5691,0.95569,-7.1583,-0.91339,5.3024,-0.99696,3.9112,7.5023,1.406,4.8517,2.4223,1.4077,-1.795,2.7424,-2.4812,0.84799,-0.91791,0.95866,5.5541,-3.424,-6.0736,-1.1458,-2.6504,0.38615,-0.55941,-0.72941,-0.2783,0.49347,-0.026688,0.25226,-0.087082,0.11617,0.087054,-0.14979,0.010318,-0.00099989,1.8133e-14,9.7116e-15
-183.33,-92.005,-161.1,-18.593,4.7014,-17.163,11.801,11.659,5.025,-7.2904,3.9801,-0.18751,9.9121,0.21887,-5.5085,-1.5294,13.599,3.7404,0.05774,8.1,-9.0716,5.2181,-2.9576,4.0246,-0.53569,-10.252,-5.6276,-2.1124,-2.9037,0.49984,1.9365,0.18642,0.98959,-1.4495,-0.71216,-2.1492,-0.41509,-0.48543,-0.21467,-0.46597,0.90412,0.82778,0.018166,-0.72174,0.82213,0.4517,0.13688,-0.28331,0.080221,0.22244,0.098577,-0.079688,0.0013726,9.694e-16,-3.634e-14
-251.31,-7.4898,2.3593,-118.64,41.444,-33.998,-5.4875,12.14,0.53148,6.7209,-17.216,-4.5433,-14.465,-3.8519,3.4822,-5.9262,-4.6065,4.5479,-0.95492,0.91363,2.6997,2.7797,-6.253,-3.2967,-17.135,-0.94265,1.6165,6.4579,1.871,-0.78852,-2.7034,-0.91869,2.7649,-0.52277,3.4366,0.52027,1.3656,0.20363,-0.976,-0.77969,0.85728,-0.11039,0.55555,0.37147,0.073367,-0.76924,-0.15666,0.15094,-0.21582,0.16252,-0.040422,-0.039208,0.0014245,2.3318e-15,1.1138e-14
-269.02,-24.82,-144.34,-8.9725,7.5351,-24.81,0.45198,-5.1185,4.0879,-10.058,4.8158,6.8891,7.2096,-17.261,3.6848,5.0655,-1.5846,15.676,0.81607,-1.7844,5.2726,-8.4005,7.0225,0.11311,1.3848,-6.0766,3.7631,2.364,-2.8288,2.9222,0.45912,-1.7193,0.96222,2.0361,-2.9099,0.9253,4.005,-0.27791,3.2136,3.2294,-2.1397,1.1662,0.32413,0.54346,0.57324,0.0094375,-0.050248,-0.022276,-0.087411,0.16456,-0.042379,-0.034496,0.0038508,1.0939e-14,-2.1441e-14
-112.45,-95.697,-191.31,-34.112,42.245,-35.395,5.4343,6.2585,17.786,-9.76,25.061,9.0767,9.6055,-1.7902,2.5986,6.8884,21.589,8.391,2.5317,11.421,-5.4161,12.196,-0.25173,6.1579,2.0532,-5.0404,-3.7247,-1.0213,1.2162,-3.7759,-3.0854,-3.9922,0.62798,2.9232,-2.2881,5.0696,-3.4346,-2.9984,-1.6025,0.42887,-0.27409,0.21651,0.054981,-0.63671,0.3903,-0.19132,0.16861,-0.31769,0.008674,0.075334,-0.015319,0.029412,0.0014738,-7.2964e-15,3.3971e-14
-180.16,-57.49,-93.179,11.244,26.242,-50.953,-18.837,14.234,-2.3686,5.0332,-36.649,27.113,19.927,-4.1401,2.2505,2.5917,-4.331,-4.1613,5.7313,2.9377,1.969,2.1788,-3.9639,-3.981,-7.7278,-1.67,0.74126,-0.09438,-0.48382,-0.81496,0.21545,-1.7524,-4.6542,-7.3031,1.0954,-1.8712,2.4142,-1.3203,-4.4338,1.8127,-4.2317,-1.965,-2.009,-1.6783,0.44201,0.72059,0.42294,-0.024911,0.14879,0.1664,-0.025436,0.03972,-0.0015851,-1.3857e-14,1.4529e-14
603.14,224.52,253.74,-202.28,-27.245,8.0286,3.4732,0.93179,-0.10789,-22.631,-24.229,-1.1022,-39.685,12.45,-16.689,-4.6818,16.022,9.9604,5.7848,6.0072,5.6203,0.66591,3.7986,-3.6225,2.2046,-11.207,0.012657,18.423,-2.0388,0.084371,-2.8287,-0.11184,-3.6806,-1.4064,-0.48457,-1.2712,-2.9341,1.7689,-1.1755,-3.4511,-0.070082,-0.1676,-0.57363,-0.65597,-0.25866,-0.53086,0.034083,0.036365,0.15507,0.058824,-0.074713,0.031727,0.0060141,2.1618e-14,-8.6408e-16
43.923,140.96,-83.591,58.633,0.50253,26.198,-37.953,-21.547,32.43,3.6288,3.3152,-4.546,2.0538,-9.7481,-0.52121,0.47804,-6.0736,9.4054,11.384,-7.3699,-0.13953,7.8132,-3.5908,0.86176,5.2755,3.9345,-0.43357,-3.428,-0.65632,-1.3614,1.0015,-0.66682,0.87125,-1.3946,0.2485,3.0835,0.088119,1.9293,-2.6308,0.17456,-2.1587,0.99296,0.17323,0.51962,0.7397,-0.88726,0.30439,0.075088,-0.20302,0.17415,-0.087185,-0.0020406,-0.0003001,4.3142e-15,4.228e-15
178.45,84.455,136.24,-56.194,-80.064,16.542,-4.8447,-14.634,19.152,-29.169,12.334,-10.697,0.80148,7.3223,5.4734,-6.2555,-14.703,-2.4824,2.3238,-1.9358,-0.7205,2.8824,3.2844,-1.4031,-3.481,-1.5457,-8.6733,0.47893,-3.4412,-0.98514,-1.3536,-2.1608,-3.1391,-1.4102,3.749,-0.33012,2.6583,2.948,-1.3196,-1.1841,-2.6794,0.76195,1.2116,-0.031875,-0.087627,-0.73963,0.1579,0.084801,-0.03751,0.11598,-0.042077,-0.0068358,0.0014333,-2.3762e-14,-1.6236e-14
-210.13,111.98,-94.883,65.174,6.831,4.0224,-25.925,23.144,4.9471,-18.428,-24.215,1.2392,31.859,-0.34392,4.3823,-8.3162,6.266,-31.677,1.2546,-9.0544,1.5173,8.6862,-2.9762,6.3428,4.7515,-1.8947,5.8486,-0.7352,10.913,-0.077311,1.7941,13.369,-5.3238,15.403,4.5462,0.44502,0.98246,-0.24976,2.5193,0.59006,1.0215,3.2215,0.91772,0.37431,0.11378,0.53578,-0.10441,0.19111,-0.091301,0.18247,-0.052692,-0.0085905,-0.0068539,-1.0732e-15,9.8501e-15
92.822,139.78,19.367,184.8,-149.5,83.804,-42.42,36.818,-17.655,11.344,-5.0898,22.833,-11.833,-2.9502,-15.347,2.7344,8.1527,6.7004,4.6469,-5.7472,12.259,6.1002,-8.7309,-4.7169,3.3713,-9.2428,-2.1216,3.4822,6.8752,1.385,2.8049,3.4718,-4.6412,0.16966,2.4608,-1.9946,1.0429,-2.3616,0.83228,0.23584,-1.4951,-0.55176,-1.2711,-1.1801,0.085331,-0.44466,0.2854,0.051533,0.062606,0.24171,-0.019851,0.0027151,-0.0052585,1.8887e-14,1.106e-14
107.39,121.95,71.222,11.177,-64.003,29.306,1.5748,9.8491,-5.9663,21.698,24.603,20.517,-2.4377,-2.1833,0.82721,-8.2425,-11.492,3.0551,-6.61,-7.2903,-2.2103,0.082385,-2.4754,10.338,-4.5625,-6.1813,7.5266,-3.3318,5.0745,-2.7307,3.7397,1.8169,-0.92537,-0.60361,1.7181,-0.1735,1.0383,0.95273,-0.22961,3.0383,-1.0067,-2.6916,-1.0457,0.19404,1.1798,-0.13773,-0.066293,-0.11252,0.056704,0.05991,-0.064011,0.095593,-0.0010517,-4.5788e-14,-2.2125e-14
305.46,381.21,0.092357,5.4085,-41.584,-27.576,2.149,18.75,-6.6129,-3.9356,-4.6089,-11.661,-12.786,-8.4189,-6.1476,-4.8892,-1.9582,-1.8447,-8.2164,0.87096,1.913,-4.14,-8.8252,6.7289,0.90718,-2.9322,6.5487,-0.017817,-10.372,4.8721,-7.2336,0.48329,-6.4583,3.6012,5.7561,-1.2827,5.0893,0.51552,0.60898,-2.2236,-4.2721,-1.936,-1.4499,-0.38089,0.7618,-0.32042,-0.12081,0.11123,-0.12945,0.021115,0.031033,-0.0063637,-0.0018874,1.429e-14,3.909e-15
-7.887,107.06,-3.5839,56.501,1.5816,66.683,-14.141,-17.387,13.061,-18.853,2.1413,6.3302,5.0247,7.9115,-12.302,-16.133,8.3246,9.5054,-12.838,15.226,12.216,11.647,-3.0224,-11.582,3.1089,2.9801,0.0027567,-3.3087,-2.3263,-0.095153,-0.7315,-1.6658,-1.3629,0.84422,3.0654,6.0635,-3.5211,-0.60657,-4.3573,0.90217,0.28414,-1.2875,0.87035,1.5148,2.0154,0.93413,-0.13947,0.029726,0.16333,0.047189,0.043248,0.011264,0.0064028,4.6321e-14,-6.0307e-14
149.27,213.65,-87.406,45.085,8.6803,-6.6341,20.287,-19.853,-17.568,-8.7508,-11.473,16.562,-2.2883,24.788,9.4917,-5.0078,-4.7362,31.524,-0.57458,4.0606,-1.4061,5.6824,-0.66056,-5.6479,1.5497,-3.2186,-3.8287,-0.11165,4.9848,-7.5733,-8.6827,-4.0858,-2.7757,5.7708,0.93994,6.2901,-0.78517,-4.6188,2.5751,2.0977,0.45756,0.3554,0.36222,-0.31703,1.3803,0.25676,-0.36512,0.027753,-0.13721,-0.099519,-0.028912,-0.012424,-0.0062764,-1.4374e-15,1.2073e-14
601.96,326.43,21.006,-123.39,87.613,-26.321,9.2116,11.864,2.2453,20.867,-18.451,-5.1715,8.6203,10.252,-19.156,10,-3.2269,-0.43426,-4.5593,4.8735,-5.2489,0.69164,-3.4809,-0.37621,4.5087,13.12,-3.915,1.3717,-2.8349,-6.7597,0.77264,-0.033869,-3.6713,-4.6345,4.4933,-4.0245,0.057307,-2.865,4.6039,6.1017,-1.9251,-0.93333,0.52392,-0.49172,2.1311,0.33728,-0.34751,0.027935,0.19032,-0.054486,-0.035156,0.073085,0.004298,1.2188e-15,-2.2742e-14
474.32,273.78,-104.25,-47.614,16.357,3.7566,16.644,-12.749,10.157,-7.8764,-17.934,22.601,-14.337,35.153,-8.62,14.811,-19.073,21.731,0.93607,0.067996,1.7632,9.5454,-6.8988,-5.4188,-2.0564,-0.38535,-2.8022,-2.6412,-0.57587,2.7578,7.907,6.1934,4.9275,3.8207,-1.3153,-1.1633,-3.9676,2.8277,1.3291,-1.0515,-0.91283,-0.1361,0.49228,1.437,0.40641,-0.19441,-0.32263,-0.082349,0.15153,-0.076486,-0.0029313,-0.03492,-0.0015237,-4.2272e-14,-3.0166e-14
588.92,330.06,59.966,-190.32,105.7,31.78,40.099,63.304,-51.911,-30.257,26.939,0.029326,15.88,-12.933,17.478,-3.9602,9.909,-3.5955,-12.482,0.79479,10.144,-11.026,-3.1393,-4.7111,0.97845,1.707,-3.0278,-5.0709,-2.8815,0.34887,1.6969,4.3698,-2.8127,-3.7894,-2.5478,3.8103,4.8019,3.8895,-3.2449,0.17376,1.2958,-0.14916,-0.44597,-0.93932,1.4215,0.18623,-0.18173,-0.04748,0.099852,-0.12497,0.021412,-0.073068,0.00067254,-7.3116e-14,6.242e-14
319.38,287.47,2.6223,42.84,-33.319,-43.288,30.289,29.511,-49.76,-5.2049,14.22,6.2177,16.606,-10.18,-1.4906,9.7561,2.1199,8.2824,-3.007,0.30837,5.7925,-10.414,-14.081,-3.5331,9.7318,18.582,-8.6981,-3.6721,-0.035671,6.418,1.6422,-1.1158,3.7246,0.2349,0.67036,2.0712,3.1886,0.33585,-1.0926,-3.4828,-0.301,1.5396,2.2131,1.4865,0.4507,1.1383,0.10575,-0.14226,0.1765,-0.05988,-0.087794,0.0054887,-0.0040086,1.0416e-13,-5.1692e-16
588.61,501.82,60.303,-90.079,82.884,21.994,-13.481,-60.23,36.282,24.914,-27.698,-14.3,-0.45148,-56.381,-19.178,-16.047,25.63,10.132,-12.221,-8.4585,-1.9122,8.3564,0.56514,-7.2419,4.2912,-1.0119,1.0233,-3.4002,-2.1182,3.541,-3.2804,-3.1043,0.46761,-3.6655,-1.9034,-2.6239,-2.4375,-2.7158,2.3654,4.5495,2.8189,1.2182,1.9391,1.2123,0.13637,0.17849,-0.23082,0.070458,0.13246,0.092769,-0.021508,0.050942,-0.0060943,-1.8828e-14,1.1838e-13
574.67,450.6,182.16,26.252,-44.849,-68.642,-21.763,-32.943,19.616,5.7505,-1.2096,23.206,15.615,2.2797,-0.70203,-7.449,-15.565,4.9357,11.745,7.6595,-7.3368,-3.7977,-16.791,13.301,6.8342,11.012,4.6146,1.0063,2.6973,-0.40039,5.1755,4.8695,3.9226,7.6784,3.0278,-3.8466,0.34721,-2.5637,-1.4978,0.99516,2.5894,3.053,-1.2421,-1.1767,-1.0912,-0.57579,0.58926,-0.12804,0.10807,0.080286,0.0027628,0.065405,0.020067,-1.7551e-14,9.7154e-15
217.31,192.42,-186.83,10.871,-40.587,39.496,9.8486,62.944,-23.828,-3.8488,1.0121,-30.056,4.616,-16.847,-1.4325,-10.332,4.969,-22.215,2.0113,16.47,1.4082,-10.806,1.0522,-4.2953,0.71406,-2.1144,-4.8349,-1.4736,-4.7773,-2.8176,0.14844,6.4961,2.9993,3.1907,-2.9372,-1.1873,-2.0202,-2.5148,2.4339,1.5569,0.76311,-1.5096,-1.3768,0.2666,0.47257,-0.1908,-0.24541,-0.065968,0.21141,0.029604,-0.12992,0.1086,-0.0023559,-8.4989e-15,-4.3281e-14
384.05,367.39,-91.654,-44.065,22.603,19.358,-11.078,-2.3973,13.161,-1.0863,-28.044,44.824,32.904,6.7053,10.658,29.744,0.51115,-7.3867,-7.6657,3.3901,18.749,-21.025,8.3532,4.9547,-10.393,-10.361,-0.76111,-16.164,19.051,-11.964,-10.485,0.68449,-6.8539,-4.2031,-1.6457,-2.8262,-0.022692,-0.28202,-2.4724,-4.044,-0.96018,-1.0006,1.0831,2.3442,-1.3051,-0.35,0.23408,0.036196,0.12312,-0.062706,0.0055431,-0.020917,0.0069742,1.8482e-14,-2.1315e-14
464.05,362.91,106.77,46.507,4.5249,-56.583,1.2588,6.1943,-36.08,8.233,-32.043,-19.952,-18.885,-27.36,10.395,13.952,-4.7153,1.0684,-7.2809,2.5223,-9.5831,14.541,18.003,9.6587,-5.0708,-0.17452,-8.4339,-5.3174,13.063,7.1452,3.9595,-4.3971,4.0147,3.2366,1.2482,4.3828,-0.47025,6.1217,-2.9469,-1.1116,-0.64427,0.29313,-0.58029,0.28958,-0.50699,0.24759,0.072707,0.019229,-0.19983,0.084415,-0.023644,-0.029808,-0.0053836,-1.8057e-14,-3.0622e-14
516.12,362.05,35.724,-30.166,31.286,47.876,23.016,43.62,-22.302,4.241,12.808,13.841,9.0764,17.731,7.887,-13.142,-0.020696,-14.689,-0.67161,-9.6628,-11.417,10.485,10.324,1.0934,-10.869,-8.7412,8.8219,12.193,-19.806,-4.7788,-3.201,-0.0021129,3.0105,6.7156,-2.7463,1.5423,-0.058888,2.7235,-3.5431,-2.8467,-1.9779,0.1142,-0.16318,0.6639,-0.32307,0.42746,-0.1017,0.10062,0.19582,-0.06803,-0.070344,-0.008302,-0.0013706,8.9673e-15,2.4267e-15
-335.82,2.2989,-23.316,-62.738,-9.7275,-12.928,18.485,-6.1234,0.019299,-21.836,10.023,-19.47,2.6938,-1.0005,-2.7356,-2.283,2.0153,13.953,-0.32908,-7.3183,-4.2296,-3.0995,4.2195,5.7818,2.3588,3.0578,7.5514,2.7443,3.9516,-4.0953,0.086375,0.98478,-1.2446,-1.9,0.8806,-1.2379,0.82044,1.7309,-0.68878,0.75637,0.58927,1.0577,-0.69184,0.15116,-0.12453,-0.22347,-0.0056635,-0.086862,0.0042086,0.075033,-0.091843,0.060002,-0.0054621,1.3149e-14,-2.2859e-15
-382.79,41.886,-121.54,-14.984,22.248,27.643,-22.476,-6.9847,-1.3276,-1.153,-0.0036628,-13.795,4.1576,2.1378,-0.15083,-0.60591,-0.39967,7.727,6.5571,-0.082907,-2.6245,-5.6773,5.3032,-2.9876,4.7204,-0.06524,0.57233,-1.7245,-0.31733,-0.57136,1.9751,0.16917,0.67181,-1.5736,2.0119,0.98935,1.6495,0.32699,-1.2866,0.70463,-0.098622,0.86958,-0.60069,0.18462,-0.11573,0.049593,0.1848,0.77073,-0.073207,0.07443,0.21087,0.19985,0.010945,9.7007e-15,9.4243e-15
-285.36,-55.642,85.863,-151.66,-2.4331,-12.973,-8.4039,2.8032,-18.186,35.46,19.607,9.6505,-22.179,7.7757,-5.3553,-12.271,8.2739,-1.0654,-4.3167,-16.283,4.491,-0.98876,-8.5927,-6.3764,-8.1563,-0.59326,-0.92025,-1.0457,1.2045,-1.0209,-0.9396,4.3705,1.2714,-1.1063,1.4956,1.7766,0.85089,-1.4745,-0.23551,0.19674,-0.51722,0.070479,-0.20408,-0.45906,-0.74514,-0.21286,0.015489,0.13165,-0.0053814,-0.029881,-0.11393,0.012072,-0.00043611,-1.6982e-14,-6.696e-15
-380.26,64.706,-119.54,-18.742,9.4851,11.481,-13.898,0.9878,-14.661,17.067,24.554,-1.9417,0.65506,-11.533,-8.3078,3.6559,2.158,10.837,-9.1335,-3.2788,-1.6607,6.5745,-7.8076,4.8593,3.6416,-7.6193,-8.0106,-3.4784,-2.2468,-2.5836,0.73911,-3.0725,-1.91,0.98074,-0.30879,-0.23029,-0.67092,1.2371,1.4654,-1.8958,-0.023142,1.0647,-0.048034,-0.97055,-0.3991,0.068264,0.048361,-0.17043,-0.12848,-0.19458,-0.031672,0.032771,-0.00089169,-7.8443e-15,4.2022e-15
-381.37,24.053,-75.563,-66.268,15.234,-37.508,-9.2791,-7.8526,0.084434,-0.010453,1.097,-18.815,-6.4786,11.928,-0.13694,-1.0629,-1.7374,-7.4339,-7.1287,0.18423,1.2123,-2.896,2.7494,2.3631,4.8885,-2.7676,-2.6472,0.5177,0.93792,0.56083,0.33667,-1.1643,-0.25301,1.8304,-0.26244,2.4082,1.4512,-0.21036,-0.14858,3.7651,-2.2586,0.49019,-0.17078,0.40285,-0.41938,-0.054511,-0.066085,0.0087835,-0.05612,-0.11341,-0.012613,0.0042594,-0.00043657,3.4835e-15,1.3686e-14
-347.02,26.936,-58.61,-70.535,3.9179,11.605,-10.679,-2.4894,6.8643,-6.0583,-7.8323,-26.801,-1.2599,4.3527,-5.3412,-0.44628,-6.2845,3.2341,-8.2221,-3.9796,3.7437,2.6291,-1.2752,2.5003,3.8296,-1.8552,-0.73577,-1.0665,2.9567,0.082898,1.3379,-1.3546,-0.23641,-0.60168,0.091381,0.026946,0.93071,1.9076,-0.58817,0.11762,0.70429,0.53994,-0.58554,-0.05332,-0.28769,-0.30397,-0.068253,-0.03654,0.074055,-0.072649,-0.038612,0.039904,-0.0021846,8.1156e-15,-5.7144e-15
-315.81,20.228,-85.201,-50.029,-7.6015,-8.4581,-5.2758,-15.506,-6.0305,3.414,8.1305,-8.8776,-11.828,2.8152,15.575,0.39173,-6.2809,-5.9729,-17.158,6.9776,3.6062,2.0636,4.4448,-10.339,2.6953,4.0739,6.5745,0.1298,1.1253,0.94614,-2.745,1.7117,-1.098,-1.0891,4.4917,1.3687,-3.6825,2.0355,-3.5087,4.2644,0.34361,0.48226,-0.41587,0.16644,-0.54444,-0.5133,-0.06614,0.20685,-0.050458,-0.030927,-0.025249,-0.0014239,-0.0017708,-2.4419e-15,-5.4e-15
-384.06,63.717,-117.17,-23.321,32.869,-7.7954,-3.7513,-27.928,2.0115,-8.7413,18.415,-7.5531,-4.6565,-8.2806,5.0994,18.365,18.004,-1.8826,-9.588,12.63,4.4664,2.1468,8.2089,7.2928,-7.1735,2.8716,-6.9333,2.3476,-3.731,0.68881,3.3298,-0.7414,-1.1057,1.3152,1.4778,-0.45733,1.2411,2.036,0.79373,1.8014,-1.6038,0.87232,-0.024287,-0.18159,0.053443,-0.26626,-0.0051993,-0.17361,-0.20377,-0.043734,-0.057647,0.053826,0.00084068,3.2337e-14,1.1863e-15
-353.68,12.006,-46.853,-60.74,1.938,-37.164,-7.7139,-0.8252,-14.227,-7.2171,3.2167,-23.308,-2.5558,1.8928,-4.0407,3.0892,1.2143,6.1499,7.8604,-10.296,0.14044,1.4656,3.8218,-1.088,-3.0495,8.3463,-0.95713,0.95271,3.316,-2.2173,-0.3317,-0.20828,-0.58808,-0.24022,1.1856,-0.73501,0.80616,1.0386,-0.23889,-0.32917,-0.62327,0.54718,-0.35362,-0.023861,-0.11464,-0.12916,-0.081845,0.047781,-0.012737,-0.078944,-0.07522,0.02641,-0.0014304,-2.0352e-14,1.8563e-15
-346.62,-12.153,-50.971,-58.228,11.882,16.733,-23.365,-7.4389,-4.3423,8.309,7.7834,-8.8209,-4.6529,6.8667,-5.9288,-1.3896,-3.9923,-4.0804,-3.1911,-6.6231,1.875,-4.6501,0.51775,-2.1933,6.0827,-4.0535,-3.5494,0.70571,1.316,-0.51842,1.1726,0.10521,-0.2625,-1.2292,0.41454,2.0929,0.12741,-3.334,0.84096,-3.552,1.8871,0.17638,-0.86203,-0.078411,-0.24033,0.35065,-0.04842,-0.005722,0.061457,-0.074719,-0.11129,0.0016235,-0.00027758,-9.232e-15,2.3575e-15
-305.81,16.589,-11.426,-61.925,-3.5451,56.742,-27.162,-15.889,7.7468,3.8616,3.7858,-4.8278,-8.9373,4.8914,-1.4941,-0.0017588,-1.3723,2.2761,0.81065,-0.56729,1.5932,-11.151,3.7664,1.4588,1.9226,1.0427,-1.3039,-8.5121,-1.7981,-1.5113,-3.3162,-0.18128,2.752,0.35803,-0.10014,0.84307,-0.75954,1.2634,0.30653,0.13814,2.08,0.39801,-0.81503,-0.27153,-0.27657,0.26993,-0.11415,-0.059837,0.097394,0.090365,-0.091347,0.038735,-0.0018371,8.8539e-15,-1.2037e-14
-391.37,42.657,-96.226,-46.527,-20.514,17.08,-23.933,6.1596,-3.8677,13.203,6.235,-16.658,-2.975,-3.2758,-3.6257,-2.5933,-8.4175,3.2441,18.791,4.9893,1.411,-0.076366,-1.7647,-1.0961,-3.4249,0.48486,1.0628,-6.2419,-0.80106,2.3456,-0.62854,-1.0952,1.9218,-1.1749,0.80388,0.13745,0.97188,-0.017337,0.047485,0.62024,-0.94211,0.891,-0.65431,0.32063,-0.0988,0.38252,-0.074247,-0.019662,-0.080167,-0.086512,-0.064107,0.055649,0.0011195,-4.2985e-15,5.7917e-15
-360.47,9.5164,-49.001,-77.542,-40.585,3.3072,-15.17,-2.4862,-5.5851,2.825,1.8158,-19.316,-2.9954,7.3018,9.3982,-4.509,-5.0592,3.5933,-2.7283,-4.5983,-1.7336,0.31492,0.43324,-1.8241,1.6821,1.2861,-1.4095,4.0258,3.4416,0.6761,1.2167,0.78897,-2.186,-2.538,1.2395,0.78784,0.93466,-1.7464,0.0070725,-1.7732,1.0917,0.66031,-0.83512,0.11579,-0.1958,0.1422,-0.055261,-0.0032585,0.073585,-0.07057,-0.061142,0.03205,-0.0016224,-1.1532e-14,-8.6491e-16
-335.85,4.4119,-24.731,-93.875,-36.772,35.105,-25.95,-3.5848,-5.9618,13.349,27.929,0.78346,1.3822,-5.2518,-9.7906,0.26904,-7.1412,10.005,-2.0692,-4.6571,8.1645,-8.8286,4.5211,1.7152,3.1733,-3.7699,-7.218,12.875,2.9002,0.63494,2.2815,-1.916,-2.9989,-0.25221,1.7549,0.15134,-0.7515,0.64368,0.17055,-0.38753,-1.0628,1.0853,0.38828,-0.056478,-0.078776,-0.08032,-0.038246,0.014508,0.089432,-0.030931,0.010633,-0.016559,-0.0019693,-1.4544e-14,5.6033e-15
-354.79,29.29,-65.962,-40.193,11.551,40.711,-14.367,-17.539,4.4829,-0.79178,-8.0813,-19.62,2.1659,11.167,7.8886,3.1149,-1.5652,-1.0158,-10.832,-2.5298,-1.2161,-9.1206,1.7279,0.68375,3.5305,4.2199,-0.56561,3.6704,-0.13129,-0.14786,1.399,1.4677,0.89963,-1.1693,0.44696,1.0255,-0.53653,1.6183,-1.1604,1.7007,-0.68992,0.40836,-0.25776,0.15592,-0.22776,-0.27077,-0.056303,0.038721,0.017815,0.026027,-0.029377,0.017757,-0.0017598,6.2837e-15,2.0538e-15
-385.49,21.067,-80.676,-49.915,-9.9615,28.549,-29.24,-2.6909,-3.3713,16.425,1.8141,-13.38,-0.2952,3.8953,-4.0569,3.8099,-5.4829,1.0627,-0.93535,-1.2937,2.8158,-5.1854,3.6588,-1.5998,3.3307,-1.7115,-2.3071,-0.32255,-1.6078,1.0903,4.0303,-2.3877,-2.9241,0.5867,-1.0813,0.93542,-0.44978,0.95991,-0.48914,0.92604,0.69438,0.84388,0.025226,0.12065,-0.21199,-0.041227,-0.084306,-0.03741,0.046951,-0.039715,-0.033665,0.026204,-6.4795e-05,8.4822e-15,5.3905e-15
-356.67,14.543,-65.288,-49.097,4.3747,-10.248,-6.0772,-3.5462,-4.4349,-6.3152,13.803,-12.347,-2.1956,1.1499,3.8187,-5.9914,-10.648,5.3606,-0.43228,-8.0824,0.1713,0.64687,2.8241,1.9025,5.2516,-0.020392,-5.7812,1.6393,2.4531,-0.25529,0.30098,0.33851,-0.86197,-0.62221,0.7556,-0.65266,0.55747,1.2306,-0.064105,-0.50661,-0.15065,0.62075,-0.30617,0.019527,0.0071668,0.12122,-0.058185,0.022563,-0.00039319,-0.12843,-0.026593,0.0070614,-0.0016422,4.2974e-15,9.7004e-15
-284.74,-74.268,104.76,-165.9,-83.317,8.7873,-11.905,4.1568,-5.0119,15.24,9.8432,-13.71,-8.0268,4.1787,8.7844,-14.239,1.566,4.3365,30.174,12.898,-2.8276,-3.9181,9.7606,-2.2604,7.0071,0.2824,-4.9316,-8.1123,0.93624,2.9448,-1.8029,1.3063,0.88206,-1.201,2.9383,0.21954,0.79415,-0.30343,-0.52817,-0.46278,-1.3746,0.52505,-0.72828,0.49907,-0.049179,0.71947,-0.0024062,0.030673,0.18658,-0.077561,-0.0096903,0.020529,0.0016797,-2.2942e-14,9.7096e-15
-365.16,-2.1268,-22.124,-93.939,-28.903,59.175,-19.398,2.1616,-3.9192,9.7675,3.9884,-13.558,-1.4296,9.0459,-0.35131,-4.9027,-5.8573,3.3562,-8.3928,-7.5995,1.6379,3.3482,-3.4686,6.3167,2.9236,3.8458,2.4755,-4.238,0.9027,3.5896,0.31925,-1.2339,0.37113,-2.4096,-0.3833,0.67825,0.71488,-1.8746,1.3903,-1.8605,0.29397,0.047101,-1.0906,0.28794,-0.40407,0.20704,-0.056254,-0.12927,0.080257,-0.11393,-0.016034,0.027997,0.0021221,-1.1863e-14,-2.4557e-15
-351.04,-19.673,-15.984,-104.09,-37.976,-1.4374,-3.8991,1.0889,4.0724,5.0211,-10.094,12.317,7.2299,7.777,-2.4984,-1.9658,-6.749,-15.474,-6.8226,1.01,7.1213,3.6424,2.2444,-0.11817,3.9742,-0.54606,-1.0859,-1.6444,-0.69718,1.9771,2.2825,-0.6015,-1.4661,-3.9485,2.628,0.10379,0.27036,-3.2629,0.019695,-2.1864,-1.1307,3.7562,1.962,-0.18861,0.68196,-0.16912,0.29576,0.09748,-0.1042,-0.19072,0.020585,-0.14824,-0.00065198,-9.7035e-15,1.4339e-14
69.228,-176.86,-123.83,14.029,-5.0631,7.2496,25.594,-24.112,-17.717,-33.595,-26.103,12.611,-15.334,-19.211,-8.5171,-13.573,-3.986,2.7763,-9.1876,9.21,1.3442,-10.587,-6.4274,7.6181,3.1648,1.5071,1.2371,1.7433,-2.455,-6.5577,2.2771,-1.6342,2.1991,-0.34471,0.8362,-2.0393,0.04961,1.1362,-0.56888,0.41806,2.486,1.0169,-0.99958,-0.075198,0.30636,0.22838,0.2773,0.99712,0.22941,-0.055169,0.14088,0.16361,0.00047799,-7.1064e-15,-1.2319e-14
-240.79,-63.621,88.372,-101.53,-4.106,42.142,-29.335,-10.909,8.3663,-9.841,-15.575,1.0083,3.3855,7.7655,13.408,-6.7201,6.6592,-2.0351,-8.7564,1.4448,-0.73741,-10.594,-3.8567,-6.5606,-7.7517,3.8147,1.4745,1.6028,1.1353,4.5681,1.8615,3.849,-2.2618,5.0821,3.3395,-1.0974,0.70554,-2.1722,-1.4887,0.52236,1.1346,-0.66153,-0.24382,-0.43279,0.08156,-0.75657,-0.036277,0.07155,0.010642,0.048037,0.067331,-0.00070751,-0.0057779,7.3646e-17,2.112e-15
-200.39,-108.91,121.09,-107.37,40.013,26.72,15.186,17.722,-13.555,11.791,0.68102,-11.821,29.57,-22.659,25.459,23.688,-16.952,22.034,20.09,16.562,1.1488,10.377,4.4853,-4.8448,5.6079,2.3111,2.3092,4.0226,-3.7907,-0.73239,-0.31532,9.4096,0.76506,-0.47116,-5.9309,-1.2791,-3.0454,-1.3304,-0.6514,-0.69642,-1.8531,-0.33191,0.6208,0.29026,-0.036027,-0.10642,0.094098,0.13956,0.020416,-0.0070748,0.0076715,0.026132,0.0016567,2.0204e-16,1.9383e-14
-280.33,7.225,9.6277,-36.624,39.919,11.713,-29.984,4.1709,4.1454,-17.215,-1.7615,-1.5754,14.492,-7.4017,-0.3687,3.7263,-1.3065,7.1556,-0.10908,-10.522,4.785,5.1252,-3.6325,1.7101,5.5986,-0.39484,5.3775,-4.618,0.50443,0.87114,1.969,-3.1041,-1.3927,0.21486,-1.9899,-2.4166,0.54025,1.1788,-2.2761,-0.32413,-1.3132,-2.8429,-1.1795,-0.083496,0.06927,0.43032,0.053091,-0.04469,-0.0052131,-0.020589,0.048326,0.01987,-0.0017191,-6.0638e-15,-7.1645e-16
-262,-58.16,41.289,-82.846,22.432,30.125,21.735,-5.2019,-0.22568,-35.142,20.716,1.7464,14.12,-25.095,11.224,8.3889,-4.8593,8.7262,18.109,-3.554,3.9164,2.0665,2.7134,-1.889,3.4957,1.4736,2.2531,1.4165,1.8812,-0.63464,2.5544,-0.94851,3.5457,8.6474,1.3113,-4.344,-1.0352,0.024996,-1.8845,0.15888,1.2469,-1.8309,-0.45595,0.3649,0.073016,-0.050798,-0.24236,0.0023671,0.18407,0.021168,0.076752,-0.027934,-0.0048957,9.2239e-15,1.2383e-14
-255.21,-54.463,-40.2,-31.555,24.447,51.044,2.4823,8.2529,11.566,4.3318,-14.395,-2.0368,14.122,6.4068,-11.254,16.759,-9.4233,-1.5876,1.6962,0.86232,-1.3052,3.5062,3.6064,0.39844,0.14987,10.6,-4.4284,-3.6414,-3.4273,-0.83466,0.41735,2.0848,-1.918,-0.52497,0.27725,1.633,5.3968,-1.3284,-3.871,2.519,3.4998,0.27402,0.10966,0.38502,-0.082753,-0.34393,0.18221,-0.10767,0.040241,-0.045824,-0.041318,0.041876,-0.0003182,-1.4213e-14,-1.5125e-15
-278.12,-30.914,65.726,-42.188,-26.527,28.169,-28.803,10.991,-2.8239,11.377,-3.6078,5.6197,-7.4622,-3.6464,5.6276,-14.221,7.9999,9.2599,28.683,8.8911,-3.1653,-1.7527,-2.6995,-14.463,-17.435,8.3827,-1.3642,-9.8755,-0.9099,-1.7563,1.3474,3.012,-1.0785,2.9241,0.91461,-0.63984,0.49575,-1.4852,-0.63654,-1.318,0.23647,0.0093889,-0.027063,-0.10072,0.37306,-0.43505,-0.31681,0.079944,-0.068367,-0.015567,-0.011592,0.05153,0.0037428,3.5037e-15,-6.0676e-15
-217.38,-52.212,97.315,-129.49,-55.547,25.021,23.477,-1.3846,10.582,-15.584,-23.016,-12.481,0.92642,18.244,10.548,-4.7353,-3.5875,6.7126,-13.975,2.3312,-1.2842,3.4835,0.57504,0.47325,-0.81814,2.0434,-0.63553,-7.6559,-0.57157,-1.3901,-0.19672,0.69881,2.431,-0.27937,-0.9241,-1.422,-1.2071,0.77647,-0.21037,-0.96456,1.0075,-0.39286,-0.14408,0.096737,-0.19382,0.065402,0.30491,-0.14094,0.17087,-0.06837,0.092962,-0.12476,-0.0022072,-7.3015e-15,-4.8547e-16
-282.98,-54.972,81.409,-115.09,2.7729,26.622,-33.814,-17.266,-32.804,33.005,31.41,25.909,-3.784,-9.4566,2.4098,12.944,30.393,-6.43,-17.635,-1.2728,-9.7597,2.2475,-9.0363,-4.568,-6.0406,-4.8249,-4.7346,0.80765,-4.3794,2.1383,2.8917,1.585,1.5586,0.3207,0.66079,-3.8132,1.2018,4.1197,-1.5695,1.6047,-0.67406,-0.20888,1.5946,-0.76523,0.44527,0.14046,0.11725,-0.020036,-0.088853,0.015895,0.02095,0.04593,0.002352,2.426e-14,-1.6267e-14
-248.18,11.431,39.337,19.156,74.108,-14.956,18.621,13.537,-8.3725,9.8265,-12.447,34.364,9.9543,-17.606,2.5862,-17.1,-10.266,21.175,-9.7097,11.75,-11.723,-6.3681,-5.1632,2.6532,-2.4471,-1.6495,5.5966,2.632,-2.048,0.72919,-0.34754,-0.0042838,-1.5054,2.5273,1.1676,-2.1273,-1.2975,-0.27159,1.5206,-1.585,-0.55471,-0.80591,-0.42478,0.39476,-0.8094,0.48302,-0.20068,0.039659,-0.32784,-0.29353,0.10679,0.055408,0.0041894,3.8775e-15,-1.4914e-14
-313.25,-34.429,40.832,-108.43,-25.559,-20.739,1.0257,10.077,-4.3921,8.5218,-14.71,14.816,1.4777,-2.1361,-5.5309,-6.3076,-5.9284,-2.0356,-7.4822,-2.757,-4.4351,3.3162,2.0628,3.544,4.8098,0.60858,-1.2445,-1.3392,-1.2088,1.0002,-0.012225,0.69461,2.3751,3.4299,0.31732,-0.96862,-1.394,-1.7047,-0.32142,-1.7352,-0.52848,2.0511,1.3445,-0.0073596,-0.073932,-0.17157,0.011029,0.05834,0.18052,-0.16617,-0.0076406,0.034541,-0.0032784,-2.5848e-14,4.4936e-15
-306.61,-57.867,19.166,-59.371,39.758,-27.409,26.733,5.4476,0.74413,-0.89042,-14.645,11.663,10.149,2.6238,-5.0361,-4.2464,-3.7057,-11.638,-1.4507,-2.391,-3.8636,1.7995,0.72649,0.023347,3.7115,-1.5115,-3.556,2.2802,-0.65144,5.3162,-2.3154,-0.67148,0.39353,0.9115,-0.70748,-1.0042,0.74395,-4.044,-3.4762,-2.495,0.13255,-0.71575,0.20979,-0.29494,0.12902,1.0061,0.027607,0.067442,0.029398,-0.029656,0.11679,-0.078862,0.0050087,-2.6547e-14,2.1828e-14
-304.89,-57.935,-23.448,-66.626,6.3327,29.644,2.5169,5.8385,-4.9205,9.1107,36.676,46.187,-2.2425,-16.88,-10.112,-14.346,-15.518,-6.248,-22.504,18.2,16.162,17.6,12.027,-8.704,3.685,5.8008,12.258,0.15133,-1.9371,-0.60698,-1.0367,-0.96346,3.726,0.62076,0.6607,-4.667,-0.67876,1.8951,0.92173,-2.3883,0.091709,1.3523,-0.67738,0.38871,0.20517,-0.15296,0.10732,0.18988,-0.16662,-0.055935,-0.10011,-0.053447,-0.0014845,-9.2022e-15,-1.0879e-14
-311.06,18.778,-90.227,7.5137,28.789,-32.488,-12.414,11.409,2.0153,-8.2768,-8.4785,5.1311,-7.6259,-10.865,1.0031,-3.4771,-1.1813,-3.56,-0.33139,-0.99094,6.9911,6.2339,-5.127,-8.4913,-9.4135,8.2231,1.5916,2.7785,2.4189,-2.9726,1.2464,-5.4703,-2.1788,4.2954,-7.4858,-2.2481,3.3986,-0.58084,0.57403,-0.21035,-1.9903,-0.92523,-0.47745,-0.00044151,-0.085667,0.063606,1.3929,-0.29819,0.1892,-0.13424,-0.048085,-0.13728,-0.00051701,-7.0993e-16,2.3992e-14
-232.91,-55.259,68.741,-57.115,-95.733,41.529,25.543,1.6928,-4.8354,21.702,1.6625,10.274,-4.872,1.1482,-0.093424,-3.6895,-1.9841,-2.055,3.3914,-0.80415,-3.1626,0.56393,1.1017,5.6458,0.012494,3.1148,2.3589,-4.8453,1.6683,-3.003,-3.1251,-1.6609,2.2566,-0.46518,1.0519,0.13911,-0.75147,-0.72902,0.34011,-0.8557,0.60203,2.1304,1.0489,-0.18129,0.8079,-0.27027,-0.19127,-0.0093517,-0.010409,0.043297,0.080266,-0.1014,0.00018587,-2.4478e-15,9.6742e-15
-249.86,-20.963,6.504,-109.85,-13.232,-22.862,-16.115,15.369,17.077,-17.621,-50.758,89.071,59.714,-14.564,6.3631,5.4666,13.789,-28.749,18.592,-4.8808,2.0406,3.7041,-1.5621,-0.55086,10.581,5.0665,1.5888,5.6879,-1.9363,5.8676,0.96425,-2.5244,0.23287,-6.5241,2.5279,6.0279,-2.5407,3.9574,4.4141,1.9066,-1.0249,1.5243,-2.5271,-1.6301,-1.0998,-0.39414,-0.78231,-0.10481,0.029335,-0.14636,-0.022615,-0.053946,-0.0045313,1.0333e-14,-2.3348e-14
-238.64,-68.5,62.987,-106.96,-39.407,-11.101,11.463,0.82786,1.5601,7.774,-3.6017,2.8443,-9.9863,1.284,-0.93183,-16.467,8.2668,-5.1671,15.973,13.385,-12.24,-5.2803,1.2328,5.669,-4.759,2.7592,0.92075,-8.1896,0.93157,1.3902,2.1815,-1.8446,-8.7242,1.338,-5.2659,-2.1837,-2.9311,0.47753,-1.1814,-0.14737,2.3465,0.13132,0.6316,-0.4513,0.9353,-0.22585,0.032794,-0.34779,-0.27646,-0.063734,-0.023675,0.12239,-0.00062423,2.5457e-15,2.0798e-15
-134.99,-157.51,-35.591,-84.079,-2.6506,-28.148,45.119,9.2481,9.6807,11.934,9.1157,-3.4788,4.6444,-0.29981,-18.237,19.37,-9.034,-5.9846,-1.693,-5.9009,-0.11369,1.0716,-1.7059,3.8234,-1.0956,-0.44113,6.8972,2.1039,0.25542,1.9716,-2.5941,0.47511,0.55954,3.1526,-0.50856,-1.9118,-2.0521,-1.7078,0.66635,-0.34829,-2.0591,-1.2418,0.70916,0.3374,0.18491,-0.37355,0.10227,-0.065855,-0.061551,-0.14342,-0.10072,0.068667,0.00223,-2.2001e-14,1.339e-14
-224.91,-92.434,68.323,-83.887,-6.5307,-25.925,1.4128,-1.4377,-1.0559,15.457,-9.2455,8.0324,-10.92,11.111,-6.3611,-5.4706,5.1509,-4.1746,-9.2543,0.51772,-8.1785,-10.454,2.2491,-5.9528,5.6994,-5.9297,0.62574,-1.3702,-2.1428,1.1036,-0.37704,4.4021,0.40665,-0.40006,1.473,0.9466,0.2695,-0.71586,-2.6609,2.1812,-1.3052,-1.3887,0.23135,0.012037,-0.28755,0.032916,0.34548,0.084762,0.047194,-0.087338,-0.0067819,-0.031301,-0.00064948,1.7257e-14,2.5092e-14
-242.31,-32.015,-17.779,-15.256,-110.15,48.862,-10.638,-7.6667,16.763,14.239,-0.61549,12.118,17.838,-4.9042,7.3013,6.9992,4.1275,1.6729,-14.232,-2.7893,8.4842,-8.1259,8.9847,5.9467,-3.9582,5.5551,3.0629,7.597,-2.5163,4.2124,1.3963,-0.0031023,-0.78928,3.5426,0.77394,-0.97791,-0.45371,-2.4673,-1.6997,2.3063,-0.962,0.016349,0.61814,0.79845,-0.072334,0.072341,0.10014,-0.035642,0.11844,0.043935,0.071594,-0.016103,-0.0035924,-1.1613e-15,3.18e-15
-249.64,-56.746,48.73,-5.0717,-32.891,8.2069,-18.749,-8.3273,15.895,-15.343,-14.114,11.732,-17.99,-3.2637,2.1495,-7.8912,5.6751,1.0184,-3.7142,12.102,8.9864,-3.3854,11.592,-1.9329,4.5566,1.7479,-6.053,6.4399,3.6809,-0.91432,-0.0078322,-6.1143,-2.1359,7.2236,-10.643,4.0553,5.4035,-5.3184,3.3776,4.4103,-5.1568,0.83745,-0.6399,1.0811,-0.20176,0.055791,-0.20272,-0.10508,-0.025964,0.008191,-0.034704,0.08182,0.0066503,-9.7731e-15,4.3305e-15
-175.06,-127.14,94.351,-108.48,-35.46,-36.681,-23.993,-9.6566,-19.392,-14.634,-4.025,1.7793,-15.77,-15.238,3.4099,-6.4916,-15.028,-3.73,8.0423,2.6706,4.9899,-1.4193,-8.8779,0.81689,-27.572,5.6399,-0.13552,1.7241,2.6867,2.2816,-3.6013,2.8802,6.0415,-0.79264,-0.11164,-0.30319,-1.0004,-2.0196,-0.18471,-1.7704,-0.30241,-0.31192,-0.0022081,0.72462,0.58426,0.53472,-0.49529,0.0013886,-0.022024,-0.035901,0.088765,-0.028932,-0.00048467,3.6065e-15,-1.5194e-15
-341.81,-0.88459,-66.978,-2.4205,35.468,13.229,-11.845,-0.46613,-6.8627,-1.2725,12.891,1.2895,9.2194,-2.6537,-6.4701,12.692,9.8091,-2.7491,3.7953,9.0803,3.0763,15.581,-3.4406,8.9058,0.32133,-7.7146,-2.2464,-4.3665,-2.7522,0.87428,3.3855,-0.70918,0.68594,6.0494,2.2101,-5.0309,0.092072,0.46795,-0.060929,-1.3118,0.36724,-2.2675,-0.57708,-0.043607,0.22112,-0.44434,-0.19725,-0.10978,-0.29392,-0.020416,0.029316,0.025964,-0.0018504,1.742e-14,8.8301e-15
-104.23,-97.735,86.447,10.203,71.697,55.666,-64.927,-24.038,-19.829,-28.871,19.836,18.271,-27.225,-17.234,13.278,21.932,-36.327,-27.766,-15.759,-7.5164,-22.218,-9.4534,-14.045,-11.97,10.97,-2.2304,4.4887,4.0072,4.8576,-0.031828,-2.0854,-0.086565,1.1298,1.8383,-0.85621,0.11203,-4.3498,0.48404,-1.3721,2.0983,-0.94866,-1.5519,0.13903,0.42837,0.63051,-0.16317,0.59072,-0.023876,0.147,0.077369,-0.027679,-0.013262,-0.0031352,-5.8199e-15,5.2064e-15
-110.37,-40.562,109.69,128.31,-69.722,-40.563,5.8816,3.8175,-4.0197,-7.4833,-2.3103,21.006,6.8089,-2.5539,-3.9269,-7.0654,6.4172,4.8054,-1.1821,-8.6273,-1.3381,-0.99309,3.5743,-3.1901,0.73608,-6.4416,-1.7123,-3.9531,-3.5259,0.3176,1.1323,5.0675,1.4359,-1.6343,-2.5236,0.075264,-0.87665,-0.83702,-0.93531,-0.43421,-0.58573,-0.17413,0.92306,3.2151,-1.5811,0.43491,-0.18084,0.028054,-0.07122,0.079248,-0.046528,0.013241,-0.004611,-1.8872e-14,-1.5412e-14
-86.858,-107.12,224.07,138.22,45.456,-44.311,-15.788,26.175,2.4138,6.6714,-12.596,-5.7306,20.508,0.6965,-14.158,11.278,-16.44,13.033,-19.264,14.541,-1.6805,9.2733,8.5324,-7.264,1.4736,4.114,-3.499,-1.0584,-5.0563,-0.60914,-2.3795,2.6843,-4.791,-2.222,-0.3687,1.2205,9.0953,-1.4448,-1.5976,1.9646,4.2409,-0.46521,-1.3297,0.27901,-0.44433,-0.060559,0.10428,0.040226,-0.092812,0.061303,0.06843,-0.036616,-0.0049081,-3.9562e-14,-1.145e-14
-43.773,-81.15,102.38,49.214,-28.076,107.81,-4.8228,-20.157,2.1342,-6.9461,-18.557,-2.6507,7.516,13.899,-29.941,0.78694,5.4451,1.9119,-9.7457,-6.1636,0.36855,5.9278,-4.38,-4.2343,-3.0705,6.8368,-5.6433,2.42,0.33776,8.6934,-3.1239,-3.6589,0.2402,1.0364,-0.65636,-0.10613,0.56888,-1.5344,0.20661,-3.1119,-0.424,-0.90116,-0.64286,0.015406,-0.40479,0.21309,-0.067336,-0.13354,0.055596,0.18397,-0.018716,0.077754,0.0019904,-1.5784e-14,-2.7267e-14
-66.761,-63.706,190.72,158.61,40.972,40.746,-0.89826,7.3852,17.891,-43.015,-21.571,44.418,-54.707,-48.286,-2.5584,10.336,-10.908,-3.9454,13.958,-3.0518,6.162,4.215,6.1928,2.3391,4.2925,-2.3087,-13.44,-0.62457,-4.2165,-1.6751,-0.12321,2.3908,0.26191,-1.0859,-1.8939,0.78478,-0.21344,-0.067684,-3.218,0.23725,3.0653,2.8458,0.33536,-1.3481,0.56314,0.28061,0.25944,-0.053671,0.043245,-0.029206,-0.084455,0.052278,0.0012006,1.023e-14,-7.3983e-15
-105.97,-154.23,265.64,23.73,-56.016,19.696,34.835,2.1173,-10.293,-8.2251,16.084,1.4963,22.822,-7.3711,-2.2852,13.273,10.534,10.074,1.9645,-10.974,12.168,6.4795,-3.7629,-8.9801,-1.2029,-10.504,6.1305,-2.5484,-2.4893,1.2233,2.2577,-5.0455,2.0339,1.3271,0.5605,-1.6517,-0.73417,0.39856,1.4973,2.9183,1.2231,-0.29165,0.44564,-0.23366,-0.45021,0.3679,0.028499,-0.027289,0.09846,-0.0086202,-0.014107,-0.03599,0.0014011,-2.7496e-15,-3.5679e-15
-146.81,-24.774,24.795,40.11,-13.763,26.24,22.563,-25.117,-1.5352,-19.993,-1.615,5.4974,2.3723,5.3252,-14.443,19.831,-5.2802,-13.493,6.1663,5.1239,-23.065,-13.927,-1.5018,-12.985,-0.052174,2.4858,7.324,-2.2147,2.2761,3.7507,-11.163,0.8134,4.4685,-0.1458,2.586,-0.016561,-0.68955,-0.12738,-2.4758,2.6754,-1.0015,0.78133,0.40593,0.42106,0.18603,0.40792,-0.1666,0.057768,-0.072688,-0.045044,0.06286,-0.019229,-0.00079202,-2.1359e-14,1.5185e-14
14.034,-116.29,199.21,138.52,29.485,23.493,8.6849,-6.9753,-22.092,48.039,8.1495,15.43,21.159,9.1196,-0.36506,0.70204,0.50641,-7.6207,-6.7205,-8.6229,3.6366,-1.6659,-3.0124,5.7936,0.097218,0.82328,-2.0115,0.45288,-1.7809,-4.8361,-0.81569,-1.2152,1.1008,0.092488,-2.4416,2.0652,1.8532,-1.1945,-1.6042,1.1795,4.352,-1.4673,0.030272,0.32021,0.16548,-0.31363,-0.041177,0.015905,-0.27057,0.055399,-0.10796,0.027979,-0.00098997,5.7689e-14,-3.5169e-16
-65.333,-68.985,160,37.771,13.783,21.724,35.593,-20.977,0.95773,-14.057,-4.5777,-23.361,18.904,-0.22111,24.14,33.888,-12.865,-4.6876,-2.8719,2.6107,4.3097,-0.45546,-4.6706,-10.499,-1.5106,-6.8477,6.0542,-4.3223,-2.2781,-2.5874,-1.3523,-4.0546,1.6921,0.74608,3.2248,1.6845,-0.35927,-2.0478,2.537,-3.0509,2.1028,-0.68044,-0.014032,-0.39992,0.0030173,-0.048974,-0.18897,0.11333,-0.16367,-0.056179,-0.17469,0.021348,0.003005,1.1171e-15,1.6119e-14
-29.637,-75.015,250.42,1.5058,-93.971,28.137,-9.7956,9.6473,17.908,-25.141,-14.364,-8.7605,-3.0722,14.132,-4.3339,9.8808,4.2571,14.382,-7.6301,-7.5427,-1.5021,4.6183,0.13882,7.3712,-3.1737,6.3243,11.983,-11.196,0.59142,-0.51735,0.65763,2.1563,-0.048906,-3.6233,1.2874,-0.18091,-0.49234,1.9563,3.904,2.1158,-0.8597,2.6857,0.42771,-0.73148,1.086,0.5467,0.041422,-0.097699,-0.04901,0.024148,0.013176,0.0003308,0.0011847,4.6982e-15,-2.077e-15
-86.085,-47.285,39.487,96.309,36.578,24.144,5.2032,-5.4121,-11.532,-10.849,-17.198,-3.4712,15.017,17.187,-9.6086,-9.2011,1.5198,-9.5623,8.0813,2.0863,-6.4833,0.20969,4.1602,1.8726,-1.8777,0.45331,0.91475,-4.7983,-3.2372,-5.2685,3.0397,2.1778,5.4091,-2.5381,-3.9947,0.20821,-1.597,0.30417,-0.86685,1.6597,-0.67831,-0.47493,-0.35055,0.21804,0.57295,0.39781,0.13099,-0.07235,-0.12746,-0.10635,-0.10968,0.049667,-0.00047659,2.8353e-14,3.1736e-14
44.776,57.836,150.82,228.18,-111.56,-10.795,61.727,1.8512,11.781,7.6129,-4.0133,-15.225,2.3109,5.3485,-0.54608,-13.665,8.188,-17.782,-2.9491,4.8868,1.6183,-6.3247,-6.0253,-9.9038,1.946,-3.0755,-19.107,8.1871,3.629,-4.6406,2.2625,0.24243,1.2992,-0.22952,0.91233,-0.0042716,-1.9945,-0.46778,0.14823,-0.35823,-0.67896,-0.12282,-0.14216,-0.25901,-0.23838,-0.13786,0.11262,0.053391,-0.19188,-0.0086588,-0.10192,-0.0075718,0.0015923,-1.8506e-14,1.8916e-14
-106.51,-59.097,175.8,50.151,28.375,8.5772,-7.3205,13.693,-1.2627,-12.21,-22.679,-5.9361,-20.444,-3.1423,0.91743,9.6688,-2.4426,7.3155,-10.41,-5.6947,5.5908,4.5696,-0.32416,3.0764,3.3624,1.8447,-1.9411,-8.7281,-3.2158,1.1732,-0.22692,5.5582,0.84545,-2.4552,-3.4717,-0.84241,-4.0407,0.64795,4.5888,-0.54016,-3.7153,-1.9905,-0.06607,-0.37608,-0.051094,-0.073032,-0.15258,0.062735,-0.15407,0.051656,-0.030788,0.017809,0.0024774,-2.4003e-15,-5.8578e-15
-25.981,-96.109,254.25,92.497,-69.312,-36.317,-5.7547,-2.7943,13.377,-27.013,26.504,-13.106,19.154,13.373,-13.713,1.1018,-4.1137,-0.0040509,11.797,-2.8789,0.47717,-4.6163,1.5237,-5.0142,0.5226,-3.8418,-7.6398,4.1016,1.2523,-4.77,1.647,-1.0696,-1.7754,-0.45438,3.0966,-0.9084,0.88883,1.2991,0.45581,-0.043046,-1.8728,-0.3129,-0.0063763,0.49594,0.63005,-0.031187,-0.047911,0.045361,-0.057277,0.10277,0.073037,-0.086754,-0.0015157,4.7166e-15,2.6069e-14
-152.64,-14.809,116.49,80.221,-32.049,12.18,11.449,3.7423,11.795,10.611,-13.257,-6.6273,2.4831,9.5472,-9.9385,0.82351,-4.3417,-2.532,-7.072,-4.9468,-3.7681,7.802,4.9696,-6.9483,-0.38438,1.6501,-12.716,-2.9128,-3.6177,-2.1127,0.27661,1.1907,-1.2713,1.842,2.211,1.1365,1.7636,0.32803,0.26107,-0.27161,-1.3854,-0.46424,-0.043917,-0.65592,0.035231,-0.77831,-0.12356,0.17606,-0.064069,0.020064,0.066557,-0.10386,0.0011957,-4.8459e-16,1.3326e-14
-179.09,-52.867,182.44,67.47,45.516,15.703,-0.044159,-8.0126,18.376,-13.808,-1.1184,9.8677,-5.6806,14.951,-9.9693,-12.376,-0.75384,-10.147,-3.4643,-9.4938,-3.2411,-2.3776,-2.0367,8.016,0.56589,0.090615,-0.82684,-2.0997,-1.7875,-4.2478,0.87633,0.51083,3.1994,0.44394,-2.2716,0.84741,-0.57812,0.95014,-1.1059,-0.51477,1.7226,-0.80788,-0.01147,0.4198,0.4633,-0.52683,-0.14691,-0.035344,-0.24596,0.013784,0.026607,-0.06308,-0.0019197,1.5112e-14,1.0692e-14
-76.737,-77.259,99.477,103.03,1.2789,-30.789,35.291,-2.8976,10.16,-11.797,19.727,4.0237,12.248,-0.32541,9.3903,1.6624,0.30591,-3.0824,9.225,-13.907,-3.5239,0.91152,3.0148,-3.4614,3.18,7.7157,-8.4117,-0.74865,0.97173,-1.7628,-0.34001,0.9056,0.054866,-0.23874,1.8091,-0.79509,0.43722,0.80782,-0.59521,-0.46867,-2.9239,-1.05,0.35701,0.34007,0.56397,0.10059,0.12969,0.10732,-0.1205,-0.087055,-0.082502,0.032763,0.00035255,-1.6856e-14,1.193e-14
-101.9,-52.626,144.14,-15.077,-76.305,-9.2691,24.269,4.5652,4.1698,-7.8948,-26.542,3.3343,-35.76,7.6699,-4.1716,-8.7905,12.783,-6.5632,-0.32352,1.2107,-2.5836,-10.232,4.1542,10.777,2.4807,7.9682,1.7216,-4.3432,0.44831,-4.8164,3.2133,-1.7984,-0.35867,0.2724,0.45401,1.0245,-1.0905,2.9645,-0.2292,1.0788,2.4096,-0.9212,-0.29838,0.9039,-0.046908,-0.86399,0.12667,-0.29129,0.12866,-0.12216,-0.030837,-0.0067767,-0.0054214,-3.0073e-15,8.9461e-15
29.487,-28.351,237.86,158.56,9.8408,-84.629,-50.287,-6.6776,1.4794,-9.202,-22.328,2.076,22.675,3.4619,-5.853,-4.553,-0.82357,4.5074,-0.30267,-6.4241,-6.4417,3.6449,-6.2736,-3.5973,-11.886,7.3538,1.3626,-0.56418,0.17002,1.7729,1.9994,-9.3104,-1.1565,1.1608,-3.9612,-3.2087,-2.8042,0.57792,-0.72452,-1.9421,-0.32366,0.68554,0.25415,-0.5268,0.69827,0.65661,-0.094693,-0.06437,0.23849,-0.15709,0.020053,0.14284,-0.0082909,-2.8626e-14,-2.5551e-14
-241.12,-44.056,87.847,8.3925,2.1661,-7.712,6.2356,7.5318,3.7594,4.1311,-19.311,0.36102,-14.755,-0.18522,0.74391,-5.8646,8.9772,2.0215,4.6163,-2.463,-0.57028,1.1379,1.0616,4.469,6.3129,-2.7819,3.3613,3.2041,2.7589,1.8051,-2.7422,1.582,-0.92434,-2.365,-0.83951,-1.0487,-0.78835,-0.96625,-1.3528,-0.99322,-0.48159,-0.93506,0.30237,0.91406,0.32428,-0.24491,-0.039312,0.058805,-0.088964,-0.019694,0.078564,-0.043145,-0.0050215,6.5073e-15,-4.2371e-15
13.444,-41.063,300.1,-63.268,-15.703,37.507,34.623,2.2483,-4.3279,3.4762,-10.176,21.891,-17.501,11.494,19.363,-20.114,12.784,9.113,2.735,8.2005,0.63163,-1.2318,0.42325,1.8196,3.7772,-0.7165,2.9823,1.2709,4.3534,-0.42583,-0.05292,-3.4268,3.3126,0.65293,-4.0355,1.436,5.0406,-1.0116,3.487,1.8569,-2.9458,1.0446,-0.41089,0.68383,-0.50007,-0.53727,0.016946,-0.060227,-0.09922,0.0076471,-0.0016611,-0.041822,-0.0017284,-1.5133e-14,-8.9235e-15
629.1,-127.21,-63.562,45.206,83.996,-21.946,-40.224,-15.817,17.848,-27.843,38.835,15.798,11.62,0.97159,6.2017,-16.163,-4.4099,15.85,6.6914,-12.827,-6.8188,-4.1456,4.7939,-2.2413,-0.76634,-6.6543,4.1143,3.49,0.60967,-0.79076,3.9928,2.4559,-3.5201,-1.5307,2.913,0.9409,2.7492,-2.8086,1.1656,-7.0292,1.3259,-0.25824,1.0419,-0.53838,0.56323,-0.5557,-0.27113,0.072958,0.23342,-0.12617,-0.11889,0.083782,-0.0028944,8.0754e-15,2.0091e-15
679.95,-308.97,24.575,32.057,76.011,-26.771,8.1697,64.514,-24.142,18.3,19.564,8.3383,15.933,-17.985,-25.933,1.8153,20.519,12.342,-8.7352,-6.2597,-18.792,-9.4198,27.471,-11.517,-5.9898,5.3794,-4.3541,-1.0767,17.817,5.1995,0.85541,-6.9407,3.5351,3.7471,5.0123,-2.2379,-2.3862,-1.7622,1.0145,-0.17996,-2.1264,0.79422,-0.10032,-0.20878,0.44708,-1.1111,0.10005,0.078749,0.11333,-0.069362,0.029689,-0.033389,0.0048706,2.1064e-14,9.3233e-15
592.26,-235.15,-124.09,67.619,170.67,-4.1037,18.804,-37.504,-24.418,-31.226,5.5579,29.69,2.0501,1.9316,16.652,-23.657,2.5732,24.335,0.40615,-5.5506,-2.7955,-5.0964,3.7116,-5.5514,0.049558,-4.2095,-3.817,-1.588,1.464,-0.38613,1.4059,2.9184,-2.814,-0.8697,3.3227,-5.084,-0.41583,-0.15914,1.5567,3.6088,1.5601,-0.83504,-0.76841,0.054889,0.19737,-0.13561,0.46736,-0.086507,-0.34781,-0.078625,-0.18134,0.05989,-0.0041678,-1.0942e-14,-1.5229e-14
519.21,-214.31,16.828,62.223,13.22,19.589,-43.493,15.303,-28.368,-7.305,-36.917,-43.551,35.127,6.4858,2.7427,-11.464,-9.5072,1.4817,-23.149,24.975,-2.7337,-4.8291,-2.2509,3.118,-3.2578,-4.5067,2.9179,5.0886,0.7455,-0.4939,0.11128,3.0191,1.9117,-1.9109,-4.783,-2.1436,-4.7768,0.83653,3.773,-2.9059,-4.0985,1.2772,-0.84145,-0.095614,0.16798,-0.61761,0.1464,-0.0018292,-0.098899,0.045438,0.0098981,0.035219,-0.0050145,2.5736e-14,2.8958e-16
512.5,-270.78,-123.23,39.912,-5.6221,-31.053,5.9008,58.618,-0.178,15.531,-11.573,14.996,-32.348,-20.515,2.5218,13.675,4.2612,28.373,-6.8854,14.88,0.87085,-6.9293,-7.5788,0.46694,10.086,8.5992,-1.7822,-1.5332,-6.6962,-2.3798,-1.5328,4.7277,-2.1728,1.1098,2.3753,2.5751,-0.47224,-2.5574,0.38019,0.086447,1.4113,-1.0455,0.92701,-1.0114,-1.6917,-0.047191,-0.11793,-0.074274,-0.13758,0.031486,0.10313,-0.064479,-0.007049,-1.0189e-15,-2.2191e-14
445.85,-218.09,27.045,-27.43,-42.498,-54.761,-3.7412,-30.447,-12.877,-20.65,1.9702,-3.2804,-12.3,-14.655,2.4621,-3.5161,14.96,5.5512,5.2776,-13.018,5.989,-3.0743,-0.76894,5.6563,6.7972,3.8539,6.8666,-1.0423,1.6605,0.13307,-2.1178,2.8182,-1.8184,-0.90898,0.1421,-2.5451,0.4133,0.75036,0.57528,-0.27498,0.52963,-1.2591,1.5419,-0.066823,-0.18715,0.13496,-0.081071,-0.027202,0.10917,0.17302,0.096226,-0.11757,-0.0045614,-1.6724e-14,-1.8039e-14
635.64,-229.68,-74.675,135.83,-69.83,-2.4595,-22.951,86.575,43.396,-2.9109,-9.6083,-17.808,-37.653,-27.406,15.561,9.8198,10.436,-9.9345,6.1941,6.1589,5.0799,-6.432,-1.7562,5.453,2.6162,-2.4495,12.102,-7.1794,-6.2695,-1.6479,-3.2084,-8.2638,3.1067,1.6206,5.3535,-1.6273,1.4048,2.1703,-0.51582,1.1187,-0.82927,0.51803,-1.2346,1.167,0.29027,0.028409,0.073479,-0.070788,0.03412,-0.075831,0.036486,-0.0076917,0.0006365,-1.2803e-15,1.9449e-14
722.51,-233.63,144.19,134.31,-134.52,-56.968,-11.758,-24.778,-62.268,22.46,15.311,-18,16.838,-22.171,-7.1841,-0.23666,-0.6322,-21.321,-6.6478,-4.0796,14.447,-4.4842,-9.8123,7.7777,0.6269,-4.861,1.0465,-0.57109,0.87627,4.914,-1.08,0.86187,-0.85096,-0.30681,-3.2046,2.1069,2.8151,-0.65904,0.32091,1.4809,3.4594,1.0416,-1.0591,0.44483,0.73134,-0.052759,-0.034181,-0.18638,-0.099139,-0.18868,-0.039371,0.025675,0.0071649,3.147e-16,4.1803e-15
670.22,-224.38,-10.789,25.781,-128.04,-0.45081,-24.159,-23.371,-64.487,-47.371,28.829,1.764,15.71,-2.1438,3.5242,-4.5625,-16.6,9.9654,-2.6817,-0.22158,4.6632,-1.6784,0.094772,6.4471,-8.4825,-3.1073,3.3989,-3.8556,-6.4509,1.5243,-3.2163,-1.0596,-3.3822,0.58274,1.1331,7.4391,-4.3632,-2.6944,-1.2904,4.1688,-3.2829,-0.024541,0.67846,-0.82538,-1.3843,0.53753,-0.0057412,-0.21856,0.078502,0.047275,0.0025034,0.05376,0.0035912,-4.8371e-15,3.1976e-14
779.68,-217.84,-23.123,-45.292,9.4194,15.178,8.1202,-68.5,64.114,30.655,-2.4901,-18.847,22.128,-48.007,-6.7258,-13.868,9.02,-7.2507,-3.7127,8.9054,4.2124,-2.8439,-11.279,-6.7906,3.7662,-4.095,-1.8542,3.2975,2.4501,-1.9597,-0.81111,3.9722,-0.69561,-0.43773,-4.0271,0.18195,-2.5933,0.89664,-1.8429,-1.5951,-1.7646,-0.86041,-0.36389,-0.35831,0.33779,-0.55094,-0.1564,0.04782,-0.038009,-0.13456,0.1024,-0.012441,-0.0022084,1.0248e-14,-3.0873e-14
397.53,-75.576,-37.081,48.834,98.052,40.407,-33.611,16.414,9.0292,-2.4298,-9.0322,-0.48631,-4.5213,14.349,10.57,-11.366,13.669,13.155,4.8278,-7.7464,-2.7057,4.9294,6.8026,-3.0697,0.11789,-4.3438,5.4492,-5.988,0.27834,3.2752,-0.34967,1.0977,0.064672,-1.8302,-0.20581,-0.22396,2.2111,2.287,-2.3312,-0.012992,0.73123,0.62381,0.89722,-0.62375,-0.32548,0.67363,0.1677,0.18325,-0.30098,0.0020661,-0.10339,0.062014,0.0010062,4.4808e-17,-5.7458e-15
423.78,-52.54,-56.519,-11.024,13.649,31.135,-4.3188,13.38,28.646,-7.7527,8.2682,-10.537,2.5714,-1.7898,6.4133,5.6418,-4.733,-6.5099,-11.056,-14.989,-2.8949,5.8921,4.8706,-0.88082,-1.9795,10.775,-7.1402,-3.8257,4.1237,-2.7611,1.1961,-0.3068,-1.4036,-0.47488,1.9555,-2.2744,1.0683,0.54191,-0.24573,2.5096,-0.62234,-1.1427,-0.7851,-0.66614,-0.48158,-0.51515,-0.25112,0.037546,-0.022871,-0.20338,0.024568,0.044451,0.0036264,1.7548e-14,-2.035e-15
458.92,-199.27,-49.924,-23.958,119.43,41.552,-22.72,2.3728,-25.034,-0.45241,-2.7031,6.2998,-17.323,11.653,-7.1,-4.0417,7.8854,-10.076,6.9199,-12.03,1.1919,0.52869,5.4146,1.9363,4.3346,11.148,-6.9133,-2.348,-1.173,2.6434,-1.6726,1.162,1.104,2.305,-0.83094,-0.83897,0.15958,-0.13331,-0.049892,-2.0761,-1.0402,-1.4369,0.85374,-0.12584,0.04607,-0.098779,-0.2051,0.087722,0.0010071,-0.020617,-0.0080149,-0.012629,0.0039739,-1.3339e-14,1.023e-14
674.03,-357.67,169.06,-29.266,70.348,-7.0438,-33.029,32.806,15.274,41.629,-5.9,-2.792,-8.6343,9.3128,13.791,28.748,-25.527,-1.3565,11.69,8.1066,4.202,12.188,0.88561,5.1762,4.1017,-0.89923,-2.5519,15.66,2.429,1.6486,-1.8216,-1.3627,-4.3225,0.82107,1.3211,0.19468,2.1054,0.23235,-2.4584,0.67823,3.5294,0.83439,1.1637,1.1398,0.67264,0.19524,-0.30723,0.13054,0.060185,0.0097271,0.035922,0.095898,-0.0012692,-2.4901e-15,-9.4031e-16
768.93,73.911,189.56,-205.16,104.66,30.011,-31.368,-16.75,37.096,-1.6417,23.555,-22.775,-0.53463,-28.662,-2.3154,3.5231,-23.721,-22.055,4.7852,3.8576,-8.4184,1.4565,14.602,1.4169,-7.776,-3.1212,-1.1409,-6.5408,-3.944,-3.3026,5.0547,-4.3881,-1.4462,-1.0415,5.2719,3.0328,0.14782,-6.6891,4.8717,-3.9749,-0.58839,-0.21499,-0.5226,-0.21625,-1.0937,0.91117,0.017961,0.027597,-0.12722,0.1598,-0.034309,-0.16962,-0.00038587,1.1195e-14,-1.9429e-14
191.86,-81.955,117.32,-147.71,28.68,32.483,-35.32,25.727,12.95,-11.205,4.0108,-18.969,0.65808,29.074,6.6106,3.9564,28.851,0.063427,-4.2119,-2.9134,-0.91903,13.161,-7.5197,12.074,2.0803,-0.44582,-0.016957,-3.0656,-4.6891,0.45423,-0.84007,1.2549,-2.6281,2.615,-0.61668,1.8296,-3.1129,-2.4772,-0.809,0.89144,0.9195,-0.40898,0.79043,-0.39221,-0.60213,-0.60596,0.11473,-0.22892,0.1321,-0.24272,0.15756,-0.0056299,0.0036299,7.0628e-15,1.6147e-14
288.35,-72.846,55.433,-184.43,-11.172,72.837,-9.6382,9.0079,-7.6184,-11.237,9.2476,-19.97,5.7108,9.5268,-7.2025,7.2338,12.225,2.9086,19.474,9.9369,13.112,-7.8982,-12.763,-1.0174,11.678,11.624,-0.40871,11.999,5.4385,-4.1473,1.2857,-2.5007,-1.5118,-1.7801,1.8683,-3.4636,-1.085,-0.21467,0.75779,-0.89869,-0.9545,-0.83688,-0.37216,0.42928,-0.8261,0.51864,0.04975,-0.1001,-0.31411,-0.13913,0.035861,-0.052608,0.00059467,7.0201e-15,4.1293e-15
498.95,-171.42,-37.947,-37.53,17.361,24.34,-19.925,37.15,20.906,-1.7614,-7.3811,-18.095,10.384,19.466,4.3917,0.52667,10.298,-0.21399,-7.695,-3.4154,-0.5419,1.7116,0.44825,-1.8683,-0.74492,1.4066,6.0495,-3.2808,2.6067,1.5787,0.73289,2.214,1.8008,-0.35556,-1.788,0.10026,-1.5999,2.4024,-0.2622,-1.9556,-2.1773,2.9569,0.50213,-1.502,-0.181,1.7114,0.3891,0.088185,-0.2397,0.12356,-0.14304,0.070188,-0.002516,-1.0875e-14,5.0975e-15
630.3,-273.59,-277.21,4.4165,-8.5351,21.562,-7.7359,-58.153,-112.33,-4.3314,-41.201,4.7102,-12.605,25.061,-1.6862,-2.4146,-7.7063,-8.1407,9.8871,-2.4697,8.5384,8.5814,2.6536,6.2219,1.1219,7.1798,-3.7433,-0.89102,-2.1679,0.69669,1.9127,-3.0751,1.6675,-0.92425,1.2967,-2.4922,1.0512,1.8204,1.6997,0.70693,-1.0804,0.25255,0.70668,0.11194,0.36339,-1.0449,-0.17562,-0.063103,0.083786,0.18577,-0.037481,-0.10878,0.0021013,-1.6223e-14,1.9913e-14
962.63,-318.88,-135.6,-207.83,3.5701,-1.0117,17.708,-70.89,-20.287,49.502,-28.508,0.38369,-6.6982,9.379,-22.809,0.1993,-0.243,-10.831,7.578,3.3283,-0.050162,9.0998,4.5512,-0.34825,-1.608,3.5573,0.087936,-2.1213,-4.4508,-2.1034,-0.26415,2.788,-2.5502,4.0328,2.0868,0.98299,2.6982,1.633,-2.0092,0.71509,-0.17627,-0.16031,-0.95754,0.69158,-1.012,1.8391,0.35669,-0.088225,-0.027004,-0.13029,-0.056716,-0.0659,-0.0027603,3.2419e-15,-1.4995e-14
803.64,-279.78,-111.74,-87.328,-28.995,-7.1909,-4.4773,-6.6021,91.615,-2.9248,35.188,10.862,-14.652,17.127,10.781,-12.233,-10.62,-8.7709,-11.174,-10.422,1.4768,-4.015,-8.9475,2.5868,-3.4063,-5.0537,0.87047,-3.9234,3.9793,-1.4548,2.3471,2.7248,1.1264,1.9541,-5.5328,2.9832,5.4868,2.4016,0.42974,1.3643,-1.4846,1.112,-0.19894,-0.35551,0.55124,-0.10573,-0.33238,-0.15016,0.12511,-0.038026,0.076844,-0.0023397,-0.0019991,4.1255e-14,1.2389e-14
-239.22,22.456,1.7057,146.77,-67.387,29.486,19.19,-10.987,-0.25914,24.818,36.727,13.597,-1.9959,-3.5449,-10.669,-2.1803,-0.48809,4.8697,-7.0455,17.203,2.8853,2.5663,7.9337,2.5777,-7.0929,-3.824,0.43325,-4.0562,-5.9362,-5.9244,2.9309,1.3213,0.25517,-1.2028,4.4733,-3.2821,1.2308,4.238,3.0575,-0.073102,-0.17427,1.9403,-1.0625,-0.22272,-0.30989,0.60456,-0.034081,-0.17688,0.25883,-0.01712,0.055408,-0.080861,3.5274e-05,-2.0247e-15,8.2071e-15
-142.89,39.486,43.688,30.391,191.9,-21.171,6.4751,1.6491,-3.3661,-9.5351,6.9005,-23.104,9.7488,-10.52,-23.047,23.271,-15.141,11.538,0.54732,0.41715,1.3773,-1.9046,2.4029,0.58542,4.2072,4.1322,-3.6303,1.0362,-0.76258,-8.6474,5.1623,6.8605,0.48994,-0.55736,-4.6109,2.3081,-0.95767,3.2029,0.28655,0.50856,-0.83872,1.2637,0.046251,-0.59801,-0.71939,-0.61909,-0.078928,-0.012238,0.23364,-0.013081,0.052619,-0.099922,-0.0025025,-4.3585e-15,1.9856e-15
-262.1,53.504,-14.778,122,140.85,-25.29,-57.641,-26.178,6.3006,-3.2674,9.5355,-8.2307,-7.8692,9.1022,9.5948,3.5767,27.737,-9.1199,5.141,3.2181,6.4487,-0.81312,0.25807,-2.0705,-13.299,6.7454,-5.558,8.9356,1.6883,0.53502,1.8785,5.0108,2.9535,-2.4505,-0.47477,-2.2599,3.9091,2.1042,0.82575,-1.3266,-0.53006,0.54242,-0.33875,0.23507,0.49867,0.12582,-0.11162,0.039217,0.14237,-0.14955,0.085044,-0.067351,6.3261e-05,1.4476e-14,-2.1401e-15
-231.14,42.157,5.1133,132.74,82.228,15.047,14.657,-0.87961,8.1714,1.0004,-8.8281,-8.331,-12.118,14.762,-20.441,6.1277,-2.5588,6.7302,1.2047,-1.4862,5.7206,-1.6097,-4.1194,-1.363,-1.0576,-12.268,1.7635,-4.1004,-1.6185,0.021748,-1.5787,-1.1139,-0.32875,1.041,1.3746,-1.0235,-0.42977,1.2188,2.2662,-0.089919,-0.51074,0.87197,-0.14472,-0.58029,-0.84067,0.38185,-0.078913,-0.041021,0.17943,-0.038189,0.021527,-0.046778,0.00021433,7.374e-15,1.2881e-15
-211.78,0.98156,-30.98,119.29,36.415,-48.024,-13.591,-19.588,-8.8987,-2.3534,0.93863,-6.4446,-24.72,3.1676,5.2524,0.48042,2.5074,-13.856,-7.9578,9.2529,-5.5393,-7.9366,4.9036,-20.978,-2.1264,8.6857,9.5616,0.47375,-0.56257,-2.0473,7.2697,-2.7092,-12.73,1.6969,-2.5158,-0.66899,-1.4556,1.594,1.0997,-1.4019,1.2397,1.6902,-0.63856,0.44119,-0.38785,-0.031298,-0.3851,-0.050228,0.18705,0.079235,0.0029506,-0.017255,-0.00026655,-1.2432e-14,-8.1674e-15
-135.53,-13.212,50.605,42.209,112.08,-36.223,49.999,-13.559,-14.333,18.824,-10.911,-20.554,-4.684,-2.1798,41.157,-4.687,-3.741,-2.0382,1.2061,-1.5538,12.367,4.5808,-6.8301,0.43819,7.7906,-10.736,-3.0484,0.35024,2.9109,4.4813,-0.48892,-3.2024,-1.5153,1.4824,3.9303,-2.7486,-0.27448,2.7187,1.0546,1.1951,-2.0881,-0.27416,0.61488,-0.29787,-0.18004,0.27953,0.067994,0.15559,0.21987,-0.10968,0.0396,-0.062438,0.00014968,1.2487e-14,-3.0113e-15
-134.5,-61.809,144.99,195.55,201.27,1.0589,-22.727,-1.2256,-8.081,13.509,-6.719,-18.16,15.712,9.3995,-4.6209,-8.6416,2.9892,-1.0129,20.375,9.3127,3.4845,-5.177,-4.7395,2.5201,5.854,-11.557,5.3815,-3.2608,-3.7008,-2.7203,2.0686,-4.3551,2.4975,0.25339,1.7099,-0.35696,1.8885,1.7857,-0.20899,2.5599,-0.18619,0.71711,0.36507,0.88871,-0.031587,0.13694,0.045694,0.047466,0.18101,0.0885,-0.0011595,-0.015415,-0.00015315,-2.56e-15,-1.2217e-14
-230.9,21.007,-31.178,109.56,85.971,-21.353,-10.332,12.254,-5.2917,13.074,-5.3763,-15.656,-16.401,-7.5575,11.447,0.6058,6.0047,4.7366,5.3913,-8.1258,15.267,4.0435,-21.208,-6.1096,-25.665,1.854,4.0806,1.7508,4.2233,-4.3263,-1.2475,-1.5289,1.9584,0.32531,4.5633,5.0787,-2.0511,-2.1187,-1.1944,4.5707,-0.88099,0.47394,0.11478,-0.45527,-0.96477,-0.36003,-0.084528,0.055578,0.11446,-0.049318,0.031449,-0.046045,-0.00011987,-1.7983e-14,-4.4332e-15
-95.752,89.186,10.804,37.04,241.85,35.714,67.291,5.2995,-3.7573,-12.41,-4.9039,-15.512,-9.2208,2.6508,-10.258,19.145,-11.319,-5.1622,2.2365,4.7087,6.4774,-4.8997,-5.4408,6.0951,-4.7832,-6.5774,4.4241,-0.40641,8.4283,13.934,-1.4176,1.2475,-0.29872,-0.68789,-3.1616,1.2907,0.65687,1.2654,-2.1764,1.1889,1.6857,0.68758,-0.068743,-0.90895,-0.22324,-0.69347,-0.067883,-0.16119,-0.12749,-0.075098,-0.0035503,0.047234,0.0024,3.6512e-14,1.8777e-15
-238.58,-11.694,29.25,103.68,101.02,-4.0008,-14.037,2.2552,2.7256,12.714,3.2605,-15.994,5.1772,13.587,-6.9626,-7.3494,2.8732,-3.4732,13.074,-1.6867,1.7494,-2.6029,-3.859,-0.56892,1.1858,-6.1355,1.4714,-3.9761,0.50265,3.9943,-0.08255,0.9094,-0.47625,-0.68891,-2.7961,-0.58494,-0.84516,-0.022157,0.4344,0.39837,-0.62333,0.38858,0.058596,0.26507,-0.21448,0.58283,-0.074736,-0.044486,0.25075,0.04214,0.040228,0.0034662,0.00077109,1.4059e-14,2.6076e-15
-219.19,5.3807,32.773,109.05,70.461,93.918,-13.812,-2.715,-26.391,45.626,20.455,16.359,-9.3325,-18.759,12.576,-2.86,-2.5326,5.7111,-2.4993,-17.834,4.7804,4.8891,-2.4157,8.1609,5.67,3.8575,-1.9791,-0.025025,3.1433,-5.6142,-6.6244,-2.7426,0.39927,-0.28182,-1.7172,-0.44178,-2.0567,-0.081411,3.0506,-2.7841,1.0036,0.1462,-0.5098,-0.41963,-0.22568,0.33519,-0.06337,-0.024306,0.37625,0.087829,0.01766,-0.059203,0.00047976,7.6848e-15,-1.8055e-14
-97.837,34.969,-82.732,85.598,147.96,3.8024,42.122,-15.893,16.568,-13.895,6.1911,0.051859,-16.317,3.5928,-17.393,-7.1542,-3.1832,-1.5435,0.88596,-4.1095,-4.8281,-9.9738,-4.1934,4.3016,-0.91597,0.77045,-1.5011,0.79662,-0.33186,11.392,-7.3062,1.7076,-2.356,0.36999,0.85458,-0.52112,0.17239,-1.1475,0.48399,-2.1908,-2.36,0.22834,-0.33109,-0.25151,-0.50218,0.50507,-0.1475,-0.10475,-0.021965,0.053084,0.035044,0.026437,-0.00063699,-2.3302e-14,5.8136e-16
-147.29,-6.6061,57.653,182.53,-31.58,-59.996,24.914,-2.8122,-7.0123,12.885,3.1817,-18.531,1.3061,6.5425,14.336,-22.471,6.6235,0.77784,-1.8648,-4.7554,-6.1939,-3.6455,3.1554,-0.2003,2.8184,-5.4701,-4.1379,1.3081,-0.38343,2.2374,-4.5404,4.7924,-3.4257,-1.4663,1.4033,-0.31156,1.9177,-0.42083,0.40249,-0.53171,-0.54274,0.99509,-0.66667,-0.1556,-0.37557,0.86839,0.066455,0.045944,0.27877,0.019932,0.036034,-0.019415,-0.002334,3.177e-15,-5.4198e-15
32.043,-9.0309,-53.845,156.28,110.28,58.111,35.447,8.9157,11.452,18,20.422,8.7856,-4.2958,5.8744,-29.887,5.927,-9.7636,2.446,-1.4313,-3.2588,-11.053,-7.6748,-4.0442,9.8096,-7.289,6.1399,7.2947,2.0463,0.031356,5.4236,-4.1896,1.5295,-0.69571,-2.0487,-0.63581,1.0255,1.4873,-1.5466,0.4247,0.72745,-0.61006,1.286,-0.97941,0.17247,-0.55387,-0.097436,-0.18976,-0.25861,-0.00039634,0.055207,0.039409,0.056216,0.001297,-1.0034e-15,-1.4775e-16
-217.74,-26.077,58.189,96.034,186.71,27.04,51.122,-26.881,-0.27755,26.465,0.44755,3.1857,1.6571,-2.5419,15.042,-2.5617,22.546,-3.0918,5.7381,-0.31536,-6.3953,-15.236,7.8395,19.501,-0.33868,7.8757,5.7569,7.3269,-1.8981,-9.2188,4.5382,0.1383,0.11388,-0.082177,2.2975,3.0134,-2.1566,-1.0263,-0.16847,-1.1569,-1.7249,-0.56949,0.098325,0.19772,0.34854,-0.42056,0.1183,-0.11641,0.036673,0.10168,-0.036673,-0.068473,-0.0024515,-1.7698e-14,-7.7902e-15
-265.03,45.091,-33.255,110.91,-6.3842,37.961,74.508,-18.4,1.84,27.937,4.5712,-7.656,-6.0448,-21.478,37.186,-6.9767,-6.7578,2.532,11.099,0.36536,-9.816,4.4952,2.6965,1.057,-3.7495,6.4555,1.3645,-1.1116,0.44202,2.8916,-1.7424,1.7199,-8.6956,-0.64545,-2.579,-0.88871,-1.742,0.15089,0.60984,-1.1229,-1.307,1.0927,-0.33016,-0.11943,-0.017445,0.45358,-0.13431,-0.10879,0.047633,0.03705,0.023625,0.048769,0.0027875,-2.8576e-16,-5.5893e-15
-18.688,51.338,110.72,169.88,79.883,-70.373,-18.962,-15.283,5.186,-17.751,58.789,8.9346,-9.594,24.335,-4.2847,-16.28,15.381,-13.253,-7.4576,29.88,13.979,20.73,6.1948,4.1452,6.5779,10.774,4.0979,-2.4922,3.732,3.0787,-4.1854,2.3691,-2.2504,-3.4629,4.5415,2.8347,-8.5665,-0.031919,-3.3285,-0.22117,0.39935,-0.47272,-1.3557,0.62732,-0.45234,-0.29421,0.077388,-0.10073,0.021612,0.056217,0.027832,0.0028018,0.00059304,-8.2156e-15,1.7624e-14
290.98,-151.16,-138.81,99.165,-50.742,-14.541,49.746,-12.55,13.834,1.8186,-0.6419,4.3086,2.9212,16.753,2.4545,10.848,-19.245,-1.2435,7.0519,1.8026,-0.51886,5.731,-1.8507,-6.9582,-4.764,-3.7834,-6.4021,2.2587,-2.4108,-1.7466,2.8539,1.7768,-1.099,-0.80093,-0.48217,-1.5448,-0.83983,1.241,-0.66669,1.6875,-0.38255,0.86255,-0.012797,0.57665,0.16289,-0.16093,-0.26985,-0.084425,-0.053693,0.13947,0.011262,-0.036738,0.0033071,1.0767e-14,2.0416e-14
-24.932,-97.375,-71.029,3.2108,-60.147,23.202,93.363,-10.303,36.767,-12.834,-19.078,-6.1966,2.1919,-5.4792,-25.325,10.371,8.8183,-1.765,-10.857,0.92206,2.5848,0.50505,-4.7874,-15.045,-3.5471,-0.80464,-5.6753,-0.69451,-4.4847,-2.9247,1.7804,-3.3068,1.9692,4.4342,2.5474,-0.27872,0.3218,1.1969,-1.8501,-0.52436,-0.40938,-0.49416,-0.095046,-0.65269,-1.2875,-0.22694,-0.039819,-0.11652,0.14179,0.032839,-0.14741,0.092421,8.7219e-05,-7.4374e-17,-4.438e-15
229.9,196.31,23.363,0.60081,-70.373,12.748,4.5744,4.3257,-1.8391,-33.864,23.455,-18.263,14.325,1.6001,-3.1498,-8.4509,0.11059,-0.18602,9.4306,3.9062,-3.3814,-10.565,-4.5161,2.8365,0.56511,6.8082,1.0351,8.4858,-0.38507,0.39813,-1.8764,-5.1332,2.0058,-3.1997,0.80573,-1.538,0.94461,0.3074,-0.49997,0.067027,1.6219,0.58918,-0.94655,0.76476,-0.82554,-0.025603,0.043101,-0.26875,-0.10677,0.015113,-0.089978,0.087078,-0.0033485,-6.3654e-15,-2.1052e-14
-60.554,-21.927,-41.041,-45.02,-61.054,35.403,37.083,1.4781,-0.38266,13.665,-0.50758,11.215,-2.8016,4.8443,12.557,-3.5672,-4.3265,1.3226,8.1383,-0.58226,-0.59435,6.5437,1.2432,-1.8772,-1.0369,-4.9867,0.70645,0.38857,-0.36898,1.0472,-1.2342,-0.051063,-0.35699,-2.6222,1.0661,-0.87542,0.18484,-0.16613,-0.62256,1.7676,0.52912,0.14486,0.40348,0.25522,0.33845,0.071691,-0.12674,-0.035708,0.02323,-0.0059201,-0.065966,0.075914,0.0021491,2.0423e-14,-4.8643e-15
-15.567,5.3544,15.735,3.3739,-43.236,-6.5043,85.66,-21.823,-28.772,7.4979,-10.916,2.5511,-2.1224,4.6103,7.3475,0.089841,-1.6013,-8.6574,-6.3085,-3.1551,3.9241,2.3225,-2.2347,-0.78915,-3.0241,-6.4658,2.4213,-3.9106,2.5591,-2.933,10.241,-1.9524,2.0974,-1.333,2.7275,2.9827,0.023658,-5.2482,1.549,-4.063,1.6016,-0.40528,-1.1897,-0.60689,0.40085,-0.22512,0.24415,-0.057403,-0.031494,-0.016241,0.2107,0.17909,-0.0053112,-5.8839e-15,9.1536e-15
128.96,-81.295,-76.551,8.0434,-43.54,42.711,51.285,4.1937,25.287,2.775,-3.9939,-22.329,8.4471,-16.8,48.244,-5.3703,10.588,-11.445,-5.5012,-11.575,1.5281,9.2165,-1.8914,-4.7473,3.5904,11.997,-5.1703,-3.0906,-2.0501,3.3746,-4.3458,-1.014,1.5541,-0.83281,-1.134,-2.0738,-0.6707,0.035904,-0.98385,0.02135,-0.53796,-0.3719,-0.011829,-0.47446,0.11116,-0.050899,-0.0082552,0.051066,0.12569,0.13778,-0.034784,0.035394,0.0048765,-3.5433e-14,-3.049e-14
20.906,124.76,45.819,-111.25,-21.164,-23.134,5.1017,11.904,-19.407,-11.839,25.321,-0.083401,-9.4391,1.3699,-8.9366,0.75119,-7.4406,-9.3428,-3.3162,-13.812,3.731,-1.7605,2.7871,2.2622,1.675,0.96228,-7.1431,-1.9809,-1.0795,0.52702,0.49158,-0.14972,0.98012,-1.4042,-1.1061,-1.4174,-1.6359,-0.8246,1.811,1.3427,-0.49528,-0.64062,0.30952,0.89175,-0.92265,-0.039092,0.32482,-0.037962,-0.038343,0.053544,0.26834,0.25348,-0.0071339,2.1228e-15,-2.4765e-14
78.312,94.141,34.114,-77.561,-48.063,-30.895,-34.709,-40.934,-29.151,7.9968,24.726,16.579,-15.82,15.85,18.397,39.251,23.256,-0.55914,-1.5103,16.741,-29.427,5.3488,-10.454,-8.7524,10.459,-7.4268,-2.0952,0.24875,7.1119,-6.657,-12.664,-0.25275,4.8859,1.0276,-2.3189,-1.2088,4.3961,2.392,2.7941,-0.39279,-0.26356,0.83146,-1.4709,-0.86299,-0.058127,0.16705,-0.19142,-0.1524,0.019553,0.057786,0.0008977,0.030369,-0.0016084,-1.5112e-14,-1.1148e-14
246.43,170.5,1.7336,-23.007,-25.98,-51.243,-12.42,-28.714,32.506,15.114,0.60868,26.317,-6.6822,23.546,20.284,17.408,-2.0392,13.106,0.59196,-0.49584,12.301,-26.453,17.914,6.4016,-7.4499,-2.1651,-5.6646,4.5894,-10.432,9.0122,2.2215,0.23833,3.5076,2.5288,-1.3846,1.0376,-3.1858,1.2409,-1.1854,2.084,0.75025,-1.3868,-0.1777,-1.2025,0.16487,0.55352,0.10632,-0.064243,0.10791,-0.0057287,0.021569,-0.080985,-0.00365,-5.8972e-15,1.8622e-14
469.29,206.11,-3.9869,-74.808,96.93,-21.76,32.909,-10.3,1.8814,-5.1092,21.879,14.323,-20.694,29.171,10.126,8.0961,5.069,-7.5127,11.081,1.5828,13.605,12.411,4.0841,-14.849,4.8741,-2.2341,13.399,-1.655,5.6647,2.9438,7.4849,-1.7583,5.2554,-2.6025,-3.5152,2.1623,5.0613,-3.5213,1.7703,-1.351,-0.14351,-0.29227,-1.2496,0.075526,0.15758,-0.17281,0.27885,0.14239,-0.11958,0.029446,0.23211,0.10501,-0.0052484,-2.9562e-16,-1.0786e-14
379.23,22.861,-37.345,-23.44,-98.054,-36.078,15.682,5.0752,37.848,17.306,1.6582,-5.2939,-7.123,13.76,20.843,-2.1037,-9.7597,8.0166,-6.4734,-1.7673,-4.0358,3.8683,-4.3139,1.4575,1.3193,1.2773,-0.76759,3.8146,4.1913,2.7004,-0.035899,3.5772,0.24192,-3.5958,-0.87133,0.002504,-1.4146,1.3716,-0.11447,-0.087789,1.2031,0.48083,-0.63896,0.29034,-0.23241,-0.76135,-0.047704,-0.080481,-0.036243,0.0043391,-0.081277,0.09723,-0.0044607,4.9658e-15,-1.0565e-14
210.83,127.2,-142,91.143,-27.258,-11.14,0.53701,34.055,-0.40175,17.656,16.208,2.7665,-2.2212,7.3802,7.3878,1.2439,-4.3946,4.6744,-0.13146,-4.2722,2.3368,-4.0971,-12.738,1.2826,7.8143,7.6968,-2.2892,1.5378,-1.2328,-0.50377,1.6141,-2.2412,3.588,-3.1615,0.77385,-1.6313,-1.0537,-0.47265,2.0992,0.30496,-1.0677,1.1865,1.3575,1.1194,-0.77873,-0.50304,0.17927,-0.082265,-0.1797,0.13151,0.015833,-0.13261,0.00052355,-2.3325e-14,7.9798e-15
282.18,-65.534,-125.6,43.396,-130.46,-19.248,-2.9969,16.391,14.15,21.615,9.8291,-2.7716,5.6426,-0.52386,-4.3654,-2.627,-9.4538,-1.6376,5.2272,5.3314,-5.5756,-0.85239,5.1865,-4.3583,-3.2987,-6.3645,-3.5711,-3.7604,9.2399,2.4044,4.4922,1.706,5.3384,-2.2021,-2.2156,1.1898,-2.7229,0.45365,-0.71867,1.4536,0.4751,-0.34182,-1.7823,0.10502,0.60163,-0.10975,-0.2269,-0.17907,0.25645,0.017198,0.050328,-0.013887,0.00014068,1.2035e-14,1.7446e-14
-27.034,100.69,9.035,46.921,-43.182,22.199,-14.351,-8.5911,5.8832,32.68,12.026,13.388,15.9,10.588,3.2276,12.769,-3.4701,-0.98376,2.3408,-2.4643,9.9433,-13.435,4.2483,0.81601,-1.5718,4.0481,-9.7304,-0.42053,-6.0781,3.106,-0.44128,-1.0249,1.9967,0.64414,-0.038092,1.3141,-2.0991,-0.2013,0.85586,-0.75242,-2.1157,0.49064,0.8878,-1.0024,0.31074,0.086935,0.19855,0.18766,-0.33323,0.20651,0.30652,0.21868,-0.0058145,-1.7415e-14,2.1302e-15
-133.26,65.761,-141.1,64.065,17.667,-36.142,29.573,-11.066,10.377,-9.9668,2.9148,1.7333,-19.964,2.3878,-14.591,7.0697,-2.5931,-16.847,-3.7432,8.7017,5.5054,10.913,1.4287,3.7524,1.5761,4.3671,4.6822,-0.39794,1.6663,5.7661,-1.0011,0.36751,1.1864,-2.5027,-1.1402,-3.1694,2.4203,-2.9996,3.7063,-3.1295,0.21735,-0.72366,0.61188,-0.40387,0.70914,-0.048198,-0.1003,-0.13518,0.016971,0.06742,-0.015331,-0.061675,0.0027217,-2.0706e-14,3.0384e-15
47.449,-75.8,-49.22,-23.061,-37.462,17.793,21.146,-0.56481,8.8764,-36.203,24.435,0.74014,7.0681,5.5645,-3.3995,14.712,22.625,-1.0404,-1.6772,17.88,-13.41,5.7714,-11.953,22.887,-9.0461,-2.5256,-12.68,-1.1896,2.0154,5.9338,0.64652,-2.2075,-0.51624,-1.5822,-3.985,1.723,0.68157,-3.2958,1.9433,1.7014,1.9368,-0.76692,-0.56514,0.27314,-0.27107,0.27066,0.13868,1.4971,0.17045,-0.017745,-0.12491,-0.17856,-0.0049944,-3.5841e-15,-7.9954e-15
211.42,310.4,8.4787,-92.252,55.376,-4.8567,-8.1922,5.7641,-7.405,-5.3891,8.4805,-8.6609,-4.25,-7.0908,5.0189,-10.12,-4.297,-14.801,5.4073,-9.9516,-0.094457,7.3168,5.908,-3.0901,-12.063,-7.488,-1.9954,4.3683,-5.7435,-1.3824,-2.3647,-0.84853,1.2255,-4.1763,-2.8155,-3.1887,-2.7754,-2.3507,1.711,5.3535,2.0492,1.5212,0.17258,-0.44898,-0.84693,-0.36025,0.22315,0.013754,-0.32043,0.01538,-0.08414,-0.069682,0.00021747,1.9781e-14,-3.911e-14
203.99,76.279,-24.755,4.0471,-125.36,5.0303,27.316,10.347,2.4889,27.7,26.646,16.744,-7.0867,14.481,-12.297,9.7286,-8.0898,2.9141,13.562,-4.0171,-6.0541,-2.0387,-6.7479,3.6643,-4.8085,8.1091,9.8285,-5.0153,-1.313,3.4842,4.2903,-6.5343,-8.5029,0.26934,-6.6887,-1.3299,-3.5316,2.9611,-0.063907,0.22015,-0.19588,-0.024702,-0.71571,0.22566,-0.1006,-0.4939,-0.045043,0.95742,0.012092,-0.00099285,-0.15144,-0.083359,-0.0020907,5.9452e-15,1.0545e-14
231.7,23.31,-55.105,-0.26394,-46.949,9.9369,5.7409,1.2043,20.757,6.9602,-10.757,-4.8433,15.2,14.73,7.8041,-5.0204,-2.4047,10.192,-5.5623,-1.8701,-9.1307,7.4241,0.74926,-2.9671,-1.1182,3.6821,1.1615,4.8255,-0.52962,2.0022,-0.19018,-4.4074,3.0461,-0.97327,0.19833,0.48033,1.4504,1.7673,-2.8336,-0.85097,2.0596,-0.65679,-0.46341,-0.60945,-0.65653,-0.30145,0.16063,-0.11364,0.28359,0.065132,0.072996,-0.058593,0.0066655,1.6719e-14,-8.2203e-15
163.86,-52.798,-169.3,-26.553,-25.287,-17.661,20.001,7.8744,-21.143,-14.109,-4.7876,-11.945,0.29163,0.97297,-11.13,7.7188,10.726,-17.951,12.376,-9.3898,2.6799,1.5113,9.5572,-2.0564,-0.16812,-3.1687,2.7932,0.39941,-7.8544,-10.355,-9.4979,-2.0554,-0.47043,-0.28244,-1.5248,0.035153,-0.44944,0.40406,-0.84372,-2.2869,1.4019,3.2753,0.59895,-0.28108,0.15636,-0.9186,0.095691,0.12635,0.039979,0.024581,0.23636,0.21271,-0.0050718,-8.0726e-16,-5.8586e-15
