-128.87,26.046,-70.924,73.274,13.716,-17.843,5.9547,7.0531,-0.91168,1.9662,-11.241,-10.936,-1.7864,9.437,5.9089,-5.1514,-0.54219,3.7947,1.633,-0.34687,2.6078,0.010042,-1.9242,-0.29563,0.12991,-0.18414,-0.521,-2.0325,1.8394,2.3984,0.8639,1.4654,-0.31159,-3.0726,-0.70253,0.85998,-1.5519,1.6074,-0.068561,0.77313,-0.017619,-0.80555,-0.098609,0.30524,-0.72676,0.56967,-0.14552,-0.34359,0.051807,-0.03,0.091183,-0.21319,0.00076766,-2.2434e-14,-2.3121e-15
33.051,10.065,-41.932,114.14,75.237,-12.882,-6.3288,18.854,-2.1103,11.313,22.171,1.8002,-6.2879,-6.0673,1.6582,-15.582,-1.9532,-2.4075,-4.2976,-5.8592,-1.2255,-4.5754,0.024127,-11.241,-3.9455,1.0759,-0.39089,5.379,-5.076,-4.9655,-1.926,2.272,-1.0827,-2.5736,-1.9096,0.98834,2.6796,3.6182,0.34337,-2.1883,-1.1128,0.19585,0.2748,0.7427,-0.40875,0.005138,-0.63335,0.010903,-0.058456,0.14812,0.034961,0.019042,0.00032428,-4.7707e-14,2.1321e-14
217.27,202.62,120.57,64.135,187.16,-19.804,-7.7225,19.744,5.4217,13.606,-8.1454,-3.8256,16.46,14.196,-1.9135,1.3504,-5.0281,-1.9421,-3.107,10.293,-2.6428,1.0582,-0.81776,1.1245,2.7558,3.317,-0.50423,-1.99,1.3358,-2.0904,-2.759,-0.065342,0.061257,0.15635,-2.496,0.97989,-0.71418,-2.2421,-0.45937,-2.883,0.69175,-0.29035,-0.52932,-0.036449,-0.45388,-0.077701,-0.45738,0.041807,0.088426,0.2308,-0.054099,-0.020256,7.1152e-06,-1.2226e-14,-6.7792e-15
249.66,282.87,44.96,112.93,-4.1685,-1.8475,-51.652,-109.37,42.125,14.76,16.743,-15.13,2.6822,-13.35,-8.787,14.066,25.519,11.996,-14.536,5.1068,-12.756,-3.1878,2.0593,-1.261,4.0057,4.3688,-1.397,-0.065937,-6.1773,3.295,1.85,-2.5859,-4.5838,-2.3767,-0.30664,-1.2904,0.64517,-0.2283,-2.4568,1.4824,-0.60381,-1.3244,0.2787,1.1366,0.075552,-0.14291,-0.48221,-0.13764,0.032201,0.0045172,-0.0077587,0.033427,-0.0015469,-1.0415e-14,2.3773e-14
112.72,140.57,-55.14,193.12,17.275,0.052725,-19.565,-4.0917,-6.6859,-10.452,-4.4506,-16.96,4.7262,15.609,-1.3775,-6.8615,0.13356,-0.7006,3.5702,-0.55485,-0.54807,-4.1442,3.071,-7.7022,-3.1531,0.13481,-2.0415,-0.97896,2.2241,-2.7025,-1.2641,1.2365,-3.504,4.4891,-0.14117,-2.4472,-2.1389,-1.3518,2.4442,-1.5748,1.3402,-0.80089,0.031597,0.99841,-0.47198,0.2683,-0.1953,-0.32317,-0.0601,0.094366,-0.069481,-0.01772,0.0013693,3.8965e-14,-2.1263e-14
-14.682,-12.347,-34.008,186.48,127.89,-15.35,-12.739,10.953,-4.1276,13.458,-3.0082,-1.7572,4.6869,6.227,-4.2945,14.767,-12.472,16.077,-4.1291,15.876,2.1052,3.7785,21.731,-7.8968,0.32585,-1.3886,-2.1449,1.7321,-1.9619,2.3739,-0.98758,0.21267,-1.7562,1.3955,2.5671,1.6248,0.86414,-1.0265,0.085268,1.7436,-0.7575,0.051928,-1.0605,1.403,-0.84179,0.40353,-0.33426,-0.1665,0.079858,-0.0099832,0.022211,-0.0035055,-0.0025296,3.1534e-14,-6.4845e-15
-150.95,29.626,-28.74,-0.63732,34.668,-8.4691,-3.375,-20.37,-4.5165,21.612,-0.71068,2.6011,-17.132,13.377,-6.9553,-8.6824,0.10006,1.3676,4.7114,5.1685,0.40339,-2.829,1.0361,-0.18917,-1.931,0.60465,12.091,-0.58595,-4.0108,0.12222,-1.6166,-1.1596,0.10736,1.0548,-2.5071,0.38417,0.30819,-0.15378,-1.6468,0.9825,2.6274,-1.7542,-1.419,-0.4295,0.35189,0.1821,-0.14751,0.2383,0.14528,-0.076454,0.025836,0.02124,0.035454,-2.3726e-14,2.8401e-14
-103.36,11.8,25.495,104.24,82.251,-10.506,-5.1407,-20.543,-1.8683,8.1588,-17.888,-13.426,25.577,0.88261,-0.068126,-3.8154,-16.523,-1.2094,3.1079,4.7369,5.5269,4.8327,0.30623,-9.7253,1.5836,-9.282,-0.8683,-2.0942,2.8376,-1.262,1.5188,0.11335,-0.71441,-0.26161,2.4713,-0.76022,-2.033,0.030646,-0.19148,2.1656,-0.51793,-0.42941,-1.3225,-0.92236,0.079945,0.42851,-0.02537,0.02015,-0.011228,-0.15915,-0.17689,0.094514,0.00056811,-3.5401e-15,2.318e-14
-130.23,35.552,-24.003,38.351,28.182,-20.98,16.617,4.5702,-6.2035,6.9905,-1.0693,-14.529,17.326,-1.5384,2.2208,-3.1321,-5.628,-4.0478,-5.5185,-2.4701,3.4739,-1.7929,-2.7591,0.40504,-0.86449,-0.18833,-1.2803,-1.7525,2.9029,-0.10078,0.26546,1.0777,0.41425,-0.42952,-0.70227,-0.41736,-1.8265,-0.079496,0.24773,-1.3348,0.12728,-0.18909,-0.2941,0.29095,-0.73519,0.46283,0.16233,-0.3455,0.076724,0.069651,-0.037965,0.021148,0.0041778,-1.1266e-14,-1.1553e-14
-55.996,43.186,-0.23703,50.977,25.661,-13.246,2.0641,-4.1668,-9.2351,0.34233,-11.727,-12.081,5.4154,6.4521,-3.5935,-2.0454,0.66489,-3.7595,-4.3315,3.2859,0.028842,5.1457,-2.0498,8.3082,1.0076,-0.48985,-1.4165,-3.9146,4.5474,-2.4144,-1.1836,4.2027,1.3944,-2.3193,-1.0648,0.079126,-1.7997,0.26795,1.0033,0.31876,1.1303,-0.16433,-1.0803,-0.19895,-0.29462,1.1487,-0.090796,-0.17991,-0.0049529,0.09916,0.19147,0.01278,0.0025356,1.3508e-14,-1.2293e-15
-97.453,40.186,-112.18,131.9,70.805,-15.589,-18.775,-32.573,23.398,3.7992,-9.7938,9.4991,7.5009,17.519,-2.5706,-2.4744,-11.188,5.8445,8.4783,-4.1179,-1.6983,-3.7392,-7.845,-1.0688,-2.538,-0.73494,-1.333,-1.3359,2.8603,-2.1021,-0.34687,0.090074,-0.36607,1.3088,-0.42771,1.1139,-1.8018,1.0721,1.2056,-0.79319,1.509,0.69287,-0.0232,0.1028,-1.4674,0.16858,-0.11564,-0.17727,0.1243,-0.16434,-0.12736,-0.03014,0.004217,-1.2718e-14,1.1362e-14
-220.15,8.7929,6.2032,-21.916,55.341,-14.433,23.904,-2.0204,5.867,10.55,15.876,1.087,-0.49886,5.3312,2.9841,3.6779,-3.8897,4.0163,0.46661,3.6974,-1.3547,-5.6861,-5.6593,5.0834,-0.074077,0.24395,-0.94319,-0.015649,2.7977,0.51391,0.4915,1.0045,1.667,-2.4658,-1.6449,1.0942,-1.6661,0.39855,-0.74624,-0.70858,-0.49297,-0.22304,-0.14434,-0.8374,-0.5673,0.72134,-0.40097,-0.060302,0.076123,-0.030204,-0.16617,0.10039,-6.5873e-05,1.8743e-14,1.8369e-14
-193.4,34.53,-20.352,-40.51,37.223,-26.18,7.8161,-14.673,6.3146,1.3624,6.2838,-13.265,0.06597,1.6566,-9.3525,-7.8372,1.2968,-0.91574,7.0329,4.4678,10.512,1.0087,0.69147,-0.023578,3.2047,0.40417,-2.6219,3.7481,-2.9503,-2.6059,1.3841,3.85,1.3868,-0.23319,-0.36004,-1.7045,0.91448,0.84147,0.32436,-1.7949,0.46367,-1.2819,-0.015123,-0.17259,-0.38469,0.21413,-0.58114,-0.09926,0.049538,-0.02671,0.08905,-8.8388e-05,0.00089302,-2.5557e-14,-9.5757e-15
-115.8,30.275,-35.487,6.2553,57.134,-23.473,-8.2708,17.407,8.8189,-2.2864,-12.024,-7.6438,-3.6185,12.375,20.267,-12.36,18.599,-2.7628,0.58708,-5.6947,-0.97226,-0.10066,-3.6042,3.9702,-1.6342,-0.92904,-1.1704,-1.1439,-0.54946,-1.4981,-0.29168,1.1306,1.0927,1.9755,2.0602,2.1484,-1.6836,-1.4296,0.13478,-0.0062615,1.2816,-1.127,0.32016,-0.34627,-0.52395,0.57062,-0.19378,-0.1365,0.06346,-0.17055,0.067595,0.075393,-0.0025991,-3.1932e-14,-5.3396e-16
-136.63,26.045,-24.489,31.186,-57.076,-12.933,10.474,4.2146,12.808,14.285,-2.1318,-23.237,1.3866,-9.7127,11.187,9.4491,11.413,10.046,-13.383,5.1611,3.0264,-3.8129,1.5056,2.5408,2.8845,0.60676,2.37,-2.5016,0.65396,-0.78794,-0.66662,-0.39494,-0.98773,-0.028166,-0.65192,-0.89098,-0.38792,1.2101,-0.26748,-0.68498,0.92305,-0.46253,-0.93098,-0.010263,-0.59268,1.0324,0.83756,-0.31135,0.15863,-0.11263,-0.18962,0.043991,0.0033115,-5.6273e-15,-7.9957e-15
-133.1,90.988,0.65156,28.9,16.106,-17.479,13.376,-0.023109,22.579,11.126,3.0461,-24.035,4.4722,-11.229,4.7274,-3.936,6.2179,3.0726,6.547,3.3927,-10.596,-2.9853,-9.8231,-4.1039,-7.9395,-0.56256,3.77,12.107,-7.4682,-10.517,3.7985,4.6754,2.4309,-5.1252,2.0856,-0.51444,2.1094,2.5065,0.1809,-2.741,0.45572,-1.6173,-0.34294,0.26503,0.74333,0.41792,-0.15652,-0.089683,-0.11016,0.005152,-0.16028,-0.08389,-0.0057975,2.4608e-14,-1.1296e-14
-129.42,-4.3481,12.524,23.597,26.231,-7.4557,13.911,-0.83034,11.341,3.6511,21.71,-3.9061,15.047,-5.7422,7.7535,-12.128,-7.7482,-3.8873,-8.3965,-6.3295,-1.1776,-2.6666,0.53577,-0.31854,-1.1685,-0.42315,-0.67678,-1.7731,4.1105,-0.21471,0.16527,2.4641,0.23195,0.69037,0.33822,-0.71503,0.052863,-0.69828,0.17682,-0.35404,-0.50195,-0.51146,0.64057,-0.16207,-1.0406,0.11301,-0.58034,-0.096793,0.059847,-0.1395,-0.057466,0.16821,0.0037411,1.1379e-14,6.0772e-15
-158.8,-18.618,-40.66,25.873,11.607,-18.303,0.16874,2.5374,6.4095,2.4824,-5.8609,-11.104,-13.001,8.7824,-6.2358,-1.8859,0.67172,3.9656,-8.4601,-0.83502,-1.9749,-2.3229,2.4444,-1.8397,2.4908,0.80059,-3.174,-4.8136,-3.5638,-1.3022,-0.43332,0.43007,-2.3165,-2.1366,-0.085814,0.70776,-0.25872,0.5971,0.94338,0.54723,-0.35682,0.89466,-0.99166,0.52682,-0.68064,0.54802,0.0014521,-0.3014,0.2089,-0.091415,0.078547,-0.0028156,-0.0010903,-2.7504e-14,-1.0132e-14
-125.88,-114.18,-28.125,-3.3695,8.4344,-9.0362,-16.029,7.3602,4.5041,12.973,25.483,-5.9895,-10.16,-7.6557,0.13751,5.383,8.1695,-0.064261,-18.991,1.2576,-6.6319,-2.6494,-1.2365,5.1107,6.9598,3.5964,3.8514,-1.0944,1.2494,-1.9941,0.93713,-0.29927,1.1496,1.7746,1.393,0.20185,0.70657,-0.38986,4.4091,1.1515,-0.054649,0.51914,-1.7297,0.8107,-0.66203,-0.25367,0.53993,-0.22922,-0.060012,0.184,0.039497,0.033806,0.0030364,7.5089e-15,-1.8031e-14
-111.76,-93.682,-26.847,4.2643,-28.325,-7.3546,-4.5097,0.30399,-12.176,-0.48352,-2.3135,-21.782,1.2913,4.4572,-2.3276,-4.3199,-6.047,-2.1326,19.008,-7.8319,-14.266,14.24,-1.9566,3.2777,12.554,4.773,-0.65565,-1.5953,-1.0596,5.8522,0.60974,3.8457,-4.4866,-1.9674,-2.557,-1.807,2.8485,1.7875,2.4829,-0.8088,0.44282,-0.33805,-0.54877,0.21982,0.27661,-0.91676,-0.098356,-0.04233,0.09025,-0.2451,0.040532,0.10662,-0.00054318,1.375e-14,-1.1871e-16
-104.15,-82.396,8.5506,44.101,-21.526,1.8489,-28.906,-8.8246,-20.882,-1.9569,1.1887,-13.785,-2.1856,-2.6996,10.514,2.8548,-17.336,-8.9998,2.2899,2.9081,5.8749,0.82436,1.9013,0.57743,-3.5514,10.47,-2.1805,0.79297,2.0457,-1.2222,0.40699,-1.1039,1.5306,0.085183,-0.39293,3.3347,1.3685,0.96097,-0.3901,0.22666,-3.6143,-1.5061,2.0908,0.81979,-0.94454,-0.83141,0.35903,-0.15725,0.011018,0.10115,0.037631,0.01188,-0.00028821,1.5108e-14,1.5106e-14
-181.43,-75.144,6.3396,-26.389,15.56,-10.513,-12.65,8.0839,17.564,18.168,-5.6047,-8.5352,13.429,-8.4753,31.672,-7.0989,5.2227,-5.255,12.067,-0.44639,-13.105,2.0451,5.3741,0.47247,5.5435,-2.1591,1.3616,1.4364,1.2084,-2.797,-1.1079,-1.6609,1.8893,2.1315,3.3706,1.7047,0.24393,-0.14797,3.8371,1.0615,0.15871,0.67916,-1.4904,0.0053632,-0.58351,-0.45531,0.51267,-0.094393,-0.017905,-0.02111,0.1533,0.1017,-0.0066667,-4.6058e-14,-3.9734e-14
-151.49,-92.878,45.691,-33.812,-2.3635,-6.3549,-6.4139,-13.948,1.8451,21.015,19.862,-6.043,-4.4589,0.9156,10.656,-2.9098,1.5686,6.6256,-2.3931,0.62707,-0.8286,-4.9463,-1.2006,3.9177,-0.60662,-0.30253,0.83089,-0.85581,-2.751,4.2965,0.2267,3.0311,-1.9914,0.49348,-2.4265,1.4005,1.6779,-0.60512,0.77939,-1.6683,-0.39449,0.25277,-1.374,-0.64388,0.55625,-0.41199,-0.0052843,0.23606,-0.0022566,0.060364,0.012054,0.15209,0.0031568,4.7334e-14,2.3845e-14
-127.36,-43.617,-52.81,-35.453,-10.369,-3.5177,-22.025,-6.7897,4.6655,8.9,23.765,0.099275,3.8281,16.035,5.7321,2.4027,2.0999,-9.1294,-5.7708,-3.5701,-6.1994,-3.3893,-2.5568,-1.3138,1.2268,-3.4197,-3.7869,-0.095227,4.4095,-1.1865,-0.14764,0.23084,-0.70667,0.52352,-0.1674,1.1911,0.86891,1.5219,0.75552,-0.36123,-1.9629,0.95232,-0.50914,-0.62659,-0.91968,-0.68115,0.42455,0.062266,0.05166,0.2048,0.12805,0.072886,0.0038412,-2.2825e-14,9.979e-15
-87.942,-136.93,140.05,-7.1384,30.183,-4.2938,-29.003,2.6918,-14.171,0.75595,-6.4786,-10.426,5.3392,5.7883,-1.8078,8.6095,-3.2509,8.0287,-5.014,5.7577,0.52684,5.3492,1.4445,1.2961,1.4243,1.9104,3.4911,-0.19446,1.2521,-0.81189,3.3503,-0.074796,-0.46919,4.6271,-1.8497,2.2461,1.9628,1.1249,-1.0938,-0.24055,-0.4351,-0.67753,2.0948,0.10521,-0.34016,-0.54987,0.12849,0.032236,-0.021705,0.024362,0.10655,-0.043443,-0.0067525,-3.2599e-14,7.6461e-15
-167.83,-56.401,-30.269,-25.491,8.9046,-12.441,-16.48,-5.0024,-7.6613,7.1465,5.7825,-11.126,-4.218,13.21,-2.5425,3.2728,-7.706,5.6724,8.6914,-0.053683,8.8292,-1.7065,-0.098124,-4.4881,4.7402,-7.2457,0.27273,2.4346,-0.93128,0.67225,-0.083441,-2.0691,-2.2045,1.298,2.2916,-0.059181,-0.4561,1.118,0.18622,0.3482,-1.3777,-0.15212,-1.2126,-0.80338,-0.7835,-0.45809,0.45006,-0.069887,-0.017542,-0.032546,0.0080302,0.16024,-0.0023418,-4.0514e-14,-4.0867e-14
-90.901,-126.15,58.057,-26.052,-11.618,6.3019,-17.436,-7.5293,-21.972,1.8321,13.152,8.3442,11.427,-2.5224,3.744,2.578,1.7485,-3.1499,0.72635,-0.56094,0.97264,2.6345,-0.57442,-2.0107,-3.2687,0.30561,6.6314,1.1221,-0.99905,-0.69052,4.3084,-2.7749,0.085766,2.8998,-2.3003,-0.72501,-0.65616,0.46672,-0.75035,-0.71604,0.91532,0.80138,-1.6086,-0.055351,-1.0801,-0.29591,0.46001,-0.12227,-0.13767,0.15916,-0.016151,0.094224,0.00033164,3.3535e-14,-3.6128e-15
-112.67,-77.491,49.631,-4.5766,17.175,-8.9142,-20.565,3.8605,-14.637,3.9866,-1.3696,-8.1739,-15.796,12.161,-6.0765,7.5598,11.583,0.18213,0.72823,-0.92894,-6.2944,0.34426,0.39118,-5.2826,2.1182,4.0864,9.6909,-1.1505,-1.4526,-3.6864,0.67906,-5.1055,0.031803,-2.8628,0.62091,-3.4342,-0.64234,0.27217,2.528,-1.1403,-0.45817,-0.079161,1.7416,0.35969,-0.024912,-0.23805,0.63962,-0.43964,-0.074136,0.045979,-0.065167,-0.039232,0.002118,-5.79e-14,-9.4395e-15
-207.11,-84.553,-24.744,-53.276,-7.2433,-11.008,-2.1738,-13.335,-13.892,8.8627,3.3473,1.0507,-13.727,5.7241,-4.2481,-1.092,-0.41657,5.9781,1.1799,6.9041,0.078645,0.16427,1.3155,0.29865,1.8774,-0.20549,-3.3276,-0.4286,3.5797,-1.1452,5.8088,1.1364,1.3553,-1.0272,0.60669,1.6509,-0.89686,1.6492,0.32742,-0.51528,-2.9591,2.0444,0.64919,0.50276,-1.5977,-1.1738,0.54289,-0.10687,0.14287,0.20044,0.083242,-0.031033,0.00082262,1.091e-14,5.2373e-15
-125.65,-112.54,132.31,-33.587,1.5752,-5.0026,-21.81,-7.2528,9.1001,14.127,-6.7366,-0.46489,-12.021,9.101,-4.7011,-2.7019,-3.2238,9.6451,-7.9422,-0.16374,-2.6917,-1.3888,2.2448,2.7262,2.2622,0.93035,-3.3808,-0.34779,1.8793,-0.31338,2.5473,-0.76433,0.75659,-1.7851,-0.72862,2.8652,1.4018,0.85806,2.7488,2.4977,0.67803,-1.1912,-0.034313,0.57476,1.0817,-0.26921,0.15848,-0.04248,-0.039098,-0.035035,0.11384,0.12762,-0.0015149,9.2605e-15,-1.6515e-14
-215.79,-97.302,62.261,-41.678,-18.677,-4.8996,3.9876,1.1802,-11.5,22.004,-2.1929,10.401,-13.159,-5.1337,-1.8334,0.095697,-2.8194,7.3546,-3.6008,-8.5711,4.5259,-1.6038,0.94557,1.1944,-2.3091,-0.025925,2.7142,1.4694,0.29795,1.0735,-1.1595,1.5965,0.85629,-1.2708,-0.24467,0.9698,0.21196,1.398,0.28809,-1.6091,-0.96654,1.1308,-1.0056,-0.064929,-0.98213,-0.25293,0.37302,0.016477,0.05496,-0.06934,-0.064073,0.019188,0.0045489,-1.8158e-14,2.6246e-16
-179.03,-6.2401,-52.046,-71.519,-23.698,-8.1878,1.8599,-0.8519,-2.3544,19.891,-1.9986,-9.0922,-11.066,19.906,-2.4708,-1.0941,-3.232,1.9833,-2.1258,-2.9533,-0.20654,-0.017088,-4.3252,2.3578,0.44709,0.82323,-5.1639,-0.91266,1.233,-1.6611,-1.8736,1.4716,-1.5873,1.0825,0.75862,-0.41141,-0.31299,0.5036,-0.091269,-1.2137,-1.0061,-0.86019,-1.4309,-1.259,0.024053,-0.26932,0.33474,0.047549,0.016465,0.20921,0.20796,0.027409,-0.001282,1.0101e-14,1.691e-14
-204.84,-95.288,64.612,-99.59,6.54,-5.0434,-8.595,-8.5751,-7.3756,1.8011,9.2463,-9.3942,-4.7885,9.3435,12.164,-0.17948,-3.4663,-6.1694,0.77095,0.52958,-0.46521,8.2677,-0.38742,5.732,-2.4037,0.94563,4.8926,-3.3818,-3.049,0.96952,2.152,0.9397,-0.46367,-1.2519,-0.3644,-2.2838,-0.46183,-0.26664,0.37285,-1.113,0.059752,-0.72238,0.28857,-0.97069,0.32487,-0.099559,0.16405,0.011009,-0.065921,-0.025409,-0.135,0.12588,0.0052682,3.3784e-14,-3.4897e-14
-64.128,-126.61,78.107,-29.035,10.038,-23.179,-38.491,20.557,42.529,9.2817,20.027,-22.612,10.405,-13.079,-25.2,1.1682,3.4839,-5.3116,24.518,-11.511,11.191,3.6236,6.807,10.888,3.1797,0.041046,9.8266,3.0518,2.8388,-1.4436,2.4413,-4.1943,-5.5366,-3.9324,2.0621,0.095237,-1.6497,-3.5439,-0.49571,-0.61099,0.054982,0.14716,0.059513,0.42674,-1.3893,-0.34151,-0.077511,0.16436,0.28777,0.22785,0.12693,-0.024169,0.006509,3.1137e-15,8.5633e-15
-177.02,-54.601,0.041422,-29.112,9.2431,6.9411,-10.569,1.9036,-8.1391,14.22,-2.9872,3.0528,-13.608,8.6949,-4.8981,5.7976,-0.78766,0.56157,-2.6039,3.3143,-0.24327,5.2824,-0.073092,-1.2147,3.8508,-4.4954,9.4363,-1.0943,-2.4798,-0.69776,-1.9372,-2.1231,-0.18984,-2.2057,1.3028,-1.217,-0.069295,2.424,1.4842,0.90678,-2.5218,-1.2309,1.6452,-0.3103,-0.46498,0.012858,0.32387,-0.19463,-0.13817,0.1098,-0.089842,-0.020106,0.00052038,4.529e-14,-1.6459e-14
-184.35,-20.91,-25.325,-24.57,13.406,27.259,18.134,2.2205,-4.3627,3.23,-3.1416,-13.091,-2.0787,-4.0701,-2.8455,-3.5019,6.303,-4.5892,-0.22091,-1.3553,-2.4201,-3.571,-3.1723,-4.5377,-3.3171,1.8603,-2.226,10.234,-1.4093,4.882,2.6149,0.47636,2.3199,0.2344,7.504,6.2965,-1.3021,0.1431,-1.8639,-1.6953,-0.53728,-0.59795,-0.20723,-0.57797,-0.3121,-0.72116,0.25303,0.13516,-0.010019,0.065933,0.020239,0.12535,-0.0018175,-7.3928e-15,1.285e-14
-88.342,-99.151,89.204,3.0103,-40.892,14.021,-15.453,-1.9393,-25.575,-0.19858,1.3,19.831,-2.262,11.381,-1.1043,4.6793,7.9352,-5.7982,5.8634,3.7101,-3.2985,3.235,2.6964,5.6627,-4.8023,-1.3896,1.1473,1.731,-4.1673,-2.0637,-0.56115,-0.3145,1.654,1.2309,1.2807,3.2336,-0.67562,-1.5548,-0.16213,0.14773,-2.4377,-0.34954,0.4396,0.035886,-0.20464,-0.11404,-0.074653,0.12689,-0.10525,-0.085179,0.016789,-0.0051868,-0.00065398,-1.7632e-14,2.689e-14
181.12,-184.44,-146.02,69.072,46.89,18.366,-24.788,-1.0538,-13.658,-17.766,5.365,1.5844,-13.22,-0.24046,-2.2662,-26.837,5.2849,-17.039,-7.0005,-0.52404,-4.3446,-1.3363,2.5677,-2.3658,8.2449,-3.4389,-2.1086,1.9329,4.0642,2.5779,4.6359,-4.0299,1.8621,-1.7802,-0.88574,1.0095,-0.76185,-0.22245,-2.1395,0.43003,-1.1573,1.489,-1.9541,0.40017,0.36795,-0.70645,-0.71474,0.061085,-0.049836,-0.016173,-0.037222,-0.16275,0.0031842,7.2435e-15,2.6905e-14
192.27,-187.73,-185.93,-55.336,-23.287,-5.1433,-23.665,6.1298,13.443,-13.847,11.503,1.4372,15.217,15.878,5.8004,6.6759,-4.6858,-0.60884,-7.3039,-7.4744,-2.7775,-15.172,-1.9246,-0.97397,-2.138,-0.054618,0.11392,-6.1851,1.0993,-3.6914,1.8844,-0.3663,0.023565,-2.2686,0.66547,0.87656,1.0619,-1.1338,0.12282,1.3308,-1.6358,-0.093758,0.56206,-0.30972,0.20547,-0.26213,-0.89957,-0.07434,-0.058309,0.081579,-0.11041,-0.15493,0.0040759,-3.571e-15,5.6159e-16
241.74,-177.93,-18.38,-67.017,65.929,36.874,31.112,2.7652,6.4236,-23.507,-17.097,-14.326,7.004,-1.2642,-5.9343,-7.8598,8.2969,-15.857,-12.318,1.2455,-0.96198,-2.5443,-1.2069,2.5557,1.5543,1.4143,-2.8287,3.9999,2.7604,5.2131,4.7731,-3.9288,-0.063238,0.71602,-2.0193,1.5542,1.2829,0.63239,1.6152,0.55925,-1.5365,-2.7594,0.34543,0.35908,0.87275,-0.031563,-0.12597,-0.10001,-0.2434,0.21445,0.12997,-0.12216,0.009698,-1.0261e-14,1.7673e-14
123.18,-178.19,-195.56,-48.553,-19.549,4.7744,-27.84,9.0686,-3.3696,10.772,-14.54,3.8411,29.682,12.28,1.3452,17.154,-15.411,1.1437,-8.4836,-6.7683,4.0653,5.8379,-0.50086,-4.3706,1.1053,1.619,-4.3646,0.93198,1.8483,2.9531,0.47754,-3.5391,0.1057,-0.65433,1.8646,1.8158,0.78481,-1.1301,1.3708,-2.9584,1.9804,0.02705,0.16674,-0.56641,0.10487,-0.3191,-0.22851,0.20449,0.06808,-0.25094,-0.031758,-0.10701,0.0065767,-7.2216e-15,-9.7448e-16
24.792,-126.97,-101.18,3.0339,44.656,6.2218,-26.915,-2.5832,-4.2376,6.3215,-5.9136,-3.7761,-3.8807,12.916,-3.9746,-3.3094,-7.0181,1.4271,-2.2046,5.0997,-1.462,4.9217,-3.8931,-0.61659,6.2136,3.0668,-2.0991,-1.9258,1.3754,-2.2375,-0.032229,-1.2772,0.5236,-0.88414,-0.53295,0.92344,-1.3346,-1.1945,-0.70473,-1.5524,1.1978,1.1375,-0.76202,-1.5191,0.48981,0.21468,-0.52461,0.32709,0.081699,-0.25509,-0.070975,-0.080403,0.0034633,-6.8961e-14,6.0714e-15
94.424,-109.88,-42.881,-66.061,-25.559,14.317,-4.8382,-3.8441,-27.232,3.607,4.3574,-13.182,13.556,0.42151,2.6256,8.5271,-7.9701,7.7747,-1.6403,5.8544,5.8698,4.4741,4.9382,-5.422,0.47427,1.7144,-0.94968,2.8762,-0.61381,3.448,0.020651,-2.0803,0.4608,-1.0835,-0.84163,4.0833,-0.72964,0.17146,-1.563,-1.4935,0.66487,-0.10454,-1.1809,-0.54528,-0.14862,0.77843,0.50504,-0.0065302,-0.040156,0.042764,-0.0018147,0.078745,0.010432,-5.199e-15,-5.2867e-14
89.099,-115,-169.78,-63.769,-48.486,-2.0276,-6.0702,-10.801,-31.642,7.0714,10.958,4.731,-8.1821,-2.6785,-2.8964,-2.6454,3.543,0.46085,4.2588,0.26764,5.0747,-4.3297,-1.1465,1.577,-8.2521,-2.001,5.9671,-0.4107,-3.4258,3.8436,-3.6239,-2.4835,2.035,1.8222,-1.0583,0.048176,0.95085,1.2461,-1.2463,-0.6257,-0.81711,0.80113,-0.93531,-0.52411,-1.7914,1.1995,0.26941,-0.45219,0.042322,-0.054021,-0.079872,-0.34712,0.0017017,1.8848e-14,1.6314e-14
168.23,-131.86,212.96,-8.6079,175.73,3.4279,-5.9556,9.7926,5.0774,6.9378,-23.338,5.9661,-10.119,7.2394,-4.8658,1.0997,11.858,-1.6063,-9.2612,-19.521,-2.139,6.4028,-2.5839,3.4976,0.15203,1.0458,-3.4552,-0.11064,-0.60641,-0.65152,2.6782,-3.328,0.51303,-1.998,3.8022,-0.22895,8.079,0.4232,1.5032,0.71408,3.5233,1.5326,2.0915,-1.2774,-1.3964,0.45625,0.17026,-0.0095745,-0.071367,0.021521,0.114,-0.090829,-0.0020611,2.4495e-14,1.4928e-16
85.413,23.113,-126.11,-2.5069,51.358,26.957,8.4879,10.113,9.2752,44.607,-11.011,7.6228,9.2765,17.008,1.3401,14.566,-16.706,8.8502,-0.69092,-13.37,6.3178,6.782,5.072,-1.4772,-5.1806,-2.1784,7.5035,-0.94705,-3.5703,1.2107,-0.079895,-1.4462,2.3034,-1.9829,0.87692,-2.9428,-2.7522,-1.3414,-1.9662,1.1287,1.1407,1.313,1.2853,2.1459,1.3923,-0.23777,-0.24623,-0.70164,0.031843,0.10609,0.17934,0.086051,-0.0039787,1.1622e-14,2.4734e-14
-76.336,-1.4524,29.072,-108.97,-3.378,3.3072,18.597,6.2392,18.573,27.163,16.059,-4.5047,4.1983,9.4447,4.8903,-2.7372,-4.9305,-3.3911,-8.276,-3.4523,-2.4241,-8.2629,-6.5941,0.26978,1.4461,2.1107,-5.1039,0.51079,0.31912,-0.59307,0.9396,-2.2129,-1.0532,1.6123,-0.70328,-2.4709,-1.0795,-1.8437,-1.459,-0.26037,-0.46918,0.26507,0.65711,-0.86791,0.0049039,1.1145,-0.087798,-0.21958,-0.012814,0.15636,0.18513,-0.093174,0.0013919,-1.2403e-15,-4.3856e-14
6.9684,-5.4935,-86.44,-114.47,-44.476,21.272,12.391,-9.7503,33.188,11.131,23.43,-6.2011,8.0387,3.905,-11.235,-6.694,0.59488,-8.8281,18.95,-16.883,22.682,-1.2035,2.672,9.3188,8.6351,1.0358,0.22926,4.8672,-2.2371,-1.8079,-1.7654,3.7939,-5.967,1.4605,-0.93997,2.3139,-1.0894,-0.67353,0.15232,-0.020769,1.3043,-0.57162,0.87866,0.85256,0.26538,0.134,-0.28872,-0.24233,-0.22134,0.1636,-0.1826,-0.098299,0.0045262,-3.1e-14,-4.4693e-15
6.2944,-45.741,-120.57,8.0487,6.2313,31.648,4.6372,11.569,-13.518,55.406,8.4094,6.1187,-23.369,-21.896,-8.0873,-1.6771,7.0152,-1.136,-1.0291,-14.668,3.4182,8.5128,-13.824,-3.9067,-13.547,-2.7714,-5.0125,0.12442,3.6931,2.3224,1.3449,-2.0638,-1.012,1.876,-2.859,1.2403,-0.33877,-0.61055,2.3146,0.88585,1.1777,1.9608,1.0007,2.7236,1.2657,1.0504,-0.65772,-0.72417,0.021883,0.2335,0.10222,0.22716,-0.0034981,-2.2617e-14,1.0914e-14
-59.664,19.839,-81.721,1.3377,24.947,20.044,20.873,-0.24636,-11.434,22.566,-5.383,-16.934,3.1671,-3.7192,-2.6063,3.2884,7.1832,-7.4212,-7.4385,-4.9999,4.0348,-5.2094,-6.0351,0.43651,0.93227,2.7313,-3.1081,3.7066,-1.2038,1.5272,-4.7673,-0.19347,-0.66105,2.4557,4.9525,-1.1236,-0.24495,-0.27619,-1.1909,-0.9632,1.1041,1.7167,1.3929,-0.43261,0.33171,-0.84337,-0.4093,-0.054352,0.1377,-0.17192,-0.098417,0.030205,1.7281e-06,1.9679e-14,4.1069e-15
0.53568,-7.2792,-88.209,-13.195,12.33,11.32,17.848,10.27,-1.901,23.939,-19.208,-19.129,10.116,-18.461,-13.301,9.9994,1.0197,-2.7,19.369,-3.12,-23.777,-5.2095,1.6119,-0.19093,-3.4838,-0.77989,-2.5118,4.1416,-0.60963,-4.5761,-3.3763,1.4515,2.8942,2.6316,2.128,0.99589,-0.49017,0.27005,0.88188,1.832,-0.27695,1.8621,0.21756,-0.45087,-0.0733,-0.18773,-0.64166,0.2579,0.049575,0.061167,0.16774,-0.096609,0.034769,2.9536e-14,2.0466e-14
64.993,-62.906,-119.31,-30.086,-42.512,13.411,-8.4331,31.096,46.077,34.044,-41.142,4.357,3.7426,-2.3805,66.51,-11.25,32.944,19.052,7.4852,10.547,14.153,3.7666,5.3636,-4.1903,0.98188,-2.4876,-0.61058,0.033047,3.103,1.4946,-0.25207,-1.8637,-1.6053,0.29812,-2.1725,-0.79249,1.6015,1.4024,-0.39134,0.59991,-0.6999,1.4131,0.66728,-0.053713,0.14201,-0.18751,-0.46543,0.23772,0.047686,0.096765,-0.1225,-0.031632,0.0035494,1.9465e-14,2.3475e-14
66.422,-6.6381,-131.21,64.982,75.7,31.595,-0.55586,-23.639,-8.0037,25.885,1.1051,9.0833,-13.498,-9.3392,-4.208,-6.7076,6.2161,-0.88653,-0.8359,-1.0198,1.623,3.7694,-0.23003,3.1658,2.949,0.13846,-0.54531,0.50086,-1.9792,-1.4064,0.17509,-0.089102,2.5844,-1.9261,-2.9079,1.1154,0.030178,-0.7271,-2.2496,0.77737,-2.5931,1.6524,2.0013,-0.40084,-0.052114,-0.49441,-1.1629,0.25079,0.15467,-0.22309,-0.12077,-0.017473,0.0043726,1.5392e-14,-1.8767e-13
-56.885,-0.017524,-82.039,-78.233,-14.264,13.264,15.506,-6.4348,-15.757,23.564,1.0778,-3.8386,-0.33132,5.0712,-3.7143,-5.98,-1.9726,-8.3332,-0.83295,11.125,2.5956,3.6086,-0.82232,-0.093618,2.5446,1.4617,1.5177,-2.4936,-2.8456,-2.0796,-0.6143,0.48592,-0.47791,2.2059,-2.6125,0.92553,0.49024,-0.81584,-1.0729,1.6079,1.2287,0.42284,-1.5143,-0.76438,0.0038522,-0.070584,-0.57548,-0.090415,0.10212,-0.056224,-0.0085225,-0.11015,-0.0054713,-2.0179e-14,1.1762e-14
-22.953,108.95,-96.477,-77.267,-22.626,10.406,23.944,5.2392,-15.477,35.803,5.6539,-8.294,-13.319,3.8709,-4.0632,14.705,5.8097,6.2085,-2.8753,4.8307,3.8731,-6.1887,-0.39552,0.7361,0.41006,0.79258,-0.5984,-0.27271,-1.9182,-1.8411,-0.66983,0.92773,-1.0405,-0.35519,0.47753,-3.8838,-2.067,-0.44917,0.93039,1.2172,0.7588,-0.73585,0.6402,-1.9295,0.21104,-1.2746,-1.2497,0.15403,-0.00082333,-0.037072,0.2016,-0.064675,-0.004512,1.1493e-14,1.6522e-15
147.42,-191.17,-203.19,-44.393,-52.038,-8.8298,-12.752,-1.1406,-42.436,-3.6115,21.708,-4.3164,-5.4028,1.1068,4.7591,-0.69765,-0.23293,0.3817,0.92508,1.433,2.2837,5.8575,-3.3949,-0.052002,2.4385,1.0299,-0.17719,3.6068,0.97135,2.0939,0.26192,-0.50876,-0.82142,3.2287,-0.10263,-2.6791,-1.6352,0.2274,2.4756,2.4555,1.6266,-0.32308,-0.821,0.63907,0.83806,-0.86634,-1.0598,-0.10434,-0.071699,-0.25649,0.014784,0.016637,-0.0023105,-1.9331e-15,1.0333e-14
-39.077,-102.77,126.85,-82.747,-1.1837,0.10154,19.827,4.9955,23.937,28.792,-16.306,-0.16461,3.8285,-1.4371,-5.4678,-12.714,-11.408,-5.1515,-13.799,6.928,0.22412,-2.4689,-7.8993,2.6944,8.2916,4.7403,2.9393,-0.13349,0.48805,0.75615,-3.3541,-1.4267,-1.6174,4.0057,-0.73489,-1.1256,-0.76828,1.0207,0.34315,1.3052,-1.2232,-0.97692,1.4972,-0.32093,0.4038,-0.029331,0.092699,-0.018423,0.091046,-0.33207,0.019399,-0.038573,-0.0035347,5.4222e-17,1.6585e-14
-128.21,-23.48,-19.206,81.478,87.366,-12.585,-11.552,-15.512,2.113,-15.729,-9.7484,18.386,0.46674,1.6921,-5.8666,5.6598,-1.4592,8.7071,8.1673,4.4026,-0.65113,-6.4471,-9.8688,0.28926,0.34513,1.1188,-1.3139,0.36915,2.6014,-1.5632,-0.50383,-0.65355,0.9058,-2.7897,-1.9625,1.4237,-1.8471,-0.49569,-0.87644,0.12065,0.85927,0.80033,0.56658,-0.56411,0.54815,-0.12913,0.54244,0.10681,-0.086243,0.10512,0.13507,-0.0014428,-0.0030955,5.1302e-15,-1.3557e-15
-185.55,-20.094,-135.69,97.273,50.377,4.2047,-2.5779,1.5187,0.8099,-15.269,4.9397,25.949,1.258,0.27221,-5.5937,2.8628,-8.2761,6.8298,13.332,9.1503,5.0102,-6.6005,-4.0667,3.9479,1.8634,-0.58383,-2.2298,1.5218,-1.0761,-0.1988,-0.86203,-0.76334,0.19268,0.99038,-0.35522,-0.17655,0.63968,-2.6386,1.5188,0.54526,0.019202,-0.73208,0.48262,0.030251,0.16864,-0.21591,0.23104,0.056156,-0.08995,-0.048918,-0.022881,0.03102,-0.00042262,2.8991e-14,3.6155e-15
-103.43,-86.841,-126.56,180.6,88.759,-10.226,-21.18,10.251,-9.9688,-18.835,2.5173,11.772,-17.418,-12.567,-5.7085,-13.393,0.55526,4.8274,-0.12695,-3.0826,-0.70762,-5.9483,-2.6884,-8.9801,4.9076,1.4876,-0.16078,0.51962,2.4559,-1.318,5.1837,-1.9628,0.17199,0.83952,-1.1168,-0.70923,-0.86014,-1.3009,-1.1737,0.38,1.7201,0.5551,0.86613,0.25075,0.026643,-0.11346,0.45092,-0.075789,-0.045162,-0.055028,0.0056292,-0.020503,-0.002281,5.9394e-15,4.8643e-15
-174.24,-44.536,-62.723,-18.111,37.763,-22.218,-8.0523,7.0074,9.5808,7.2798,-16.928,-4.9604,0.035648,-27.326,-10.234,-2.7516,10.063,-3.0499,6.8784,7.2879,-18.216,8.8864,-0.83025,2.8164,-2.4057,-1.1777,-1.4935,-4.8626,3.4536,6.5863,1.0728,-2.3041,0.92298,-0.034594,-1.1346,0.028079,-1.0627,-2.953,-2.5065,-0.29847,-0.27202,0.9021,1.1616,-1.1123,-0.23412,0.30179,0.41911,-0.21593,0.16576,-0.035767,0.095246,-0.065218,-0.0061068,9.8432e-15,-9.3691e-16
-260.71,-28.501,-150.53,-44.284,-4.8358,-14.383,2.1564,6.1638,2.6215,-14.225,6.4751,9.1181,0.54949,4.1157,-3.3126,-2.1476,-4.3009,-0.3106,-6.6969,-0.31099,-1.1592,-2.5025,3.0731,-1.4086,-0.26767,-0.11659,-1.0586,-2.2737,-0.25425,-1.1356,-2.713,0.73554,-0.71886,-0.90321,0.22764,0.19972,1.3784,-2.2202,-1.51,1.6653,-0.5037,-0.005383,0.52915,-0.13207,0.12054,-0.25395,0.57736,-0.20992,0.043227,0.033665,0.049055,0.010527,0.002092,-6.1971e-15,6.751e-15
-253.2,-21.846,-51.608,-41.955,-12.445,-20.984,-0.012301,4.5775,1.0635,-1.8969,6.4438,-4.0277,3.2125,-16.318,-2.7542,1.1875,-8.6791,-0.77982,0.67746,-0.793,-8.6648,-0.39514,-0.18584,-2.6484,-1.5042,-0.16339,0.63625,3.4136,0.45913,-3.8165,-2.2038,1.3423,-1.7634,0.57748,-1.4477,-2.7833,2.5365,0.15753,-1.2318,-0.041013,0.38038,-0.83497,0.3442,-0.46523,0.48452,-0.043935,0.61452,-0.11003,-0.040737,-0.010697,0.018352,-0.061698,-0.0027756,-3.4355e-14,6.568e-17
-223.26,-10.021,-83.617,-12.156,8.8353,-7.8224,1.731,-9.2877,3.382,-2.7804,25.004,6.1102,6.4337,-18.11,0.56312,-0.43069,-2.8106,4.8484,-12.643,1.509,-0.76387,-0.98618,5.8256,-0.65831,1.1634,0.50173,0.48267,0.36118,-0.022755,0.095052,-4.0828,1.0642,-0.27036,-0.55351,-0.18277,0.05244,0.95829,-1.0135,-0.22566,1.3537,0.2118,-0.47436,0.40005,-0.13095,0.35001,-0.086494,0.50779,-0.035892,-0.077576,0.075031,0.050696,0.079723,0.0030221,3.7353e-15,-1.6871e-15
-264.67,-22.569,-81.088,-25.989,-2.9341,-19.934,-2.4925,-4.7772,-0.82036,-15.443,6.2175,9.0783,-1.9528,-0.59687,6.7569,0.91432,2.9512,-1.3147,2.1525,0.73,0.096434,-4.5413,-7.1024,-3.2975,2.5655,-11.571,-0.29567,-0.26905,0.53005,-1.2585,-3.0663,-0.40198,-0.79864,-1.0504,-1.5945,0.1679,1.253,-1.6943,0.040976,0.39306,-0.35896,0.62965,1.104,-0.68759,0.40732,-0.034889,0.50142,-0.010554,-0.020094,0.027447,0.058161,0.030573,0.000922,-1.4408e-14,-5.8022e-15
-262.43,-11.908,-67.104,-47.36,-22.168,-11.56,4.9374,4.913,-5.9396,-1.9557,3.8867,5.2548,-4.252,-9.1719,-4.1267,3.0138,-1.9488,6.3379,-8.0095,-3.2053,1.8052,-1.1862,0.65854,-3.2003,0.27344,-2.0424,-0.76094,2.5498,-1.2707,-1.0666,-0.85963,1.8775,-0.045089,-1.1806,-0.26367,0.093739,0.35193,-0.45805,-0.029585,0.47323,0.92519,-1.1653,0.31783,-0.14197,0.76566,0.054218,0.8147,-0.043436,-0.067154,0.013087,0.040764,-0.0089303,0.0012654,2.5166e-16,-8.0699e-15
-263.3,-26.3,-48.427,-34.628,-4.0383,-11.669,4.0511,7.3957,14.207,-17.167,2.3494,-0.82807,0.0057363,-7.2679,6.6679,-4.0092,6.0898,6.145,8.0925,2.7136,10.361,-1.2684,-0.29788,1.3913,6.1233,-3.3525,-1.2328,4.76,-0.21369,0.79622,-1.7332,2.2892,2.3569,-0.42404,-0.96084,-1.4778,-0.013572,0.56814,-0.98751,-0.07332,0.56991,-1.1496,-0.12019,-0.86491,0.69213,-0.021924,0.54716,0.099465,-0.14684,0.13632,0.055081,-0.05251,0.0024209,3.2884e-15,-6.3465e-15
-168.74,-46.057,-111.5,50.468,14.772,-5.1972,-0.0012268,4.5444,0.48671,3.6931,-7.6858,15.034,0.87192,-15.545,-4.4725,-13.128,-4.7593,-4.3907,1.5914,-7.7685,-9.2393,-3.0683,-1.8967,0.92189,5.9159,1.0164,-0.69498,-2.5979,-4.2604,7.353,4.1511,4.8385,-2.0623,-1.9983,1.8327,-0.31982,-1.0286,-1.0298,-0.85321,-0.47713,0.28217,0.52336,1.3735,-0.27761,-0.037925,0.039523,0.49308,0.093942,-0.018592,0.049307,0.011013,-0.071319,-0.00036105,-3.1201e-14,-1.0873e-14
-187.05,-17.313,-141.7,-8.9263,13.569,-20.593,-23.919,14.333,23.449,-16.252,-15.039,-0.8611,-9.749,-5.2378,25.463,-10.773,14.673,-0.88959,0.45869,0.79265,-0.15895,3.5825,-4.3472,-1.3355,-2.7944,-2.8549,0.54783,1.4371,-2.0267,1.94,-0.87956,3.5442,-3.0231,-0.8735,-1.5082,-0.84131,0.90482,0.087542,-0.36395,-0.59628,0.63148,-0.2439,0.11795,-0.13899,0.68314,-0.58289,0.35665,0.16486,-0.068697,0.10154,0.014118,-0.043222,0.0039426,-1.432e-14,-8.8102e-15
-182.77,-29.785,-133.34,36.844,10.228,-8.1692,-23.363,-0.42159,5.6358,-11.039,-8.0355,0.12317,0.27365,-28.404,8.3536,0.47804,-8.6607,-18.791,9.3819,-4.8192,-13.247,2.2205,3.1253,1.3662,-5.7636,10.016,-1.492,-2.6273,-2.1181,1.8966,-1.8804,2.2058,-3.8828,-1.1981,-1.7966,-1.821,1.1917,-0.19204,0.50435,1.4889,0.92708,-0.81614,-0.20765,0.38314,-0.18309,0.087919,0.49394,-0.2105,-0.011993,-0.067469,0.0011378,-0.018339,0.00035002,3.3786e-15,-8.1451e-15
-265.37,-3.7957,-125.99,11.509,-18.861,-3.9917,19.838,-0.46887,-2.2076,1.7777,0.60296,5.1518,6.3788,-5.2994,-2.5687,8.7646,-3.0908,1.8403,-7.6278,-4.0701,2.5879,6.6937,4.0823,-0.46204,-1.3152,-1.7837,-2.1281,-2.0267,-0.8738,-1.2526,-1.9463,1.7753,0.27013,-1.3444,-0.35598,0.5751,0.63528,-1.7417,-0.41453,0.23133,-0.90823,-0.68767,0.076895,0.033439,0.64747,-0.21874,0.97056,-0.10373,0.016647,0.07303,0.08151,0.017002,0.0016067,-1.9866e-14,-2.3967e-15
-156.72,-45.247,-68.604,59.496,27.506,-1.5323,2.6687,8.1873,5.5247,-2.9535,15.785,17.895,-5.556,-9.5995,-6.653,9.7842,-5.327,10.792,-1.0938,7.1282,-3.0508,10.567,4.4776,0.27324,-14.164,-6.1201,-1.0473,5.9186,4.0539,2.6733,0.89329,4.8649,-3.738,5.1529,2.2541,-2.6522,-0.34663,1.6867,-3.4898,2.0455,-0.65106,-0.93743,-0.71404,-0.85702,-0.42236,-0.063885,0.15694,0.18841,-0.24049,0.17233,0.018706,-0.10649,-0.0048626,-2.8346e-14,-7.2326e-15
-248.1,-41.576,-93.029,52.671,1.2836,-7.9124,4.065,5.4534,-3.3471,-7.8346,6.3561,22.377,-0.0347,0.37468,3.4419,3.0722,-2.2227,4.11,6.1653,5.7045,-0.10023,-6.2956,-6.7466,5.661,-1.4779,-1.6077,-2.4893,-1.3193,-2.3182,-0.29506,-0.38355,-0.39178,-1.0729,-1.4113,-1.335,-0.045192,-0.56439,1.1761,0.32394,1.7187,1.2534,-0.26152,0.34376,-0.66673,0.15595,0.28895,0.64951,-0.03466,-0.1073,0.065916,0.096569,0.061462,-0.0031189,7.9863e-15,-5.0021e-15
-134.66,4.757,-67.529,42.12,12.482,11.499,2.8882,7.4368,1.3781,-12.276,5.5881,21.477,-6.9851,-3.196,-7.5868,5.4693,-1.1022,5.7379,-4.7754,10.372,-2.1109,0.8423,8.362,-4.6696,1.8393,1.1354,-2.0686,3.444,-6.371,-0.29329,-6.4898,-3.901,-3.7324,3.7087,-1.6633,-0.060012,-1.424,0.46514,0.9722,-5.1178,2.1352,0.29127,2.6042,0.073655,0.36147,-0.43733,0.11042,0.21166,-0.10669,0.068655,0.1209,-0.073152,-0.0018613,6.4986e-16,-1.0801e-14
-98.349,50.681,-67.842,4.4091,25.647,4.0715,3.4373,-14.396,10.244,0.55573,7.9527,15.967,2.6464,-11.741,-11.611,11.173,8.9591,1.3738,1.1381,0.58398,7.5107,0.642,5.9904,-6.3463,5.5762,1.722,-4.3081,0.34762,-0.84859,1.1176,1.2757,-0.29163,4.9202,-2.3843,-0.63334,-0.40589,2.0609,-2.7622,1.6694,0.44889,1.5914,-1.8254,0.00097128,0.01261,0.86999,-0.13163,0.5554,-0.044568,-0.03282,0.15875,0.027496,0.027727,0.0048158,1.5459e-14,2.1603e-15
-183.75,-41.424,-133.72,65.553,37.238,7.0677,-11.063,10.581,-9.2532,-16.681,4.5529,19.927,2.2901,-10.471,-2.733,3.7351,-1.0364,2.1183,-3.2633,-0.67393,-0.17184,-0.24749,-5.8532,7.2606,1.1184,-0.17071,-0.80208,-0.88357,-1.5071,-3.2557,-3.1659,-0.5952,-0.04403,0.51712,-2.1252,-0.40047,0.4973,-0.75928,-1.1031,0.48756,-0.68156,-0.26072,-0.10487,-0.39493,0.024156,0.24592,0.48689,0.1088,-0.074958,-0.05003,-0.010439,0.0082443,0.0015091,1.6614e-14,9.9599e-15
-192.55,-46.377,-70.162,34.452,23.829,4.02,-8.6387,9.9208,7.5105,-20.234,-7.0917,9.2747,3.4611,-10.368,11.335,1.8013,6.0763,8.0873,-2.899,3.8666,0.44034,10.785,-4.8165,3.2914,4.5121,1.0591,0.14749,-1.2826,2.533,-1.1564,-0.84475,1.1618,-0.00059553,-0.26413,-1.752,-0.82373,0.34011,-1.7566,-1.4765,-1.0673,0.48675,0.46337,0.36703,-0.48734,0.50069,-0.24037,0.44086,0.28638,-0.034906,-0.058416,0.012147,0.0015626,0.0043979,-1.0544e-14,1.2209e-14
-185.89,-75.689,50.633,-55.657,69.48,-49.422,5.2639,-32.913,9.9788,5.4389,-4.6308,-16.408,-15.36,-1.8302,10.694,8.4091,-20.634,-15.93,-1.5146,3.118,4.8836,0.3269,6.6619,1.8216,-5.3074,10.837,-0.93461,-1.0009,-1.9547,-1.0267,3.7449,-1.9123,0.1466,4.117,1.6151,-0.15163,0.90841,0.32721,0.62846,1.087,-1.3756,4.1925,-0.79056,-2.2215,3.968,1.7269,0.33389,0.21381,-0.16988,0.27485,-0.21613,-0.066067,0.00088207,2.6872e-15,1.6763e-15
-88.232,-95.242,138.94,54.765,77.969,-23.636,-11.793,0.39811,1.6964,-5.4327,6.5841,-15.885,-10.759,13.1,-8.7811,14.646,8.8796,6.8045,9.1662,4.4162,9.0587,-2.0996,6.8532,-5.8022,6.8504,-1.8312,-0.83267,3.1408,1.6027,1.6325,3.644,2.8002,-1.6789,8.6447,2.0746,-3.6631,0.85612,1.2227,-1.1961,1.9712,0.059109,-0.56973,3.0395,-1.1909,0.023257,0.90358,-0.22677,0.0398,0.0055406,-0.20888,0.093478,0.090719,-0.0065751,-6.3396e-15,2.7439e-15
-116.57,-71.166,-9.7227,56.565,-14.411,-24.324,-1.638,9.8224,-6.5448,0.29737,-14.844,0.15007,8.3397,-12.68,-5.3265,-7.6154,-2.3327,-5.2157,2.8857,-9.0061,-12.517,-1.1189,-0.55685,5.7912,5.2685,0.16485,-1.7165,1.7488,-5.6934,-0.26889,-3.7753,-2.394,9.011,4.5774,2.1604,1.2783,-3.0352,0.57472,-0.64191,1.9416,1.6266,-2.0081,-0.87449,-0.097644,-0.088253,-0.34127,-0.14882,-0.34634,-0.073814,0.14159,-0.22099,-0.0034125,-0.011384,-5.011e-15,-1.4259e-14
-119.09,-132.65,178.74,20.733,-75.754,-38.578,3.0337,7.1139,1.768,12.574,-10.957,2.0143,-12.748,-13.777,-1.1111,-17.395,-17.873,8.7288,-7.4852,-0.20986,4.6807,-4.407,-1.9345,-3.5509,3.9373,3.1483,2.126,-0.61235,0.95869,0.51866,-3.2226,0.39633,-0.17991,-1.4092,0.60895,0.43387,-1.8105,0.69631,-0.50748,1.2064,1.0071,0.29222,0.45824,0.18668,-0.06627,-0.87336,-0.10138,-0.13892,-0.13963,0.21999,-0.20006,-0.038733,-0.0053846,-1.0555e-14,6.1783e-15
-145.65,-84.967,141.36,17.083,19.592,-25.781,8.3964,-5.5313,-5.4833,-1.4732,-19.192,18.568,0.18485,-2.6708,-1.9854,18.283,-1.9205,-0.27869,6.3524,5.4129,2.7362,-1.2706,-6.6448,-7.2343,-0.5892,2.4837,-1.8609,-1.7511,-0.17505,0.77961,1.497,2.1012,-1.2597,-3.6528,-0.41589,0.37512,0.27388,-2.6232,3.1288,1.2307,1.4068,0.18619,0.14608,0.57866,0.21271,-0.90836,-0.26703,0.03174,-0.048729,0.10557,-0.36693,0.031802,0.0012361,-3.672e-14,-1.8559e-15
-193.98,-104.12,54.712,9.0818,-90.346,-21.575,14.826,-3.2942,-8.2399,-14.636,-3.4875,7.455,-0.31834,4.1414,-1.6277,5.4149,5.0777,-0.10382,-4.4316,-1.7753,-2.5295,1.4989,6.5692,10.358,-5.6042,-6.2931,-7.1534,-2.2089,-5.917,-3.0223,1.1259,-1.0694,0.21608,0.4225,1.1007,0.08396,0.54888,-3.298,0.013253,-0.61313,0.48879,0.37666,1.0438,0.90551,0.06378,-1.2759,-0.44491,-0.19002,0.019037,0.0021446,-0.19472,0.073699,-0.0056932,-1.1046e-14,1.4687e-14
-118.67,-110.01,353.86,187.35,-207.9,3.1082,22.115,0.19022,4.0828,-15.054,1.5778,-8.0425,9.852,-16.475,9.74,-21.901,-16.881,9.2066,-0.85083,-7.4103,2.4162,5.5325,-6.2042,-0.19131,-2.1231,-3.2277,-6.8236,-2.0946,-7.5986,-5.285,0.5662,-8.0035,-2.4955,0.95913,-0.71794,-1.0968,-3.6579,2.8321,-1.7349,2.1157,0.63328,0.13113,0.41223,0.1034,-0.083979,-0.60721,0.21205,0.43818,0.09812,0.093136,0.064891,0.023294,0.026658,1.6237e-14,-8.0947e-15
-169.45,-124.53,144.78,-93.617,59.969,-41.843,2.7776,-0.59425,-2.5934,-11.899,-6.1317,3.9947,0.014976,-6.4469,-0.90156,4.6413,-4.2934,6.2414,-6.6703,-1.6953,0.90324,1.4775,-2.7804,2.9961,0.39331,1.2693,-1.3633,0.59895,2.4413,-0.055449,0.93004,1.2674,0.34084,0.40228,-0.4195,-1.5656,-0.66364,-2.1039,-0.73828,-0.13117,1.5913,-0.055113,0.40947,-0.05647,-0.40336,-0.94092,-0.47398,0.0028388,-0.050056,0.098797,-0.30131,0.025089,-0.00030535,8.3625e-15,7.3315e-15
-227.12,-40.656,52.524,-32.325,-42.416,-26.996,8.8598,0.98125,13.156,-0.20293,-3.8653,-6.3763,-5.3837,-10.694,-12.725,-2.8229,-3.9305,9.3918,1.4111,-1.1876,1.7741,0.50637,0.73965,-0.89813,-8.173,-3.4576,-3.6054,-3.8013,2.8262,3.7078,-1.6336,1.0961,6.3494,-0.317,-0.55342,-1.2626,-0.84247,0.61217,-0.40154,-0.18216,0.43265,0.21527,0.86929,-0.93957,-0.93643,-1.0402,-0.56912,-0.31023,0.0052972,0.37927,-0.19962,-0.091819,-0.0037879,-1.695e-14,5.6891e-15
-107.31,-108.13,93.419,-39.824,-25.064,-24.431,-8.2405,-13.592,-19.555,-5.2105,-5.1961,-0.24175,-8.9923,21.673,-3.9309,8.0457,14.602,-6.2449,4.9378,0.49987,-3.728,1.9528,-3.9962,-6.4319,-1.744,2.8186,-0.48766,2.4529,1.3276,-0.51828,-0.013465,1.2765,-0.024718,2.0841,-0.39714,4.0043,-1.5807,-0.016447,-0.20821,0.34478,-1.0829,0.18073,2.4408,0.66833,0.67167,0.11188,0.45141,0.65704,0.84374,0.022968,-0.14551,-0.0036798,0.012253,1.4373e-15,8.6218e-15
-229.36,-59.529,-64.1,-73.244,-52.411,-2.95,34.784,-16.518,-8.4417,-16.204,0.094638,-16.796,-3.2557,15.081,0.5612,0.69557,-1.6235,-5.6475,1.1008,-2.103,0.32175,14.58,-4.3291,0.27673,0.27588,-0.92496,0.098428,1.8123,1.8181,2.2165,-1.7688,0.48852,0.26619,0.49008,-1.9164,0.75216,-1.7149,0.20377,-1.2044,0.082785,-0.69595,-0.052033,-0.53141,0.64871,0.55168,-0.4043,0.32156,-0.37419,0.16207,-0.26237,-0.095487,0.18546,-0.0031816,-5.1807e-15,3.2474e-15
-169.14,-35.547,51.011,16.959,-93.119,-8.0927,31.565,-4.0997,13.421,2.5551,-9.9055,31.553,10.604,16.667,-4.4887,18.5,15.441,-21.39,0.0085422,-2.204,-4.4372,-2.8895,-4.2109,-14.119,-3.6947,2.9492,-0.64113,2.111,-0.073214,3.0888,-2.0318,-1.3869,-3.9082,-0.43729,-2.1131,0.20654,-0.77176,-0.89146,-1.0113,-0.043366,-2.5029,-1.6009,-1.2462,0.6484,0.11374,0.31943,-0.055093,-0.1987,-0.0078752,0.01229,-0.040276,0.048624,0.0018405,-4.7397e-14,-2.6111e-14
-148.44,-104.99,302.41,-9.3171,-12.78,-24.168,4.5088,8.378,-5.727,4.8055,-7.6601,7.6755,4.2783,-17.232,-0.26772,1.3364,-7.0623,10.875,-7.3789,2.6759,2.8115,-0.10249,-2.7431,4.521,1.5743,-2.9334,-1.4941,-0.085372,-0.23833,-1.7084,-0.28003,0.52013,-0.15263,0.3653,-0.3599,-1.2032,0.53131,-3.6113,0.06227,-2.0575,-1.6514,-0.51742,-0.50084,-0.0034098,-0.11414,0.41933,-0.69678,0.23075,-0.082046,-0.19695,0.099959,-0.049229,-0.0028366,6.1588e-15,-1.199e-15
-228.2,-71.728,98.46,-82.49,22.716,-37.032,19.82,-7.4286,-1.8318,-9.6577,4.5671,2.0665,-4.3137,-2.5085,0.50927,3.4715,0.32937,1.1961,-5.2127,-0.13155,0.53565,-4.6089,4.5853,0.0013795,-2.9115,-1.8298,-1.8688,-0.22155,1.9438,0.47149,-1.3474,3.1173,-0.36823,-1.198,-0.15299,-0.081476,-0.71054,-1.0177,-0.17135,-0.6774,-0.26648,-0.54184,-0.35183,0.14541,-0.52688,0.20803,-0.7835,-0.12866,-0.032722,0.08325,0.11537,0.0028953,0.001314,9.1484e-15,-7.8452e-15
-144.85,-99.913,58.018,-48.343,-75.101,-30.514,15.033,-18.44,-2.5681,-18.32,0.2613,-5.0933,-10.185,-3.8333,2.3802,6.2764,-3.6545,-2.8349,-6.2821,0.86492,0.74986,3.5741,4.0728,-0.21757,0.38248,-3.6842,-1.7356,0.4222,1.7055,1.3906,-2.2202,0.78767,-0.040347,-1.772,1.9502,0.54155,0.78794,-0.70079,-1.3723,-1.0634,0.56019,-0.55177,-0.35525,0.68355,-0.21914,-0.090633,-0.76952,-0.23588,-0.0054702,-0.0068728,0.14593,0.019457,0.00056548,1.6026e-14,-2.4502e-15
-105.71,-135.7,224.62,35.189,-132.6,-32.842,-2.3296,2.9571,0.4279,-9.0469,3.8856,24.4,10.293,11.41,-7.4268,14.563,21.315,-19.908,13.829,-6.2394,7.1251,-0.31187,-2.2673,-20.11,2.7757,5.4145,-1.774,-1.2515,1.8726,0.28609,-2.8013,3.2417,4.9331,0.099032,-0.69334,-0.96806,-0.30026,-0.45282,0.67977,0.27639,0.18388,-0.30824,-0.89257,-0.362,0.062462,0.65445,-0.21313,-0.1079,-0.056305,0.10216,0.12407,-0.048202,0.0016823,3.7694e-14,-2.0235e-14
-147.45,-88.084,47.135,-39.942,-41.545,-38.509,-8.1485,-0.098936,19.199,-5.1129,-18.97,9.749,-1.0998,4.4053,27.643,-4.9163,22.948,6.9214,3.4928,5.9692,0.043065,5.3971,1.4781,-0.074444,-0.6801,-1.6258,-1.0903,1.3789,0.43054,-2.2002,-2.4405,-2.34,0.84185,0.7892,0.88278,2.4463,-0.31876,-1.7386,-1.322,-0.1131,0.96662,-0.86621,-0.80046,0.21597,0.14967,-0.11927,-0.69829,-0.0053746,0.0073518,-0.15582,0.12444,0.024526,-0.0038584,8.8742e-15,3.6219e-15
-129.11,-142.88,152.78,-38.713,-68.073,-35.024,5.8611,-0.28143,-9.8825,-0.77465,-19.305,0.38975,-8.681,-7.0531,-5.8901,-2.631,-4.268,12.444,-6.3395,-1.6899,3.3901,0.47825,-0.6888,0.20801,1.4259,-0.17478,-1.9087,-2.4298,-4.8317,3.74,-0.227,1.8603,-3.356,-2.3778,0.59046,-0.13629,-0.97871,0.61415,0.088581,-0.56075,-0.2729,-0.56621,-0.56174,0.47179,-0.1366,0.3154,-0.47865,-0.080683,-0.068481,-0.07158,0.14227,-0.072626,-0.0031097,2.0075e-14,-6.6414e-15
-18.113,34.951,-4.825,-9.9219,49.546,-7.015,-10.915,12.656,25.717,0.49717,32.703,-20.575,1.5225,11.905,-9.0179,1.1516,9.5062,-6.8662,7.9374,-10.525,17.396,0.83684,8.0761,-0.47772,13.495,4.4077,-8.0064,-2.0576,-1.1744,1.8099,-1.5302,1.865,8.2639,0.16457,0.63115,-2.4768,1.4286,0.52126,-3.106,1.2964,-0.6061,0.78358,-1.1381,1.6139,0.19028,-0.22967,0.49023,0.29676,-0.082972,-0.016648,-0.029882,-0.0769,-0.00077681,-7.8261e-15,1.1297e-14
234.75,287.44,137.22,-84.144,68.142,6.6011,-26.609,-1.4037,-0.41466,0.1815,-9.9811,-5.5529,-28.739,-11.236,12.271,-1.2574,-22.689,-39.259,3.4775,9.0087,2.3805,-1.7745,-6.4795,-3.0777,3.2027,-14.384,-3.8878,1.2287,2.517,-1.6123,-3.1225,-0.25474,-0.51675,-0.56986,-0.38881,-1.9312,-0.094255,-0.76887,-1.5658,0.30981,0.76908,0.93527,0.51852,2.48,-0.10938,-0.17915,0.23512,-0.41246,0.29567,-0.069328,0.0052631,0.023383,0.0020437,4.3318e-15,-4.3331e-15
183.2,130.56,134.05,-57.02,65.909,22.171,-0.17435,11.636,22.905,9.4459,-20.558,9.3435,1.6454,22.591,-4.5224,0.050963,-9.8927,8.8411,-1.0239,2.2381,-1.4739,-9.2267,-2.3393,10.473,-0.95162,1.5415,2.2548,2.523,5.2431,4.4705,-2.9902,-0.48429,0.57168,-3.2151,4.4248,-2.2245,-0.84082,2.1416,-3.4401,0.37963,2.4033,1.0314,-0.69739,0.48359,0.36856,-0.74488,0.80586,-0.26207,0.025588,0.13619,0.02938,0.0026954,0.0032601,-1.2356e-14,-2.6311e-14
-178.87,14.806,85.078,-45.449,24.56,-18.493,15.201,-6.5572,-2.3938,6.5814,3.2124,-18.753,-1.0878,9.5951,-0.40354,-3.1427,0.78394,1.1444,-1.9382,1.096,0.34141,-5.1657,-1.6036,0.37744,-3.6097,-0.35283,-1.3195,3.2924,-1.1796,-1.0562,3.8125,1.1174,0.053469,0.42505,-1.9675,-0.46672,1.4027,-0.017161,-0.34119,0.31086,-0.38148,0.12429,-0.03156,2.4883,1.1682,-0.56563,0.42689,-0.56157,0.24591,-0.20535,-0.0051503,-0.31748,-0.0085917,-8.6743e-15,1.8179e-15
-126.01,66.051,-53.408,-27.167,-17.321,-20.028,19.17,11.19,-6.2036,19.224,-6.7192,-10.59,-3.8357,12.015,-3.0345,-1.5695,-2.4547,-1.7566,-2.6272,-1.558,2.9286,-4.0012,-3.1558,-1.1713,-0.35888,0.73521,1.9025,-3.2677,0.55157,-0.71222,0.46583,0.078605,0.12482,-0.76638,0.71066,-0.57802,0.12691,0.76888,0.29682,0.2678,1.3008,0.57827,0.31324,3.6444,-0.091773,0.0427,0.49684,2.1421,-0.88697,-0.02679,-0.039392,-0.050507,-0.0044276,6.9447e-15,-1.8457e-14
-269.55,111.9,-146.29,-70.672,-22.96,-48.723,31.388,-8.313,3.6839,9.1859,0.82134,-31.901,-1.6717,6.0514,-11.049,1.971,2.958,-4.5204,6.8449,4.5138,-9.9779,-0.89617,-1.6544,-1.9576,-8.2737,-1.8246,-0.040784,-5.974,1.6218,3.0932,-1.6093,-5.2028,2.3513,0.62243,-1.6277,-0.69916,1.1637,-0.86259,-1.2526,0.24974,0.082164,-0.12216,0.6194,1.9871,-1.5223,0.63354,-0.04787,1.7546,-0.65327,-0.16791,0.019569,0.10164,-0.0056322,-1.1986e-14,6.3268e-15
-104.83,135.54,-20.178,-34.127,2.9845,52.216,-17.819,-21.787,-4.2786,14.283,7.9794,5.3618,26.683,3.1579,0.688,-3.6942,-3.7055,-9.9756,2.9372,8.3888,0.58027,-1.3511,-2.1613,-2.3669,-2.1783,2.8002,-0.37383,0.45132,2.542,-1.9556,-0.48598,-0.57519,-0.56476,1.1616,-0.028919,0.22533,0.84041,1.2696,-1.5123,0.93989,0.15114,1.2337,0.6823,0.013844,0.17438,-1.0349,0.78149,-0.011371,0.10141,-0.12024,0.017657,0.11461,-0.0085075,3.1045e-14,-6.7099e-15
-64.792,63.356,84.797,-92.257,-3.487,40.074,-9.4355,11.5,-22.427,-10.308,14.802,3.402,5.4645,6.0928,3.5838,1.643,4.6017,0.72869,1.6046,-1.2254,0.75097,-6.6265,4.6837,5.3047,-7.9559,-1.1693,3.1544,-2.1289,1.3151,-2.9913,-1.478,5.0267,-0.13496,0.74437,-3.6535,-0.26983,-0.68892,-0.64237,0.012243,-1.1651,1.159,1.2453,-0.52959,0.04321,0.30496,-0.17408,-0.026683,0.089692,-0.023721,-0.020665,0.10834,0.043326,0.0050801,1.8847e-15,-9.7587e-15
-52.784,89.626,11.803,-39.175,-25.578,67.326,-15.114,31.743,-17.101,-14.389,2.3874,6.6752,-2.5578,1.1281,-1.5579,3.0767,-2.1361,7.9049,-1.4542,-1.8786,1.4759,-0.15575,2.2075,0.6192,-0.96157,1.9817,0.77102,-1.0838,3.0759,-2.8203,-0.7851,1.9667,-0.071157,-1.753,0.53363,-0.4758,0.13789,1.9343,-1.25,0.83008,-0.31969,-0.12194,2.203,0.56373,0.043782,0.13902,0.33652,-0.032793,0.015444,-0.27704,-0.046009,-0.0060205,0.0062092,-1.0029e-14,1.2426e-14
-28.566,95.128,61.694,-48.663,-8.4997,45.671,-39.716,-0.2236,1.4348,-11.539,4.4652,9.4331,13.429,0.5098,0.78788,-2.0341,-6.2203,4.0179,3.0386,-3.3484,-1.3394,0.3152,-4.3298,-2.1337,0.33769,-3.365,-5.9079,-7.4724,-11.734,9.4269,1.7758,2.5783,7.9424,2.3791,-2.379,-7.5474,2.4887,3.485,1.0515,-2.3069,-0.19475,1.2254,-0.33237,0.01151,-0.36843,-0.058117,-0.3425,0.008923,0.18098,0.045453,0.06235,0.078218,0.0085395,-3.1839e-14,9.2826e-15
-99.658,70.994,52.824,-91.685,6.1611,37.171,-23.741,1.0302,5.0749,-11.77,-16.965,-0.81095,9.3035,-7.2559,11.441,-10.224,9.8602,7.2459,9.3738,4.5217,-3.5167,-1.948,1.6202,-1.6132,1.383,2.3638,2.5451,0.79436,-2.1525,-1.9854,-2.1609,-1.9588,5.6831,2.2557,2.2529,-1.2815,-2.4993,0.69441,1.6669,1.8557,-0.64072,-0.52337,1.2641,1.5193,0.14801,0.56939,0.00098464,-0.40435,-0.08775,0.031897,0.020434,0.016858,-0.0047731,-1.7136e-14,-7.4042e-15
12.949,166.27,61.8,-24.532,-9.6133,49.187,-30.509,25.322,-3.8318,-6.7908,1.4048,-2.9899,3.1989,-5.3182,6.4665,11.064,11.421,9.9604,-6.4827,-2.8965,-3.9001,-0.20739,-1.2437,3.1703,1.1781,3.5458,-0.27091,-1.3691,-8.2365,3.1262,1.4703,5.0491,-1.3917,1.4247,2.4781,4.1781,-4.1797,-2.3687,-1.192,0.27805,-0.7753,1.2681,-0.84959,1.8144,0.13996,0.54168,0.11219,0.020087,-0.037395,0.12204,-0.092829,0.010546,0.001269,-5.2162e-15,3.1335e-15
-55.566,62.442,27.428,-56.896,40.594,27.14,-7.3933,23.614,-8.5625,-1.7304,-10.681,14.427,5.6913,8.3899,-4.1132,10.42,3.1904,-2.0012,-2.9603,-6.3344,0.50929,2.7178,-1.5971,-0.20023,-2.251,1.7483,1.9766,0.28467,1.4274,-1.432,0.29218,0.52294,-1.0563,2.4566,-1.8814,-0.2067,1.1884,1.2478,-0.52836,0.52682,-0.19216,-2.1302,0.85307,0.61254,-0.56999,0.15406,-0.045489,-0.13448,0.0015769,-0.12603,-0.14619,-0.058614,0.0006761,9.6653e-15,3.3231e-15
-94.632,80.571,129.2,-89.823,24.918,38.055,-24.478,-1.6415,-13.706,-3.172,-7.2586,8.8306,-0.93084,0.48652,-6.9617,7.6726,10.108,3.2416,-1.0078,-0.54827,-1.2696,0.66508,-3.6099,-3.008,0.046118,3.8058,-5.3729,2.5669,2.2385,-4.2901,-0.95529,1.468,-1.0444,1.2934,-0.017171,-0.21843,-2.0106,-1.1701,-0.55067,-0.55899,-1.0868,1.0782,-1.2857,0.080225,0.10908,0.044501,-0.082383,0.27794,-0.052569,0.012664,0.027158,-0.03509,-0.00040515,2.8923e-14,9.0738e-15
-57.358,96.939,112.58,-76.824,39.912,24.73,-9.8367,29.679,-11.915,-0.010896,19.054,-4.1908,13.963,-11.818,4.1244,13.962,2.2809,6.3271,-10.678,-0.20676,-0.29515,-1.6228,-4.6969,1.6723,1.9147,3.9784,-1.7162,0.023014,2.0779,-3.4791,0.19305,-0.66141,-0.69897,0.56994,-0.68246,-2.3621,-0.12367,0.26138,-0.46162,-1.2741,1.0114,0.43151,0.040976,0.58082,-0.55817,0.59806,0.48574,-0.087944,0.11052,-0.24601,-0.12461,0.053896,0.0039227,-5.6299e-15,1.4602e-14
-114.08,164.59,-58.981,-96.301,-13.74,66.934,5.1282,-19.077,7.4247,-8.5563,-5.7226,5.2228,2.57,-10.797,0.2936,-1.6459,12.627,3.7261,-1.5893,8.3856,1.7908,-1.1817,5.5844,2.4348,-1.1761,-1.057,0.84268,-2.1615,0.84343,-5.6933,3.9766,-1.0043,0.1475,-0.082171,0.10685,-3.8537,-1.1026,-2.3767,1.2103,-0.60698,-2.7086,-0.22024,-1.2217,0.39021,-0.83511,-0.30043,0.3988,-0.028603,-0.09125,0.19745,-0.1323,-0.11188,-0.0016897,6.613e-15,-4.6957e-15
-64.278,19.431,134.56,-30.818,-4.7,45.595,-27.093,36.946,-2.9402,10.924,11.687,-18.357,-1.1982,-28.654,-18.695,1.9868,5.6074,3.7341,21.241,5.3821,2.3651,5.3463,-2.0325,-1.0344,-6.5889,1.9363,-3.3454,-1.4164,3.9683,6.4944,-3.5616,-5.2747,-4.4124,-0.41818,-2.1286,0.23538,0.035577,0.54085,1.542,1.4767,-0.42955,0.16942,-0.97289,-1.6094,-0.62332,0.82085,-0.42744,-0.14277,-0.29188,0.18003,-0.201,-0.049324,-0.0094893,-1.1867e-14,-2.4858e-15
-100.5,60.67,158.9,-34.968,-32.367,47.733,-23.607,11.333,-14.12,-13.174,-5.5977,-0.80834,-6.1872,-8.6273,-4.91,-3.9139,-5.0311,17.802,0.45416,2.4482,2.8327,-3.157,-1.885,-7.0521,2.3158,3.9256,-4.6406,0.79632,2.9454,-3.9956,0.033862,0.33342,-1.4818,-1.3913,-0.0015644,-0.39999,-1.8331,-0.1453,-1.5344,0.91858,-0.43986,1.2904,-0.77451,0.32152,0.23664,0.70582,-0.57923,0.11567,-0.13388,-0.074595,0.19687,0.031026,0.0040672,-4.0548e-14,-7.8271e-15
33.012,176.77,141.07,-100.14,7.0962,49.054,-54.475,3.4425,5.1219,-2.8876,7.1017,-1.6263,-1.8463,2.1765,18.181,20.078,-17.196,-24.355,9.6631,-2.4225,-8.7921,-4.4343,-8.9469,-9.1445,7.23,-12.667,4.8806,-1.8766,-5.9024,3.5142,2.6798,1.8534,-2.221,-0.099794,1.3093,3.192,-0.23898,-1.6751,-0.17303,0.88199,1.6257,-1.044,0.33378,-1.1802,-0.3134,0.14364,-0.14488,0.31666,-0.14816,-0.004397,-0.04283,-0.12011,-0.0060418,2.67e-14,7.6459e-15
-79.065,65.106,63.711,-61.448,-23.245,49.343,-33.841,-13.965,-5.6648,5.8775,-2.4042,21.771,-0.46847,1.3201,-6.1714,4.5166,-0.10004,7.7306,-2.3911,4.7057,-2.4783,7.4134,2.6097,8.0156,-0.012568,0.10503,-8.3151,2.5781,0.19321,-3.0974,-1.2058,-1.1683,-0.67046,-1.071,0.30816,-0.034438,-0.24099,2.138,1.9198,1.6607,0.50738,-0.57692,-3.0435,-0.2835,-0.13909,-0.51187,0.16764,0.40617,-0.1115,-0.13245,-0.08147,-0.083562,-0.0076998,-3.5284e-14,-7.6302e-15
74.224,-46.736,114.03,99.844,-146.79,21.914,31.5,-19.048,8.7588,31.223,-16.152,44.152,-6.161,-0.78372,-9.7039,-5.9163,7.8499,-20.675,3.346,17.162,-2.8992,0.95315,-8.044,-1.4995,4.8971,3.7845,6.8185,0.33067,3.5574,1.1073,-3.6872,0.11441,-0.37549,-1.9883,4.9879,-1.6198,2.7704,0.065203,-0.37435,-1.4352,-0.47148,1.5442,-0.39753,0.051783,-0.16755,0.21586,0.090003,0.045965,-0.015476,0.015034,-0.022893,0.039417,0.0010058,-1.9876e-14,1.6825e-14
-60.398,-97.143,7.6639,-25.657,-79.75,-20.504,23.079,0.37579,2.1665,25.992,9.9743,21.323,21.622,10.458,4.1746,16.771,3.8432,-16.414,-8.4323,4.6882,-2.8213,2.648,4.9698,6.0625,-4.5836,-4.0254,-6.0842,-3.797,-5.9389,-2.2916,0.50452,-3.3485,-1.5794,0.4637,1.3632,0.065379,2.4546,1.6385,0.44616,0.65726,1.1217,-0.53315,-0.77903,0.089612,-0.27117,0.40212,0.0011426,-0.22464,0.12867,-0.16775,0.059599,-0.15648,-0.0055965,-6.6034e-16,-1.3751e-14
127.53,-10.026,20.821,167.95,-149.56,-13.707,-21.64,-15.565,-4.7907,16.449,22.939,7.9421,5.4906,10.493,5.2049,23.328,14.697,-7.8743,-9.848,2.9512,-9.6039,12.922,3.4851,8.7137,0.37288,-0.35822,4.1923,0.14551,9.7258,1.1477,2.1016,4.8835,3.0395,-1.6583,-1.8084,0.22555,-3.2716,3.454,-1.6506,0.032213,2.9472,0.08129,0.19828,0.81159,0.50607,0.22023,-0.22933,-0.070069,-0.0030949,0.063855,-0.018411,-0.13128,0.0012094,4.8383e-15,-9.7269e-15
788.97,-281.86,-113.8,-6.4016,-97.41,-13.696,-28.062,11.587,27.993,-21.376,10.693,16.707,9.0751,17.515,12.682,2.1784,-9.2541,8.0449,-8.2983,-28.555,-4.3102,-10.799,-6.1038,-3.5601,-1.7318,0.050824,2.4977,-3.7347,1.7879,0.40612,-1.0234,-2.9041,-2.6042,3.1696,3.8687,-0.85917,1.2382,0.075498,-2.1747,-0.043059,-1.1336,-0.54506,-0.83048,0.53581,0.0828,0.11247,-0.045194,-0.16774,-0.17697,0.080495,-0.053842,0.03781,-0.0016422,1.2696e-14,-2.0219e-14
876.71,-97.479,-105.06,-10.039,-51.31,-5.442,-11.786,-33.683,-65.976,11.094,-29.725,-16.419,38.006,-29.306,-3.235,1.0469,6.3414,-5.5491,-2.0232,8.5693,17.345,-4.3097,1.9747,-3.2142,-0.33711,-0.37158,2.061,-4.2468,-1.2623,-0.28569,-1.741,0.4781,-0.43143,-1.3836,3.0455,0.82623,0.90858,1.166,-0.0093736,-1.3497,1.6213,-0.66904,0.76949,-0.4154,0.31204,-0.81296,-0.071093,0.13016,-0.12896,0.3175,0.11684,0.011401,-0.00092074,-2.366e-14,-8.0052e-15
734.25,-134.79,87.405,-17.932,148.58,-17.683,51.337,-47.84,6.412,-30.279,56.238,-8.923,33.53,-16.234,25.529,9.2229,-7.2738,13.913,12.463,4.1776,-1.4605,6.7942,-16.357,0.7917,0.84099,1.1004,0.67226,-3.2778,0.97686,-2.5402,-3.0186,0.57654,1.1916,-0.404,0.94732,1.0672,-0.02574,-1.0283,1.6358,0.84459,-2.285,1.9461,0.63226,1.2947,0.032825,0.31566,-0.011517,-0.17129,-0.033225,-0.049697,0.079164,-0.10698,0.00025773,-1.564e-14,1.9395e-15
707.69,-75.496,24.371,88.377,192.29,-14.308,-21.375,-10.264,-24.783,33.416,-41.753,11.823,10.17,-10.273,-7.2873,-7.3732,6.0464,-5.223,-0.83127,-16.99,8.8487,3.2859,-2.5179,1.9148,-5.3716,-3.6055,1.4377,-0.99172,-1.6813,-3.099,1.4305,3.1467,0.10013,2.3913,-1.3228,-1.8411,-0.094851,-0.27978,-1.1454,-1.1821,-2.3447,-2.2196,-3.6085,-0.077535,0.95498,-0.28011,0.72504,0.40774,-0.00055649,-0.071256,0.0087326,0.057554,-0.0043893,1.2369e-14,2.9254e-15
676.48,-232.14,-125.54,-20.869,-146.4,-3.4149,-7.5161,22.003,20.669,-19.533,-33.108,-6.4434,22.235,17.536,-7.8863,0.817,-17.894,-6.9604,-16.026,15.899,-2.7526,7.7787,-4.1642,1.7223,1.0772,1.2035,2.8074,18.174,-6.1249,-1.2838,4.5613,3.9265,1.64,-3.2955,-5.5442,-3.8261,0.4518,-2.2041,0.29015,3.3111,-0.092648,3.5319,0.59126,-0.36901,-2.0164,1.0026,-0.19395,0.13784,-0.14258,0.12576,0.013091,0.14636,-0.0063425,-1.2652e-15,1.1703e-14
423.68,-66.002,30.399,131.83,69.363,9.9155,55.537,3.8044,-12.918,-15.422,-10.272,3.8302,-5.01,10.038,4.9009,20.344,2.5837,12.894,21.345,16.309,3.6519,-10.256,-15.556,11.97,-0.60202,-0.80148,-1.1137,-0.26899,-1.8171,5.9409,-0.3728,1.3005,-2.5821,-0.25044,4.4263,0.02508,3.7137,1.7152,0.015083,-0.17891,-0.48747,1.1424,-0.18678,1.2035,0.29648,-0.23391,0.078747,-0.18208,0.037209,0.018842,0.050759,-0.048476,1.6706e-05,-1.6336e-15,-7.8495e-15
918.69,-209.52,-13.723,-28.375,-68.576,-17.685,-56.325,56.885,94.843,-14.034,13.138,-20.002,-7.1856,-9.603,-42.484,-2.0077,6.2181,-6.8639,-3.7752,22.274,5.6611,3.2052,-4.1254,-1.7169,-16.989,-3.3723,-0.88425,-6.4182,-0.65216,-1.9044,-1.6491,2.1079,1.8044,0.63359,1.7341,2.1682,-0.1073,1.4164,1.1481,-1.3786,-0.32657,-0.17325,-0.24178,-0.15841,1.3581,-0.78272,0.39388,0.013752,0.22533,-0.39684,0.0013279,0.074357,0.00089455,8.953e-15,-1.9796e-14
762.82,-58.718,-20.532,-29.175,-1.0038,-19.896,4.2244,16.002,-56.869,-50.713,2.3462,-23.368,-20.568,16.112,-2.8239,-15.859,22.053,-12.081,0.094786,13.187,-2.5188,2.7114,5.2935,3.4995,3.2948,1.8174,-0.51685,-2.2473,-2.8381,-0.98926,-6.8822,-0.49988,-3.1841,-0.15821,2.7246,-2.824,1.7582,-1.3434,-1.3085,0.37,1.3427,1.1389,-0.72894,0.56091,-0.31644,0.66769,0.17975,-0.46229,-0.0462,0.3004,-0.088705,0.14121,0.004021,2.4598e-16,-1.6121e-14
686.82,-85.66,37.877,-127.88,-71.81,-26.595,-56.285,-81.194,-19.243,8.1029,-1.649,14.91,-7.0655,-9.6753,-2.6113,-17.237,1.8618,19.849,4.4983,-6.0536,3.0249,-7.5461,-4.3274,6.7093,-1.9023,-0.66297,-0.2293,5.3335,2.2298,2.8146,-2.7529,0.32157,1.1781,-1.1336,0.61041,1.4347,0.78071,-0.25028,-0.021818,-0.3433,0.40931,-1.0547,1.2559,-0.033756,-0.32766,1.5756,0.26626,0.12761,-0.023967,-0.24634,-0.027402,0.072558,-0.0031634,-6.3222e-15,6.0839e-15
460.56,-31.836,-49.473,-58.711,-153.33,16.177,32.395,-20.934,-4.8489,3.6524,3.5061,12.148,-13.002,-8.354,-4.1029,-20.962,1.0247,-1.3965,1.2662,14.248,0.72752,-10.107,6.668,-6.2777,3.8142,-2.4636,-3.3252,-6.1086,5.1444,-2.9565,9.2602,4.6065,-1.1667,1.9552,3.8508,-3.001,-3.0238,-0.87385,1.8234,-0.55811,1.3357,0.10122,1.0084,-0.14172,-0.18209,-0.15275,0.49199,0.088297,0.087086,-0.11956,-0.045,-0.064835,0.0022231,1.9567e-15,8.0518e-15
646.18,58.818,35.975,-100.89,33.927,38.347,36.47,-42.575,41.852,-0.81869,-12.37,22.142,-13.374,17.211,-4.9483,-20.449,-12.153,10.889,0.88164,-8.63,-3.4904,19.08,16.806,-6.435,-0.33566,-3.0972,-5.5422,-0.80406,-1.3983,1.2756,-2.5148,2.87,0.65657,-0.086014,-0.52269,4.0183,-0.91312,-0.60249,2.2886,-0.90988,1.5967,0.093289,1.4755,0.086217,-0.82607,1.1474,0.85161,0.080688,-0.031221,0.14651,-0.056992,-0.064582,0.0044393,1.0158e-14,-2.5328e-15
881.75,-8.0732,7.0745,-59.09,53.9,-7.0739,36.343,37.592,-21.088,15.473,47.227,15.349,-25.619,-1.6652,10.403,-2.8698,-5.5415,12.898,12.362,6.9177,-3.9037,15.998,-9.8894,-7.4263,0.019429,0.10612,-2.0492,0.95176,0.12125,-0.67833,7.8958,-1.9488,1.3736,-2.9415,0.096013,0.89641,-0.74235,-0.16213,-0.82132,0.35658,0.94907,-3.1144,-0.93308,-0.34264,0.15563,-0.21935,0.094588,0.092072,-0.04796,-0.053102,0.018279,-0.018811,0.0015045,2.3859e-15,-9.171e-15
651.75,-177.58,8.9979,-83.434,-91.641,-13.547,25.249,23.556,-13.901,16.824,-26.567,-2.1655,6.9285,-8.2948,-3.2785,14.213,-10.208,15.657,27.556,-10.061,-28.239,-16.302,22.099,-0.12952,8.9657,-2.1271,-2.5793,0.019973,4.0021,-2.6803,1.5964,-0.48395,-0.64324,-0.52844,-3.9649,-1.6569,0.63377,1.2842,-2.2926,-2.4958,-1.2451,-0.46617,-0.23886,0.64156,1.2417,0.33086,0.072975,-0.15235,0.16373,-0.056125,-0.074129,0.063601,-0.0084269,-6.626e-15,4.7837e-16
634.35,32.166,85.892,29.63,123.46,-22.858,9.9544,51.108,-2.8945,39.93,41.554,29.882,-0.016771,0.59302,9.9529,-18.76,-8.3342,-12.17,-9.904,17.851,-7.1802,0.54159,9.2791,2.7018,8.0207,2.259,1.508,-2.5277,-1.9755,-0.18084,-3.8292,0.52962,-0.10581,1.7452,-0.90413,0.92574,0.73777,1.068,-0.73634,0.75161,-1.1637,-2.0119,0.92296,0.30853,-0.093198,0.12255,-0.36124,0.16867,0.021789,0.22327,-0.076371,0.045281,0.0026322,-5.7618e-15,1.9441e-14
609.14,109.04,142.14,40.671,79.548,-6.8,42.947,0.18496,-12.988,6.3399,18.669,-16.99,10.827,3.0273,9.8967,-1.4583,15.511,-7.2196,-4.9206,-7.131,2.0216,-15.2,14.187,-3.0109,-9.1088,-2.0204,-3.2334,5.2629,-2.915,5.8337,-5.2903,-0.86662,-0.075195,-4.417,-4.9952,0.37494,-3.7148,-1.2127,1.9917,3.1343,0.27824,1.7356,0.46901,-1.9866,-0.5892,-1.1271,1.118,0.21001,0.19012,-0.49498,-0.024343,-0.071507,-0.0040789,-1.1315e-14,1.3058e-14
962.82,-8.6985,-43.781,123.47,-6.7023,42.278,45.658,-13.362,29.086,-6.6331,-22.477,-17.257,-50.576,-14.395,10.593,43.951,2.5409,-5.717,-6.6775,-19.635,4.3787,0.56823,-5.2705,2.8217,4.209,4.7378,2.0696,-2.13,-0.62119,-4.2702,-1.1985,0.48328,1.2349,2.2531,-3.5883,-1.1088,-4.0343,0.2078,0.42724,0.13818,-0.19055,-1.1383,-0.022075,-1.9007,-1.256,-0.72124,0.19481,0.38258,-0.072916,0.13053,0.035443,0.084681,-0.0040022,-1.7487e-14,1.4449e-14
63.636,240.38,14.937,62.169,-71.957,-1.2018,-6.1204,-4.3541,-11.477,12.027,9.3086,-16.999,-1.9439,25.919,2.9285,-5.226,4.5845,-4.9063,3.9559,2.3987,-4.2865,-1.2019,-3.6233,7.7344,-2.8001,-1.4534,-10.949,-0.7691,-1.4457,-3.1092,5.2959,-5.7524,0.51417,-2.0737,-0.75577,0.51424,0.59363,0.13704,-2.0951,-0.98058,1.4832,-0.97391,0.81372,-1.3751,0.55894,0.6762,0.38387,-0.2132,0.015735,0.16799,-0.094843,0.095907,-0.0042827,-8.7205e-15,7.5182e-15
-87.888,53.835,-75.989,109.5,-47.025,8.8399,-18.214,-13.308,-7.0844,0.82963,12.805,-17.307,-13.201,15.369,1.107,0.93469,-1.7517,5.1218,-0.37287,1.1665,-3.0617,4.6526,2.4762,0.38575,2.1261,-6.5862,-4.7523,3.3748,0.16661,-0.10457,-2.2789,-2.0621,-1.709,2.4117,0.072631,0.14507,-1.3909,1.7064,2.4473,-3.7833,-0.33262,2.2102,-0.36315,-0.25384,0.68274,-0.12137,0.25066,0.10867,-0.077278,0.18868,-0.10378,-0.090659,-0.0062464,2.799e-14,6.7252e-15
180.65,257.84,131.66,287.23,-279.13,35.224,-18.78,17.558,-14.147,31.215,6.8875,-28.046,-5.32,18.154,9.1097,-15.165,-13.725,8.752,5.6028,-3.589,2.9508,-3.314,-3.5432,4.2437,-3.7459,0.8125,2.3732,1.5578,3.4751,3.0191,-1.2176,2.7988,4.2087,3.1564,-1.7126,-0.092387,6.4966,-7.3154,1.2779,-0.13781,-1.7957,-1.2508,0.69354,-0.83022,0.43798,-0.08504,0.47132,-0.044731,-0.046769,-0.010849,0.065613,-0.10192,-0.0018241,-1.9996e-14,-1.4102e-14
73.451,244.45,-31.163,35.428,-64.603,-18.232,3.8159,38.385,-8.5271,-14.384,5.3552,-2.0444,4.2064,-5.3255,1.6555,1.06,2.2,1.6976,-9.1668,-0.28514,-4.6168,-0.080917,-2.4233,4.7617,3.16,2.1593,3.7887,-2.1387,-4.9332,4.8603,3.2825,4.5607,0.013022,2.5867,4.5905,4.2574,-5.8125,-0.15392,1.239,0.1424,-0.39624,0.42502,0.51288,-0.3224,0.23541,0.58847,-0.047517,0.10711,-0.096869,-0.028609,0.058667,-0.034072,-0.0010025,-1.9805e-14,-4.2712e-15
-14.515,121.81,-23.635,100.33,-58.637,-18.495,23.539,18.81,-0.83176,3.863,11.307,32.788,11.74,-6.6293,-8.3572,-2.3846,9.8172,-19.357,12.005,-6.0115,15.903,1.0915,5.5534,11.561,3.7024,-4.2458,-3.667,-0.43081,-5.5436,-3.4944,6.7741,-4.345,-2.5077,-1.0182,-0.34894,1.8923,-0.78493,1.0887,-0.40518,-0.58045,-0.83966,1.0764,0.57489,-0.21835,-0.17742,0.60459,-0.014256,0.0034429,-0.065666,-0.14911,0.048311,0.067957,-0.0080426,-5.4972e-15,1.7255e-14
74.362,260.69,-6.4881,2.3813,-58.014,-20.374,-11.753,-4.8674,3.2202,-11.072,-2.7206,-8.6248,-24.238,-25.307,6.1187,27.444,-11.248,-4.689,-13.544,-0.33475,3.9939,-4.0796,3.2967,0.39941,8.9341,-19.449,4.6067,2.6851,2.8349,1.3857,-2.1459,-2.1896,2.1299,-2.1823,0.070508,2.1163,2.0945,1.1939,0.98053,-0.54439,-1.0201,0.42974,-0.55501,0.071084,0.70424,0.6117,-0.4168,0.051504,-0.01786,-0.0006359,0.0025452,-0.025635,0.0035379,-1.5448e-14,1.8362e-15
-16.178,131.1,-1.1647,22.239,39.587,-24.296,10.38,-1.3334,-2.2357,-17.59,-0.90974,16.116,0.27709,7.5745,-3.2033,6.7291,0.78322,8.9831,1.9038,-0.96737,-0.62637,-1.1526,8.2459,6.9274,-7.5622,-4.7948,5.571,2.6918,0.18801,3.0797,6.1727,-2.109,0.17699,2.4309,2.7812,-3.4574,2.0842,-1.2587,2.2733,2.0824,-0.20693,-0.25596,-0.87534,0.2983,0.40564,-0.042183,-0.17727,0.56771,0.5331,0.048146,-0.080244,0.024029,0.02142,-3.7421e-14,-2.0942e-14
114.29,291.98,-1.6766,-1.9225,36.659,-21.98,1.6774,-4.4728,5.5713,1.6965,-8.2568,20.081,-2.5198,-4.7748,-8.0943,-15.27,1.3385,-0.88468,-6.2769,-7.6978,-1.3718,4.6663,-0.55935,4.6874,0.020663,0.42365,3.5276,0.53393,2.3064,-0.48086,-1.3671,0.82865,0.39487,1.91,0.47099,-0.52692,2.9928,-0.17305,-0.13478,-0.35412,-1.7744,0.96845,-0.27422,-0.45576,-0.09168,-0.52447,-0.44854,0.1349,0.0077463,-0.0052642,-0.026489,0.0040714,-0.0010624,-1.0003e-14,7.4162e-15
55.022,204.31,-35.815,-19.178,-30.38,-27.426,-24.398,-13.455,10.412,-26.502,-12.578,12.272,-27.349,-18.29,35.077,14.915,-29.495,-21.195,9.6161,6.1716,10.703,-1.5427,12.576,5.4617,-11.051,16.307,-2.0833,2.0733,1.857,-0.8485,2.0267,-2.4336,2.2675,0.98319,1.716,-0.25363,0.18307,0.41972,-0.44754,-1.6351,1.4498,-0.77867,-0.4616,0.69558,-1.0002,-0.061715,-0.31308,-0.0838,0.058585,-0.1855,0.15484,-0.01132,0.0010162,-1.8e-14,-1.412e-14
215.2,399.97,-55.542,-46.599,-26.673,-25.245,-0.071654,-5.1466,-9.9423,-18.598,1.2947,-9.0068,10.44,4.4933,-4.2185,0.17077,2.9432,3.9578,-2.8433,2.7821,-1.0682,4.26,-1.2827,0.087557,0.41565,2.3859,1.0477,0.17188,3.2872,-0.1987,1.6027,-2.4071,0.92643,-1.648,-0.46834,0.94439,0.71648,-0.68086,-0.47325,-0.28977,0.44233,-0.33473,-0.06483,-0.13472,0.56113,-0.67225,-0.22584,-0.19724,0.013987,0.10092,0.040711,-0.0015053,0.0010482,9.5438e-15,6.2568e-15
-1.445,236.28,-22.475,-9.937,-3.531,-31.777,19.927,12.454,-2.9195,-0.35953,-7.8049,4.122,-1.8167,-3.778,-5.1759,-8.4219,-2.6054,3.4092,-2.136,-9.325,-1.1777,0.54875,-0.35501,-0.89187,0.19709,0.66797,3.5407,0.7345,0.61897,-0.091941,-0.43041,0.52417,1.2883,1.6491,1.9988,2.6463,-1.161,1.344,0.65085,0.54313,-0.69823,0.55272,-0.013201,-0.55169,0.13926,0.087028,0.10915,-0.11082,-0.011715,-0.043247,0.052613,-0.033026,-0.0052471,9.4944e-15,-7.0643e-15
94.855,324.75,-4.2256,-62.763,35.735,-21.315,0.68108,12.141,-10.662,-18.832,-5.2389,5.8466,2.2286,-2.3587,-7.6023,-2.018,7.7692,0.34621,0.023273,-6.0849,-5.1256,2.2869,-2.2754,-3.5137,1.1809,3.1009,1.7166,0.24406,0.50058,-3.6671,0.39843,-1.9505,-0.54428,2.1358,-0.04464,0.11128,1.0947,-0.11763,-0.17797,-1.0285,0.47149,0.74539,0.69408,-0.92324,-0.26393,-0.082895,-0.29604,0.00080784,0.022037,-0.074354,-0.011431,0.012643,-0.0019,1.7525e-15,5.1191e-15
67.528,251.52,-48.331,-27.718,-24.171,-22.577,-1.558,9.6496,-12.424,-18.048,-3.0872,4.5842,5.4453,-4.691,-0.96301,-9.3692,-1.7552,6.1284,-1.4567,-3.9017,2.7609,-0.80029,-1.0862,-1.7938,-1.1528,1.0908,2.6882,1.4125,2.6479,1.46,0.84941,-1.1552,-0.33713,0.13197,-1.2286,0.59326,-0.61608,2.0286,1.1311,1.1606,0.15439,0.022886,-0.46,-0.19926,0.23491,-0.0049641,-0.14137,-0.11225,-0.08949,-0.035986,-0.016282,0.055193,0.00021307,-1.1395e-15,-6.1361e-15
84.709,260.18,-81.099,-105.14,-13.236,-29,11.57,-24.426,10.074,-11.134,0.27286,13.053,14.067,2.062,-4.1312,-6.6423,-4.8282,2.307,0.15442,-2.756,0.0095436,1.8574,-0.99823,-4.4192,-2.9524,-0.073048,2.3612,-0.37323,0.57167,-1.563,0.65103,-0.95517,-2.289,5.1219,0.50982,-1.2831,-0.16624,0.62899,1.1666,-0.051401,-1.3149,-0.019177,0.5597,-0.58962,-0.1721,-0.24048,-0.24475,-0.072846,-0.050838,0.024295,0.045002,0.041598,-0.0037623,-3.8681e-15,-6.1775e-15
-4.6303,96.885,-16.618,2.3673,-37.932,-31.35,13.254,21.268,-12.444,-23.075,-0.58717,-2.4246,-8.9352,-8.4604,-4.931,0.20967,3.0557,8.911,-9.8679,-4.7439,1.4548,-0.46424,2.4196,-0.93272,1.2656,1.1008,3.2062,0.35251,-0.53267,0.71696,-0.15478,-2.3485,-0.37313,0.22325,-0.58896,1.23,1.1744,0.94471,0.85171,-1.3757,-1.211,1.9215,0.37221,0.25666,0.43338,0.0043608,-0.038425,-0.11388,0.069479,-0.26145,-0.0029765,0.0067514,-1.1893e-06,7.316e-15,6.9811e-15
0.29567,141.25,16.833,41.649,-13.531,-34.922,-5.9563,-0.20702,4.9402,-13.212,11.06,14.807,2.7986,-6.8522,-9.0894,8.9976,9.2985,2.7818,4.8356,-3.368,7.1387,1.0604,-1.3676,-3.627,5.6056,3.3579,2.2177,-0.60504,0.097123,0.098637,0.32301,-1.3816,5.1926,-0.62999,-1.0486,0.33833,1.161,2.6503,0.020737,0.6551,-0.91386,1.6918,-0.30171,-0.92031,-0.024708,0.30894,-0.13144,0.0002983,0.04771,-0.078919,0.026649,0.085918,-0.0012344,1.9017e-15,1.1931e-14
192.08,390.99,47.132,-82.676,2.7223,-13.791,7.016,40.382,-15.502,-13.505,-4.2542,10.29,0.74494,11.667,-3.0657,1.9944,-0.6716,8.0173,-0.53295,-6.433,1.1102,0.49963,2.8028,-2.7563,-3.5847,1.5979,-1.344,1.5843,1.1909,1.1137,-0.03545,-1.8137,0.18562,-3.3299,-0.46699,2.0776,2.9372,-0.94574,0.89819,1.1636,0.24939,-0.66926,-0.78022,-0.2791,0.30896,-0.44043,-0.29331,-0.083233,-0.048815,0.071685,-0.036473,0.039432,0.0027855,3.3777e-15,-4.8812e-15
-37.966,170.18,-3.1681,73.211,-100.1,-15.877,5.3289,13.842,6.9507,-5.5804,1.4564,15.346,12.372,-6.4706,-7.6565,-2.4581,-0.7583,-5.6454,7.5944,-7.9263,1.2373,1.6991,6.5372,6.0367,5.4705,0.69818,4.0206,1.2186,4.5422,-0.73428,-1.7932,1.491,-1.5989,-1.1572,-1.5237,1.5622,-0.088996,2.2562,1.3673,0.62387,0.017975,1.4219,-0.032644,0.18368,0.71117,0.13655,-0.20277,-0.00081868,-0.081877,-0.14418,-0.04284,0.019239,-0.001477,2.1984e-14,-1.8239e-15
57.327,274.77,3.854,-16.989,-10.884,-35.242,6.0925,34.851,-1.5295,-1.9622,-18.956,-7.5829,13.487,2.0719,4.1555,4.0638,-1.2816,6.2881,-3.8719,1.0618,2.9046,4.6152,-5.0722,-6.8433,3.4695,3.9914,2.7768,-4.6388,-2.0132,4.2903,4.8444,0.079105,-3.413,-1.8822,-0.70604,-0.28778,-0.62565,0.61353,-0.79639,-1.0284,-1.6473,0.95054,0.12706,-0.81626,0.044038,-0.099004,0.25117,0.011983,0.075831,0.045812,0.0076315,-0.043101,0.00036528,4.3793e-15,-1.3966e-14
191.1,404.81,7.4964,-63.543,-33.767,-24.561,-3.817,-38.096,15.258,-12.391,-6.6852,10.1,8.8307,9.5402,-6.5751,-18.433,0.29414,-2.2446,0.8195,-2.7988,-4.7669,4.1692,-3.2131,1.4825,-2.0275,1.2677,1.3184,0.28204,0.97968,2.6198,-0.19235,0.35828,-2.2718,0.92557,-0.72779,-0.74702,-0.76361,1.1079,0.45717,0.82897,-0.63919,-0.089041,0.02151,-0.27694,0.34986,-0.85171,-0.44147,-0.047476,-0.10144,0.16202,0.088349,-0.025369,-0.0028793,7.4825e-15,-9.1911e-15
-171.56,14.014,-100.31,-0.55301,-35.892,69.492,51.509,-16.13,12.322,-13.947,-5.3787,-9.1141,-5.5309,-5.8939,-6.2309,2.8676,-3.7836,5.9216,5.1005,2.1794,-3.6133,10.592,6.1159,-2.4216,3.1015,-0.47267,3.1427,-7.1967,-1.1714,-5.4684,1.2559,2.743,0.35031,0.30105,2.2752,3.2984,5.2198,-0.29938,-2.2854,1.0786,-0.097565,0.3902,-0.15425,-0.59573,-0.35041,0.11874,-0.52582,-0.093534,0.052444,-0.021601,-0.062857,0.16006,-0.0018457,-6.6356e-15,1.2416e-14
-218.37,48.83,-90.19,-31.068,-8.1869,10.249,30.718,4.4502,1.0556,1.2223,-7.1423,-8.7523,-0.038672,4.2959,0.071143,-1.1134,1.3173,0.757,3.7722,4.4782,5.1386,-1.7897,1.4549,-2.4744,-5.467,-2.0105,3.2909,-2.9729,-0.80451,1.9478,2.4864,-3.0043,2.8583,-2.5244,0.23695,-2.3188,-1.9054,-0.24733,0.084767,-0.93029,-1.8239,-2.0287,1.263,0.079536,-0.3647,0.48981,0.21169,-0.58117,0.036097,-0.0087928,-0.046855,0.095443,0.00080532,2.3806e-15,8.7864e-15
-109.23,-40.814,25.496,42.558,-17.42,45.848,7.3123,-0.40476,3.2847,-14.494,24.31,-9.8761,1.2996,0.5566,6.4129,-3.0256,0.36202,0.24445,-5.1567,-4.691,-2.8244,1.8152,1.4771,-1.2137,-0.61393,2.2707,-0.25918,1.3428,2.8873,1.2663,-3.647,0.5467,-0.91646,-0.64541,1.8195,1.0373,3.4187,1.0303,-1.4208,0.2978,0.043266,-1.3064,1.1102,-0.97718,0.50436,0.21311,-0.50904,0.1311,-0.22195,0.031293,-0.17648,0.063064,0.0016167,-8.7822e-15,5.0158e-16
-65.599,-81.51,-85.644,-3.9247,17.68,34.597,16.748,-5.6303,38.992,-21.511,-4.3805,12.399,-10.469,17.087,-8.9599,0.85679,-10.971,9.5027,6.9431,15.047,-1.2036,-13.372,-4.7492,5.1478,5.6917,2.4192,3.7437,1.0444,-2.5234,3.8155,-0.50311,-4.687,2.9838,3.4164,-5.3144,2.9404,-1.5329,-0.24915,0.89703,-2.2353,0.022606,-0.68553,-1.2799,0.59055,0.11488,-0.13419,-0.55735,-0.14354,-0.0068289,0.017972,0.034341,0.07835,-0.0041766,7.7589e-15,-8.0409e-16
-211.42,-28.944,-55.857,47.639,52.401,14.389,11.627,2.4882,-3.5276,-7.9172,-0.38018,4.5978,-1.3115,12.364,-1.1018,3.1953,2.4835,-1.8145,3.917,-0.37204,0.20121,-10.712,0.15901,3.5815,-5.0652,-1.5953,-2.1131,0.19781,3.7638,1.0928,-0.59379,2.5843,-0.83027,-0.78958,1.5916,-0.29887,0.54461,1.9996,1.61,0.50528,0.74618,-0.099316,-0.1798,-0.42752,-0.50121,0.067041,-0.25397,-0.055982,-0.043594,-0.011199,-0.13344,0.080948,-0.00021789,9.4235e-15,-5.0615e-15
-126.68,-64.445,-21.628,30.23,33.166,14.217,-16.929,-6.0743,-0.91379,-1.5089,-5.7806,4.5682,-18.803,1.0059,13.749,-7.8256,-5.6087,-13.736,4.5194,-2.7986,2.6119,-5.3247,6.4702,1.3255,-5.6803,6.6452,-3.8205,-2.7509,-3.0203,4.218,0.69731,4.4895,-2.1208,-4.8688,0.22976,-0.29901,-0.62566,1.0955,0.39116,0.29409,-2.5686,-0.71611,0.25365,-0.031033,-0.36535,0.038545,-0.41241,0.17894,-0.0087726,-0.11057,-0.0041211,0.057437,0.0008869,1.693e-14,1.2499e-14
-183.86,-0.16317,-34.928,68.422,-8.4637,30.094,34.055,-11.616,1.9069,0.25811,-15.492,-13.23,12.006,-3.123,-3.41,1.5211,-9.5537,0.01046,-1.7841,0.58979,4.93,17.348,-1.7676,-3.1788,1.8788,1.2205,3.0713,-2.2335,-1.0786,-0.87367,-2.4045,-1.069,0.42888,-0.67146,1.8159,0.75154,1.4443,-0.75413,0.31221,-1.6542,-0.72485,0.31434,-0.99928,0.36596,0.0025071,-0.35895,0.22283,-0.16899,0.053399,-0.18226,-0.0024557,-0.082291,-0.0010305,-3.34e-15,1.6418e-14
-123.07,-4.4038,-68.146,7.6136,-54.649,36.568,13.701,-2.8194,2.186,-14.096,5.2297,-5.2864,-7.3102,1.2719,-0.94416,-2.0839,-1.569,5.2601,-0.24182,-4.9073,0.51093,0.93771,-2.7899,-3.339,0.056574,0.96108,1.9027,-3.9976,0.4865,-3.0121,0.65816,0.80602,-0.7236,0.1631,0.1906,1.789,2.6284,0.67996,-0.096004,1.4681,2.126,-0.27933,-0.89934,-0.28845,-0.5534,0.17557,-0.048292,-0.20358,-0.0069276,-0.19088,0.0068248,-0.20397,-8.1541e-05,2.8752e-15,-2.1038e-15
-69.524,-152.71,131.25,71.219,54.918,26.866,-7.7513,-13.8,2.6758,-24.67,26.129,-2.7698,2.959,23.297,10.73,-6.8093,-2.7531,-1.4713,6.1215,-5.7331,-6.3951,11.27,9.7206,-1.5508,-7.7299,-1.4978,8.7499,-0.27407,0.053427,0.1011,-2.2739,-2.4021,1.5268,-5.8427,2.6617,-3.3805,-4.0014,0.22428,-0.15887,-1.1213,-0.059035,0.48862,1.0084,-1.3064,1.2457,-0.42752,-0.53897,0.086567,-0.41246,-0.073555,0.14312,-0.032801,-0.009964,-1.4377e-14,9.3528e-15
-170.77,-68.053,-54.208,8.8996,21.003,10.893,-6.6779,-3.1277,-15.469,8.5348,1.8489,4.6228,-11.322,-5.0412,-4.21,-12.522,3.8782,-3.8691,-1.8979,-3.7243,1.0438,-3.6393,-0.0031778,0.50603,-0.52871,0.14042,6.9747,-0.75274,-1.3718,-1.5174,1.0085,-0.60028,2.0256,-1.3348,3.6971,-1.9864,-1.5725,-1.9349,0.21052,-0.63062,0.22865,-0.34168,-0.40429,-0.47217,0.095766,0.7767,0.075858,-0.13051,-0.049953,-0.317,0.015876,0.054586,-0.0041803,1.5883e-14,8.6933e-15
-132.5,-128.67,214.87,7.7209,29.466,20.332,30.284,-19.409,7.0532,-6.1995,9.2987,-5.0139,1.0495,-5.8615,1.8767,-11.027,3.8257,-2.0432,1.169,2.0615,1.3174,-12.249,6.497,-6.4964,-5.6991,-0.94125,12.899,-3.8156,-1.7952,0.3916,5.4403,1.4777,-0.029413,4.4184,-5.6639,5.0646,2.7648,0.24727,-1.7145,0.097168,4.1474,2.4547,-1.4554,0.082938,-0.22632,-0.8271,0.12839,-0.24731,-0.032229,0.075017,0.091419,0.024522,-0.013112,-1.0534e-14,-1.8482e-14
-84.301,-117.63,76.173,25.506,40.086,19.723,-19.215,3.9057,-8.3421,-11.078,-7.6816,3.0648,-14.749,10.429,-4.2463,-6.2769,-0.71128,8.3509,1.8478,-2.281,0.32455,-4.6037,5.5805,-0.42868,-2.9142,-0.44953,1.5012,-2.1532,-1.3905,-2.7216,-2.2051,0.10372,0.11893,-3.6724,-0.1125,0.20809,-0.74739,-1.6231,0.55251,0.030017,-2.0229,1.2654,-0.91921,0.13237,0.91309,0.37082,-0.32194,0.050152,-0.13462,-0.077247,0.00050956,-0.02419,-0.0037447,-7.6932e-15,1.8104e-14
-67.899,-160.22,61.953,36.88,81.454,32.208,-9.8549,-1.8917,-18.554,-29.15,-30.516,-11.157,22.531,-3.0661,-4.4989,1.0206,6.234,-13.487,-6.9487,0.2266,3.8841,-2.9351,4.0045,9.3021,-2.4357,-8.1492,1.3338,-3.7196,2.8236,-0.88898,2.0293,2.3894,0.99357,0.76762,-4.2548,3.0357,0.18685,2.7089,0.86476,-0.16158,-0.33656,-1.636,2.7481,0.15418,0.67135,0.47561,-0.45657,0.098157,-0.18227,0.086957,0.016115,0.029483,0.0034942,-1.8909e-14,-8.7087e-15
-156.14,-66.44,-81.584,6.6522,-22.149,25.808,1.5028,3.7377,-1.4122,-15.441,5.4995,-1.9001,0.92022,4.9502,0.99648,-6.1748,-4.4397,0.32586,-0.40578,-4.6666,0.77635,-4.3347,-1.2766,-1.1324,-2.5388,-0.069013,1.3894,-4.0558,-0.22118,-3.6057,-2.6201,0.78503,-0.7658,-2.6508,1.497,-0.77862,0.030168,0.80667,0.019077,1.2208,0.39508,-0.021011,-0.47097,-0.48935,0.21727,0.64228,-0.42536,1.2527,1.2387,0.44319,0.10136,0.04897,-0.024723,-1.6965e-14,-3.9263e-15
-64.345,-102.59,155.8,38.334,71.456,22.141,40.753,-7.6582,10.721,-29.07,-6.5443,-2.7899,-8.0946,3.5548,-0.3313,-6.5232,9.7015,-10.625,-4.4592,-11.322,-4.0408,10.019,-0.36551,3.0236,-0.56334,-4.349,-0.63554,4.1726,2.8763,2.6712,0.68744,0.021324,-1.1571,4.0175,-0.40984,-3.2734,-0.63735,-0.57067,-0.24347,-1.6753,-1.6717,-0.044317,-1.4173,0.74536,-0.045924,-0.01246,0.19697,-0.070212,-0.12812,-0.067535,0.0042911,-0.074393,0.0025849,-1.3155e-14,-1.7649e-14
-127.61,-69.792,41.311,55.139,21.712,53.509,22.16,3.2471,15.686,6.3194,27.854,8.1029,18.705,-18.7,6.7407,-1.5664,0.38873,-8.9162,-13.157,2.5924,-2.4572,-9.1157,7.1888,-0.78061,0.34745,0.79599,-0.71911,3.7977,5.8654,4.7916,3.2492,-1.2521,0.95059,-1.6299,2.5882,-2.3805,-0.17446,-0.80914,1.3977,-3.2622,1.0763,0.33929,0.0026693,-0.47198,0.31568,0.40712,-0.26941,0.26941,-0.15617,-0.079295,0.0010093,0.11957,0.004827,-1.6975e-14,-3.9683e-15
-128.63,-45.516,-7.9005,5.1965,-8.4642,30.927,15.733,3.3587,-8.6331,-20.05,9.2586,-2.4986,6.529,-14.149,1.7535,-6.077,-3.1963,0.79069,-5.4548,-4.4155,2.2016,4.2634,-2.1559,-0.19912,0.79575,2.0792,4.3944,5.0386,1.4581,4.4492,-1.291,-3.2987,0.64514,0.029655,-0.19325,-1.6749,-0.10019,0.11816,1.4726,-0.37977,0.99562,-2.1894,-0.18984,1.3023,0.24899,0.72535,-0.048361,1.0423,1.176,0.15385,-0.039746,-0.1082,-0.014696,2.3269e-14,-3.4479e-15
-123.28,19.757,-11.724,34.393,-5.7327,36.753,21.926,5.5515,13.776,-24.595,-14.669,-16.527,-1.1261,-1.3946,-6.6565,-6.0937,2.0036,0.3232,-8.4252,-4.6506,1.1311,-9.661,0.12138,-5.0931,0.12229,1.7157,-2.7833,1.788,0.27495,0.53333,1.284,-2.5739,-1.8844,-1.1939,1.2751,0.12461,2.2996,0.65135,-1.1921,1.2105,0.96993,-0.47249,-1.9789,0.30933,-0.20818,0.03369,-0.21705,-0.28875,-0.022097,-0.14076,0.018713,0.05546,0.00024954,2.4829e-14,-1.2967e-14
-149.22,19.454,26.533,25.802,30.816,38.135,19.336,-6.6483,9.6116,-4.0945,-22.838,-9.6464,7.0605,6.8643,-8.4017,-6.6759,-3.7198,-5.7807,-1.4697,11.714,1.4069,-4.7782,-0.97681,1.3844,1.8308,2.0387,1.1921,-1.3673,1.4593,-0.045893,-1.5068,-1.7303,-0.4256,-2.2005,0.0294,0.10038,-1.8295,0.95141,1.5338,1.3843,-0.8171,-1.9344,-0.34408,-0.404,0.91734,0.40558,0.14543,-0.12628,-0.16876,0.043888,0.10108,-0.040243,-0.00096965,2.2172e-15,-7.7718e-15
