ALX,ALY,ALZ,ARX,ARY,ARZ,EMG0L,EMG1L,EMG2L,EMG3L,EMG4L,EMG5L,EMG6L,EMG7L,EMG0R,EMG1R,EMG2R,EMG3R,EMG4R,EMG5R,EMG6R,EMG7R,GLX,GLY,GLZ,GRX,GRY,GRZ,ORL,OPL,OYL,ORR,OPR,OYR,LHNX,LHNY,LHNZ,RHNX,RHNY,RHNZ,HX,HY,HZ,LTX,LTY,LTZ,RTX,RTY,RTZ,SpineMidX,SpineMidY,SpineMidZ,SpineBaseX,SpineBaseY,SpineBaseZ,ShoulderLeftX,ShoulderLeftY,ShoulderLeftZ,ShoulderRightX,ShoulderRightY,ShoulderRightZ,ElbowLeftX,ElbowLeftY,ElbowLeftZ,ElbowRightX,ElbowRightY,ElbowRightZ,Myo_Pose_left,Myo_Pose_Right,Kinect_pose_left,Kinect_pose_right
0.9375,-0.3208008,0.09814453,0.9438477,0.2558594,0.08447266,-4,0,-3,-3,-2,0,-1,0,46,-6,-7,-9,-6,3,2,3,1.8125,1.8125,1.8125,1.5,1.5,1.5,3.035069,3.045896,6.672585,7.227611,2.963756,5.121217,-0.07149856,-0.4199194,1.677002,0.2978897,-0.4562896,1.632058,0.1452207,0.406157,1.761691,-0.1133887,-0.4192407,1.687063,0.3377396,-0.449832,1.626542,0.1271323,-0.06423722,1.767161,0.1152456,-0.3930359,1.749876,-0.04860935,0.1324755,1.750782,0.02915757,-0.3839939,1.718092,-0.08949261,-0.138654,1.761258,0.334015,-0.1344522,1.729342,NA,NA,NotTracked,NotTracked,
0.9301758,-0.3232422,0.1049805,0.9326172,0.2636719,0.07910156,-2,-2,-2,-1,-1,-2,-3,-3,12,-1,2,4,3,8,3,3,-0.625,-0.625,-0.625,-1.8125,-1.8125,-1.8125,3.033484,3.046092,6.674155,7.236045,2.965327,5.113673,-0.07171693,-0.4201916,1.67766,0.2977314,-0.4578777,1.631213,0.1452585,0.4061076,1.761811,-0.1152969,-0.425877,1.690732,0.3050629,-0.4704063,1.578307,0.1271938,-0.06432597,1.767074,0.1151902,-0.3931032,1.749813,-0.04854831,0.1324512,1.750607,0.02912391,-0.3840399,1.718018,-0.08948366,-0.1390058,1.761144,0.3340293,-0.1344569,1.729342,NA,NA,NotTracked,NotTracked,
0.9399414,-0.3085938,0.109375,0.9370117,0.2768555,0.07910156,5,-9,-2,-2,-1,0,0,-2,-3,13,8,-2,-2,2,6,12,2.375,2.375,2.375,-0.3125,-0.3125,-0.3125,3.037098,3.047895,6.673871,7.238056,2.96671,5.110549,-0.07146492,-0.4197318,1.676086,0.2972562,-0.4569372,1.629666,0.1452811,0.4060603,1.761867,-0.1148542,-0.3836823,1.689143,0.3041596,-0.4694275,1.577647,0.1271997,-0.06442346,1.766918,0.1149622,-0.3932381,1.749685,-0.04851919,0.1323592,1.750448,0.02896082,-0.3841181,1.717891,-0.08939943,-0.1393837,1.761042,0.3341918,-0.1343402,1.72914,NA,NA,NotTracked,NotTracked,
0.9394531,-0.3173828,0.09912109,0.9331055,0.2783203,0.06445313,0,-3,-1,-1,-2,1,-1,0,-26,-5,-3,4,4,-2,-7,-6,0.875,0.875,0.875,-0.5,-0.5,-0.5,3.036545,3.047737,6.674291,7.23819,2.966118,5.109655,-0.07125125,-0.419682,1.677746,0.2973565,-0.4555499,1.631129,0.1453107,0.406056,1.761893,-0.114925,-0.3879083,1.690399,0.3049821,-0.4721586,1.577654,0.1272246,-0.06443249,1.766919,0.1149753,-0.3932498,1.749718,-0.04846064,0.1323837,1.750406,0.02899235,-0.3841209,1.717951,-0.08938847,-0.1393468,1.761142,0.3343817,-0.1341904,1.729157,NA,NA,NotTracked,NotTracked,
0.9331055,-0.3276367,0.1030273,0.9169922,0.2695313,0.05664063,1,4,0,0,-1,1,-1,-4,-33,4,1,-5,3,1,-9,-6,0.875,0.875,0.875,-21.3125,-21.3125,-21.3125,3.035124,3.04756,6.675003,7.210508,2.968314,5.109481,-0.07120502,-0.4199524,1.676989,0.297245,-0.4551818,1.630868,0.1453681,0.4060616,1.761923,-0.1144616,-0.4110976,1.69403,0.3391398,-0.455049,1.628727,0.127266,-0.06446598,1.766846,0.1148825,-0.3932891,1.749705,-0.04829832,0.1324004,1.750344,0.02893139,-0.3841367,1.717956,-0.0892982,-0.1396004,1.761082,0.3345736,-0.1339496,1.729109,NA,NA,NotTracked,NotTracked,
0.9316406,-0.3193359,0.1206055,0.9511719,0.378418,0.001953125,0,3,-2,-2,1,-2,-2,1,31,24,7,2,5,-5,10,22,-0.8125,-0.8125,-0.8125,-70.1875,-70.1875,-70.1875,3.037441,3.047941,6.674631,7.149766,2.995809,5.082797,-0.07157156,-0.4201767,1.677304,0.2965106,-0.4546078,1.629096,0.1454135,0.4060805,1.761979,-0.1142897,-0.4333405,1.68525,0.2841119,-0.4957758,1.644833,0.127266,-0.06447817,1.766818,0.1148594,-0.3933316,1.749691,-0.04829589,0.1323855,1.750341,0.0289258,-0.3841415,1.717938,-0.08934226,-0.1395872,1.761124,0.3347024,-0.1339095,1.72929,NA,NA,NotTracked,NotTracked,
0.9375,-0.3222656,0.1020508,1.172852,0.3208008,0.05224609,-2,2,-1,-1,-1,-2,2,1,-27,-32,-31,-6,-3,2,-10,-7,0.0625,0.0625,0.0625,-107.1875,-107.1875,-107.1875,3.039456,3.048717,6.674434,6.968368,3.092549,5.095569,-0.07137477,-0.420002,1.676467,0.2918793,-0.4503916,1.619638,0.1454464,0.4060866,1.762006,-0.1160502,-0.4271261,1.696875,0.2829756,-0.4951612,1.642224,0.1272262,-0.06451841,1.766752,0.114733,-0.393379,1.749654,-0.04830288,0.1323837,1.750336,0.02883305,-0.3841696,1.717878,-0.08933216,-0.1394999,1.761059,0.3354869,-0.1336225,1.729763,NA,NA,NotTracked,NotTracked,
0.9326172,-0.3183594,0.1025391,1.02832,0.5336914,0.5317383,-2,0,0,-1,-2,-2,1,2,-2,-22,0,-27,-22,10,3,0,-1.9375,-1.9375,-1.9375,-5.1875,-5.1875,-5.1875,3.038202,3.04821,6.673032,6.662107,3.404236,5.309436,-0.07109287,-0.4196364,1.67747,0.2711041,-0.4154778,1.594541,0.1454403,0.4060476,1.762168,-0.1131022,-0.415193,1.684167,0.2429384,-0.4505388,1.606273,0.1267578,-0.0645588,1.76673,0.1133848,-0.3933619,1.749685,-0.04835147,0.1323108,1.750393,0.02732711,-0.38394,1.717698,-0.08943876,-0.1393789,1.761114,0.34306,-0.1307335,1.732042,NA,NA,NotTracked,NotTracked,
0.9213867,-0.3105469,0.1123047,0.6342773,0.7817383,0.5605469,1,-2,-4,-1,-1,-2,2,-2,16,-23,-29,-8,-14,-13,4,9,-5.25,-5.25,-5.25,13.8125,13.8125,13.8125,3.038331,3.04632,6.668184,6.587057,3.777401,5.45067,-0.07163806,-0.4201341,1.677676,0.2145741,-0.3515089,1.580266,0.1454275,0.4060459,1.762158,-0.1152103,-0.3908937,1.690278,0.2565643,-0.4294783,1.608947,0.125323,-0.06428634,1.766704,0.1086366,-0.3927283,1.750164,-0.04832962,0.1323188,1.750301,0.02183023,-0.3823083,1.71821,-0.08942737,-0.1386277,1.761171,0.3587831,-0.1082841,1.735617,NA,NA,NotTracked,Unknown,
0.9389648,-0.3374023,0.1176758,0.3583984,0.5717773,0.6108398,-3,3,-3,-2,-2,-2,0,0,-63,-37,-20,-3,-12,6,-15,-24,-7.3125,-7.3125,-7.3125,1.6875,1.6875,1.6875,3.030347,3.041493,6.652856,6.514756,4.184572,5.566637,-0.07124918,-0.4203872,1.67773,0.1801447,-0.2582163,1.540455,0.1454045,0.4060655,1.762259,-0.1127966,-0.4050846,1.6832,0.1493639,-0.3194278,1.578867,0.1248232,-0.06412644,1.766636,0.1076404,-0.3924849,1.75017,-0.04832149,0.1323024,1.750109,0.02110817,-0.3819454,1.718194,-0.0895523,-0.1372399,1.76092,0.3637104,-0.09837618,1.7347,NA,NA,NotTracked,Closed,
0.9414063,-0.2958984,0.1000977,0.2041016,0.6464844,0.59375,-1,5,0,0,2,-3,-1,0,37,-8,-13,1,54,-15,-2,-11,-2.125,-2.125,-2.125,-11.9375,-11.9375,-11.9375,3.029718,3.045693,6.646974,6.466701,4.691699,5.700908,-0.07170001,-0.4192846,1.675772,0.1459245,-0.1697854,1.52595,0.1453886,0.4060398,1.762322,-0.1148681,-0.4168299,1.68775,0.1078024,-0.1628563,1.5854,0.1248368,-0.06406746,1.766638,0.1077443,-0.3922632,1.750194,-0.04814711,0.1322776,1.749783,0.02128037,-0.3818241,1.718251,-0.08926371,-0.1370279,1.760062,0.3676346,-0.09481715,1.728698,NA,NA,NotTracked,Unknown,
0.9501953,-0.2841797,0.1025391,0.03076172,0.5834961,0.5249023,-2,-1,0,0,-2,-2,-1,-1,13,12,4,13,26,2,4,-8,-0.6875,-0.6875,-0.6875,1.6875,1.6875,1.6875,3.030703,3.046596,6.644855,6.449695,4.994543,5.808208,-0.07091699,-0.4196084,1.675707,0.1126011,-0.07901179,1.521077,0.1454625,0.4059569,1.762759,-0.1136583,-0.3905376,1.689889,0.09170717,-0.1159723,1.597937,0.1248981,-0.06389809,1.766723,0.1079532,-0.3917385,1.750182,-0.04741509,0.1321199,1.749444,0.02174845,-0.3813487,1.718517,-0.08887883,-0.1361217,1.759516,0.3843368,-0.1266116,1.696702,NA,NA,NotTracked,Closed,
0.9584961,-0.3173828,0.0859375,0.001953125,0.730957,0.5205078,1,0,0,-2,-1,0,1,1,-12,-5,2,-19,3,0,2,3,1.75,1.75,1.75,5.5,5.5,5.5,3.02445,3.04446,6.652822,6.468952,5.173755,5.905934,-0.06945425,-0.4321273,1.674767,0.0921085,-0.02235228,1.536498,0.1458655,0.4061,1.763746,-0.1104177,-0.4295895,1.680105,0.07779878,-0.06178999,1.617917,0.1249175,-0.06334956,1.766834,0.1079095,-0.3901906,1.750116,-0.0470058,0.1320065,1.749061,0.02230709,-0.3798517,1.719106,-0.08827135,-0.1349097,1.759341,0.3826947,-0.1292546,1.695213,NA,NA,NotTracked,Unknown,
0.9414063,-0.3271484,0.09375,-0.07324219,0.7685547,0.5551758,-2,-1,-2,1,-1,-2,-3,-3,29,22,5,34,15,-8,0,10,3.6875,3.6875,3.6875,20.0625,20.0625,20.0625,3.013974,3.043628,6.668484,6.491179,5.247021,5.978379,-0.0701948,-0.426775,1.674382,0.07930897,0.0004752573,1.582283,0.1461235,0.4061887,1.764795,-0.1114834,-0.4191549,1.683155,0.04664757,-0.04901939,1.6355,0.1248085,-0.06298228,1.7668,0.1077001,-0.3893262,1.749905,-0.04666238,0.1320248,1.748852,0.02233566,-0.379114,1.719473,-0.08820894,-0.1346357,1.759335,0.3792818,-0.1307713,1.69189,NA,NA,NotTracked,Unknown,
0.9345703,-0.3139648,0.1035156,-0.1948242,0.7592773,0.6298828,-2,3,-2,-4,-2,-1,-4,-1,-4,8,-2,-4,-45,-1,-3,-6,4.125,4.125,4.125,9.875,9.875,9.875,3.018251,3.043389,6.672773,6.510358,5.29059,6.039855,-0.07032883,-0.4347879,1.675105,0.07429281,0.01826141,1.556689,0.1462312,0.4063221,1.7656,-0.1116886,-0.4180012,1.682825,0.04356195,0.002031779,1.571412,0.1247252,-0.06261188,1.766907,0.1073879,-0.3885359,1.749825,-0.04652052,0.1319692,1.748685,0.02222897,-0.378299,1.720137,-0.08801411,-0.1341224,1.759402,0.3387074,-0.09901435,1.674042,NA,NA,NotTracked,Closed,
0.9301758,-0.3344727,0.1030273,-0.2226563,0.8100586,0.637207,-4,-8,-3,-1,-3,-1,-2,-1,-9,11,18,-16,-15,5,6,8,-0.125,-0.125,-0.125,1.8125,1.8125,1.8125,3.018839,3.042346,6.675544,6.517919,5.313593,6.057232,-0.07116066,-0.4232325,1.675768,0.07466298,0.02578036,1.561574,0.1461947,0.4063472,1.766221,-0.1107248,-0.4169766,1.67669,0.07274445,0.05649441,1.5887,0.1245024,-0.06243228,1.76703,0.1071101,-0.3883306,1.749823,-0.0464648,0.131947,1.748599,0.02196892,-0.3781098,1.720609,-0.08799442,-0.1341507,1.759439,0.3391411,-0.09868874,1.673838,NA,NA,NotTracked,Unknown,
0.9287109,-0.3320313,0.1176758,-0.2836914,0.7944336,0.5947266,-2,-3,0,-2,-3,-3,-5,-3,1,-1,-5,-12,-38,-9,-3,6,1.9375,1.9375,1.9375,1.0625,1.0625,1.0625,3.020922,3.044304,6.67582,6.515067,5.346003,6.071726,-0.07184967,-0.4235863,1.676527,0.07482743,0.0347311,1.567185,0.1461302,0.4064119,1.76674,-0.1163478,-0.4445438,1.693333,0.03362659,0.02015588,1.598714,0.1242993,-0.06227989,1.767131,0.1069875,-0.3881955,1.74982,-0.0482217,0.1322633,1.746929,0.02187258,-0.3780702,1.720996,-0.08807626,-0.1338958,1.759463,0.339634,-0.0984306,1.673651,NA,NA,NotTracked,Unknown,
0.9355469,-0.3251953,0.1113281,-0.2851563,0.7661133,0.5913086,-1,-2,-7,-1,-3,-1,3,0,-39,-37,-24,-21,-46,-8,-14,-1,-4.6875,-4.6875,-4.6875,-5.75,-5.75,-5.75,3.024612,3.045644,6.664404,6.502507,5.396593,6.098261,-0.07156537,-0.422747,1.674696,0.07487116,0.04373008,1.572304,0.1460834,0.406492,1.767074,-0.111963,-0.4111712,1.679238,0.04783707,0.0200535,1.5914,0.1240907,-0.06213973,1.767124,0.1068421,-0.3880801,1.749761,-0.04997257,0.1326232,1.744996,0.02184664,-0.3780005,1.721141,-0.08808203,-0.1339142,1.759489,0.3397923,-0.0990108,1.673532,NA,NA,NotTracked,Unknown,
0.9428711,-0.3056641,0.109375,-0.3916016,0.8076172,0.6152344,-1,-3,-2,0,0,-1,4,-3,6,22,9,27,-68,-5,1,-4,-4.3125,-4.3125,-4.3125,-19.25,-19.25,-19.25,3.03379,3.044205,6.644469,6.485948,5.455347,6.131613,-0.07138851,-0.4187757,1.67487,0.07558668,0.05516803,1.579268,0.1459801,0.4065181,1.767206,-0.1089954,-0.4438687,1.676727,0.05109634,0.0288655,1.6025,0.123905,-0.06205264,1.76715,0.1068458,-0.3880574,1.749704,-0.05023173,0.1326276,1.744351,0.02187213,-0.3780092,1.721192,-0.08805644,-0.1337419,1.759344,0.3396116,-0.09911448,1.673113,NA,NA,NotTracked,Unknown,
0.9643555,-0.2998047,0.1123047,-0.159668,0.7133789,0.625,-2,-5,-2,-2,-2,0,-3,0,29,4,27,85,114,-13,18,21,-4.1875,-4.1875,-4.1875,-20.9375,-20.9375,-20.9375,3.035629,3.041686,6.638182,6.471948,5.5216,6.222966,-0.07147229,-0.419185,1.675382,0.07483687,0.06916831,1.589217,0.1459543,0.4065114,1.76733,-0.1083147,-0.4387476,1.675687,0.04481499,0.04615965,1.618889,0.1237981,-0.06200125,1.76721,0.1068334,-0.3880594,1.749699,-0.05094253,0.1326482,1.742963,0.02183927,-0.3780491,1.721292,-0.08801451,-0.1336561,1.759146,0.3384966,-0.09926876,1.672413,NA,NA,NotTracked,Unknown,
0.9433594,-0.3149414,0.09716797,-0.7236328,0.7294922,0.08984375,-1,0,-1,0,0,0,-2,-5,54,-26,-8,-15,2,-2,9,25,0.625,0.625,0.625,-25.625,-25.625,-25.625,3.032872,3.034425,6.632936,6.49413,5.53815,6.33329,-0.07053112,-0.4353348,1.673378,0.07384451,0.06976714,1.629412,0.1459654,0.4064516,1.767396,-0.1140591,-0.3963886,1.687429,0.03230216,0.01560648,1.631111,0.1236245,-0.06200231,1.767198,0.1067721,-0.3882295,1.749666,-0.05134797,0.1326404,1.742022,0.02175049,-0.3782702,1.721189,-0.0880151,-0.1337236,1.758905,0.3377987,-0.09934129,1.670994,NA,NA,NotTracked,Unknown,
0.9296875,-0.2729492,0.1015625,-0.4853516,0.9199219,0.5751953,0,-4,-6,-2,-1,0,3,1,-23,17,8,-22,5,1,15,25,4,4,4,14.4375,14.4375,14.4375,3.030636,3.033916,6.641066,6.499081,5.562483,6.243789,-0.07096711,-0.4231628,1.674727,0.07618791,0.06655838,1.619449,0.1460998,0.4064412,1.767422,-0.1134491,-0.4012544,1.687055,0.03738721,0.01508299,1.63492,0.1235578,-0.06197516,1.767144,0.1067931,-0.3882645,1.749635,-0.05164749,0.132608,1.74156,0.02177165,-0.378304,1.721155,-0.08804626,-0.133952,1.758553,0.3369915,-0.09955364,1.670512,NA,NA,NotTracked,Unknown,
0.9736328,-0.3037109,0.1391602,-0.440918,0.8056641,0.6191406,-2,2,-4,-1,-2,-1,0,1,25,5,2,11,81,-2,8,-2,-7.6875,-7.6875,-7.6875,10.875,10.875,10.875,3.035543,3.031108,6.641548,6.489073,5.596573,6.208467,-0.06984302,-0.4267826,1.675269,0.07547779,0.06999212,1.602999,0.1463284,0.4063292,1.767216,-0.1107268,-0.4249571,1.68167,0.03841554,0.03257243,1.631707,0.1235427,-0.06199003,1.767111,0.1067929,-0.3883002,1.749633,-0.05167881,0.1326483,1.740804,0.02177648,-0.3783847,1.721195,-0.08801137,-0.133897,1.7585,0.3344028,-0.0996197,1.668244,NA,NA,NotTracked,Unknown,
0.9174805,-0.2993164,0.07666016,-0.2895508,0.7553711,0.5986328,0,-1,0,-2,1,0,1,2,12,-6,3,90,100,31,10,24,-10.375,-10.375,-10.375,-21.5,-21.5,-21.5,3.026992,3.030179,6.660449,6.466171,5.627194,6.236099,-0.06938086,-0.4353418,1.673777,0.07984409,0.07991909,1.597799,0.1464441,0.406244,1.76717,-0.1110067,-0.4343526,1.68161,0.049971,0.04566229,1.627167,0.1235426,-0.06205664,1.767044,0.1067571,-0.3883936,1.74957,-0.05157317,0.132598,1.740064,0.02172857,-0.378479,1.721232,-0.08797508,-0.133747,1.758424,0.3315058,-0.09968561,1.66622,NA,NA,NotTracked,Unknown,
0.9360352,-0.3183594,0.1210938,-0.3847656,0.7241211,0.6308594,1,4,-2,-1,-2,1,1,3,3,8,-8,-15,-4,-6,-6,15,21.1875,21.1875,21.1875,-22.6875,-22.6875,-22.6875,3.025311,3.040033,6.668139,6.470014,5.628311,6.345167,-0.07017506,-0.4343937,1.675111,0.07958211,0.0747728,1.627044,0.1466902,0.4061344,1.767048,-0.1139134,-0.4033654,1.697,0.04229869,0.02033722,1.630154,0.1235727,-0.06216963,1.766949,0.1067784,-0.3886447,1.749472,-0.04855229,0.1318719,1.739387,0.02170437,-0.3787184,1.721125,-0.08789729,-0.1334478,1.758513,0.3301369,-0.09967581,1.664983,NA,NA,NotTracked,Unknown,
0.9326172,-0.3134766,0.08984375,-0.2983398,0.7890625,0.6264648,-2,-4,4,-1,0,-1,-2,1,6,9,2,13,5,-9,-17,-8,-10.875,-10.875,-10.875,31.125,31.125,31.125,3.018085,3.037786,6.672594,6.473076,5.631703,6.301241,-0.07062843,-0.4232604,1.673151,0.08151878,0.07127339,1.622578,0.1469549,0.4059159,1.766585,-0.1107901,-0.431572,1.678556,0.04062522,0.005408512,1.629313,0.1235836,-0.062358,1.76652,0.106747,-0.3889063,1.748984,-0.04804634,0.1315676,1.739183,0.0216169,-0.379011,1.720669,-0.08774573,-0.133353,1.758329,0.3294465,-0.09903768,1.664624,NA,NA,NotTracked,Unknown,
0.9780273,-0.3300781,0.1162109,-0.3398438,0.6679688,0.6416016,-1,-9,0,-1,-1,0,-3,-1,6,6,-3,-18,20,-2,11,5,-10.1875,-10.1875,-10.1875,22.9375,22.9375,22.9375,3.020802,3.036033,6.677484,6.472671,5.630423,6.242257,-0.07112865,-0.4229451,1.675692,0.07729599,0.07092908,1.608704,0.1469833,0.4058939,1.766499,-0.1170434,-0.4078649,1.7025,0.04018103,0.01899508,1.63125,0.1236058,-0.06244403,1.766254,0.1066701,-0.3889472,1.748748,-0.04845749,0.1316762,1.738814,0.02155462,-0.3790192,1.720528,-0.08775267,-0.1333763,1.758152,0.3288159,-0.09926794,1.664117,NA,NA,NotTracked,Unknown,
0.9233398,-0.2685547,0.07958984,-0.3066406,0.734375,0.6948242,1,-1,-1,1,-4,0,2,4,-4,-23,-17,8,67,16,8,-14,2.3125,2.3125,2.3125,-32.375,-32.375,-32.375,3.021433,3.036436,6.686501,6.462606,5.620253,6.26949,-0.06951928,-0.4349193,1.67305,0.07485659,0.07576822,1.602446,0.1470788,0.4059446,1.766374,-0.1100708,-0.435827,1.676375,0.03945403,0.03253115,1.629788,0.1235719,-0.06244055,1.766186,0.1065969,-0.3889687,1.748629,-0.04883067,0.1318846,1.738507,0.02147776,-0.3790453,1.720518,-0.08780015,-0.1334292,1.758155,0.328183,-0.09928687,1.663709,NA,NA,NotTracked,Unknown,
0.9277344,-0.3754883,0.1396484,-0.5039063,0.7397461,0.6953125,-5,-9,2,-1,1,1,0,-2,31,-7,-2,49,-54,7,3,4,4.5,4.5,4.5,-23.6875,-23.6875,-23.6875,3.014234,3.039785,6.681599,6.464005,5.625434,6.375281,-0.06995019,-0.4346572,1.674106,0.0772669,0.07617658,1.628384,0.1471158,0.4059416,1.766413,-0.1115773,-0.4174615,1.680617,0.04082405,0.02597479,1.630163,0.1235656,-0.06244976,1.766171,0.1065438,-0.3890865,1.748605,-0.04797069,0.1315637,1.738732,0.02139198,-0.3791867,1.72046,-0.08783517,-0.1333416,1.758164,0.3274142,-0.09945071,1.66335,NA,NA,NotTracked,Unknown,
0.9360352,-0.2749023,0.09082031,-0.3920898,0.9702148,0.5771484,-5,-10,-4,0,-1,0,1,2,-18,8,-1,38,-16,-15,12,9,-8.75,-8.75,-8.75,18.9375,18.9375,18.9375,3.022839,3.036899,6.674994,6.469929,5.631242,6.331448,-0.07124367,-0.4230815,1.674247,0.07492395,0.08497659,1.632369,0.1471227,0.4059219,1.766468,-0.1101455,-0.4263421,1.677346,0.05581851,0.039012,1.607051,0.1235428,-0.06248411,1.766178,0.1065181,-0.389239,1.748589,-0.04782766,0.1312914,1.739105,0.02134236,-0.3793855,1.720305,-0.08769382,-0.1333599,1.758095,0.3272829,-0.09957551,1.663439,NA,NA,NotTracked,Unknown,
0.965332,-0.2524414,0.1049805,-0.4677734,0.7114258,0.546875,-1,-3,-1,-1,0,-3,-2,-2,-18,4,-4,27,3,4,-2,0,5.8125,5.8125,5.8125,16,16,16,3.029421,3.039531,6.672166,6.466588,5.633791,6.335941,-0.07038615,-0.4310386,1.675186,0.07509919,0.08185225,1.632827,0.1471644,0.4059231,1.766468,-0.1144165,-0.420485,1.698,0.0331438,0.03040068,1.629955,0.1234498,-0.06248381,1.766196,0.1064673,-0.3892852,1.748596,-0.04857984,0.1314681,1.739054,0.02128817,-0.3794215,1.720264,-0.08760635,-0.1335378,1.757965,0.3272747,-0.09961825,1.663555,NA,NA,NotTracked,Unknown,
0.918457,-0.2944336,0.09277344,-0.3964844,0.7324219,0.5556641,0,13,-2,-3,-4,-2,-1,-1,7,-3,-6,-32,-20,4,8,19,5.25,5.25,5.25,-1,-1,-1,3.025309,3.035496,6.676341,6.466441,5.627532,6.323554,-0.07086606,-0.4231262,1.676213,0.07428011,0.0814082,1.632196,0.1471431,0.4059334,1.766519,-0.1141025,-0.3826452,1.695545,0.04068325,0.03479908,1.620822,0.1234037,-0.06250061,1.766231,0.1064536,-0.3893903,1.748611,-0.04763582,0.1311052,1.73958,0.0212682,-0.3795338,1.720253,-0.08762705,-0.1335014,1.757981,0.3272921,-0.0996483,1.663648,NA,NA,NotTracked,NotTracked,
0.9350586,-0.3076172,0.1303711,-0.394043,0.734375,0.5849609,-2,-7,0,0,1,-3,-4,0,-32,-14,0,-6,-2,-1,-9,-27,10.125,10.125,10.125,-7.5625,-7.5625,-7.5625,3.024945,3.041712,6.673777,6.444041,5.619375,6.30621,-0.07002798,-0.4315912,1.674248,0.07578242,0.07635795,1.630656,0.1471396,0.4059234,1.766554,-0.11173,-0.4205889,1.680435,0.03220598,0.01536408,1.633263,0.1233524,-0.06257524,1.766265,0.1064788,-0.3896972,1.748611,-0.04581167,0.1302809,1.739715,0.02128184,-0.3798532,1.720162,-0.08769087,-0.1336468,1.758131,0.3271762,-0.09976415,1.664006,NA,NA,NotTracked,Unknown,
0.9501953,-0.3208008,0.1020508,-0.3710938,0.6748047,0.4980469,-1,-5,-4,-2,0,-2,-4,0,-76,-1,-5,-9,-13,-1,-3,-8,-8.4375,-8.4375,-8.4375,0.625,0.625,0.625,3.02423,3.037184,6.669532,6.424735,5.59252,6.278622,-0.07035033,-0.4264562,1.675701,0.07554354,0.07010835,1.626076,0.1471244,0.4059238,1.766631,-0.1136252,-0.3917913,1.688727,0.03691738,0.01368942,1.635,0.1233175,-0.06257326,1.766335,0.1064883,-0.3897235,1.74872,-0.04749767,0.1307172,1.739493,0.02129797,-0.3798941,1.720232,-0.08763695,-0.1337662,1.758343,0.3268308,-0.1000408,1.665173,NA,NA,NotTracked,Unknown,
0.9428711,-0.3066406,0.08496094,-0.3271484,0.7436523,0.5068359,-1,-2,1,-2,-2,-2,-1,1,7,-5,-3,4,-6,7,-3,-8,3.875,3.875,3.875,-1.625,-1.625,-1.625,3.021748,3.037455,6.675803,6.432259,5.522305,6.245297,-0.07047088,-0.4276579,1.676334,0.06816462,0.0563237,1.614854,0.1471014,0.4059121,1.766802,-0.1104532,-0.4317979,1.679527,0.03451873,0.01084169,1.6368,0.1232811,-0.06263865,1.766495,0.1064163,-0.3898577,1.748922,-0.04792291,0.1308149,1.739959,0.02123117,-0.3800834,1.720538,-0.0876504,-0.1338764,1.758446,0.3264369,-0.1004726,1.667013,NA,NA,NotTracked,Unknown,
0.9306641,-0.3173828,0.1162109,-0.3764648,0.7563477,0.5205078,-1,2,-2,0,-1,-3,-3,-1,-11,0,10,-8,-6,7,0,4,1.375,1.375,1.375,34.8125,34.8125,34.8125,3.019897,3.039268,6.680264,6.479453,5.348494,6.224381,-0.07094344,-0.4233529,1.6769,0.05956123,0.03225243,1.600089,0.1470212,0.4058696,1.767098,-0.1148778,-0.3921923,1.692867,0.05796441,0.01082382,1.558232,0.1232003,-0.0626644,1.766612,0.1064297,-0.3898862,1.748964,-0.04857348,0.130914,1.741169,0.02130247,-0.3801542,1.720751,-0.08767793,-0.1338511,1.758534,0.3266307,-0.101003,1.669674,NA,NA,NotTracked,Unknown,
0.9350586,-0.3120117,0.1152344,-0.05175781,0.6503906,0.6567383,1,-2,-1,0,1,-2,-3,-2,28,5,-4,-5,-5,-4,1,-10,2.6875,2.6875,2.6875,37.6875,37.6875,37.6875,3.024376,3.044107,6.683991,6.512446,5.121234,6.182048,-0.07129323,-0.4224897,1.676622,0.06449509,-0.04647212,1.603826,0.1468092,0.4058298,1.76754,-0.1109592,-0.4205064,1.677476,0.076279,-0.1307415,1.628478,0.1230944,-0.0625154,1.766901,0.1064296,-0.3896903,1.749212,-0.04846403,0.1310276,1.743425,0.02134786,-0.3799435,1.72088,-0.08787312,-0.1340337,1.758805,0.3282191,-0.09983728,1.672681,NA,NA,NotTracked,Unknown   ,
0.9438477,-0.3100586,0.1049805,-0.07714844,0.8198242,0.4711914,-6,-12,-3,-2,-1,0,0,-2,-20,-5,-6,-2,2,-2,-4,-10,4.75,4.75,4.75,43.625,43.625,43.625,3.028806,3.04525,6.686549,6.589001,4.880981,6.120148,-0.06983296,-0.4360003,1.676653,0.06300748,-0.1074626,1.587623,0.1465896,0.405901,1.767972,-0.1113902,-0.421104,1.687333,0.08666085,-0.1195145,1.537439,0.1230323,-0.06238684,1.767261,0.1065628,-0.3895432,1.749587,-0.04809569,0.1310068,1.745105,0.02148153,-0.3797967,1.720972,-0.08776134,-0.1341978,1.759182,0.3325217,-0.09996138,1.679177,NA,NA,NotTracked,Unknown,
0.9355469,-0.3227539,0.1118164,0.3203125,0.8354492,0.5673828,1,-2,-2,1,-1,-1,-3,-1,-6,-10,-6,-1,4,2,-2,-7,4.75,4.75,4.75,21.8125,21.8125,21.8125,3.032455,3.04737,6.689711,6.661001,4.533493,6.011389,-0.06964046,-0.4362909,1.676229,0.06848524,-0.1779563,1.557384,0.1461589,0.4058876,1.76857,-0.1113543,-0.4340599,1.683,0.1006471,-0.1781225,1.518154,0.1229637,-0.06239325,1.767465,0.106625,-0.3895718,1.749807,-0.04792224,0.1309913,1.746454,0.02148522,-0.3798086,1.720977,-0.08767818,-0.1343564,1.760144,0.337092,-0.1003756,1.687124,NA,NA,NotTracked,Closed,
0.9477539,-0.3193359,0.1069336,0.331543,0.9848633,0.3818359,-3,-5,-4,-2,-1,-1,-2,-2,7,7,11,2,-1,-1,12,-4,5.5,5.5,5.5,-30.875,-30.875,-30.875,3.034644,3.049915,6.694201,6.691082,4.289638,5.932967,-0.06967893,-0.4317036,1.677035,0.08743152,-0.2422838,1.550679,0.1456315,0.4057195,1.769047,-0.1153533,-0.386508,1.699667,0.07900111,-0.2116263,1.490566,0.1229246,-0.06258959,1.767688,0.1066219,-0.389938,1.750176,-0.04814916,0.1308615,1.747675,0.02158868,-0.3802119,1.721081,-0.08754139,-0.1339525,1.760604,0.3610791,-0.1189201,1.678448,NA,NA,NotTracked,Closed,
0.9316406,-0.324707,0.1079102,0.5454102,0.6508789,0.472168,1,5,-2,-1,-1,1,-1,1,8,8,2,2,-1,3,-1,13,2.625,2.625,2.625,13.375,13.375,13.375,3.036106,3.054483,6.700795,6.676874,4.078816,5.858741,-0.0704566,-0.4270986,1.676074,0.1327798,-0.2854159,1.560327,0.1450708,0.405622,1.769306,-0.1105431,-0.4257625,1.67805,0.1078166,-0.264208,1.491495,0.1227546,-0.06282513,1.76807,0.1064658,-0.3905339,1.750803,-0.04830114,0.1308542,1.748309,0.02152244,-0.3806681,1.721343,-0.08800562,-0.1341469,1.761244,0.3455187,-0.100201,1.707366,NA,NA,NotTracked,Closed,
0.9428711,-0.3105469,0.1240234,0.5991211,0.7817383,0.362793,0,-8,-1,-1,0,-1,-1,0,6,-3,-4,-1,2,-5,0,8,2.6875,2.6875,2.6875,-28.375,-28.375,-28.375,3.035731,3.056689,6.709396,6.773265,3.819546,5.772123,-0.07076271,-0.4245586,1.677313,0.1471162,-0.3286248,1.565536,0.1446916,0.4055448,1.76938,-0.1170186,-0.39307,1.701778,0.1961509,-0.2979535,1.526139,0.12263,-0.06299432,1.768262,0.1062944,-0.391039,1.751085,-0.0484672,0.1309412,1.749051,0.02128099,-0.3808761,1.721445,-0.08801615,-0.1343925,1.761539,0.3453287,-0.1004087,1.707621,NA,NA,NotTracked,Unknown,
0.9321289,-0.3188477,0.109375,0.8339844,0.4638672,0.3139648,0,5,1,0,0,-1,0,-1,1,-1,-3,0,-1,1,1,-8,3.4375,3.4375,3.4375,15.6875,15.6875,15.6875,3.036164,3.056491,6.713151,6.795701,3.614836,5.694364,-0.0711387,-0.4234639,1.677122,0.1861776,-0.3760963,1.539579,0.1441926,0.4054358,1.769349,-0.1108012,-0.4430251,1.679,0.2013819,-0.3800516,1.507861,0.1222331,-0.06333306,1.768338,0.1053084,-0.3918642,1.750991,-0.04867731,0.1308627,1.749729,0.01990036,-0.3810331,1.721243,-0.08782297,-0.134033,1.76204,0.3427969,-0.1010222,1.707645,NA,NA,NotTracked,Closed,
0.9472656,-0.3383789,0.1142578,0.8847656,0.5727539,0.1435547,-3,-5,0,1,2,-1,-1,-2,19,12,-113,-40,6,-2,16,14,4.4375,4.4375,4.4375,7.8125,7.8125,7.8125,3.037085,3.058346,6.720183,6.887024,3.41374,5.621224,-0.07054531,-0.4238233,1.677354,0.2248365,-0.4121181,1.556845,0.1438419,0.4052662,1.769421,-0.1110675,-0.4235091,1.682533,0.2437001,-0.4111655,1.527194,0.1215154,-0.06349924,1.768385,0.1037451,-0.3920766,1.75067,-0.04883177,0.1308387,1.750344,0.01761898,-0.3811409,1.720702,-0.08797225,-0.1333471,1.762442,0.3366711,-0.1023736,1.705239,NA,NA,NotTracked,Closed,
0.9291992,-0.3222656,0.1054688,0.9584961,0.3579102,0.0625,0,4,0,0,0,1,-2,-2,3,25,1,11,5,-1,4,8,4.75,4.75,4.75,32.875,32.875,32.875,3.040138,3.061314,6.725227,7.060062,3.171882,5.435952,-0.07125641,-0.4197277,1.677503,0.257948,-0.4323209,1.584738,0.1433899,0.4051214,1.769266,-0.1167361,-0.3759707,1.697273,0.2873933,-0.4130673,1.559362,0.1213102,-0.06363856,1.768286,0.103293,-0.3921983,1.750365,-0.04900911,0.130749,1.75092,0.01700482,-0.3812462,1.720225,-0.08806365,-0.1351456,1.762693,0.3317524,-0.1083698,1.704858,NA,NA,NotTracked,Unknown,
