149.8,149.8,115.19,115.19,73.044,73.044,72.635,72.635,153.72,153.72,127.95,127.95,199.7,199.7,185.31,185.31,94.8,94.8,93.666,93.666,20.005,16.163,7.9649,5.8742,18.213,17.139,17.054,16.571,31.339,21.897,17.596,9.5481,50.856,29.182,26.14,17.6,11.784,9.5812,7.9882,7.258,4.9126,2.4944,1.9206,2.3238,1.5635,0.0094537,2.2804,4.794,0.012702,0.015079,26.356,26.356,26.356,0.49303,4.442
128.45,128.45,126.06,126.06,117.96,117.96,104.99,104.99,141.98,141.98,135.69,135.69,116.47,116.47,109.12,109.12,69.12,69.12,67.544,67.544,21.937,10.441,10.136,9.5913,25.661,11.962,10.928,9.6609,24.015,22.763,14.542,14.235,28.093,23.558,19.019,18.842,15.063,12.765,9.5497,6.0953,3.5371,2.0385,1.7192,2.2211,1.4907,0.0090852,1.7428,3.4564,0.0114,0.025876,23.393,23.393,23.393,0.50293,5.0361
153.21,153.21,140.71,140.71,139,79.668,79.668,67.06,197.41,197.41,170.48,170.48,147.45,147.45,138.34,138.34,97.17,97.17,83.487,83.487,11.254,10.248,5.4613,3.9797,15.328,13.515,9.5457,7.808,51.244,27.153,12.014,9.7146,40.752,35.831,30.276,28.854,11.95,8.4189,7.8608,7.715,2.357,2.1396,1.972,1.9032,1.4832,0.0077063,2.1408,2.2254,0.013558,0.022503,24.811,24.811,24.811,0.54285,5.7032
150.66,150.66,126.44,126.44,89.768,89.768,77.509,77.509,201.92,201.92,196.16,196.16,153.09,153.09,116.48,116.48,88.168,88.168,76.867,76.867,46.275,31.743,19.307,16.584,12.183,10.776,8.96,8.9295,28.951,13.9,12.784,11.47,18.533,15.508,15.425,11.659,19.204,8.6106,7.3699,7.2855,5.1833,5.5917,1.9494,2.319,1.7575,0.013901,5.6473,5.0073,0.012888,0.031102,24.297,24.297,24.297,0.56757,6.5117
198.12,198.12,137.07,137.07,100.43,100.43,97.743,97.743,182.12,182.12,165.89,165.89,152.33,152.33,135.49,135.49,103.59,103.59,79.284,79.284,32.407,26.884,18.536,11.591,27.085,20.846,6.9056,6.8635,34.74,21.258,10.133,8.8,40.053,29.975,23.924,21.233,12.854,7.9557,7.0176,6.6972,4.2609,1.9664,1.5275,2.1029,1.542,0.010623,1.8864,4.2723,0.012297,0.02438,26.492,26.492,26.492,0.51509,5.1581
287.03,287.03,273.86,273.86,112.78,112.78,109.76,109.76,141,128.93,128.93,126.29,382.05,382.05,353.98,353.98,158,119.19,119.19,118.34,62.872,54.543,50.35,48.647,24.219,13.794,8.7156,4.4514,64.573,43.458,33.123,29.652,25.013,18.863,15.644,4.423,5.4759,4.994,4.0487,3.85,2.319,2.1396,1.7127,1.453,1.633,0.055155,2.0243,2.2012,0.018691,0.26399,24.287,24.287,24.287,0.45714,3.288
214.31,214.31,188.41,188.41,147.01,147.01,131.06,131.06,239.52,239.52,238.69,238.69,298.25,298.25,264.2,264.2,130.79,130.79,124.03,124.03,69.43,26.124,14.914,12.374,89.08,53.59,21.464,18.087,49.299,20.106,13.063,11.475,61.163,43.012,34.608,24.715,14.245,6.1345,4.9427,2.0283,1.7256,2.543,1.3081,1.6055,1.633,0.0055822,2.2035,1.5463,0.0090865,0.015645,25.714,25.714,25.714,0.57905,4.2889
252.22,252.22,165.57,165.57,154.87,154.87,137.09,137.09,167.91,167.91,159.37,159.37,230.3,230.3,229,198.2,95.895,95.895,77.923,77.923,26.701,26.035,14.25,13.607,14.414,14.009,11.434,11.108,13.957,5.9738,5.1404,4.2939,55.23,49.757,30.641,26.498,15.37,10.854,7.2677,4.0042,1.8379,2.8402,1.2996,1.7951,1.5706,0.0073011,2.7865,1.6268,0.0095737,0.019485,23.778,23.778,23.778,0.57157,5.019
201.83,201.83,170.16,170.16,151.47,151.47,132.88,132.88,210.47,210.47,185.4,185.4,376.72,376.72,259.34,259.34,140.24,140.24,129.08,129.08,63.262,49.851,24.743,20.48,76.551,46.412,25.361,23.949,30.706,22.548,17.736,13.921,75.416,62.472,33.224,27.666,24.16,19.152,12.47,7.1797,1.7256,17.104,1.3663,1.9437,1.9777,0.46358,16.828,1.4958,0.13857,0.6963,32.626,32.626,32.626,0.56436,6.7176
166.88,166.88,159.39,159.39,106.13,106.13,104.69,104.69,201.8,201.8,192.6,192.6,334.23,334.23,307.14,307.14,109.97,109.97,109.38,109.38,63.935,31.206,16.335,15.267,73.736,16.643,11.358,10.183,55.845,25.91,24.386,20.856,62.895,34.591,24.354,16.757,18.876,12.784,7.2885,5.0686,3.1163,8.9393,1.4063,1.6533,1.6465,0.010465,8.9909,3.1495,0.0089218,0.022873,18.588,18.588,18.588,0.56359,6.9238
144.5,144.5,131.78,131.78,160.71,160.71,159.46,159.46,168.83,168.83,149.97,149.97,310.95,310.95,224.71,224.71,108.83,108.83,107.55,107.55,27.356,18.642,11.169,9.9125,47.867,39.715,24.975,15.885,23.857,17.321,15.249,12.52,53.705,43.101,38.984,38.035,8.6681,4.9488,3.4881,2.8337,3.5056,6.3105,1.7951,1.7764,1.4142,0.009674,6.022,3.4109,0.0097563,0.013996,20.693,20.693,20.693,0.53935,3.6336
158.8,158.8,145.03,145.03,138.55,138.55,107.37,107.37,212.98,212.98,210.84,210.84,222.24,222.24,212.83,212.83,92.838,92.838,84.428,84.428,41.917,24.67,22.246,17.627,58.932,51.907,45.974,22.218,25.484,18.251,14.515,12.453,47.105,32.394,29.656,23.773,14.278,12.783,12.15,9.0308,2.1551,7.5675,1.5492,1.8559,1.3984,0.01146,7.5292,2.0494,0.012926,0.031921,22.492,22.492,22.492,0.57058,6.0288
172.1,172.1,139.77,139.77,149,105.67,105.67,88.211,163.82,163.82,148.1,148.1,276.22,276.22,255.08,255.08,111.11,111.11,87.539,87.539,54.386,42.015,23.354,13.639,48.835,41.401,33.208,27.878,24.537,24.372,19.848,14.72,53.919,51.442,31.898,31.449,13.63,7.0908,6.449,5.6147,2.2559,12.94,1.5846,1.6865,1.9889,0.0074861,12.453,1.9175,0.010288,0.026635,21.47,21.47,21.47,0.56743,4.5775
156,131.52,131.52,115.43,176.86,176.86,164.58,164.58,202.34,202.34,200.92,200.92,234.66,234.66,227.53,227.53,111.8,111.8,90.73,90.73,72.735,37.22,28.589,23.321,45.978,35.386,26.103,20.138,29.26,18.847,5.5309,2.8112,61.048,45.626,27.204,21.41,13.717,12.578,12.456,7.4452,1.8856,6.3333,1.6931,1.6398,2.7968,0.0077895,6.3982,1.3484,0.011657,0.021567,28.493,28.493,28.493,0.60184,6.4216
126.81,126.81,107.09,107.09,107.19,107.19,98.629,98.629,207.59,207.59,151.26,151.26,235.38,235.38,139.81,139.81,100.68,100.68,98.864,98.864,39.328,13.081,12.383,10.387,28.219,25.233,20.827,20.772,21.5,8.6642,8.5069,5.4124,47.357,22.42,18.682,15.248,13.361,11.081,7.9116,5.6736,1.5986,14.116,1.6262,1.9379,2.5647,0.0093696,13.95,1.3864,0.01265,0.029366,33.067,33.067,33.067,0.61096,5.922
161.36,161.36,142.57,142.57,152.23,152.23,94.598,94.598,150.29,150.29,147.57,147.57,222,170.9,170.9,146.31,73.918,73.918,72.09,72.09,14.534,13.719,1.7427,1.2658,54.133,25.036,24.406,10.539,31.225,9.4216,7.483,6.679,44.793,23.953,18.201,16.931,13.2,9.2975,5.796,5.5455,2.6034,9.4739,1.542,1.7448,1.6733,0.0085159,9.5715,2.4981,0.0093555,0.021514,27.695,27.695,27.695,0.57671,4.4437
222.48,222.48,123.31,123.31,194.92,194.92,144.11,144.11,259.59,259.59,214.25,214.25,408.34,408.34,292.4,292.4,151.44,151.44,132.41,132.41,49.267,38.601,27.749,15.528,42.709,35.574,20.372,13.391,22.494,19.543,14.383,11.077,50.724,40.831,31.345,23.405,21.457,10.247,7.1092,4.482,2,8.4525,1.3081,1.6865,1.7192,0.004796,8.3519,1.7644,0.010863,0.018813,21.434,21.434,21.434,0.58988,5.4448
210.06,210.06,208.56,208.56,158,147.17,147.17,132.79,273.14,273.14,181.52,181.52,304.52,304.52,262.94,262.94,160,157.34,157.34,124.75,61.268,53.213,43.416,15.092,32.414,29.204,22.202,21.287,23.998,16.317,14.472,14.084,47.25,37.803,34.649,27.128,8.958,4.7121,4.6903,4.6048,1.5492,8.7089,1.7192,1.4298,1.7448,0.0093222,8.6853,1.4348,0.010406,0.019631,24.86,24.86,24.86,0.59959,4.2154
127.63,127.63,117.8,117.8,91.257,91.257,68.342,68.342,157.68,157.68,157.53,157.53,150.07,150.07,142,134.61,122.82,122.82,110.69,110.69,15.462,10.615,5.3693,4.676,31.998,25.723,20.94,19.27,30.794,7.3287,6.9227,6.1681,31.409,29.373,26.378,24.952,9.4961,8.2053,8.1761,7.6054,1.7192,8.9468,1.5348,1.5916,1.4606,0.0066319,9.0407,1.5269,0.0096052,0.025313,26.878,26.878,26.878,0.60511,5.1768
109.23,109.23,88.128,88.128,106.55,106.55,104.66,104.66,138.02,138.02,136.02,136.02,281,141.32,141.32,140.54,103.81,103.81,84,75.345,23.34,2.017,1.4985,-0.15248,38.576,31.001,28.196,22.43,10.405,9.2954,7.8733,7.0006,63.313,62.687,49.693,36.564,11.318,9.1845,7.2142,6.5584,4.6116,4.3359,2.1292,1.8559,1.7826,0.0068362,4.3736,4.5425,0.010267,0.019787,18.877,18.877,18.877,0.5714,4.9408
150.36,150.36,113.94,113.94,131.9,131.9,118,109.69,92.463,92.463,90.781,90.781,157.69,157.69,147.14,147.14,137.58,137.58,136,128.34,12.361,9.0485,9.0196,5.7906,52.438,20.838,16.026,10.851,26.544,15.905,10.624,7.8969,63.923,60.884,47.76,36.327,50.949,37.682,12.774,2.7501,2.1448,1.5275,5.3041,1.8679,1.5055,0.043207,1.1677,2.0824,0.016378,0.04346,46.133,46.133,46.133,0.66278,12.46
145.33,145.33,113.47,113.47,110.9,110.9,90.781,90.781,127.22,127.22,109.92,109.92,151.75,151.75,112.87,112.87,141.9,141.9,120.58,120.58,10.027,9.2606,8.3571,8.3523,14.371,7.9821,6.5165,6.4125,28.574,15.465,8.5818,8.3079,9.132,5.542,5.0261,3.949,46.938,30.773,24.175,20.689,1.4682,1.4606,1.9944,1.5776,1.7127,0.043571,1.2358,1.1643,0.027151,0.062084,33.09,33.09,33.09,0.62289,14.061
103.01,103.01,99.882,99.882,104.87,104.87,98,88.4,101.01,101.01,97.694,97.694,159,117.83,117.83,105.54,183.41,183.41,152.2,152.2,7.3103,4.6718,3.4006,3.1208,14.769,10.252,9.1583,5.7946,19.548,17.593,15.825,14.133,42.671,33.602,25.751,3.1893,40.621,37.154,18.288,14.526,1.4142,1.8856,1.5635,1.6533,1.9889,0.030413,1.3484,1.3054,0.02384,0.085301,32.45,32.45,32.45,0.61074,13.608
149.22,149.22,108.95,108.95,103.3,103.3,60.954,60.954,117.61,117.61,89,74.137,107,107,91.944,91.944,128.3,128.3,103.77,103.77,8.1301,5.3382,3.837,3.1951,43.876,15.967,5.8051,5.7769,12.069,8.4407,8.1184,8.0643,83.12,39.38,36.005,7.0235,23.01,20.47,13.072,12.265,1.9322,1.66,1.5492,1.5916,1.8915,0.027561,1.111,1.6853,0.01935,0.070345,37.325,37.325,37.325,0.64476,10.08
101.57,101.57,93.39,93.39,118.94,118.94,114.81,114.81,106.13,106.13,96.458,96.458,115.15,115.15,87.578,87.578,160.91,160.91,133.55,133.55,17.782,15.016,9.681,9.3541,26.188,16.522,13.596,9.4854,18.989,12.251,11.567,10.405,33.751,26.252,25.955,22.425,18.424,13.737,12.96,10.087,2.2852,1.3904,1.8915,1.5635,1.7448,0.040982,1.0215,2.078,0.018774,0.096868,34.727,34.727,34.727,0.66225,9.0826
129.99,129.99,126.01,126.01,84.019,84.019,68.319,68.319,96.464,96.464,92.197,92.197,113.36,113.36,112,103.87,217,217,184.24,184.24,7.5896,3.9926,3.4944,1.8949,24.543,21.931,11.704,11.272,34.112,12.739,4.6713,2.4866,54.267,31.231,19.46,15.173,27.731,23.957,23.052,16.332,2.1239,1.66,1.6931,1.291,1.6997,0.039581,1.2052,1.8166,0.021438,0.062196,42.615,42.615,42.615,0.67253,10.39
157,146.08,146.08,142.32,79,57.736,57.736,52.92,63,60.546,60.546,55.637,96,67.088,67.088,52.087,173,147.35,147.35,144.98,5.5283,4.5141,3.0699,2.5941,5.7536,5.4449,1.7951,1.6846,10.855,7.1295,5.8159,3.4333,40.453,22.767,21.413,9.7726,30.642,18.755,16.339,14.428,2.1499,1.7701,1.7192,1.4757,1.7512,0.022232,1.1512,1.8614,0.020305,0.051561,40.555,40.555,40.555,0.70409,10.288
120.59,120.59,105.64,105.64,93.344,93.344,80.866,80.866,67.926,67.926,62.055,62.055,101.93,101.93,87.997,87.997,151.21,151.21,129.02,129.02,25.525,6.0657,4.1511,2.3961,23.898,18.316,17.964,14.682,22.056,19.156,16.63,10.09,67.008,23.352,20.876,20.219,27.432,21.098,17.473,16.581,1.8257,1.5202,1.9032,1.7192,1.7062,0.032561,1.2136,1.7006,0.024455,0.084419,27.122,27.122,27.122,0.66713,13.053
133.28,133.28,117.59,117.59,84.544,84.544,80.937,80.937,73.098,73.098,70.637,70.637,142.85,142.85,139,130.47,118.97,118.97,112.72,112.72,25.411,19.079,17.346,15.916,19.631,8.7725,7.076,5.0928,45.84,19.956,13.31,8.1219,21.759,11.596,10.651,9.1235,28.818,23.615,15.353,15.028,1.9149,1.6465,1.6997,1.3663,2.0331,0.4613,1.3718,1.6781,0.13953,0.48193,45.043,45.043,45.043,0.66357,10.179
128.9,128.9,105.75,105.75,70.994,70.994,63.928,63.928,108.17,108.17,58.397,58.397,87.277,87.277,85.966,85.966,145.12,145.12,131.24,131.24,16.613,9.9049,9.7431,9.1922,18.472,15.602,12.378,9.6131,25.315,17.058,7.9091,6.3083,16.192,16.149,12.638,9.1748,31.677,30.599,28.713,20.884,1.6733,1.5706,1.7701,1.2824,1.6865,0.048451,1.1446,1.5099,0.033168,0.053715,44.242,44.242,44.242,0.72534,13.867
95.896,95.896,88.744,88.744,63.433,63.433,60,50.225,66,64.019,64.019,61.167,60.715,60.715,52.293,52.293,103.69,103.69,100.42,100.42,9.9668,6.9171,4.9854,4.3595,14.181,7.5772,6.1208,4.9955,26.373,15.853,11.572,8.2448,16.145,12.504,9.2897,6.1936,27.335,21.829,20.843,16.811,1.453,1.6865,1.6465,1.7062,1.8619,0.044559,1.1985,1.1794,0.033264,0.091609,47.585,47.585,47.585,0.80651,10.95
84.609,84.609,70.219,70.219,115.76,115.76,115.17,115.17,99.242,99.242,74.421,74.421,120.32,120.32,112.2,112.2,135.95,135.95,117.61,117.61,12.372,9.1548,4.6513,0.76404,19.534,19.106,18.706,10.541,10.931,7.6051,4.6118,4.4518,11.609,10.344,10.132,7.2066,25.453,23.177,21.052,14.049,2.3617,1.7321,1.8738,1.9032,1.7575,0.036099,1.2843,2.1422,0.029071,0.047619,39.992,39.992,39.992,0.70414,12.252
198.01,198.01,131.13,131.13,49.672,49.672,48.7,48.7,85.301,85.301,70.366,70.366,92.336,92.336,76.113,76.113,148.61,148.61,133.29,133.29,15.622,3.8524,2.7808,2.613,42.121,17.989,9.4189,6.4462,26.102,21.045,20.943,15.628,29.905,5.3618,5.2323,3.2567,25.786,25.314,24.334,16.945,2.1292,1.5846,1.9206,1.8439,1.8439,0.059098,1.1643,1.8085,0.030551,0.090014,29.848,29.848,29.848,0.68048,13.134
124.22,124.22,119.26,119.26,103.05,103.05,102,102,86,81.526,81.526,72.31,117.83,117.83,115.83,115.83,148.5,148.5,115.39,115.39,29.2,9.4732,5.0303,3.6318,40.807,33.92,8.8558,8.5114,20.723,12.413,10.823,9.9313,67.271,10.952,4.416,2.4857,27.864,26.003,23.28,13.307,1.5055,1.6055,1.542,1.8619,1.8738,0.048861,1.1273,1.342,0.024398,0.084505,45.835,45.835,45.835,0.71383,11.778
167,166.14,166.14,121.72,78.088,78.088,77.247,77.247,112.64,112.64,66.445,66.445,81.295,81.295,79.882,79.882,197.38,197.38,176.62,176.62,25.416,12.496,8.8074,5.8611,21.565,17.115,4.0479,2.4454,37.131,32.097,23.02,16.86,28.979,27.617,15.733,14.347,29.835,26.634,18.037,13.348,1.3984,1.6931,1.3333,1.7256,1.8619,0.041432,1.2721,1.1599,0.023741,0.082105,45.675,45.675,45.675,0.73536,13.131
136,96.105,96.105,89.312,63,49.946,49.946,47.679,58.133,58.133,42,39.703,101,68.285,68.285,50.293,160,132.2,132.2,111.38,3.6592,2.3938,1.6163,1.208,22.266,15.273,13.458,7.3716,7.3527,6.1893,5.3403,5.0738,37.086,30.77,22.857,10.123,31.145,19.884,16.133,12.642,1.8974,1.4453,1.6262,1.6262,1.4757,0.033218,1.1525,1.5219,0.021109,0.082733,38.588,38.588,38.588,0.6849,11.974
130.03,130.03,106.96,106.96,48.962,48.962,47.149,47.149,60.374,60.374,59.05,59.05,66.763,66.763,62.562,62.562,142.85,142.85,127.48,127.48,12.372,7.6846,6.2785,3.759,15.403,7.9756,6.063,5.2071,14.84,8.9187,7.9698,7.9177,20.782,14.344,12.535,9.9666,24.043,23.423,22.611,13.746,1.7062,1.5776,1.5706,1.7575,1.4832,0.037427,1.1755,1.4589,0.017093,0.087607,39.682,39.682,39.682,0.72526,11.204
92.924,92.924,89.916,89.916,73.874,73.874,56.758,56.758,57.99,57.99,37.7,37.7,104.36,104.36,83.711,83.711,125.78,125.78,117.21,117.21,10.207,9.6152,1.8716,0.98395,13.705,13.591,10.226,5.5945,18.112,10.402,5.8477,2.2375,57.792,42.885,41.977,11.629,31.339,21.568,18.497,14.087,2.1187,1.8257,1.6193,1.4757,1.6125,0.038962,1.351,1.8768,0.025306,0.064042,44.962,44.962,44.962,0.73426,12.497
97.132,97.132,96.344,96.344,55.295,55.295,47,46.928,65,45.175,45.175,44.783,88.959,88.959,82.464,82.464,149.69,149.69,130.39,130.39,13.861,11.619,5.6257,4.6367,8.6439,6.9327,6.1545,5.7333,10.418,9.8542,7.7726,3.0344,11.191,5.2617,5.0441,5.0021,43.873,27.67,16.168,14.642,1.9149,1.633,1.4142,1.7192,1.6865,0.040687,1.1669,1.5269,0.02378,0.078541,40.954,40.954,40.954,0.73069,15.336
312,285.98,285.98,284.14,470.87,470.87,368.69,368.69,253.16,253.16,198.32,198.32,489.89,489.89,423,423,139.27,139.27,132.54,132.54,132.21,75.421,70.082,25.027,89.156,22.786,13.793,11.376,108.9,75.261,47.448,30.539,80.115,65.246,31.968,28.209,73.714,28.695,17.877,11.647,13.074,4.1042,5.0442,7.4431,2.3758,0.12027,4.0079,13.221,0.090011,0.34218,35.243,35.243,35.243,0.6618,19.664
248.22,248.22,241.91,241.91,371.6,371.6,369.62,369.62,138.41,138.41,123.91,123.91,673.16,673.16,543.53,543.53,128.38,128.38,123.54,123.54,82.268,58.448,26.014,8.9727,50.497,16.291,9.5,8.7272,38.649,34.186,24.266,19.963,154.71,38.849,32.734,30.274,56.258,35.778,26.075,12.123,6.4722,2.1239,3.0551,3.1937,1.9149,0.013555,1.9805,6.4923,0.025392,0.080646,31.855,31.855,31.855,0.72568,20.837
300.91,300.91,270.34,270.34,335.24,335.24,280.6,280.6,135.38,135.38,132.39,132.39,652.56,652.56,590.89,590.89,263.37,263.37,214.43,214.43,113.6,88.572,66.238,59.4,26.002,23.546,23.252,12.845,47.442,40.049,29.098,26.931,52.011,41.658,34.098,33.366,64.283,34.022,26.384,15.928,3.33,2.556,2.4404,3.0768,1.8012,0.02218,2.2823,3.3507,0.024146,0.094287,47.05,47.05,47.05,0.75652,20.759
321.79,321.79,281.14,281.14,491.12,491.12,389.75,389.75,199.96,199.96,191.43,191.43,725.64,725.64,661.86,661.86,190,188.88,188.88,161.5,98.47,85.151,67.159,65.548,112.96,37.127,21.78,13.67,46.768,43.031,42.407,39.157,73.961,63.649,53.332,36.912,77.984,42.037,19.938,10.946,3.3133,2.9851,2.8519,3.6727,1.7575,0.015221,2.9573,3.2911,0.040896,0.078732,92.767,92.767,92.767,0.83335,21.434
525.82,525.82,483.46,483.46,508.15,508.15,429.6,429.6,166.16,166.16,162,160.74,731.75,731.75,634.3,634.3,252.32,252.32,222.71,222.71,75.364,62.399,60.646,43.812,65.256,37.869,28.237,20.761,42.997,39.919,39.27,31.326,87.175,40.541,39.534,30.454,71.974,48.117,20.061,18.05,4.0716,3.3099,2.6667,3.3066,1.5776,0.01666,3.3436,3.9971,0.034613,0.05352,43.396,43.396,43.396,0.77835,22.482
277.94,277.94,226.22,226.22,239.71,239.71,236.22,236.22,170,165.8,165.8,128.14,727.87,727.87,616.04,616.04,202.15,202.15,167.63,167.63,90.775,62.903,42.329,39.858,34.732,22.272,20.344,13.921,84.843,44.571,22.463,13.674,44.19,40.62,28.242,24.869,68.164,20.909,20.171,15.25,5.7019,2.0166,2.3711,3.2728,1.5492,0.020311,1.6868,5.6322,0.018982,0.049993,37.059,37.059,37.059,0.70688,16.015
248.21,248.21,245,245,313.1,313.1,269.9,269.9,171.22,171.22,132.55,132.55,567.58,567.58,526.11,526.11,93.687,93.687,90.777,90.777,55.034,41.358,39.773,39.04,45.485,17.107,16.834,12.593,38.065,35.662,31.59,27.479,55.82,38.918,29.588,29.001,54.947,22.483,21.982,17.984,5.2936,2.7528,2.2706,3.8672,1.7512,0.016598,2.423,5.3239,0.024834,0.042243,26.14,26.14,26.14,0.75175,15.376
250.87,250.87,248.65,248.65,436,319.82,319.82,290.66,246.98,246.98,246.2,246.2,687.34,687.34,664.82,664.82,152.57,152.57,129.44,129.44,115.66,100.43,98.09,51.364,85.553,49.039,18.44,17.572,29.343,28.201,25.99,19.379,90.554,41.39,33.75,29.092,71.078,52.01,24.107,9.3683,6.8166,5.0816,4.7093,3.0551,1.1832,0.017511,5.0597,6.8487,0.031293,0.0654,55.954,55.954,55.954,0.69416,20.039
193.01,193.01,175.68,175.68,372.42,372.42,302.58,302.58,247.61,247.61,219.6,219.6,983,702.56,702.56,551.38,239.81,239.81,238.38,238.38,60.823,56.33,34.224,15.196,94.762,18.68,18.244,14.184,28.524,18.124,15.271,4.1088,58.197,55.445,52.656,36.924,27.678,17.261,16.756,15.375,5.3166,4.5558,4.1846,2.8906,1.6733,0.012337,4.5994,5.2049,0.029064,0.051576,46.241,46.241,46.241,0.69376,13.984
295.65,295.65,247.8,247.8,302.4,302.4,263.44,263.44,165.5,165.5,158.88,158.88,675.03,675.03,627.66,627.66,178,158.42,158.42,154.51,101.61,77.971,69.006,57.001,57.817,37.916,35.202,29.873,34.289,26.308,21.955,16.525,62.052,46.491,43.65,28.901,27.222,17.806,14.246,11.69,3.7029,3.8064,2.8636,4.7749,1.7062,0.010052,3.6952,3.7441,0.033447,0.058352,57.206,57.206,57.206,0.66346,13.534
232.62,232.62,189.21,189.21,465.2,465.2,394.3,394.3,175,175,150.16,150.16,722.9,722.9,497.23,497.23,131.12,131.12,109.36,109.36,94.736,59.059,50.525,29.961,42.385,34.252,19.823,11.928,68.479,33.917,23.362,18.886,73.713,69.653,68.766,42.59,45.094,21.49,16.263,15.019,9.4657,3.283,3.266,3.32,2.2901,0.037834,3.1763,9.5727,0.041854,0.081864,41.56,41.56,41.56,0.70456,22.045
165.16,165.16,163.78,163.78,383,257.61,257.61,255.08,247.43,247.43,226.14,226.14,658.6,658.6,642.46,642.46,144.18,144.18,117.54,117.54,96.155,67.656,48.218,36.9,41.57,27.607,25.918,23.571,41.344,18.063,5.3219,5.2609,75.774,48.95,39.438,33.187,43.367,18.655,11.618,11.194,13.178,4,3.6636,3.6818,1.5706,0.01642,3.8445,13.323,0.030383,0.052368,35.706,35.706,35.706,0.60939,15.644
214.65,214.65,210,194.76,491.84,491.84,383.39,383.39,260.85,260.85,214.96,214.96,760.75,760.75,693,671.41,162.4,162.4,131.4,131.4,124,110.85,36.441,34.735,86.471,54.005,44.257,23.468,24.202,18.461,17.719,16.588,71.417,52.142,48.968,40.308,46.627,43.076,13.336,12.246,8.6436,4.5777,3.1198,5.2281,2.2755,0.028758,4.217,8.2851,0.027376,0.086751,52.213,52.213,52.213,0.63946,18.318
246.41,246.41,241.88,241.88,418.84,418.84,351.79,351.79,233.69,233.69,187.23,187.23,1014.5,1014.5,815.64,815.64,215,147.13,147.13,144.59,143.82,76.063,57.344,39.576,50.38,48.241,47.998,39.681,47.931,42.728,39.919,15.347,53.37,38.331,37.523,20.059,40.632,13.758,10.539,10.008,3.9441,5.5096,2.6833,3.2965,1.8797,0.013995,5.5252,3.9823,0.02413,0.035583,54.008,54.008,54.008,0.71383,11.87
173.56,173.56,160.48,160.48,383.35,383.35,291.22,291.22,279.55,279.55,243.51,243.51,584.14,584.14,500.76,500.76,136.97,136.97,97.225,97.225,127.8,113,52.441,48.373,69.516,52.222,46.775,24.268,37.56,27.492,20.156,14.318,93.182,72.455,47.657,47.371,42.179,35.026,12.507,9.1196,13.22,11.581,8.1035,5.1983,2.4766,0.022562,11.655,13.369,0.030225,0.072562,42.297,42.297,42.297,0.67351,13.783
195.8,195.8,189.5,189.5,437.51,437.51,371.38,371.38,180.28,180.28,152.48,152.48,996.47,996.47,636.36,636.36,227.48,227.48,145.92,145.92,127.99,50.362,29.444,21.734,56.931,36.294,26.753,26.16,37.216,31.474,24.45,8.6082,51.988,51.528,49.175,33.512,77.155,24.042,14.454,12.232,10.54,3.266,7.9917,6.9346,2.2559,0.014778,3.1059,10.352,0.035027,0.044399,39.875,39.875,39.875,0.72071,20.016
196.81,196.81,171,151.53,424.5,424.5,414.98,414.98,151.1,151.1,138.39,138.39,755.38,755.38,720,526.7,209.79,209.79,207.72,207.72,57.649,44.117,33.336,25.529,72.353,55.942,44.682,37.2,24.468,16.599,7.5696,7.4768,78.459,60.045,51.617,34.978,47.726,29.286,17.769,12.281,8.2246,5.5136,3.4641,4.6857,1.8439,0.02409,5.3079,8.2413,0.034243,0.072932,50.427,50.427,50.427,0.73729,14.606
193.95,193.95,152.57,152.57,450.21,450.21,428.85,428.85,292.77,292.77,239.47,239.47,597.49,597.49,557.2,557.2,202.12,202.12,160.91,160.91,105.39,67.011,58.11,46.958,68.6,54.979,53.245,37.073,22.162,12.583,12.213,12,51.581,46.115,25.328,13.064,46.278,37.812,17.362,14.179,5.3437,5.4467,4.4746,5.1121,2.1239,0.016098,5.5082,5.3936,0.02595,0.058623,35.029,35.029,35.029,0.67015,15.334
198.38,198.38,192.17,192.17,314.28,314.28,299.35,299.35,209.71,209.71,196.95,196.95,421.03,421.03,395.8,395.8,233.1,233.1,194.35,194.35,51.027,42.627,29.637,25.617,45.754,31.25,25.537,20.058,32.419,20.091,10.061,9.1005,55.548,47.918,21.603,20.119,50.269,40.61,20.299,20.083,16.935,4.7352,5.4691,6,2.1292,0.042967,4.7735,16.456,0.048777,0.093362,39.104,39.104,39.104,0.76784,15.648
56.69,56.69,41.758,41.758,39.674,39.674,34.164,34.164,33.656,33.656,28.798,28.798,61.07,61.07,49.245,49.245,39.365,39.365,38.416,38.416,9.6601,7.3196,6.2136,5.0087,8.7039,5.6995,3.9254,3.185,9.1252,4.1092,3.7227,1.8078,39.903,16.789,7.532,5.7184,23.275,16.194,13.644,9.5637,1.5129,1.5275,1.8135,1.7764,1.2111,0.019771,0.8634,1.5099,0.011744,0.032394,21.746,21.746,21.746,0.58493,7.1138
73.849,73.849,54.156,54.156,82.118,82.118,54.496,54.496,58.74,58.74,56.106,56.106,66.818,66.818,64.651,64.651,47.304,47.304,47.099,47.099,10.603,6.9592,6.5715,4.653,6.5469,6.5105,4.827,4.3168,10.703,9.0413,6.4411,5.4651,12.498,12.012,8.2245,5.2714,17.391,16.14,14.079,12.702,1.5275,1.4063,1.6125,1.325,1.1255,0.017927,1.0435,1.4006,0.017987,0.04426,26.802,26.802,26.802,0.58615,8.0417
58.509,58.509,53.439,53.439,43,28.854,28.854,26.372,38.327,38.327,34,24.967,66,62.845,62.845,61.17,50.163,50.163,46.357,46.357,9.3135,4.4113,2.9309,2.8221,9.6779,5.4511,2.184,1.5425,11.674,11.261,7.9004,3.053,13.801,2.2718,1.2502,0.78155,-4.2426,-4.2426,-4.2426,-4.2426,2,0,1,2,0,1.7964e-15,0,0,3.3683e-16,3.5929e-15,21.19,21.19,21.19,0.58803,0
68.555,68.555,58.953,58.953,44,34.582,34.582,33.942,58.147,58.147,58,52.273,66.182,66.182,62.737,62.737,54,48.004,48.004,43.434,24.252,4.5546,1.7782,1.3357,12.291,8.3589,7.9862,1.3695,20.466,8.4896,5.9825,2.3544,44.141,9.4718,4.0973,3.3335,-4.2426,-4.2426,-4.2426,-4.2426,2,0,1,2,0,1.7964e-15,0,0,3.3683e-16,3.5929e-15,23.498,23.498,23.498,0.61041,0
67,67,66.023,66.023,55.659,55.659,44.01,44.01,48.52,48.52,44.127,44.127,59.111,59.111,55,52.992,77.649,77.649,66.537,66.537,8.8831,7.8763,7.7395,5.1421,18.516,10.3,7.2341,6.8199,14.322,11.723,6.5339,4.4598,35.845,19.57,8.5897,6.2888,-4.2426,-4.2426,-4.2426,-4.2426,2,0,1,2,0,1.7964e-15,0,0,3.3683e-16,3.5929e-15,26.675,26.675,26.675,0.64006,0
68,57.426,57.426,51.126,38,33.296,33.296,33.1,55,34.784,34.784,33.647,62,51.925,51.925,45.245,36.768,36.768,35.689,35.689,4.1361,4.0323,2.4158,1.244,6.6306,6.2263,3.003,2.4698,13.236,7.0477,1.2928,-0.37018,11.847,10.057,7.1309,5.1437,-4.2426,-4.2426,-4.2426,-4.2426,2,0,1,2,0,1.7964e-15,0,0,3.3683e-16,3.5929e-15,21.343,21.343,21.343,0.54476,0
57.035,57.035,54.219,54.219,45.243,45.243,40.721,40.721,42,36.131,36.131,33.939,94.015,94.015,80.082,80.082,62.929,62.929,39.118,39.118,27.611,9.0872,7.1907,5.6139,4.6998,3.0605,3.0562,1.8523,14.842,5.1412,3.3374,1.8437,11.164,10.179,7.4383,4.271,-4.2426,-4.2426,-4.2426,-4.2426,2,0,1,2,0,1.7964e-15,0,0,3.3683e-16,3.5929e-15,21.426,21.426,21.426,0.59925,0
88,54.526,54.526,52.471,65,28.599,28.599,25.016,35,26.321,26.321,19.508,69,66.958,66.958,48.937,73,40.575,40.575,35.252,1.9919,1.7685,1.6985,1.6293,5.3414,3.6575,3.3335,3.1831,3.6184,3.4599,0.65979,0.6524,37.143,7.5673,2.8707,1.6593,-4.2426,-4.2426,-4.2426,-4.2426,2,0,1,2,0,1.7964e-15,0,0,3.3683e-16,3.5929e-15,28.111,28.111,28.111,0.59974,0
43.539,43.539,40.528,40.528,56,34.775,34.775,33.798,56,45.295,45.295,42.016,57.781,57.781,51.814,51.814,44.147,44.147,43.817,43.817,5.3506,4.8342,3.9571,3.6668,14.781,12.093,4.1201,3.3256,11.187,7.2389,3.3614,3.2166,24.361,21.902,11.203,6.1516,-4.2426,-4.2426,-4.2426,-4.2426,2,0,1,2,0,1.7964e-15,0,0,3.3683e-16,3.5929e-15,25.513,25.513,25.513,0.58033,0
49.098,49.098,49.088,49.088,38.581,38.581,38.547,38.547,60,45.18,45.18,43.501,72.052,72.052,62.149,62.149,86,76.177,76.177,59.873,7.3231,6.6917,3.9153,2.2895,10.15,9.1027,8.5891,5.0127,10.903,4.8038,4.5522,2.687,14.557,13.46,12.168,11.048,-4.2426,-4.2426,-4.2426,-4.2426,2,0,1,2,0,1.7964e-15,0,0,3.3683e-16,3.5929e-15,29.686,29.686,29.686,0.59216,0
51.753,51.753,38.467,38.467,41.667,41.667,26,25.158,51.672,51.672,44.421,44.421,46.902,46.902,43.164,43.164,59,56.546,56.546,51.143,8.9847,7.8364,1.9965,1.982,10.165,7.5626,3.7449,2.9111,9.1908,6.0444,3.3483,2.8904,14.474,6.2996,3.8052,3.297,-4.2426,-4.2426,-4.2426,-4.2426,2,0,1,2,0,1.7964e-15,0,0,3.3683e-16,3.5929e-15,24.523,24.523,24.523,0.56706,0
47,39.098,39.098,37.327,65,42.127,42.127,32.865,55,32.948,32.948,30.11,62,32.836,32.836,26.265,66,43.257,43.257,42.804,1.8641,1.646,1.4722,-0.0058468,8.7314,3.1693,2.6522,2.5141,3.5637,2.79,2.3049,2.2241,33.223,7.0522,4.7535,4.0811,-4.2426,-4.2426,-4.2426,-4.2426,2,0,1,2,0,1.7964e-15,0,0,3.3683e-16,3.5929e-15,21.431,21.431,21.431,0.57185,0
83.06,83.06,70.85,70.85,35,31.879,31.879,30.863,54,35.49,35.49,22.913,43.639,43.639,42,38.435,66.318,66.318,61,55.577,3.6012,3.3506,2.8994,1.8453,3.6558,3.4034,3.0732,1.6036,23.24,8.8886,3.1071,2.8714,17.613,6.9005,6.6202,5.252,-4.2426,-4.2426,-4.2426,-4.2426,2,0,1,2,0,1.7964e-15,0,0,3.3683e-16,3.5929e-15,26.526,26.526,26.526,0.56771,0
41.61,41.61,37.789,37.789,43,41.244,41.244,34.313,42.499,42.499,39,33.028,53,39.84,39.84,29.041,64,27.932,27.932,27.15,7.3917,5.4869,3.2193,2.0544,5.021,4.2995,3.9027,1.3642,12.812,4.9317,3.7404,1.4582,10.453,6.2501,3.6609,3.4451,-4.2426,-4.2426,-4.2426,-4.2426,2,0,1,2,0,1.7964e-15,0,0,3.3683e-16,3.5929e-15,29.031,29.031,29.031,0.63601,0
53,37.184,37.184,35.243,55.245,55.245,48.916,48.916,59.123,59.123,42.414,42.414,66.696,66.696,53.424,53.424,72.723,72.723,62.746,62.746,9.7556,9.4601,3.5071,2.0546,12.826,12.094,6.5137,6.0929,5.0384,2.833,2.8047,0.092741,10.792,8.6221,6.5797,5.0371,-4.2426,-4.2426,-4.2426,-4.2426,2,0,1,2,0,1.7964e-15,0,0,3.3683e-16,3.5929e-15,35.569,35.569,35.569,0.68526,0
52,48.871,48.871,37.3,50.441,50.441,45.674,45.674,60,38.169,38.169,34.679,84.636,84.636,77.773,77.773,50.474,50.474,47.823,47.823,20.823,8.7899,6.8893,4.2394,4.4965,4.4588,2.6327,1.6659,6.1648,5.9952,-0.25562,-0.35486,39.366,13.062,9.0671,7.1424,-4.2426,-4.2426,-4.2426,-4.2426,2,0,1,2,0,1.7964e-15,0,0,3.3683e-16,3.5929e-15,21.808,21.808,21.808,0.65203,0
61.382,61.382,39.244,39.244,73,44.754,44.754,32.187,50.589,50.589,45.472,45.472,48.975,48.975,36.345,36.345,52.163,52.163,52.152,52.152,4.5681,3.5456,1.7641,0.70918,8.155,6.744,5.6475,4.3708,7.1219,6.0187,3.7165,2.586,13.923,13.135,3.8949,2.2732,-4.2426,-4.2426,-4.2426,-4.2426,2,0,1,2,0,1.7964e-15,0,0,3.3683e-16,3.5929e-15,30.926,30.926,30.926,0.64355,0
35.985,35.985,35.341,35.341,32.642,32.642,32,29.137,49.87,49.87,40.151,40.151,34.261,34.261,33.55,33.55,39.078,39.078,36.708,36.708,5.9419,5.7843,3.3916,1.7891,4.0588,3.7659,3.4959,1.4955,4.3626,2.9901,2.9571,2.1088,16.768,12.324,8.1329,3.316,-4.2426,-4.2426,-4.2426,-4.2426,2,0,1,2,0,1.7964e-15,0,0,3.3683e-16,3.5929e-15,29.216,29.216,29.216,0.6434,0
63,55.691,55.691,42.88,69.89,69.89,62.464,62.464,48.756,48.756,43.024,43.024,44.581,44.581,41.878,41.878,66,47.843,47.843,39.059,9.9572,8.7295,5.9888,5.2128,8.8344,6.3042,5.8129,1.6637,6.8356,4.8591,1.5241,0.90263,67.462,25,16.008,12.696,-4.2426,-4.2426,-4.2426,-4.2426,2,0,1,2,0,1.7964e-15,0,0,3.3683e-16,3.5929e-15,25.578,25.578,25.578,0.61508,0
400.15,400.15,355.81,355.81,354.51,354.51,319.75,319.75,110.35,110.35,86.838,86.838,157.61,157.61,110.5,110.5,130.86,130.86,117.74,117.74,24.6,12.829,11.875,7.775,22.781,21.677,16.952,15.503,98.866,44.718,40.652,28.462,25.123,18.66,16.65,15.764,13.995,8.9834,7.8088,7.093,4.0166,1.5846,1.8856,1.8974,1.7127,0.0086137,1.1643,4.0531,0.0089001,0.053274,54.755,54.755,54.755,0.58738,5.5143
325.93,325.93,277.2,277.2,355.71,355.71,300.52,300.52,178.64,178.64,167.32,167.32,160.4,160.4,105.85,105.85,201.85,201.85,196.16,196.16,20.282,14.285,11.826,10.129,53.684,53.427,45.355,36.171,65.465,51.895,18.274,7.7547,91.004,79.389,54.464,50.214,35.596,26.592,12.604,8.2622,4.4522,1.8318,2.1344,2.1858,1.7321,0.013074,1.4897,4.5005,0.01298,0.16179,36.18,36.18,36.18,0.55729,9.3018
458.41,458.41,347.84,347.84,300.08,300.08,282.66,282.66,149.28,149.28,140.4,140.4,214.96,214.96,186.73,186.73,236.62,236.62,207,207,32.84,23.246,23.206,16.417,22.123,21.738,19.764,13.341,61.258,38.37,37.078,36.04,44.963,31.529,21.377,21.066,23.476,12.417,12.048,11.565,6.8783,1.4063,2.1187,2.0548,1.7764,0.014395,1,6.9557,0.0098762,0.11268,47.819,47.819,47.819,0.55894,6.5668
298.4,298.4,282.15,282.15,195.21,195.21,189.83,189.83,132.64,132.64,117.09,117.09,164.88,164.88,136.43,136.43,228.47,228.47,155.67,155.67,24.998,23.952,18.638,14.842,81.701,65.044,52.981,13.854,65.352,58.995,28.143,17.617,63.442,59.324,36.712,34.133,26.846,14.717,6.9325,5.7589,5.1919,1.7127,2.2261,2.1448,1.7889,0.0076348,1.19,5.2447,0.0060237,0.057033,36.374,36.374,36.374,0.62922,6.0193
373.52,373.52,356.34,356.34,304.18,304.18,280.14,280.14,103.82,103.82,92.09,92.09,168.03,168.03,143.23,143.23,250,250,227.22,227.22,27.406,27.034,23.336,12.522,46.257,36.482,27.222,22.698,59.257,58.205,54.094,50.41,91.646,67.189,47.289,18.939,42.92,31.083,10.517,8.7401,4.4272,1.4376,2.5473,2.3851,1.7512,0.011747,1.0445,4.4628,0.013083,0.11445,45.286,45.286,45.286,0.66201,9.3831
382.96,382.96,374.63,374.63,199.58,199.58,160.55,160.55,80.89,80.89,80.823,80.823,169.37,169.37,150.92,150.92,236.59,236.59,231.14,231.14,32.85,28.094,24.091,9.8221,56.082,27.26,9.1782,5.8021,63.261,54.803,44.497,40.919,127.57,38.927,38.251,30.526,38.407,25.079,16.775,9.0526,1.9777,2.708,2.6499,12.517,1.9437,0.013377,1.7428,1.9127,0.010844,0.073829,42.732,42.732,42.732,0.62338,10.1
302.46,302.46,288.93,288.93,259.09,259.09,243.52,243.52,120.41,120.41,92.508,92.508,158.18,158.18,133.67,133.67,152.66,152.66,151.93,151.93,31.143,11.044,9.1024,8.6867,25.391,20.549,19.729,13.637,55.518,40.726,26.199,22.504,42.449,15.028,8.6145,8.1767,21.714,15.808,14.327,10.795,2.0385,2.4358,2.1705,5.8954,1.7951,0.018712,2.2846,1.866,0.0098597,0.089241,35.261,35.261,35.261,0.59327,7.6402
466.34,466.34,328.73,328.73,335.1,335.1,329.48,329.48,149.33,149.33,124.22,124.22,165.58,165.58,139.9,139.9,162.91,162.91,137.92,137.92,28.943,9.9828,6.4587,4.9612,41.195,21.277,19.399,16.398,33.769,27.188,17.772,16.316,47.348,46.556,37.358,28.452,23.037,22.793,12.869,6.2174,2.3944,2.6708,3.1376,8.7331,2.4175,0.015114,2.3273,2.1208,0.011247,0.056479,45.704,45.704,45.704,0.60203,7.4078
251.28,251.28,212.38,212.38,134.34,134.34,128.35,128.35,99.578,99.578,85.35,85.35,120.07,120.07,98.504,98.504,146,105.58,105.58,97.068,38.102,12.209,9.0066,5.0521,24.937,19.116,16.334,15.159,34.727,31.646,29.244,26.296,72.145,52.747,42.175,11.038,18.982,13.895,12.006,8.3723,2.1292,2.4855,2.4358,12.502,2.1807,0.013094,2.2485,1.9766,0.0092566,0.052951,43.855,43.855,43.855,0.64514,7.1015
284.4,284.4,263.85,263.85,239.49,239.49,236.91,236.91,124.14,124.14,78.553,78.553,73,69.853,69.853,68.764,186.18,186.18,184,184,8.7679,7.3345,6.2398,4.4426,45.686,13.534,9.5455,7.0256,49.997,37.915,31.209,27.491,22.967,14.424,12.127,10.533,27.831,25.704,23.324,16.598,1.8074,2.4037,2.3991,5.5817,1.7638,0.017436,2.1784,1.6499,0.012737,0.04417,58.249,58.249,58.249,0.66273,7.4026
324.48,324.48,302.72,302.72,200.93,200.93,178.94,178.94,99.383,99.383,86.905,86.905,153,129.11,129.11,96.078,128.13,128.13,119.64,119.64,5.5285,4.9416,3.5441,3.1135,12.66,12.254,11.698,10.417,26.37,23.255,22.754,21.019,54.069,49.605,34.79,28.775,38.707,34.812,8.7652,5.0595,2.0656,3.9805,2.7968,9.3476,2.1602,0.015943,3.8844,1.761,0.011433,0.081614,45.187,45.187,45.187,0.64983,9.7109
213.1,213.1,195.36,195.36,197.53,197.53,192.95,192.95,89.799,89.799,83.077,83.077,75.969,75.969,71.647,71.647,165.5,165.5,162.12,162.12,14.46,6.2986,5.7773,4.289,56.815,51.918,10.869,7.685,45.647,26.381,18.722,17.535,86.853,32.147,22.754,12.91,26.861,24.056,6.9602,5.2947,1.6398,3.3533,2.2657,9.8601,3.9693,0.015837,3.149,1.5049,0.010279,0.079878,39.165,39.165,39.165,0.67115,7.2614
222.41,222.41,216.67,216.67,140,111.68,111.68,109.49,81.867,81.867,71.922,71.922,191,102.19,102.19,98.432,152.55,152.55,149.59,149.59,15.416,12.294,8.5694,3.3986,24.54,19.393,18.886,11.877,51.767,40.182,35.223,31.312,56.468,39.374,35.989,29.078,30.23,12.936,10.336,10.224,1.8257,8.0581,2.087,5.8841,3.4157,0.019818,8.065,1.4985,0.012907,0.085891,51.264,51.264,51.264,0.64644,16.626
318.81,318.81,296.46,296.46,204.2,204.2,189.79,189.79,79.169,79.169,74.595,74.595,122.61,122.61,102.3,102.3,174.6,174.6,161.93,161.93,16.526,12.871,10.625,6.8865,51.027,35.436,22.294,17.339,57.94,56.752,23.914,18.869,54.918,53.96,34.554,33.029,45.634,34.117,16.531,6.6724,1.5055,4.4994,1.4453,5.0662,3.6757,0.017796,3.7136,1.2898,0.01081,0.11178,43.589,43.589,43.589,0.62661,10.337
204.24,204.24,204.01,204.01,203.5,203.5,192.68,192.68,101.24,101.24,92.036,92.036,144.78,144.78,105.21,105.21,195.68,195.68,191.71,191.71,39.783,12.056,7.0093,6.2828,58.09,19.779,13.231,12.738,40.471,35.709,31.457,24.529,72.735,35.012,30.131,25.599,35.996,18.553,10.572,10.148,1.3663,2.8048,1.4832,2.1134,3.2215,0.01905,2.4955,0.91674,0.010325,0.078643,50.381,50.381,50.381,0.59555,8.8487
203.95,203.95,158.07,158.07,179.87,179.87,174.15,174.15,61.894,61.894,52.811,52.811,83.022,83.022,68.219,68.219,211.85,211.85,180.74,180.74,13.275,9.1352,6.3842,5.782,30.115,28.934,25.009,21.414,25.628,18.402,18.286,15.967,47.423,41.117,27.927,13.313,28.203,20.885,19.229,10.324,1.5986,3.2215,1.6667,2.1239,7.4878,0.014991,2.9341,1.2961,0.010942,0.10551,49.953,49.953,49.953,0.64039,8.5795
243.91,243.91,236.74,236.74,238.15,238.15,234.88,234.88,63.951,63.951,45.066,45.066,97,89.017,89.017,85.09,98.448,98.448,96.662,96.662,11.477,8.543,8.5384,7.0526,31.698,23.851,16.886,15.918,20.79,16.637,13.241,7.2381,54.031,39.506,23.408,20.518,38.844,28.715,28.191,12.389,1.4832,3.2796,1.4063,1.9494,5.1034,0.023653,3.1363,1.0651,0.01112,0.093961,55.166,55.166,55.166,0.66658,10.515
130.66,130.66,130,113.45,185.93,185.93,159.36,159.36,81.664,81.664,64.07,64.07,75.973,75.973,71,60.493,114.19,114.19,99.296,99.296,23.668,4.805,3.83,3.3048,37.786,34.938,21.864,14.539,18.291,9.448,8.27,6.5106,69.783,48.05,31.767,28.031,31.887,31.619,23.729,23.002,1.5563,3.0587,1.5776,1.9889,6.0461,0.017392,2.6224,0.97442,0.0085542,0.035864,39.544,39.544,39.544,0.5832,7.2437
184.09,184.09,140.4,140.4,208.83,208.83,189.72,189.72,99.13,99.13,66.654,66.654,91.237,91.237,78.663,78.663,183.84,183.84,169,145.87,25.189,16.214,11.145,8.895,21.52,9.0338,8.643,6.6572,39.663,17.393,14.899,14.449,34.224,32.119,26.432,23.066,47.808,35.257,19.37,18.554,1.6865,3.6818,1.633,1.8974,7.7431,0.013079,3.6018,1.2831,0.008543,0.082958,55.336,55.336,55.336,0.56491,12.502
224,164.27,164.27,108.97,137.9,137.9,120.1,120.1,58.403,58.403,48.454,48.454,53,52.431,52.431,50.79,153,151.02,151.02,124.41,5.6639,4.048,2.9707,2.7648,25.561,22.667,5.6551,5.3195,14.724,7.7385,5.8299,5.4611,51.248,46.975,35.166,13.645,20.471,17.946,11.575,4.8611,1.5055,3.1234,1.8379,1.8439,7.3817,0.014911,2.7519,1.0745,0.0090225,0.038062,51.288,51.288,51.288,0.51258,5.9087
241.8,241.8,212.03,212.03,125.61,125.61,112.76,112.76,63,58.774,58.774,45.837,62.316,62.316,62.2,62.2,206.13,206.13,189.01,189.01,15.425,7.8095,6.37,6.1377,17.027,16.633,14.286,11.842,70.163,48.319,47.551,25.781,51.189,43.607,27.61,23.424,27.856,21.594,13.803,4.4385,1.8499,2.8674,1.8499,2.0923,5.5015,0.012911,2.6917,1.5593,0.0088929,0.055559,60.978,60.978,60.978,0.58537,8.4553
309.79,309.79,302.71,302.71,298.45,298.45,223.74,223.74,57.792,57.792,56.453,56.453,88.337,88.337,71.96,71.96,174.57,174.57,168.16,168.16,10.219,6.023,4.9874,1.6928,27.569,20.527,17.377,17.288,60.56,31.214,17.699,17.142,35.842,23.406,21.439,20.605,38.952,32.914,25.943,10.587,1.6997,3.084,1.6997,1.8135,7.7158,0.012532,3.0121,1.406,0.0084412,0.04866,42.541,42.541,42.541,0.6474,10.431
247.5,247.5,213.69,213.69,230.25,230.25,222,220.84,123.77,123.77,115.08,115.08,107.23,107.23,92.864,92.864,228.42,228.42,157.79,157.79,11.401,10.095,9.0819,7.8891,39.437,31.86,25.723,13.373,58.867,45.815,23.407,22.33,70.044,51.398,26.157,25.842,38.151,24.014,19.271,10.12,1.7512,2.8597,1.6193,2.044,6.7823,0.010173,2.6251,1.5515,0.011511,0.078882,45.047,45.047,45.047,0.58475,8.7934
152.2,152.2,137.74,137.74,216.64,216.64,215.29,215.29,99.153,99.153,86.952,86.952,89.172,89.172,83.803,83.803,179.63,179.63,173.97,173.97,18.38,13.503,12.176,10.037,19.056,16.968,10.861,8.4385,41.106,7.7228,7.2963,6.7557,94.409,42.659,18.589,13.362,36.372,24.024,23.476,6.41,1.9264,3.4897,1.66,2.2755,8.2246,0.011582,3.1127,1.7165,0.010705,0.057387,44.678,44.678,44.678,0.56079,10.249
327.26,327.26,262.67,262.67,89.487,89.487,82.323,82.323,171.01,171.01,160.65,160.65,234.03,234.03,206.14,206.14,150.43,150.43,148.49,148.49,45.494,38.465,21.096,13.972,19.599,14.979,13.015,8.0881,48.39,43.499,38.094,26.308,45.762,13.939,11.092,9.5142,17.574,17.363,17.172,17.112,3.2897,1.4757,1.9833,1.3499,1.3166,0.012561,1.0764,3.2791,0.010602,0.031574,36.557,36.557,36.557,0.55019,8.2798
216.14,216.14,207.4,207.4,100.01,100.01,80.921,80.921,151.86,151.86,119.78,119.78,294.53,294.53,243.6,243.6,200,200,199.11,199.11,82.002,45.883,44.622,38.873,35.546,35.133,34.401,23.351,37.842,36.121,25.352,20.049,49.097,35.753,17.075,15.471,12.768,11.097,5.8788,4.9169,2.6119,1.5706,1.5846,1.4981,1.5563,0.013738,1.1862,2.6067,0.0082022,0.017491,35.138,35.138,35.138,0.53265,6.204
50.227,50.227,45.787,45.787,57,32.86,32.86,30.442,76.445,76.445,59.758,59.758,67,47.915,47.915,37.944,87.799,87.799,76.001,76.001,4.2456,1.8161,1.1322,0.53413,21.085,12.142,11.091,3.9232,13.979,6.4888,4.1075,1.3384,22.656,4.2236,3.3992,0.39708,30.712,28.851,21.909,12.297,2.9814,1.5776,2.0111,1.9437,2.6077,0.05983,0.8528,2.7399,0.019251,0.062771,28.819,28.819,28.819,0.12531,17.497
323.14,323.14,240.22,240.22,72.414,72.414,71.093,71.093,130.47,130.47,115,115,172.9,172.9,154.98,154.98,261.9,261.9,219.07,219.07,36.175,27.295,26.582,9.9089,46.467,31.356,22.986,21.482,66.191,41.435,30,29.532,39.448,31.763,29.625,7.558,20.008,19.84,14.339,13.106,4.4422,1.5986,1.9264,1.9889,1.6865,0.025355,1.1402,4.3921,0.015827,0.066594,42.618,42.618,42.618,0.47846,10.319
271.66,271.66,266.05,266.05,83.121,83.121,55.152,55.152,155.85,155.85,143.32,143.32,215.83,215.83,203.35,203.35,192.56,192.56,192.4,192.4,79.679,14.858,6.2662,2.216,32.545,32.025,28.891,14.989,80.67,39.968,34.637,28.545,54.98,21.579,21.365,18.752,18.013,15.65,14.006,11.276,3.6484,1.4453,1.8915,1.453,1.7062,0.013988,0.98627,3.4072,0.011984,0.034202,44.652,44.652,44.652,0.39099,7.7366
248.71,248.71,183.77,183.77,101.92,101.92,82.004,82.004,172.25,172.25,169.06,169.06,195.86,195.86,166.6,166.6,161.69,161.69,159.45,159.45,56.469,19.101,10.268,2.9405,28.989,21.712,13.392,7.3404,37.597,32.837,23.993,5.934,30.53,19.897,18.378,12.185,33.18,11.426,8.7631,8.7304,2.4083,1.4606,1.5275,1.66,1.6865,0.011742,0.90342,1.9488,0.015763,0.049926,59.946,59.946,59.946,0.4445,9.4741
334.53,334.53,294.55,294.55,98.97,98.97,88.718,88.718,159.95,159.95,147.41,147.41,361.8,361.8,280.85,280.85,243.23,243.23,188.69,188.69,72.724,41.774,34.579,33.981,25.275,20.605,17.979,17.845,107.03,59.616,14.517,9.1746,73.024,29.816,29.697,27.313,17.369,17.251,10.733,7.8151,1.8679,1.3984,1.972,1.4453,1.5492,0.0080774,0.79646,1.5015,0.013693,0.030571,72.505,72.505,72.505,0.39634,9.2139
266.15,266.15,224,201.93,98.346,98.346,97.6,97.6,123.93,123.93,111.8,111.8,376.62,376.62,374.57,374.57,198,189.73,189.73,185.14,92.653,34.839,29.947,29.267,70.644,18.002,16.991,11.586,44.793,37.415,1.2018,0.5094,48.706,24.929,11.852,2.5303,24.241,18.143,12.238,11.139,2.8713,1.5492,1.7256,1.4453,1.453,0.016233,0.86923,2.7683,0.011313,0.065309,66.796,66.796,66.796,0.47578,8.5294
165.62,165.62,155.5,155.5,89.744,89.744,81.052,81.052,121.29,121.29,120.69,120.69,282.04,282.04,256.13,256.13,214.73,214.73,175.33,175.33,72.944,29.694,27.062,14.668,30.675,22.96,20.069,15.136,49.595,37.616,21.707,16.786,56.601,53.27,50.938,27.949,21.331,20.672,19.687,16.176,1.3904,1.4981,1.3663,1.4453,1.5275,0.0074087,0.93636,1.0215,0.014978,0.049926,60.978,60.978,60.978,0.47985,10.952
290.56,290.56,235.9,235.9,94.911,94.911,85.139,85.139,198.15,198.15,155.07,155.07,292.45,292.45,247,221.86,157.5,157.5,153.89,153.89,34.689,15.021,12.491,8.3172,46.276,26.295,23.763,15.483,70.449,43.104,18.673,17.076,45.436,37.071,26.862,13.626,28.9,24.227,18.608,17.339,2.2901,1.4832,2.3617,1.8619,2.4855,0.020188,0.96766,2.0724,0.016578,0.044151,56.044,56.044,56.044,0.47444,10.948
320.73,320.73,281.47,281.47,161.65,161.65,119.79,119.79,142.59,142.59,121.08,121.08,331.2,331.2,312.47,312.47,179,149.91,149.91,122.71,83.125,15.557,10.477,3.1627,41.421,15.196,13.935,7.8144,86.816,9.5651,8.7333,2.6244,27.911,13.872,13.65,12.511,24.11,13.837,11.8,11.683,2.6119,1.6465,1.7321,3.1447,1.6398,0.014618,1.0362,2.4211,0.011614,0.065653,58.787,58.787,58.787,0.45157,7.6502
272.22,272.22,196.94,196.94,85.672,85.672,75,70.164,160.25,160.25,137.42,137.42,384,271.8,271.8,251.89,152.89,152.89,130.9,130.9,24.734,8.0287,7.3442,3.1449,22.023,20.576,17.3,16.134,40.746,17.027,11.995,6.0879,58.76,42.483,41.158,16.54,31.412,19.528,17.371,13.883,2.4766,1.1738,2.8597,1.4757,1.3824,0.015865,0.77525,2.3377,0.015092,0.10005,57.516,57.516,57.516,0.52225,11.532
266.38,266.38,224,186.54,99.306,99.306,84.196,84.196,185.34,185.34,165.88,165.88,351.76,351.76,327.52,327.52,208.06,208.06,190.8,190.8,19.584,10.448,9.1409,2.3903,60.251,15.413,12.955,11.72,49.242,8.586,3.1881,0.95867,38.254,21.992,21.577,16.619,28.418,23.28,19.407,19.263,2.2111,1.5635,2.7487,1.8797,1.6733,0.015198,0.89499,1.6733,0.012935,0.030327,63.118,63.118,63.118,0.50539,10.017
266.78,266.78,230.33,230.33,67.945,67.945,52.005,52.005,127.76,127.76,95.001,95.001,301.84,301.84,272.75,272.75,138.09,138.09,109.63,109.63,47.559,44.651,17.405,8.1565,27.324,17.671,8.6308,7.215,42.427,36.93,15.509,13.41,57.913,30.874,16.104,14.28,36.844,24.143,22.729,10.521,3.1693,1.6055,1.7321,1.2383,1.5916,0.037042,1.1273,3.0488,0.011618,0.10329,59.464,59.464,59.464,0.52274,11.929
286.94,286.94,283.16,283.16,115.22,115.22,101.45,101.45,97.155,97.155,94.529,94.529,374.02,374.02,335.69,335.69,143.13,143.13,135.83,135.83,53.321,36.639,35.073,25.761,37.923,22.092,19.009,10.687,40.776,37.446,24.58,18.535,68.237,16.32,10.835,7.7786,30.564,30.293,26.271,19.788,3.1517,2.0763,1.6667,1.5986,1.5916,0.019372,1.7445,2.9911,0.020214,0.057048,64.522,64.522,64.522,0.53634,14.538
281.21,281.21,272.14,272.14,110.39,110.39,108.88,108.88,184.38,184.38,106.37,106.37,283.31,283.31,256.08,256.08,191.25,191.25,167.16,167.16,23.123,13.148,10.414,8.9597,38.784,16.819,15.893,15.239,17.166,13.3,12.059,10.003,56.681,25.852,15.305,14.904,28.116,17.765,17.309,9.0813,2.4358,1.6398,1.3663,1.4142,1.4453,0.01099,1.2399,2.0761,0.014883,0.029851,66.784,66.784,66.784,0.55671,8.5677
242.32,242.32,191.81,191.81,124.16,124.16,111.37,111.37,187.97,187.97,177.43,177.43,245.28,245.28,245.2,245.2,185.5,185.5,156.68,156.68,47.363,22.996,10.767,10.626,23.783,19.076,12.687,10.637,41.191,24.259,12.271,12.046,63.145,16.946,9.1226,8.9022,24.718,13.957,13.237,11.675,2.5906,1.5055,1.4907,1.3581,1.4453,0.01352,1.1178,2.4439,0.01644,0.073468,61.405,61.405,61.405,0.50247,8.7265
188,188,186.64,186.64,82.572,82.572,81.827,81.827,186.6,186.6,164,160.84,188.8,188.8,170.78,170.78,201.56,201.56,150.04,150.04,48.582,29.794,29.121,9.8954,53.339,21.164,21.142,20.856,22.584,14.637,10.521,9.3201,45.782,38.179,25.961,18.206,40.327,24.886,23.487,23.453,2.6583,1.325,1.66,1.8797,1.5635,0.027278,1.0135,2.18,0.019475,0.16144,59.415,59.415,59.415,0.51567,12.033
280.73,280.73,221.75,221.75,313.44,313.44,275.17,275.17,210,207.46,207.46,180.17,228.79,228.79,204.27,204.27,393.3,393.3,392.66,392.66,29.964,27.874,25.266,20.052,28.591,22.667,19.204,11.097,22.352,15.538,15.079,12.645,41.811,34.949,31.293,17.727,13.624,6.6156,6.0101,1.8643,5.5096,14.01,7.2771,4.4297,2.7769,0.45703,14.141,5.0579,0.14013,1.1063,25.641,25.641,25.641,0.44108,6.158
134.67,134.67,133.56,133.56,367,325.65,325.65,273.13,214.65,214.65,200.47,200.47,206.97,206.97,193.75,193.75,240.75,240.75,225.93,225.93,73.215,14.069,10.59,9.6064,53.861,50.008,39.486,34.928,16.853,13.784,12.973,11.931,48.362,32.846,17.515,13.515,8.1236,5.4495,4.91,2.6726,3.1447,10.265,6.6433,2.9926,2.3476,0.010796,10.268,2.9665,0.012659,0.045871,20.979,20.979,20.979,0.4366,3.8745
140.46,140.46,91.591,91.591,425.14,425.14,304.47,304.47,256.4,256.4,236.91,236.91,166.11,166.11,155.93,155.93,266.95,266.95,227.2,227.2,36.467,15.08,12.864,10.429,62.259,56.253,43.344,32.819,17.577,15.523,11.968,11.117,101.68,64.484,56.602,47.722,10.91,3.9431,2.7695,2.421,2.7928,9.1226,5.5398,4.3538,2.087,0.0086094,9.2158,2.8042,0.0076495,0.047556,26.326,26.326,26.326,0.50851,3.9926
240,205.11,205.11,185.22,353,353,330.66,330.66,222.77,222.77,218.53,218.53,319.96,319.96,293.28,293.28,329.97,329.97,257.29,257.29,24.161,24.01,21.335,21.023,45.975,38.786,22.006,21.843,34.682,15.389,11.865,8.8275,48.628,42.472,25.648,24.27,12.963,12.162,11.157,10.513,4.1366,6.8767,3.8644,3.9944,2.2061,0.0098002,6.7635,4.1286,0.0070895,0.058833,28.157,28.157,28.157,0.4367,6.1819
139.84,139.84,137.2,137.2,484.43,484.43,482.63,482.63,310.11,310.11,271.7,271.7,378.57,378.57,350.28,350.28,323.54,323.54,297.01,297.01,63.083,60.815,59.323,40.858,74.525,63.238,59.83,19.082,25.514,13.667,12.999,7.5619,79.572,49.767,48.178,43.545,17.827,12.627,9.9158,4.5733,4.0743,9.3737,3.5465,2.9702,1.7127,0.011814,9.4795,4.0054,0.0090346,0.07847,23.871,23.871,23.871,0.44788,5.1252
161.07,161.07,153.59,153.59,357,309.13,309.13,301.13,215.14,215.14,193.9,193.9,214.61,214.61,184.11,184.11,206.09,206.09,198.12,198.12,16.49,15.629,15.422,13.085,55.772,44.67,19.33,18.633,26.586,22.508,16.58,11.956,65.378,47.407,36.602,29.721,9.8889,8.2496,6.3765,4.2276,2.4766,12.247,6.6933,2.5734,1.7062,0.45671,12.309,2.3377,0.14001,1.0558,17.502,17.502,17.502,0.43203,3.1841
157.35,157.35,151.94,151.94,356.36,356.36,319.27,319.27,130.96,130.96,113.45,113.45,163.1,163.1,129.88,129.88,186.45,186.45,162.8,162.8,25.861,22.473,13.355,6.2718,31.526,17.114,8.1925,7.023,53.49,13.95,11.874,8.764,47.843,33.424,30.694,24.227,5.3805,4.3905,3.5492,3.3543,3.3133,9.9163,4.6786,2.7889,1.6931,0.01092,10.001,3.2994,0.0085277,0.071489,13.811,13.811,13.811,0.42329,3.5504
224.79,224.79,201.7,201.7,494.61,494.61,456.32,456.32,296.79,296.79,239.77,239.77,301.48,301.48,293.5,293.5,244.15,244.15,190.6,190.6,68.336,51.862,46.183,21.368,37.131,36.9,24.707,12.931,59.671,35.144,15.108,11.238,88.279,41.135,39.744,37.58,10.895,6.7095,6.2157,3.1803,3.4448,10.111,3.4897,2.4358,1.6193,0.011478,10.221,3.3658,0.0087842,0.066992,18.367,18.367,18.367,0.34911,4.1715
227.64,227.64,179.06,179.06,420.4,420.4,389.51,389.51,228.66,228.66,164.79,164.79,295.68,295.68,261.81,261.81,396.11,396.11,330.97,330.97,40.3,28.377,22.142,14.909,62.879,20.339,19.436,14.789,37.3,30.742,24.172,21.024,47.825,26.926,24.889,23.2,8.39,7.1483,6.8107,6.0276,3.2387,12.002,3.7742,2.2509,1.9149,0.029991,12.129,3.1224,0.01159,0.15367,22.599,22.599,22.599,0.37613,4.8352
178.79,178.79,156.18,156.18,616.02,616.02,510.22,510.22,304.45,304.45,235.19,235.19,349.44,349.44,332.8,332.8,335.61,335.61,320.57,320.57,55.705,26.676,18.653,14.531,38.757,28.096,21.676,14.705,36.809,22.347,10.211,7.2802,48.919,43.762,32.915,32.724,12.371,10.214,7.1485,6.044,4.274,10.808,6.2592,2.7447,1.7321,0.0085959,10.911,4.1736,0.008488,0.062926,22.457,22.457,22.457,0.44931,4.6488
216,154.82,154.82,143.07,616.22,616.22,541.61,541.61,346.28,346.28,292.65,292.65,546.2,546.2,414.58,414.58,197.57,197.57,193.54,193.54,43.248,37.544,32.951,20.492,76.812,34.396,32.956,26.544,15.96,6.8494,5.9115,2.9844,113.97,81.621,47.974,45.326,12.648,10.874,6.461,5.4755,5.7793,9.3119,7.4027,3.0587,1.4981,0.029759,9.1108,5.8435,0.011889,0.06272,16.735,16.735,16.735,0.54628,5.0716
203.04,203.04,182,140.94,474.39,474.39,452.25,452.25,209.76,209.76,163.83,163.83,277.65,277.65,233.42,233.42,251.55,251.55,241.56,241.56,26.101,25.006,22.199,18.506,63.029,57.662,19.751,13.93,25.097,12.171,11.202,7.4607,75.289,43.64,30.717,29.235,8.8418,3.6413,3.3869,2.5559,4.858,16.78,7.1663,2.6162,1.6799,0.011847,16.618,4.5895,0.0088491,0.051475,20.937,20.937,20.937,0.38692,3.9826
180.81,180.81,132.03,132.03,410.07,410.07,356.95,356.95,310.03,310.03,242.34,242.34,352.26,352.26,339.4,339.4,319.87,319.87,293.99,293.99,79.714,69.001,62.094,60.746,66.31,34.816,34.305,22.255,15.978,12.976,8.8636,5.0359,52.61,46.132,30.322,29.191,8.5933,6.3335,4.1514,3.1977,3.5746,11.214,6.3875,2.6791,1.5916,0.016211,10.902,3.6032,0.0084566,0.048458,30.911,30.911,30.911,0.5187,4.7407
171.23,171.23,137.3,137.3,523.17,523.17,522.63,522.63,281.3,281.3,246.14,246.14,359.4,359.4,318.93,318.93,374,353.42,353.42,264.95,99.679,34.257,29.275,26.145,83.104,58.251,41.467,35.027,28.388,20.3,13.387,11.588,38.789,32.862,32.702,32.061,11.403,11.198,3.3783,2.5036,3.9833,10.268,7.461,3.2318,1.7889,0.013266,9.99,3.9979,0.0092915,0.059874,23.185,23.185,23.185,0.5041,3.956
172.65,172.65,133,116.04,714.13,714.13,546.14,546.14,293.2,293.2,267.34,267.34,441,333.75,333.75,328.01,363.08,363.08,241.73,241.73,45.903,38.063,27.207,5.6088,21.695,19.422,13.97,10.756,17.94,5.363,2.818,0.47782,35.71,35.008,26.83,19.193,7.5393,4.3104,3.2403,2.0801,4.7493,10.822,6.377,2.8048,1.7192,0.011317,10.926,4.4975,0.0068161,0.059323,22.98,22.98,22.98,0.40265,2.9957
248.68,248.68,238.9,238.9,489.53,489.53,483.24,483.24,225.53,225.53,209.06,209.06,320,314.53,314.53,253.77,329.48,329.48,315.49,315.49,46.68,28.506,11.366,9.4235,57.854,56.627,41.248,29.58,44.883,37.844,35.912,17.622,106.36,64.52,46.974,38.366,8.6516,7.1044,5.2658,4.3913,4.341,9.9833,6.68,2.9702,1.5348,0.0052219,10.085,4.3308,0.0091504,0.064983,15.221,15.221,15.221,0.54914,3.5996
154.2,154.2,144.25,144.25,597.81,597.81,527.47,527.47,219.87,219.87,207.28,207.28,368.52,368.52,326.28,326.28,435.61,435.61,424.64,424.64,77.828,55.885,54.62,37.387,64.991,41.583,32.126,27.339,29.381,26.284,21.866,14.946,85.818,59.027,41.888,22.688,9.9681,9.2532,7.8724,6.6004,3.8152,12.736,5.4222,3.0948,1.9149,0.0051542,12.627,3.8551,0.0072912,0.03403,13.609,13.609,13.609,0.53375,3.4539
213.47,213.47,207.44,207.44,509.11,509.11,493.98,493.98,264.51,264.51,206.26,206.26,524.36,524.36,459.02,459.02,303.76,303.76,279.71,279.71,55.303,48.751,32.196,31.661,34.937,31.947,19.621,16.208,42.592,36.056,26.771,20.406,60.059,55.45,54.57,39.562,17.714,12.131,10.124,2.1084,4.7703,15.722,7.9652,3.1552,2.0763,0.0098637,15.878,4.6319,0.0097727,0.065357,18.668,18.668,18.668,0.4162,4.3849
159.85,159.85,152.28,152.28,436.48,436.48,380.76,380.76,200.31,200.31,152.95,152.95,269.04,269.04,264,259.3,291.99,291.99,286.36,286.36,67.847,64.452,40.986,32.953,41.18,33.979,30.643,27.899,47.638,30.626,13.516,2.7729,77.675,61.818,48.485,41.888,9.7071,9.5661,8.2968,2.5413,3.1552,12.107,7.9708,2.3805,1.8379,0.006307,12.243,3.0617,0.008012,0.067508,16.821,16.821,16.821,0.56729,3.5917
209.37,209.37,206,198.77,597.17,597.17,535.13,535.13,302.38,302.38,299.34,299.34,363.82,363.82,301.25,301.25,574.63,574.63,523.65,523.65,44.718,43.51,34.98,29,22.368,15.448,14.656,9.0951,20.631,18.971,18.548,9.2175,91.261,50.922,44.062,26.101,8.0231,7.9089,4.8585,4.4387,3.5653,11.303,3.5182,2.6034,1.5202,0.0099487,11.423,3.5715,0.0078316,0.047806,19.445,19.445,19.445,0.18079,3.5776
89.772,89.772,77.491,77.491,116.86,116.86,94.936,94.936,74.36,74.36,68.572,68.572,56.503,56.503,52.688,52.688,90.763,90.763,73.165,73.165,3.1589,2.8781,2.6271,2.2864,19.705,14.276,5.935,5.8715,11.242,8.1609,6.368,5.2891,11.728,7.7138,7.0096,6.3534,17.689,16.719,14.169,11.099,1.7448,1.9149,1.8439,1.4063,4.2531,0.019208,1.5609,1.3019,0.011914,0.03824,57.11,57.11,57.11,0.46742,7.0753
134,128.75,128.75,106.81,101.54,101.54,80.197,80.197,122.97,122.97,93.382,93.382,77,51.724,51.724,50.392,70.73,70.73,68.449,68.449,4.7285,3.1689,2.9031,1.2027,12.197,5.7483,4.4844,3.8024,27.016,14.944,10.612,6.6411,11.317,9.5009,5.235,1.4713,11.993,10.084,10.025,9.0942,1.4907,2.0385,1.6733,1.3744,3.7653,0.0126,1.5786,1.2996,0.012988,0.022283,56.629,56.629,56.629,0.53046,6.5697
128.52,128.52,122.79,122.79,61.516,61.516,44.663,44.663,190.89,190.89,187.74,187.74,70.324,70.324,64.626,64.626,82.044,82.044,70.017,70.017,6.0819,4.3855,3.5686,2.7053,12.948,9.4999,5.8723,4.0593,20.206,9.2752,9.1242,6.6792,8.6729,8.1371,7.3734,6.0884,15.868,12.511,4.2936,2.1922,1.8559,1.7889,1.9379,1.4757,1.9032,0.019401,1.2996,1.282,0.010056,0.027863,58.667,58.667,58.667,0.5511,5.4249
102.48,102.48,93.807,93.807,131.78,131.78,124.85,124.85,69.665,69.665,67.081,67.081,91.616,91.616,80.5,80.5,90.73,90.73,72.835,72.835,16.786,13.432,11.594,8.967,36.051,22.527,15.771,14.464,32.808,6.1112,5.0143,3.5041,12.87,11.263,8.3224,7.5778,0.28493,0.26517,0.26517,0.26517,0.98883,0.98883,0,0,2.9665,0.44118,0.14907,0.14907,0.14179,1.0975,54.559,54.559,54.559,0.50191,0.027951
115.15,115.15,108.47,108.47,109.9,109.9,105,98.781,84.4,84.4,83,82.514,53,38.578,38.578,37.546,109.68,109.68,70.654,70.654,4.5581,3.6,2.0878,1.8406,41.14,25.069,6.7482,4.1883,24.876,11.185,7.8098,6.7597,3.8873,3.069,2.3019,1.5345,0.26517,0.26517,0.26517,0.26517,1,1,0,0,3,2.2455e-15,0,0,3.3683e-16,3.5929e-15,54.486,54.486,54.486,0.5216,0
151.33,151.33,123.13,123.13,74.88,74.88,74.066,74.066,123.24,123.24,117.55,117.55,60.809,60.809,49,44.71,105.94,105.94,81.099,81.099,6.1125,1.8133,0.88472,0.82011,16.158,12.367,8.463,6.1279,12.345,8.4131,5.1702,5.0563,15.682,5.0765,4.7537,3.7777,0.26517,0.26517,0.26517,0.26517,1,1,0,0,3,2.2455e-15,0,0,3.3683e-16,3.5929e-15,51.28,51.28,51.28,0.51158,0
112.39,112.39,105.98,105.98,62.045,62.045,48.385,48.385,59,51.157,51.157,43.823,39,33.124,33.124,22.487,79.967,79.967,69.03,69.03,3.1785,3.1439,2.5961,1.2465,9.9303,8.3709,7.2439,6.244,15.446,12.232,10.716,9.5071,19.165,13.153,6.7138,4.8247,0.26517,0.26517,0.26517,0.26517,1,1,0,0,3,2.2455e-15,0,0,3.3683e-16,3.5929e-15,50.026,50.026,50.026,0.51133,0
131.36,131.36,111.07,111.07,89.67,89.67,83.328,83.328,59.637,59.637,47.776,47.776,45.853,45.853,42.724,42.724,93.881,93.881,87.522,87.522,18.46,5.8027,4.4291,2.8283,60.95,50.121,49.555,26.001,41.615,10.971,10.472,8.5867,14.198,12.89,11.193,8.394,0.26517,0.26517,0.26517,0.26517,1,1,0,0,3,2.2455e-15,0,0,3.3683e-16,3.5929e-15,50.006,50.006,50.006,0.51944,0
196.72,196.72,143.44,143.44,42.445,42.445,38.223,38.223,81.395,81.395,78.537,78.537,83.062,83.062,76.209,76.209,94.772,94.772,91.055,91.055,16.057,15.899,11.132,10.935,15.166,12.933,10.254,5.3199,89.182,57.447,41.978,7.4354,12.031,1.3235,0.60614,0.090649,0.26517,0.26517,0.26517,0.26517,1,1,0,0,3,2.2455e-15,0,0,3.3683e-16,3.5929e-15,43.096,43.096,43.096,0.4344,0
206.38,206.38,169.74,169.74,89,69.761,69.761,65.804,68.952,68.952,61,42.455,59.36,59.36,49.7,49.7,98.197,98.197,97.391,97.391,7.9117,3.0652,2.0341,1.5712,13.982,13.861,12.287,10.742,31.06,22.252,19.585,19.458,7.9693,5.3345,4.8775,3.0137,0.53033,0.53033,0.53033,0.53033,0,1,1,1,2,1.7964e-15,0,0,6.7366e-16,1.0779e-14,32.691,32.691,32.691,0.47036,0
290.68,290.68,261.31,261.31,51.673,51.673,51.566,51.566,55.45,55.45,51.495,51.495,96.454,96.454,60.586,60.586,109.08,109.08,91.084,91.084,8.883,7.5989,7.1798,4.7396,35.914,12.117,11.628,10.389,26.417,22.363,19.887,17.184,5.0323,4.7313,2.3268,1.7617,0.53033,0.53033,0.53033,0.53033,0,1,1,1,2,1.7964e-15,0,0,6.7366e-16,1.0779e-14,24.498,24.498,24.498,0.44687,0
400.31,400.31,315.11,315.11,116.68,116.68,98,91.357,146.9,146.9,119.1,119.1,146.3,146.3,105.21,105.21,159.32,159.32,124.85,124.85,13.842,12.142,5.9659,5.5131,46.465,17.738,14.345,12.836,59.099,39.497,37.923,32.364,8.8624,7.2518,6.7563,4.1214,0.53033,0.53033,0.53033,0.53033,0,1,1,1,2,1.7964e-15,0,0,6.7366e-16,1.0779e-14,34.484,34.484,34.484,0.43186,0
332.51,332.51,270.56,270.56,63.68,63.68,55.32,55.32,53.308,53.308,50.561,50.561,98.925,98.925,93.923,93.923,73.092,73.092,72.914,72.914,24.748,20.2,14.633,7.7468,28.597,23.276,20.161,14.507,36.881,35.492,34.154,28.964,7.3926,4.4304,4.4065,4.3103,0.53033,0.53033,0.53033,0.53033,0,1,1,1,2,1.7964e-15,0,0,6.7366e-16,1.0779e-14,28.413,28.413,28.413,0.44085,0
305.94,305.94,282.25,282.25,75.903,75.903,75.379,75.379,88.433,88.433,78.904,78.904,99.729,99.729,95.687,95.687,105.38,105.38,82.452,82.452,10.159,9.3866,8.3745,8.1476,22.943,15.085,11.326,1.7671,62.646,27.147,25.102,21.414,5.9668,2.1482,1.2593,0.80452,0.53033,0.53033,0.53033,0.53033,0,1,1,1,2,1.7964e-15,0,0,6.7366e-16,1.0779e-14,29.011,29.011,29.011,0.49857,0
196.7,196.7,159.57,159.57,35.606,35.606,33.513,33.513,62.254,62.254,40.504,40.504,61.539,61.539,43.206,43.206,110,88.812,88.812,88.073,6.985,4.4306,2.7028,2.6911,28.253,23.623,15.942,5.1801,15.319,12.961,12.159,11.424,15.882,10.235,6.8043,4.9746,0.53033,0.53033,0.53033,0.53033,0,1,1,1,2,1.7964e-15,0,0,6.7366e-16,1.0779e-14,33.346,33.346,33.346,0.50337,0
262.97,262.97,192.48,192.48,103,88.495,88.495,80.621,50.896,50.896,46,45.738,100.54,100.54,86.335,86.335,54.466,54.466,52.914,52.914,19.198,10.297,8.1887,7.6187,36.484,16.134,6.0991,4.3941,54.322,29.252,23.212,18.503,10.418,3.3062,3.1299,2.6117,0.53033,0.53033,0.53033,0.53033,0,1,1,1,2,1.7964e-15,0,0,6.7366e-16,1.0779e-14,29.95,29.95,29.95,0.4618,0
164.62,164.62,135.84,135.84,44.435,44.435,43.629,43.629,92,73.921,73.921,69.915,57.57,57.57,52.401,52.401,51.517,51.517,49.488,49.488,12.489,9.1216,7.7272,5.9499,34.401,14.003,6.0001,4.3289,31.513,22.606,14.833,13.166,6.9189,6.7414,6.1576,4.0127,0.53033,0.53033,0.53033,0.53033,0,1,1,1,2,1.7964e-15,0,0,6.7366e-16,1.0779e-14,34.502,34.502,34.502,0.49233,0
174,134.69,134.69,134.43,51.692,51.692,48.162,48.162,43.72,43.72,39.02,39.02,139,80.183,80.183,71.301,111,54.377,54.377,51.686,4.0888,2.0276,1.8852,0.91112,11.77,11.531,9.1539,5.4165,23.751,13.545,13.059,6.4901,1.6575,1.3567,0.92184,0.74304,0.53033,0.53033,0.53033,0.53033,0,1,1,1,2,1.7964e-15,0,0,6.7366e-16,1.0779e-14,32.431,32.431,32.431,0.47881,0
100.49,100.49,79.275,79.275,76.825,76.825,73.695,73.695,130.12,130.12,121.75,121.75,166.16,166.16,149.09,149.09,96.821,96.821,89,70.832,44.343,18.582,11.542,11.011,22.38,18.739,15.251,10.207,10.613,10.316,9.8984,8.7932,62.565,61.079,48.7,35.997,13.732,13.255,9.5329,7.1497,1.8439,1.4981,1.3824,1.3416,1.2472,0.0094774,1.1282,1.3962,0.0084297,0.036765,19.583,19.583,19.583,0.50869,5.4921
91.248,91.248,64.304,64.304,96.756,96.756,83.736,83.736,101.61,101.61,99.463,99.463,150.49,150.49,111.56,111.56,121.33,121.33,90,85.489,22.383,20.317,20.079,19.516,28.432,19.243,16.69,16.302,19.328,12.515,5.8011,4.2159,44.261,40.414,38.422,37.766,7.4285,6.5325,5.2872,3.7523,1.6733,1.422,1.7764,1.5635,1.633,0.0060986,1.0225,1.3733,0.0074986,0.027884,18.285,18.285,18.285,0.46595,3.6291
83.137,83.137,76.833,76.833,105.74,105.74,97.574,97.574,141,138.58,138.58,106.41,160.29,160.29,145.29,145.29,100.5,100.5,83.933,83.933,24.971,14.162,14.074,11.762,19.97,18.78,18.34,16.385,12.47,8.8424,5.1479,4.8142,48.137,28.939,26.572,25.712,14.373,10.222,8.4038,6.4976,1.6997,1.6931,1.5348,1.4682,1.325,0.011711,1.0834,1.1708,0.012992,0.050999,31.934,31.934,31.934,0.56,7.8499
71.983,71.983,65.49,65.49,97.605,97.605,82.895,82.895,144.68,144.68,107.08,107.08,187.44,187.44,154.13,154.13,134.82,134.82,122.1,122.1,11.562,8.802,7.1142,6.7922,51.196,26.481,20.996,17.644,11.738,10.29,7.7135,5.7947,43.231,37.384,29.766,28.404,19.918,9.4663,9.2923,7.2723,1.542,1.3663,1.3744,1.3416,1.4832,0.48011,1.009,1.2239,0.13463,0.22113,17.396,17.396,17.396,0.44878,6.3922
75,62.942,62.942,60.016,102.83,102.83,101.4,101.4,169.1,169.1,109.68,109.68,190.82,190.82,128.93,128.93,120,100.82,100.82,84.954,33.097,13.24,11.595,7.8171,88.346,28.632,22.661,17.894,12.099,8.2251,6.6075,3.9937,43.025,33.671,25.366,11.22,15.931,10.504,8.8316,7.5138,1.6055,1.6799,1.6931,1.3166,1.4682,0.47723,1.116,1.3212,0.13528,0.20844,17.852,17.852,17.852,0.5619,5.4004
76.399,76.399,75.236,75.236,100.5,100.5,78.46,78.46,95.426,95.426,82.364,82.364,136.67,136.67,123.51,123.51,116.01,116.01,112.29,112.29,19.824,17.103,10.658,10.171,33.711,31.917,28.354,14.55,15.705,7.9739,7.7442,7.1034,45.095,43.829,43.306,22.278,10.787,9.9953,9.1699,7.0117,1.542,1.422,1.4376,1.2111,1.1643,0.0084996,0.97597,1.0574,0.007454,0.036568,18.562,18.562,18.562,0.53724,5.2798
71.228,71.228,67.915,67.915,140,124.95,124.95,92.199,124.92,124.92,122.58,122.58,159.95,159.95,136.04,136.04,115.45,115.45,111.22,111.22,14.38,12.718,11.768,9.4835,36.194,31.783,16.618,15.988,5.7235,5.6811,5.0265,4.9745,53.599,49.001,29.641,26.507,11.164,9.6537,9.0796,8.5255,1.4757,1.6398,1.4606,1.4981,1.2111,0.6706,1.1538,1.0764,0.18755,0.26226,21.502,21.502,21.502,0.4999,6.4242
129.76,129.76,119.87,119.87,149.73,149.73,129.58,129.58,204.72,204.72,172.85,172.85,145.56,145.56,139.94,139.94,200.6,200.6,137.51,137.51,18.456,15.986,10.975,10.664,24.583,21.118,18.625,16.916,11.599,8.0239,7.2458,6.6039,47.592,37.36,20.614,19.023,17.941,17.706,10.596,10.324,1.7889,1.5776,1.3499,1.4907,1.3333,0.01751,0.98062,1.2996,0.0094833,0.034468,14.547,14.547,14.547,0.35991,7.036
72.487,72.487,68,67.074,122,103.93,103.93,102.85,127.95,127.95,125.06,125.06,135.95,135.95,119.43,119.43,111.5,111.5,111.23,111.23,23.293,14.619,14.608,12.173,25.91,4.6783,4.5033,2.2783,6.8503,4.717,3.8653,3.3469,43.233,37.727,33.224,21.978,9.2085,7.67,7.1635,7.0702,1.7385,1.3744,1.7127,1.3824,1.3499,0.48123,0.99899,1.3521,0.13463,0.17795,17.226,17.226,17.226,0.38051,7.2711
60,59.7,59.7,34.117,119,61.657,61.657,52.726,70.66,70.66,68.431,68.431,115,79.53,79.53,65.483,88,72.522,72.522,58.207,9.2868,-0.84495,-1.0387,-1.099,72.503,25.537,11.908,8.8073,2.417,1.5083,0.95532,0.6283,34.36,31.582,26.446,20.055,11.205,11.113,10.001,7.058,1.5776,1.4142,1.5916,1.3416,1.1832,0.011781,1.0745,1.3181,0.010305,0.055534,14.242,14.242,14.242,0.61709,6.7823
83.258,83.258,69.279,69.279,106.03,106.03,98.245,98.245,128.22,128.22,110.96,110.96,162.44,162.44,99.58,99.58,145.33,145.33,99.955,99.955,15.598,14.02,13.915,10.936,59.362,39.457,29.298,23.803,15.171,10.896,10.451,8.6763,33.635,21.957,18.824,15.733,16.746,11.674,10.183,9.503,1.5563,1.291,1.3081,1.4606,1.4142,0.018569,0.82572,1.2424,0.013026,0.042223,19.664,19.664,19.664,0.51282,6.291
72.083,72.083,70.176,70.176,113.06,113.06,108.43,108.43,220.03,220.03,171.4,171.4,160.71,160.71,144.26,144.26,140.63,140.63,108.92,108.92,30.91,19.437,16.185,13.533,28.885,21.791,14.25,12.269,16.152,9.0055,3.912,3.1682,88.907,57.493,38.728,26.039,12.831,8.56,5.8618,5.2385,1.5492,1.3333,1.3081,1.4063,1.6398,0.018334,0.91674,1.2152,0.0094133,0.037727,16.638,16.638,16.638,0.3919,5.0031
71.472,71.472,65.102,65.102,144.69,144.69,138.16,138.16,144.05,144.05,127.8,127.8,130.37,130.37,101.08,101.08,162.39,162.39,112.46,112.46,23.33,18.99,7.1137,3.5148,50.086,30.546,21.36,20.724,15.083,6.1917,3.0684,2.9307,109.24,35.352,18.806,15.278,31.241,23.072,15.966,7.1392,1.3824,1.6125,1.6997,2.1499,1.4832,0.017926,1.1137,0.98832,0.0094904,0.028332,18.482,18.482,18.482,0.58224,6.5062
70.843,70.843,68.189,68.189,147.43,147.43,129.92,129.92,143.51,143.51,100.85,100.85,133.73,133.73,115.13,115.13,136.76,136.76,124.93,124.93,24.462,23.608,16.16,11.619,33.298,5.9272,5.5255,2.4813,12.091,7.3103,4.7023,3.9287,63.015,21.383,19.635,15.483,13.692,12.294,11.674,9.41,1.6865,1.5348,1.6193,1.3663,1.3499,0.019584,1.0215,1.5249,0.010515,0.052889,23.64,23.64,23.64,0.59989,6.3258
81.918,81.918,72.373,72.373,107.67,107.67,95.875,95.875,155.65,155.65,89.731,89.731,147.39,147.39,116.77,116.77,107.3,107.3,89.191,89.191,21.017,10.01,8.8259,5.1064,56.231,46.436,39.975,23.293,6.884,6.6849,5.609,5.2747,78.934,30.016,23.646,19.862,9.9762,9.9109,8.1976,7.1076,1.6733,1.5055,1.8257,1.6398,1.3166,0.018438,1.0274,1.3398,0.0094792,0.045718,20.868,20.868,20.868,0.54576,5.1989
98.349,98.349,66.422,66.422,105.27,105.27,91,90.787,153.44,153.44,115.93,115.93,181.73,181.73,173.57,173.57,145.71,145.71,100.28,100.28,57.158,17.211,10.864,7.8125,27.947,25.78,17.533,17.16,17.021,12.599,9.8865,9.6439,91.074,63.674,41.662,35.868,7.674,7.5094,7.392,5.274,1.5492,1.6193,1.422,1.3904,1.5635,0.01959,1.0478,1.3416,0.0090726,0.051286,17.058,17.058,17.058,0.49725,4.6074
66.165,66.165,62.877,62.877,156.77,156.77,111.69,111.69,52.371,52.371,50.717,50.717,153.87,153.87,140.86,140.86,123.66,123.66,104.52,104.52,27.855,14.792,14.004,5.6396,30.336,28.898,18.435,12.078,15.789,7.2539,6.1637,5.5259,34.124,32.334,31.169,26.153,16.994,13.565,12.178,10.284,1.7062,1.291,1.3581,1.2111,1.3744,0.0167,0.82572,1.2898,0.010692,0.058385,22.436,22.436,22.436,0.48608,6.5831
84.847,84.847,83.739,83.739,124.63,124.63,115.13,115.13,214.53,214.53,153.29,153.29,117.16,117.16,98.666,98.666,121.49,121.49,102.16,102.16,13.906,11.249,8.545,5.5012,43.705,37.937,36.652,30.772,13.46,9.9113,8.0674,7.2095,63.752,27.494,17.745,15.39,17.462,11.491,6.9628,6.3222,1.9889,1.5846,1.6533,1.4981,1.3904,0.014799,0.96295,1.4505,0.013204,0.032032,30.171,30.171,30.171,0.54926,7.2673
55.052,55.052,50.902,50.902,118.95,118.95,97.859,97.859,103.6,103.6,96.669,96.669,117.44,117.44,110.37,110.37,113.03,113.03,110.53,110.53,11.567,11.526,10.456,10.297,37.612,28.859,22.471,21.042,9.474,5.7961,5.6682,3.7496,28.827,22.883,22.564,21.431,18.567,15.966,8.0055,7.8628,1.4298,1.4063,1.542,1.3824,1.1643,0.0080551,1.0834,1.0551,0.010769,0.021529,23.742,23.742,23.742,0.52817,6.1782
91.92,91.92,72.967,72.967,138.02,138.02,125.29,125.29,184.12,184.12,180.13,180.13,171.12,171.12,152.01,152.01,129.87,129.87,96.212,96.212,22.652,14.975,13.609,11.918,29.097,22.677,13.873,13.862,7.9441,4.5523,4.1523,3.726,66.95,47.617,34.235,22.362,10.447,8.3602,7.7536,5.0565,1.5776,1.2996,1.4376,1.3744,1.4142,0.014862,1.0693,1.3181,0.0084277,0.026468,16.799,16.799,16.799,0.43505,4.6151
