176,138.01,138.01,130.81,109.42,109.42,70,66.327,256.43,256.43,240.68,240.68,156.16,156.16,144.92,144.92,194.78,194.78,182.41,182.41,6.6661,6.1677,5.4512,3.207,54.291,44.054,29.401,24.046,12.621,10.913,8.26,4.7968,34.254,14.45,13.64,11.673,87.994,48.272,31.881,12.664,14.805,34.947,23.099,22.776,11.263,0.25641,32.612,14.482,0.13015,0.079111,15.32,15.32,15.32,0.13619,21.226
66.227,66.227,63.795,63.795,116.22,116.22,102.79,102.79,257.17,257.17,247.36,247.36,144.49,144.49,115.31,115.31,62.436,62.436,61.698,61.698,25.222,19.105,9.1507,7.0333,19.614,18.997,12.303,11.444,8.8551,6.045,3.9529,3.753,15.15,11.702,11.186,8.5357,86.413,56.07,34.691,26.378,6.6483,20.965,18.671,12.515,11.056,0.47735,21.195,6.5314,0.23545,0.04286,16.546,16.546,16.546,0.24977,25.673
122.8,122.8,114.35,114.35,120.59,120.59,70,65.898,186.08,186.08,164.83,164.83,171.65,171.65,163.07,163.07,87.824,87.824,71.566,71.566,41.021,32.604,12.389,9.4795,32.939,29.2,22.829,9.6472,22.289,12.045,9.8942,5.161,14.551,8.8109,7.6347,4.1734,89.658,69.911,40.33,24.203,9.9599,31.081,13.74,12.942,14.852,0.48896,31.231,9.9107,0.24102,0.083519,28.918,28.918,28.918,0.26313,33.913
122.36,122.36,104.85,104.85,70,63.609,63.609,62.719,235.52,235.52,214.52,214.52,245.77,245.77,218.68,218.68,97,97,79.844,79.844,24.22,11.311,9.0678,6.4068,21.327,19.463,14.573,11.74,17.001,14.558,11.044,8.377,14.979,5.1344,4.3422,4.3002,68.086,39.739,26.582,16.29,9.6552,26.508,15.606,10.131,11.194,0.54042,26.014,9.2955,0.27466,0.033622,24.387,24.387,24.387,0.32714,34.124
142.2,142.2,132.32,132.32,72.449,72.449,69.376,69.376,281.68,281.68,229.83,229.83,156.96,156.96,138.92,138.92,110,80.239,80.239,74.071,16.004,13.747,12.52,10.305,31.729,21.136,16.218,15.734,13.496,11.397,9.404,5.7529,16.093,6.0451,4.5707,4.1899,88.237,63.457,44.554,14.976,9.1031,27.828,21.276,13.402,13.241,0.55438,27.909,8.8225,0.27374,0.14336,24.203,24.203,24.203,0.27989,33.489
125.43,125.43,124.99,124.99,130,125.14,125.14,103.24,261.42,261.42,219.33,219.33,191.07,191.07,188.73,188.73,96.348,96.348,82.29,82.29,58.444,45.258,6.748,5.8117,11.578,6.6575,4.5651,2.9623,33.975,29.788,9.6464,8.0319,11.844,7.5096,5.2382,4.5616,102.95,74.134,21.953,21.721,12.264,30.092,20.029,15.158,10.295,0.47428,30.357,12.37,0.21716,0.1014,20.877,20.877,20.877,0.25504,28.134
76.214,76.214,74.399,74.399,74.88,74.88,71.85,71.85,147.22,147.22,145.58,145.58,120.51,120.51,119.49,119.49,54,48.016,48.016,46.296,14.756,12.045,9.4152,5.4801,22.9,19.544,17.793,10.24,21.222,4.6524,3.8617,3.7425,9.4042,8.4221,7.9518,4.8584,40.018,36.164,29.385,24.857,7.1321,30.404,13.353,11.403,15.83,0.50219,30.731,7.1536,0.24218,0.05914,20.827,20.827,20.827,0.28025,19.303
89.763,89.763,87.331,87.331,65.977,65.977,64.813,64.813,242.74,242.74,236.27,236.27,119.55,119.55,99.542,99.542,40.237,40.237,33.488,33.488,24.167,13.91,8.211,7.7559,12.139,11.708,10.938,5.4087,13.009,10.053,6.6946,6.5218,7.0996,5.9991,5.0368,4.4479,114.85,89.473,63.101,51.7,10.607,29.057,16.904,12.775,12.315,0.48877,29.297,10.444,0.23954,0.1005,22.94,22.94,22.94,0.26593,36.039
130.87,130.87,127.68,127.68,87.73,87.73,70.078,70.078,189.45,189.45,176.32,176.32,190,183.32,183.32,174.71,55.995,55.995,55.276,55.276,15.876,8.4838,7.2932,2.1587,39.214,18.399,13.865,11.516,14.449,10.931,5.9871,3.0568,17.852,15.045,6.5648,2.8199,84.028,28.027,19.923,14.03,9.3452,31.163,15.266,12.824,12.663,0.52978,31.085,9.399,0.24991,0.082832,29.551,29.551,29.551,0.29588,30.559
79.554,79.554,71.953,71.953,115.36,115.36,104.31,104.31,338.42,338.42,240.47,240.47,169.85,169.85,161.2,161.2,88.869,88.869,78.941,78.941,35.468,24.499,2.7956,1.8751,31.023,7.4328,4.763,3.8422,21.46,10.441,1.165,1.131,32.063,14.986,8.334,6.6915,60.531,39.048,22.345,20.142,17.343,21.612,16.582,15.974,10.362,0.40865,21.724,17.216,0.21124,0.025676,24.847,24.847,24.847,0.26459,23.998
88.632,88.632,81.995,81.995,136.81,136.81,102.81,102.81,278.38,278.38,278.03,278.03,206.67,206.67,183.18,183.18,77.583,77.583,72.808,72.808,33.838,26.438,12.837,8.1336,16.87,14.192,12.463,8.1972,16.383,9.1015,8.2389,6.2793,24.897,13.578,11.274,9.4681,99.732,54.068,49.158,25.597,18.29,21.066,17.437,24.148,10.824,0.4809,21.252,18.258,0.22178,0.066631,29.153,29.153,29.153,0.27287,30.768
102.37,102.37,81.615,81.615,81.896,81.896,70.843,70.843,235.47,235.47,230.92,230.92,159.81,159.81,138.53,138.53,62.228,62.228,44.177,44.177,38.287,16.141,7.4724,4.5176,10.471,6.2943,5.3356,4.2837,13.799,8.2675,6.9143,3.2334,10.635,8.2488,5.8495,5.3273,19.686,8.5796,8.0963,5.9678,25.257,29.948,20.092,13.948,10.874,0.68539,30.286,24.636,0.21631,0.85325,30.809,30.809,30.809,0.23978,24.205
201.36,201.36,150.46,150.46,106.92,106.92,90.712,90.712,243.69,243.69,230.91,230.91,220.46,220.46,193,178.33,78.647,78.647,74.309,74.309,23.605,14.724,9.3033,6.4725,37.867,31.112,20.128,13.229,58.302,21.103,12.501,12.022,21.747,14.003,7.7731,6.8542,47.411,39.803,28.942,27.217,17.288,39.299,22.621,17.63,14.079,0.45126,39.555,17.321,0.21147,0.068338,38.595,38.595,38.595,0.27139,27.522
103.01,103.01,85.944,85.944,70.543,70.543,59,57.955,267.43,267.43,220.38,220.38,156.47,156.47,100.73,100.73,50.664,50.664,49,43.38,53.829,14.137,9.6849,8.6344,29.52,9.3339,9.1622,6.1849,11.415,9.8625,9.2066,3.8351,10.249,5.7811,4.4735,4.0349,102.01,55.386,55.054,43.039,25.219,40.216,18.558,23.177,21.102,0.44551,40.515,25.439,0.21213,0.15743,29.466,29.466,29.466,0.24589,40.416
87.533,87.533,79.531,79.531,87.717,87.717,80,70.794,267.01,267.01,205.41,205.41,178.42,178.42,174.45,174.45,73.085,73.085,73.061,73.061,20.665,11.846,5.6501,5.1373,27.717,20.262,16.96,16.789,12.789,7.7034,5.2937,4.706,15.211,10.861,7.9968,6.8354,42.46,11.838,8.7974,5.1707,12.362,34.803,12.437,18.294,17.346,0.52589,35.126,12.48,0.2229,0.066171,27.027,27.027,27.027,0.30955,13.378
96.813,96.813,88.292,88.292,124.15,124.15,101.96,101.96,192.78,192.78,174,129.1,110.37,110.37,101.75,101.75,82.293,82.293,58.167,58.167,18.772,12.639,8.2077,5.6573,20.108,18.782,15.908,11.07,31.623,7.6462,4.9716,3.4587,21.442,14.422,13.088,8.7055,94.384,46.597,37.369,20.462,12.965,25.654,11.443,12.198,8.2395,0.40674,25.664,13.089,0.17296,0.06106,24.52,24.52,24.52,0.22997,21.73
135.99,135.99,126.82,126.82,109.12,109.12,96.147,96.147,263.15,263.15,214.39,214.39,134.53,134.53,131.57,131.57,59,56.226,56.226,52.063,36.695,21.358,17.246,6.0098,23.138,13.546,11.739,9.9554,21.436,7.0882,6.2178,5.3067,9.8136,9.5359,7.6322,7.1673,39.216,37.79,36.46,32.787,10.32,30.33,15.624,12.587,11.556,0.42371,30.663,10.328,0.19157,0.072532,24.45,24.45,24.45,0.25103,23.803
73.336,73.336,69.83,69.83,111.91,111.91,106.01,106.01,208.43,208.43,188.43,188.43,113.72,113.72,101.7,101.7,47.443,47.443,47,46.591,24.155,13.703,9.6467,4.639,31.839,28.565,11.865,9.7931,12.433,8.6577,5.3629,1.3512,11.075,10.739,9.0629,8.9206,70.193,53.559,13.847,11.444,11.958,25.07,12.419,12.066,9.8217,0.39722,25.331,12.093,0.17868,0.11858,27.932,27.932,27.932,0.22082,25.89
75.472,75.472,63.66,63.66,74.159,74.159,68,59.037,68.335,68.335,65.795,65.795,90,78.484,78.484,74.078,114.22,114.22,101.61,101.61,5.6373,5.3012,4.7716,4.18,22.78,17.899,13.888,12.408,17.796,6.5531,3.3297,2.6428,13.126,5.4534,3.9083,3.1151,37.253,22.666,21.9,19.459,4.3231,6.3823,5.4263,6.6316,4.9911,0.62535,6.4167,4.231,0.45014,0.083128,28.578,28.578,28.578,0.4615,18.702
99.873,99.873,91.607,91.607,90.939,90.939,88,86.895,151.09,151.09,143.89,143.89,117.32,117.32,104.87,104.87,153.45,153.45,149.91,149.91,46.363,17.971,10.49,8.7318,42.313,34.579,17.131,10.987,15.889,13.435,11.668,9.9788,38.592,11.706,8.3842,6.9214,68.213,27.186,17.992,12.48,5.3975,6.598,9.1202,8.8857,7.2265,0.82934,6.6695,5.4247,0.53906,0.11989,23.96,23.96,23.96,0.53804,27.148
87.219,87.219,86,81.669,168.1,168.1,167.45,167.45,184,168.06,168.06,164.28,163.4,163.4,161.94,161.94,194.97,194.97,157,147.03,57.803,9.9563,8.5679,1.334,6.6027,4.9778,3.6862,2.8478,12.767,5.2303,3.8165,3.6386,19.847,9.0341,6.0508,5.9997,94.703,60.594,33.431,24.229,5.8195,5.7985,8.7876,16.334,8.7636,0.92521,5.8515,5.7491,0.57995,0.146,30.073,30.073,30.073,0.5776,26.18
149.3,149.3,136.98,136.98,145.58,145.58,117.46,117.46,227.05,227.05,218.84,218.84,177.64,177.64,150.14,150.14,189.37,189.37,163.96,163.96,53.559,36.438,12.839,8.3466,53.214,22.252,11.624,5.2758,49.871,22.592,16.176,12.675,15.308,10.355,9.8067,6.5524,110.71,96.434,45.886,44.016,8.3812,9.0836,10.087,11.998,9.7934,0.95645,9.062,8.3491,0.59737,0.21419,27.694,27.694,27.694,0.59079,41.274
126.74,126.74,104.91,104.91,134,121.36,121.36,106.56,211.75,211.75,170.4,170.4,126.92,126.92,126,122.1,134.28,134.28,105.75,105.75,18.398,13.514,5.3556,2.9583,30.684,18.922,13.509,8.2704,10.296,7.7976,7.5808,4.3145,33.603,18.51,16.593,8.4823,124.25,119.32,90.3,80.833,6.6733,6.1283,8.6423,12.016,13.28,0.94255,5.4657,6.5734,0.57231,0.23101,54.96,54.96,54.96,0.55887,45.387
109.5,109.5,101.91,101.91,102.56,102.56,101.42,101.42,173.08,173.08,149.45,149.45,142.48,142.48,124.49,124.49,198.92,198.92,136.15,136.15,9.8232,7.6177,6.1403,2.7563,28.251,23.599,11.787,8.9405,31.98,31.066,11.813,5.6907,9.1545,7.8796,6.8291,6.5698,124.22,66.01,58.941,19.331,6.5337,7.588,9.461,14.863,8.9703,0.92168,7.3962,6.1185,0.56354,0.23942,35.263,35.263,35.263,0.53442,38.417
115.6,115.6,101.81,101.81,189.32,189.32,115.61,115.61,206.46,206.46,198.74,198.74,123,112.22,112.22,112.09,159.69,159.69,106.36,106.36,20.793,11.693,7.2371,5.9523,50.589,19.853,18.939,15.399,22.411,9.2038,4.3914,2.3666,48.4,25.92,17.487,15.074,90.126,57.985,55.568,54.43,9.6609,7.8937,12.935,20.462,12.55,1.1645,7.6731,9.5081,0.60131,0.28319,27.591,27.591,27.591,0.55707,34.338
94.215,94.215,60,55.357,136.01,136.01,129,126.52,169.03,169.03,160,156.29,183.44,183.44,113.4,113.4,96.882,96.882,90.504,90.504,21.611,17.566,13.889,5.1588,52.501,33.463,14.559,5.3875,13.324,8.2554,7.624,4.6329,17.399,8.8202,7.279,4.2778,97.252,74.151,65.349,21.072,9.3868,4.7633,11.811,16.405,11.766,0.87195,4.7192,9.4922,0.50216,0.25291,20.953,20.953,20.953,0.4537,33.361
59.574,59.574,59.464,59.464,131.87,131.87,109.78,109.78,217.52,217.52,186.07,186.07,170.97,170.97,154.47,154.47,172.52,172.52,101.24,101.24,31.091,11.411,8.4248,7.4197,18.885,18.88,11.432,9.301,10.188,9.8982,4.7931,4.3575,20.078,15.806,12.263,10.283,81.668,66.335,59.824,13.873,3.4865,4.8143,6.0663,9.222,10.551,0.85112,4.8186,3.4264,0.46084,0.21091,17.573,17.573,17.573,0.43484,29.513
107.29,107.29,103.39,103.39,245.02,245.02,218.92,218.92,261.78,261.78,222.53,222.53,240.4,240.4,189.19,189.19,145.55,145.55,116.9,116.9,42.304,20.314,13.458,12.956,18.74,17.55,12.446,11.681,15.455,7.2814,6.748,4.6348,16.853,11.121,3.6316,3.2395,103.13,21.738,21.128,13.649,9.0701,9.0591,15.172,28.374,10.889,1.1041,8.9504,9.1191,0.62723,0.27229,22.324,22.324,22.324,0.56779,25.324
81.983,81.983,79.498,79.498,122,110.36,110.36,92.558,181.78,181.78,171.4,171.4,212.43,212.43,192.44,192.44,129.71,129.71,109.01,109.01,36.593,29.796,25.537,20.499,18.947,12.707,11.138,6.0253,9.9202,4.7957,4.4562,0.92926,11.024,6.9915,6.2398,4.7612,28.96,25.504,20.788,9.2488,8.5583,9.5429,11.345,15.525,9.434,0.95583,9.4643,8.6531,0.51198,0.21724,11.396,11.396,11.396,0.47944,13.295
126.41,126.41,123.21,123.21,155,139.54,139.54,116.68,361,198.68,198.68,148.67,294.66,294.66,212.17,212.17,184.96,184.96,172.49,172.49,40.654,24.793,23.204,12.253,58.303,48.751,29.701,21.903,42.519,13.975,13.585,7.7786,100.58,53.542,43.058,22.998,107.21,79.694,66.329,39.95,7.5351,10.143,13.193,18.037,9.3143,1.0566,10.144,7.4876,0.62997,0.17896,27.403,27.403,27.403,0.57486,34.312
110.37,110.37,105.52,105.52,202.81,202.81,187.4,187.4,249.59,249.59,238.41,238.41,271.46,271.46,243.62,243.62,191.72,191.72,177,139.35,41.747,16.208,14.626,14.171,37.96,20.912,14.011,6.4841,12.688,6.2732,5.3438,5.0718,11.568,7.9454,3.3055,2.5087,54.943,44.919,44.554,35.471,9.1833,9.913,13.547,16.323,9.1627,1.1018,10.022,9.2498,0.62889,4.6142,25.698,25.698,25.698,0.58772,26.53
69.967,69.967,62.527,62.527,92.246,92.246,90.079,90.079,262.81,262.81,218.63,218.63,115.67,115.67,107.63,107.63,143.88,143.88,127.11,127.11,32.374,28.727,21.266,17.917,22.689,12.017,9.0758,8.5124,14.739,13.213,11.714,9.9189,12.518,8.7587,8.5619,7.1451,80.077,30.613,19.952,13.577,5.1919,6.9442,8.8431,10.412,6.8052,0.99162,7.0053,5.2505,0.55407,4.7847,19.565,19.565,19.565,0.53471,38.034
76.645,76.645,60.54,60.54,98.218,98.218,97.144,97.144,129.23,129.23,126.98,126.98,146.57,146.57,124.07,124.07,110.98,110.98,76.282,76.282,25.148,20.302,15.829,15.692,23.13,17.865,16.984,11.746,10.837,9.4346,7.8739,4.4039,8.3337,6.7494,5.6178,5.2609,65.896,23.471,11.124,9.6525,3.6576,5.76,6.8443,9.193,6.8362,0.90376,5.5621,3.5764,0.51633,4.8138,13.425,13.425,13.425,0.46047,22.339
81,64.873,64.873,62.679,128.36,128.36,123,102.81,143.85,143.85,129,116.46,120,103.04,103.04,99.045,111,99.682,99.682,77.382,20.418,7.1008,5.8746,3.7201,33.569,22.671,14.029,9.8665,4.9604,4.0492,3.2961,3.1447,58.768,7.4977,6.1434,4.5474,91.675,82.347,71.526,60.985,5.7271,6.0406,8.2165,10.508,8.1254,1.0097,6.0355,5.5057,0.55484,4.1353,20.399,20.399,20.399,0.53729,30.248
69.232,69.232,56.807,56.807,124.94,124.94,117.53,117.53,133.43,133.43,107.55,107.55,168.73,168.73,154,153.59,137.54,137.54,132.43,132.43,23.932,15.098,14.773,11.695,28.943,13.156,8.5991,6.2112,8.7094,8.0937,6.1702,5.8495,9.0854,6.575,4.9845,4.7516,65.75,61.74,17.622,17.014,4.6428,6.6433,6.8069,9.7022,7.8074,1.0761,6.5626,4.58,0.5867,4.7085,16.374,16.374,16.374,0.53273,23.533
91.612,91.612,90.963,90.963,109.23,109.23,86.091,86.091,151.08,151.08,117.22,117.22,164,163.06,163.06,141.91,121.65,121.65,115.62,115.62,27.903,10.574,7.462,6.6654,27.276,20.835,14.928,13.413,15.052,12.971,10.521,4.8639,7.0175,5.9845,5.3268,5.2103,135.82,72.168,21.242,19.105,6.024,7.9303,11.073,10.072,8.1854,0.99846,7.9408,5.8277,0.58932,2.7444,22.156,22.156,22.156,0.53414,32.955
83.982,83.982,63.932,63.932,111.96,111.96,105.05,105.05,110.25,110.25,101.64,101.64,174.25,174.25,117.82,117.82,190.66,190.66,141.88,141.88,24.738,12.531,9.5316,8.7894,25.272,24.86,14.065,13.667,11.991,11.875,11.721,9.2427,60.23,20.63,12.971,9.7773,61.72,56.528,40.644,30.711,5.3769,8.8116,10.349,9.421,15.873,0.89679,8.8784,5.3155,0.51848,2.0046,21.332,21.332,21.332,0.45975,26.428
100.39,100.39,84.32,84.32,149.93,149.93,147.94,147.94,145.21,145.21,143.66,143.66,215.48,215.48,151,133.38,162.49,162.49,150.64,150.64,23.802,16.022,15.764,7.8523,31.951,31.393,27.346,23.696,12.474,12.001,8.6422,6.6018,16.754,13.275,10.524,9.3329,77.47,37.382,29.118,28.675,6.1536,8.1363,11.971,14.165,14.51,0.93245,7.8552,5.9299,0.56485,0.19133,23.802,23.802,23.802,0.50302,22.51
114.93,114.93,113.58,113.58,106.63,106.63,83.911,83.911,134.33,134.33,126.68,126.68,180.01,180.01,141.53,141.53,137.76,137.76,120.42,120.42,15.581,13.641,13.227,10.621,12.663,10.539,10.074,9.799,21.641,9.0287,1.4989,0.42109,12.496,11.365,5.8531,5.2484,34.616,28.977,16.705,7.4952,4.8967,4.2453,7.4729,9.7843,6.0406,1.1015,4.2563,4.703,0.63114,0.26402,20.073,20.073,20.073,0.59373,16.926
87.173,87.173,64,63.175,89.498,89.498,88.537,88.537,131.75,131.75,123.07,123.07,99.796,99.796,94.919,94.919,139.27,139.27,94.513,94.513,16.322,9.0919,6.6245,5.5405,22.926,21.317,16.825,12.558,9.935,8.6416,7.6503,3.0399,9.9314,9.1155,5.9435,5.2223,191.41,139.46,102.36,31.162,5.5237,3.7118,9.3773,7.2572,9.0086,1.0155,3.7268,5.4576,0.58895,0.22505,28.14,28.14,28.14,0.55668,45.463
107.61,107.61,107.1,107.1,112.75,112.75,71.02,71.02,92.838,92.838,88.921,88.921,118.41,118.41,117.75,117.75,156.68,156.68,139.9,139.9,31.009,27.77,12.905,8.34,25.216,19.129,14.126,12.905,26.742,19.375,13.691,7.1599,9.8743,7.4131,5.6862,4.7814,29.936,15.364,11.944,11.266,5.7639,7.2847,7.8768,12.447,6.6064,1.0096,7.1328,5.1319,0.57873,0.1471,14.918,14.918,14.918,0.52265,21.411
352.14,352.14,310.92,310.92,158.79,158.79,155.84,155.84,141.75,141.75,133.58,133.58,268.18,268.18,265.42,265.42,102.05,102.05,78.233,78.233,48.896,2.7375,1.8452,0.35506,68.57,37.75,22.738,3.6166,18.002,12.982,12.852,6.4445,27.853,17.581,15.236,9.5906,38.619,30.909,14.623,6.9601,26.842,29.958,30.626,26.178,33.911,0.92444,30.201,27.075,0.55388,2.0405,31.262,31.262,31.262,0.58599,36.031
176.78,176.78,175,168.11,153.18,153.18,124.66,124.66,120.65,120.65,119.74,119.74,132.05,132.05,125.97,125.97,100,68.528,68.528,67.59,7.2603,5.7856,5.2418,3.6836,104.92,27.714,19.956,11.507,12.172,2.8387,0.78837,0.61746,23.364,16.209,14.082,10.779,31.872,12.979,10.865,9.8492,22.103,24.836,18.431,17.935,22.928,0.78624,25.098,22.198,0.50799,0.10173,36.682,36.682,36.682,0.47929,34.776
144.26,144.26,140.31,140.31,145.33,145.33,135.78,135.78,140.22,140.22,138.52,138.52,245.99,245.99,227.23,227.23,154.94,154.94,139.23,139.23,27.458,11.714,11.137,9.7799,51.762,18.082,10.535,10.137,43.891,15.426,12.439,5.9115,27.723,21.561,18.78,17.583,18.606,15.25,11.821,9.6303,20.309,18.496,19.036,21.137,21.276,0.77885,18.306,20.463,0.41129,0.089561,32.166,32.166,32.166,0.42743,31.765
141.34,141.34,139.06,139.06,147.89,147.89,141.02,141.02,249.01,249.01,217.29,217.29,146.58,146.58,138,125.11,132.48,132.48,125.29,125.29,24.972,9.3433,3.7154,2.4438,52.918,50.825,25.815,18.926,37.765,31.52,7.2997,4.9233,20.045,18.749,18.522,18.302,161.35,39.924,27.035,24.626,20.757,19.841,30.516,23.014,21.071,0.82192,20.065,20.845,0.57554,0.14676,24.973,24.973,24.973,0.53151,63.432
86.339,86.339,83,80.065,100.66,100.66,87.819,87.819,136.23,136.23,109.75,109.75,143,140.37,140.37,104.62,108.12,108.12,104.36,104.36,14.594,3.9008,3.4163,2.5234,100.37,26.777,26.497,10.813,7.9069,5.1191,1.6236,0.58987,10.68,8.6527,8.307,5.2912,27.958,26.035,12.913,7.639,25.206,16.937,24.134,16.165,12.791,0.69662,16.702,25.399,0.37837,0.095516,52.444,52.444,52.444,0.38821,44.559
124.09,124.09,88.672,88.672,157.49,157.49,143,100.84,208.66,208.66,197.2,197.2,215.27,215.27,171.05,171.05,74,64.268,64.268,63.399,36.249,12.301,9.5977,7.0271,63.784,26.697,15.98,10.752,9.9774,5.0708,4.333,3.5512,28.991,27.774,16.331,13.626,17.344,10.138,7.3368,4.2681,19.697,18.08,30.271,26.155,21.841,0.64953,18.235,19.621,0.34095,0.083888,28.265,28.265,28.265,0.39292,32.345
297,233.14,233.14,185.35,212.67,212.67,206,169.15,292.9,292.9,256.96,256.96,370.83,370.83,302.38,302.38,134.16,134.16,103.12,103.12,80.519,19.007,9.1678,7.5162,83.429,56.68,53.029,36.585,13.536,9.115,5.2371,1.5209,40.992,32.475,29.945,21.817,104.02,59.728,35.85,33.602,24.12,22.609,32.685,29.841,21.854,0.73947,22.865,24.289,0.43555,0.084585,33.169,33.169,33.169,0.43085,42.101
315.12,315.12,251.15,251.15,172.84,172.84,126.4,126.4,332.41,332.41,285.11,285.11,282.42,282.42,273,259.46,135.49,135.49,128.5,128.5,121.45,60.568,42.636,33.861,78.562,29.699,28.363,19.835,59.581,6.4304,4.0955,1.0148,54.234,41.984,28.013,12.281,87.514,48.588,10.139,10.088,32.386,26.736,28.075,24.193,27.512,0.90581,27.023,32.695,0.45582,0.073951,48.9,48.9,48.9,0.49899,59.687
285.07,285.07,219.49,219.49,230.2,230.2,227.67,227.67,503,315.08,315.08,296.66,363.36,363.36,331.75,331.75,190.99,190.99,183.37,183.37,102.27,28.138,13.627,8.2161,124.01,28.979,17.572,4.5768,13.284,7.6159,5.8504,4.6193,23.445,22.043,18.449,12.908,92.512,60.455,59.273,26.585,33.608,27.397,28.318,24.608,33.433,0.82859,27.678,33.972,0.48863,0.086339,38.422,38.422,38.422,0.48862,76.119
208,191.79,191.79,185.25,226.34,226.34,199.04,199.04,188.36,188.36,158.63,158.63,233.11,233.11,226.88,226.88,102.61,102.61,96.194,96.194,62.191,36.613,29.713,14.589,97.411,84.068,41.038,36.801,8.4931,4.193,3.7435,1.5696,46.731,44.076,25.935,14.764,58.677,10.694,7.4266,6.079,29.348,13.526,25.489,20.347,12.186,0.62299,13.601,29.673,0.36141,0.22767,44.141,44.141,44.141,0.33648,43.911
69.623,69.623,62.507,62.507,243.35,243.35,210.26,210.26,295.66,295.66,287.89,287.89,327,202.52,202.52,185.88,116.13,116.13,107.64,107.64,24.57,17.409,11.002,3.4695,77.69,63.644,51.873,22.993,5.2946,5.1263,4.1318,3.7851,28.104,26.673,20.468,18.058,114.45,58.902,54.879,48.346,28.164,28.69,35.993,23.734,17.94,0.79349,28.215,28.407,0.40779,0.11555,62.907,62.907,62.907,0.41228,45.148
219.99,219.99,214.22,214.22,325,325,296.95,296.95,403.34,403.34,377.56,377.56,263.66,263.66,247.38,247.38,163.11,163.11,145.08,145.08,101.9,39.075,33.16,17.045,69.132,48.562,45.181,6.1825,29.155,25.276,17.496,11.09,52.733,32.333,28.242,25.189,56.358,51.073,35.497,13.226,29.105,27.682,32.95,37.982,29.924,0.77117,26.724,28.738,0.39431,0.09327,40.027,40.027,40.027,0.39279,43.348
110,80.61,80.61,78.055,329.91,329.91,328.77,328.77,300.35,300.35,238.4,238.4,357.22,357.22,304.13,304.13,191.79,191.79,164.3,164.3,97.294,66.148,12.379,11.833,54.127,45.614,30.93,3.5339,8.2577,5.2423,3.1125,2.22,66.39,39.735,32.816,31.091,72.902,29.42,13.83,12.715,25.785,27.272,29.086,35.316,24.023,0.75584,27.509,26.002,0.45042,0.1685,32.381,32.381,32.381,0.41241,42.143
120.87,120.87,105.09,105.09,278.83,278.83,266.05,266.05,311.26,311.26,306.55,306.55,282,274.22,274.22,271.59,98.514,98.514,86.982,86.982,34.761,27.497,11.944,8.0919,22.76,16.62,6.2937,5.2591,7.8101,7.119,5.666,2.0621,32.392,26.796,17.949,14.999,81.422,36.433,33.683,25.157,26.09,26.615,24.835,26.341,29.523,0.70435,26.115,26.381,0.56252,0.12118,40.986,40.986,40.986,0.42732,34.712
186.28,186.28,182.69,182.69,279.76,279.76,247,244.22,269.34,269.34,266.05,266.05,457,407.33,407.33,391.72,149.39,149.39,75.855,75.855,12.998,10.386,8.7577,6.6463,65.354,58.331,36.575,18.531,69.267,12.452,8.8908,6.1628,49.797,24.097,18.534,18.027,102.53,33.702,17.868,13.411,21.84,25.632,38.615,23.435,29.463,0.78628,24.936,21.378,0.40023,0.15651,38.131,38.131,38.131,0.47505,40.694
125.73,125.73,110.23,110.23,219.49,219.49,204.64,204.64,195.71,195.71,189.07,189.07,354.65,354.65,349.37,349.37,147.82,147.82,136.22,136.22,85.394,55.86,26.597,21.86,38.338,13.098,4.3167,3.3264,35.522,18.668,6.8217,2.1797,35.265,23.491,18.986,14.349,69.624,23.183,10.217,2.1075,23.625,33.314,25.719,24.156,29.389,0.81372,33.032,23.265,0.42334,0.1138,45.141,45.141,45.141,0.57593,42.509
165,128.05,128.05,127,280.75,280.75,258.79,258.79,310.46,310.46,251.16,251.16,228.28,228.28,223.22,223.22,124.22,124.22,106.82,106.82,35.297,26.901,19.069,7.8151,55.568,30.754,17.076,17.042,7.6326,5.9924,5.6806,2.8834,33.413,30.707,20.813,15.304,102.4,44.358,11.386,6.0193,29.329,27.313,30.428,37.489,21.895,0.64994,27.583,29.658,0.35492,0.14362,42.165,42.165,42.165,0.32697,28.349
144.92,144.92,135.11,135.11,262.07,262.07,256.22,256.22,286.09,286.09,264.12,264.12,330.08,330.08,269.78,269.78,153.57,153.57,144.69,144.69,98.123,32.478,13.564,11.828,29.174,28.607,14.447,12.477,28.691,10.759,10.086,9.5288,80.592,31.796,30.255,27.347,84.157,63.46,44.921,12.577,31.008,27.512,38.805,36.579,25.327,0.65727,27.808,31.246,0.35851,0.16427,52.69,52.69,52.69,0.35895,36.932
144.15,144.15,137.15,137.15,317.23,317.23,285.24,285.24,377,377,334.64,334.64,420.44,420.44,340.35,340.35,220,147.15,147.15,124.58,75.94,32.427,29.104,28.098,32.098,28.257,17.465,11.42,18.76,15.336,14.197,8.733,10.272,6.2684,6.1017,5.7845,107.31,83.232,14.818,14.501,34.585,18.316,31.665,42.999,26.664,0.64176,18.323,34.284,0.33335,0.14841,35.25,35.25,35.25,0.38276,54.919
46,45.853,45.853,38.345,83,49.48,49.48,43.876,95.2,95.2,64.782,64.782,46.422,46.422,39.36,39.36,77.546,77.546,57,35.365,7.8901,5.4539,2.1012,1.7805,9.5364,9.462,7.9045,7.5632,7.6146,5.0046,2.7941,0.5317,32.268,20.808,17.178,12.904,36.515,26.962,17.13,15.565,6.7741,4.1899,16.393,4.4572,3.9384,0.6979,4.1758,6.8,0.3367,0.25141,11.767,11.767,11.767,0.32478,14.099
46.95,46.95,44.919,44.919,43.456,43.456,38.431,38.431,77.629,77.629,65.414,65.414,49.79,49.79,41.189,41.189,83.487,83.487,79.893,79.893,9.2232,8.1747,6.0878,5.1584,16.986,14.002,4.1809,4.148,6.0271,1.6498,1.3536,0.71537,17.23,7.8524,3.9046,1.2774,26.85,20.926,11.579,11.385,17.596,4.1285,17.743,3.8759,2.8087,0.4709,4.1649,17.557,0.24371,0.21867,13.687,13.687,13.687,0.29073,17.427
63.134,63.134,58.901,58.901,91.499,91.499,91.243,91.243,153.79,153.79,142.23,142.23,90.276,90.276,81.854,81.854,90.823,90.823,73.773,73.773,23.253,7.8246,2.5048,2.158,25.169,22.284,11.456,4.6067,24.233,6.4714,3.2834,1.6455,45.024,27.361,23.414,19.542,36.294,29.645,20.402,18.812,7.9554,7.3756,8.332,4.874,4.0277,0.75472,7.2608,8.0408,0.35997,0.33131,22.758,22.758,22.758,0.37784,14.701
42.561,42.561,33.77,33.77,48.968,48.968,46.648,46.648,112,109.25,109.25,103.51,66.928,66.928,58.396,58.396,50.508,50.508,43.571,43.571,12.449,3.3055,1.8049,1.3975,44.501,29.035,21.14,7.3788,8.8331,5.6907,5.4583,3.3146,53.793,36.069,15.684,11.083,45.063,36.131,28.206,21.225,8.098,6.645,15.427,5.5618,4.0934,0.77241,6.679,7.8815,0.37312,0.28678,26.089,26.089,26.089,0.38336,16.765
46.123,46.123,43.707,43.707,70.969,70.969,61.192,61.192,134.7,134.7,121.75,121.75,50.267,50.267,46.833,46.833,62.361,62.361,50.898,50.898,11.832,6.483,4.6942,4.6483,5.8731,5.3537,5.158,2.6875,4.5548,4.289,3.9764,3.4412,21.278,19.063,9.2906,7.1947,30.669,25.041,20.851,19.275,8.531,10.339,20.398,6.3087,4.7399,0.75154,9.8502,8.5104,0.36546,0.22937,22.256,22.256,22.256,0.38402,13.215
40.35,40.35,40.238,40.238,75.226,75.226,65.793,65.793,105.36,105.36,98.056,98.056,86.626,86.626,77.055,77.055,61.462,61.462,58.618,58.618,24.143,7.9414,3.3243,3.1259,34.231,10.777,10.655,9.137,5.6336,3.5583,3.4992,2.3914,11.327,10.26,9.9183,9.1799,56.255,22.992,18.112,12.937,13.003,5.099,8.4024,8.9778,4.3282,0.73827,5.1535,12.693,0.35976,0.19256,26.597,26.597,26.597,0.33273,19.458
58,57.932,57.932,57.136,75.07,75.07,72.122,72.122,149,105.77,105.77,101.7,94.079,94.079,76.195,76.195,89.253,89.253,85,79.678,13.385,6.7889,1.847,1.3824,19.606,13.064,3.004,2.7839,2.6644,2.4691,1.8661,1.3996,20.856,19.233,15.329,13.336,49.238,45.495,26.425,14.242,8.5803,5.7291,8.7901,5.0354,3.4992,0.75362,5.757,8.6759,0.37789,0.18723,17.618,17.618,17.618,0.35698,15.546
46.066,46.066,42.229,42.229,89.549,89.549,87.898,87.898,152.83,152.83,147.68,147.68,56.001,56.001,51,50.229,81.59,81.59,73.324,73.324,17.291,9.474,7.0039,5.4205,18.538,10.829,4.7472,4.2648,14.645,3.2663,2.716,1.7827,10.443,6.9701,2.953,2.3062,32.651,30.707,25.049,22.512,9.3785,6.0259,8.2192,5.064,3.4992,0.76674,6.0056,9.4065,0.37572,0.17577,15.002,15.002,15.002,0.36948,17.848
43,32.378,32.378,28.589,70.879,70.879,67.527,67.527,191.73,191.73,182.98,182.98,43,34.88,34.88,24.855,58,48.689,48.689,37.884,4.097,1.2364,0.97809,0.89782,17.951,8.3811,5.5944,2.3312,1.6578,1.62,1.3794,1.3717,20.944,19.018,7.3395,4.0214,49.438,23.36,16.259,12.336,9.8443,5.6804,12.804,6.2734,4.2295,0.73817,5.512,9.9208,0.35633,0.15403,11.684,11.684,11.684,0.36894,12.429
50,33.12,33.12,31.3,88,56.232,56.232,41.591,85.65,85.65,85.561,85.561,48.764,48.764,48.569,48.569,105,55.59,55.59,47.078,20.409,1.7926,1.1987,0.76102,10.909,7.7077,7.5795,5.5776,4.0097,2.7522,1.8184,1.5422,29.372,22.263,19.945,15.743,61.252,15.555,12.682,10.003,10.383,5.6155,11.67,5.3083,3.6179,0.66199,5.3317,10.154,0.3367,0.15312,9.6255,9.6255,9.6255,0.35437,17.041
52.307,52.307,49,42.079,102.55,102.55,95.671,95.671,166.37,166.37,127.59,127.59,106.2,106.2,92.154,92.154,79,57.647,57.647,46.357,34.833,6.7601,6.1511,2.9236,11.988,7.3213,2.7558,1.7639,13.45,1.2297,1.0581,0.74283,12.401,11.173,9.7192,8.667,91.018,30.573,17.59,15.827,9.0603,7.6565,17.488,6.0019,4.0332,0.68008,7.6401,9.0021,0.34189,0.14514,10.933,10.933,10.933,0.32958,20.58
32,30.219,30.219,26.933,86,54.785,54.785,53.88,153,118.13,118.13,111.8,52,25.676,25.676,23.944,57.805,57.805,54.49,54.49,0.96372,0.5589,0.46051,0.41841,21.254,4.2705,3.9972,3.9214,8.6614,0.93288,0.89559,0.65358,10.022,2.7636,2.2067,1.3249,65.488,25.217,23.38,20.2,6.5862,4.4969,7.6681,4.7912,3.5528,0.68025,4.299,6.4611,0.33718,0.14112,19.658,19.658,19.658,0.31107,23.146
39.084,39.084,32.979,32.979,48.628,48.628,44.039,44.039,89.097,89.097,88.61,88.61,68,45.251,45.251,41.6,51.059,51.059,49.872,49.872,5.9865,3.4693,1.8835,1.7916,17.841,9.4756,8.898,7.8793,7.0744,5.1256,4.8683,2.5805,24.166,23.948,13.187,9.4277,63.931,23.55,15.468,14.265,7.1492,4.9148,5.8481,4.6092,4.0249,0.73865,4.9213,6.69,0.36317,0.096259,13.483,13.483,13.483,0.37275,14.416
60,39.551,39.551,35.093,125.93,125.93,122,112.14,61.972,61.972,61.634,61.634,81,54.826,54.826,54.285,57,43.171,43.171,41.935,4.458,3.5616,1.8443,0.77337,4.7368,4.5085,2.1751,0.65734,3.0259,2.7693,0.84416,0.74032,11.471,8.5979,7.707,3.1486,66.709,29.805,28.817,21.898,12.032,4.9103,9.4033,7.0111,4.8166,0.74598,4.8709,12.168,0.37872,0.094018,15.337,15.337,15.337,0.34992,18.628
47,32.847,32.847,28.474,58.826,58.826,52.335,52.335,106.23,106.23,96.284,96.284,46.941,46.941,42.923,42.923,62.812,62.812,57.675,57.675,12.861,5.2874,3.3346,3.1538,24.034,8.7966,7.2814,6.0995,6.7114,3.6987,1.7925,1.17,21.514,20.854,9.6609,7.7622,60.542,35.41,30.013,19.365,13.032,4.8051,9.4469,4.4146,4.2479,0.65117,4.6053,12.66,0.31113,0.08429,23.04,23.04,23.04,0.33901,15.678
59,41.062,41.062,34.051,54.814,54.814,54.133,54.133,76.752,76.752,74.206,74.206,102.32,102.32,87.618,87.618,79,60.727,60.727,53.683,12.654,7.5695,4.7753,4.5633,30.673,10.924,5.9609,0.71307,4.1444,2.9981,1.1155,0.56665,29.367,16.118,13.995,11.261,50.585,40.892,22.788,20.963,9.4469,4.397,8.4196,5.3645,4.4397,0.74609,4.2648,9.2746,0.37099,0.17763,29.548,29.548,29.548,0.36235,30.434
43,29.453,29.453,27.217,71,44.363,44.363,38.567,61.948,61.948,52.281,52.281,62,28.12,28.12,25.991,42.306,42.306,38.757,38.757,2.2114,1.3893,0.4934,0.31516,23.147,11.78,10.286,6.2192,5.203,0.65279,0.47705,0.46389,54.98,46.514,21.379,17.964,22.558,20.317,17.776,13.853,5.5478,3.084,10.017,3.4641,3.9299,0.73412,3.0238,5.3652,0.33671,0.16171,20.147,20.147,20.147,0.39213,16.917
29,23.516,23.516,18.65,63,61.018,61.018,54.885,54.145,54.145,48.138,48.138,41.311,41.311,37.58,37.58,43,38.868,38.868,38.679,2.5006,2.4632,2.1358,1.0009,13.65,12.901,8.6079,5.971,1.8813,1.5186,1.5142,0.98874,11.007,10.497,10.172,5.1449,66.196,26.115,12.799,11.985,8.592,2.9059,13.439,3.7859,2.9963,0.75588,2.8252,8.6816,0.3697,0.1616,19.336,19.336,19.336,0.35762,20.166
81,52.29,52.29,46.354,51.73,51.73,49.517,49.517,59.273,59.273,57.961,57.961,58.803,58.803,52,47.286,77,65.035,65.035,62.628,18.109,2.7874,0.83938,0.68904,25.896,19.282,9.4815,8.569,5.2721,5.0287,1.2181,0.2128,22.204,19.309,14.749,14.722,57.008,34.877,32.309,21.889,8.9554,3.4928,13.982,4.0277,3.6148,0.69905,3.5116,9.0559,0.32927,0.21776,19.545,19.545,19.545,0.34348,21.298
371.44,371.44,320.79,320.79,205.47,205.47,185.5,185.5,238.07,238.07,210.08,210.08,305.02,305.02,254.58,254.58,204.12,204.12,169.51,169.51,84.312,67.994,35.014,12.93,28.72,26.764,21.092,20.498,35.357,30.172,29.357,13.537,61.999,28.596,24.461,6.5769,57.721,45.386,32.072,27.386,14.976,5.2641,30.17,21.26,11.669,0.5502,4.7266,15.142,0.32032,0.12862,25.746,25.746,25.746,0.3143,25.975
322.17,322.17,269.21,269.21,122.78,122.78,118.55,118.55,195.01,195.01,184.97,184.97,268.75,268.75,257.76,257.76,99.951,99.951,97.819,97.819,64.977,51.558,46.4,26.614,23.029,19.812,10.933,9.5387,76.045,69.867,45.776,44.267,24.656,22.818,14.362,9.3735,14.945,8.2927,7.1575,2.2718,13.994,3.6908,32.137,16.382,7.776,0.64466,3.5058,14.048,0.34996,0.037992,15.123,15.123,15.123,0.38131,16.488
44,21.879,21.879,18.632,48.06,48.06,47.295,47.295,67.966,67.966,60.511,60.511,36,18.846,18.846,14.993,31,15.204,15.204,13.669,0.60685,0.28854,0.23891,0.21288,5.7098,5.4682,4.6099,4.5301,1.6772,1.4776,1.0289,0.8138,4.0592,1.1833,0.64339,0.49723,6.9213,2.2663,2.1113,0.85059,2.2559,2.3142,11.148,5.2641,1.5706,0.0013691,1.8285,2.0449,0.0030504,0.012688,3.3516,3.3516,3.3516,0.0042717,2.0066
247.06,247.06,223,152.28,112.47,112.47,110.07,110.07,209,157.54,157.54,148.42,96.646,96.646,80.91,80.91,166,133.76,133.76,103.82,17.259,16.051,12.006,9.0143,12.655,11.152,9.0515,8.6913,16.71,13.487,11.961,7.6483,60.683,47.84,33.851,30.335,11.262,3.0113,0.89196,0.47169,17.494,3.4641,34.179,24.207,15.518,0.51928,3.503,17.64,0.30696,0.043557,13.2,13.2,13.2,0.30559,13.846
351.38,351.38,294.96,294.96,140.38,140.38,128.48,128.48,186.71,186.71,182.23,182.23,152.74,152.74,150.39,150.39,192.98,192.98,175.86,175.86,74.354,10.227,10.099,2.4612,26.298,25.692,22.163,19.218,63.737,13.68,8.6354,8.0065,71.248,51.587,39.743,34.819,13.963,10.027,9.0522,8.6675,14.638,4.3128,39.371,22.978,13.106,0.76065,4.3406,14.715,0.39826,0.051126,16.048,16.048,16.048,0.3954,19.117
337.97,337.97,309,295.16,113.45,113.45,67.274,67.274,139,139,118.28,118.28,133.62,133.62,127.79,127.79,140.34,140.34,136.47,136.47,6.5572,5.9685,5.9489,3.7204,15.449,11.088,10.452,9.7213,44.08,40.46,26.757,24.599,37.902,22.918,20.95,18.524,85.683,43.288,42.079,14.894,17.297,4.5995,33.266,23.604,8.4301,0.77355,4.3774,17.287,0.40406,0.065012,14.551,14.551,14.551,0.42248,31.184
215.98,215.98,145.81,145.81,117.37,117.37,83.986,83.986,133.87,133.87,130,126.16,138.79,138.79,102.84,102.84,110.93,110.93,110.16,110.16,28.119,13.046,7.1133,4.7361,27.073,20.181,17.645,11.565,37.11,31.026,11.471,8.369,33.976,28.404,23.854,21.544,70.145,39.418,27.453,17.239,14.374,2.2161,24.271,13.702,5.194,0.61296,1.9519,14.512,0.31736,0.086722,18.493,18.493,18.493,0.32478,21.507
225.44,225.44,181.35,181.35,94.827,94.827,88.765,88.765,77.85,77.85,76.709,76.709,70.866,70.866,63.736,63.736,106.79,106.79,96.562,96.562,13.041,4.5991,2.4951,1.6356,52.526,47.284,18.764,9.8295,44.295,18.774,18.275,8.6838,17.668,5.7547,3.3817,1.2627,22.061,21.515,18.188,11.75,14.757,2.7849,13.394,13.478,7.0443,0.68473,2.5306,14.919,0.35219,0.034512,23.421,23.421,23.421,0.34991,13.093
139.7,139.7,138.76,138.76,94.154,94.154,73.519,73.519,92.774,92.774,66.563,66.563,53.652,53.652,47.898,47.898,116.2,116.2,91.724,91.724,7.0088,4.2635,4.1139,2.5292,10.491,10.467,8.0466,6.1363,47.039,18.646,7.8919,7.5284,29.316,23.965,21.968,9.3042,67.237,13.19,12.637,6.1616,10.975,1.6125,17.413,11.825,8.124,0.73395,1.5136,11.046,0.36732,0.053091,15.452,15.452,15.452,0.36586,14.248
70.699,70.699,66.544,66.544,53.196,53.196,46,41.56,110,95.081,95.081,79.309,51.67,51.67,44.981,44.981,79.083,79.083,74.497,74.497,10.067,9.5552,1.9685,1.5693,18.559,15.055,4.4573,4.4156,14.154,10.292,7.3528,6.6883,31.858,12.508,10.407,5.7138,40.098,17.48,10.984,6.9194,12.619,1.8738,23.095,6.5252,5.5877,0.64433,1.7532,12.75,0.33108,0.055386,16.278,16.278,16.278,0.38952,18.77
165.77,165.77,161.29,161.29,145.44,145.44,132.44,132.44,65.456,65.456,65.149,65.149,64.01,64.01,49.003,49.003,95,84.04,84.04,83.425,11.151,9.6213,5.7435,5.0523,19.987,19.675,7.2433,3.5433,39.86,35.82,28.566,16.509,50.073,36.28,34.438,16.862,26.506,15.549,6.7634,4.878,15.553,2.879,16.521,12.424,8.261,0.75704,2.7132,15.151,0.36289,0.055256,15.237,15.237,15.237,0.34501,13.559
301.23,301.23,271.44,271.44,93.26,93.26,81.123,81.123,142.49,142.49,115.12,115.12,92.346,92.346,81.599,81.599,51.95,51.95,50.258,50.258,6.0623,5.7769,4.4015,4.0554,45.55,12.877,7.4537,4.5939,40.798,24.436,23.974,7.9088,67.885,20.435,12.144,9.1811,40.78,26.453,14.688,14.08,13.357,2.3664,13.935,16.304,3.893,0.67716,2.2356,13.316,0.32268,0.047369,11.344,11.344,11.344,0.33903,15.534
178,140.99,140.99,112.14,73.723,73.723,64.819,64.819,86.861,86.861,84.729,84.729,55.948,55.948,51,48.552,92,78.187,78.187,73.914,2.8376,2.4353,2.2574,2.2243,32.838,15.45,8.2758,7.7776,10.137,8.7757,5.5308,0.54874,60.932,24.301,23.538,17.471,76.338,43.889,20.374,20.156,18.883,4.4247,22.538,14.508,8.3213,0.68624,4.4543,19.093,0.34519,0.025361,20.369,20.369,20.369,0.34889,16.595
266.35,266.35,258.26,258.26,138.78,138.78,134.17,134.17,107.14,107.14,96.037,96.037,72,67.364,67.364,65.91,129.27,129.27,126.17,126.17,22.825,4.0312,1.1016,0.6741,34.606,23.486,17.307,11.352,74.701,14.137,4.5153,4.3563,16.212,14.852,9.8366,6.2138,28.468,21.718,21.587,15.284,13.751,2.5254,24.907,18.967,5.6115,0.5844,2.1549,13.847,0.33044,0.031012,19.653,19.653,19.653,0.33512,15.778
128.82,128.82,111.49,111.49,79,69.884,69.884,68.485,134,90.573,90.573,85.13,65.184,65.184,51.019,51.019,104,96.709,96.709,88.837,19.613,5.2626,1.764,1.1845,24.069,4.0706,2.4316,1.6611,23.991,21.543,17.516,11.754,31.296,28.208,26.11,23.605,16.176,16.035,15.892,12.386,17.297,2.6708,29.206,15.161,7.6012,0.7095,2.3273,17.239,0.36036,0.072975,18.901,18.901,18.901,0.35632,15.218
89.345,89.345,82.45,82.45,78.174,78.174,74.304,74.304,119.65,119.65,110.65,110.65,44.32,44.32,43.743,43.743,104.71,104.71,80.818,80.818,4.8904,4.8744,4.6844,2.3145,15.613,5.0029,3.7686,0.91791,15.95,10.613,8.7593,6.3455,49.487,29.786,25.354,14.515,40.344,20.863,18.613,8.2731,14.456,2.3333,22.387,9.6471,4.182,0.80914,2.0101,14.613,0.38681,0.11279,11.043,11.043,11.043,0.39083,14.769
258.59,258.59,213.86,213.86,68.129,68.129,56.873,56.873,103.51,103.51,82.922,82.922,43.688,43.688,31.605,31.605,81.311,81.311,75.298,75.298,4.9466,4.7615,4.5393,2.7875,39.219,32.008,19.486,15.078,24.138,23.281,23.088,22.582,45.715,30.885,30.212,18.814,31.79,23.162,18.171,16.611,17.639,2.6791,24.102,11.727,8.4275,0.66891,2.4551,17.477,0.33959,0.08343,10.586,10.586,10.586,0.35877,13.92
172.62,172.62,171.64,171.64,84.053,84.053,58.028,58.028,96.949,96.949,81.915,81.915,32.901,32.901,28.992,28.992,84.645,84.645,81.272,81.272,6.103,4.1768,1.4855,1.3804,26.336,17.035,10.956,8.4776,33.99,23.903,21.986,14.214,14.881,13.818,11.891,7.7868,40.51,36.513,23.974,16.518,13.818,2.6331,22.34,12.835,5.1034,0.68439,2.2962,13.958,0.34403,0.053019,18.833,18.833,18.833,0.37689,14.206
181.45,181.45,157.7,157.7,70.741,70.741,59.142,59.142,89.363,89.363,88.255,88.255,53,33.096,33.096,32.445,142,99.638,99.638,90.894,5.1878,3.5707,2.9553,2.461,53.818,16.874,15.4,14.374,16.843,15.532,14.242,13.175,24.817,13.664,10.659,10.578,34.542,31.516,15.008,11.074,20.311,3.3333,16.527,15.019,5.2451,0.77003,3.2725,20.536,0.37347,0.053247,8.2284,8.2284,8.2284,0.3617,13.42
155.95,155.95,134.01,134.01,98.266,98.266,89.251,89.251,99.234,99.234,91.763,91.763,67,36.934,36.934,34.248,106.35,106.35,86.489,86.489,5.1118,1.8233,0.80271,0.76811,33.3,18.707,15.277,11.987,26.915,24.251,17.348,11.83,27.915,14.618,11.223,6.5506,31.303,19.701,13.255,7.4238,17.062,3.6757,32.418,9.6506,6.9394,0.61346,3.6282,17.234,0.30324,0.11239,9.8845,9.8845,9.8845,0.31128,12.63
190.04,190.04,145.7,145.7,165.76,165.76,92.871,92.871,103.37,103.37,79.87,79.87,45.97,45.97,40.509,40.509,149,119.33,119.33,112.13,5.7893,4.6109,2.4933,1.6087,43.211,34.545,32.509,23.365,27.079,23.785,16.381,13.784,42.84,35.592,24.584,22.817,14.867,12.42,10.851,10.231,25.65,3.4609,27.363,23.308,8.3772,0.68699,3.0163,25.667,0.35932,0.050123,10.177,10.177,10.177,0.37131,11.738
104.57,104.57,85.935,85.935,98.911,98.911,98.237,98.237,101.62,101.62,85.35,85.35,33,30.947,30.947,30.321,95.302,95.302,75.107,75.107,2.1853,1.3987,1.0509,0.78493,29.296,15.159,12.874,11.373,14.727,7.6798,7.4996,5.6287,20.46,16.546,15.079,13.045,34.519,27.902,11.072,11.049,13.282,2.7769,17.733,16.952,5.381,0.71245,2.6528,13.43,0.36422,0.11762,9.6487,9.6487,9.6487,0.35797,12.552
125.32,125.32,115.27,115.27,121.86,121.86,119.33,119.33,93.2,93.2,67.289,67.289,68,49.434,49.434,37.78,81.815,81.815,78.791,78.791,2.9349,2.7031,1.9423,0.71659,58.689,39.157,28.563,19.899,9.1522,8.8372,7.3528,5.6897,27.352,22.071,18.292,14.285,33.35,24.947,23.209,17.236,15.578,2.7487,17.266,13.646,7.8881,0.6677,2.7432,15.749,0.3433,0.17977,14.168,14.168,14.168,0.36292,13.831
139.56,139.56,117.1,117.1,82.829,82.829,81.968,81.968,118.96,118.96,100,85.124,35.346,35.346,28.898,28.898,110.83,110.83,109.29,109.29,4.3303,4.0701,3.9488,3.7634,21.876,19.006,16.82,13.385,19.755,17.231,14.482,14.174,33.425,24.103,23.497,15.577,31.941,21.34,7.8428,4.1466,15.296,2.3476,19.976,15.724,5.6352,0.72054,2.0666,14.473,0.38376,0.11119,11.911,11.911,11.911,0.39087,14.088
182.17,182.17,160.24,160.24,45,43.234,43.234,38.779,96.576,96.576,86.184,86.184,44,26.737,26.737,25.06,102.1,102.1,98.96,98.96,2.6569,1.3353,0.30805,0.087033,30.486,23.494,20.486,19.85,5.8777,4.9405,3.3981,2.7485,17.428,16.137,10.319,9.1203,33.104,21.395,19.524,15.062,20.169,2.3142,21.655,12.764,5.8954,0.68496,1.8968,20.372,0.36125,0.11682,26.07,26.07,26.07,0.37367,16.34
218.91,218.91,209.45,209.45,89.888,89.888,82.038,82.038,57.477,57.477,39.773,39.773,79,62.519,62.519,59.355,130,122.88,122.88,86.111,4.2406,2.7459,1.5692,1.3713,24.187,23.095,13.281,8.3641,32.566,30.25,0.57498,-0.34915,18.764,18.2,17.115,17.068,30.871,25.599,12.687,9.3703,15.898,2.6541,20.275,10.339,5.4813,0.74747,2.4863,16.05,0.3883,0.11371,17.001,17.001,17.001,0.41994,14.891
155.85,155.85,150.43,150.43,83.812,83.812,83.484,83.484,212.26,212.26,199.08,199.08,324.44,324.44,286.15,286.15,153.8,153.8,130.42,130.42,62.354,60.032,24.53,15.471,64.067,58.445,13.104,11.316,28.944,9.9611,7.2287,4.3699,24.049,20.385,17.557,11.33,157.07,130.87,112.98,47.562,12.747,11.232,15.194,11.775,6.8815,0.81052,11.111,12.566,0.40609,0.39744,39.371,39.371,39.371,0.38624,52.652
162.44,162.44,162.25,162.25,72.086,72.086,70.693,70.693,184.3,184.3,152.57,152.57,181.99,181.99,163.48,163.48,213.04,213.04,192.6,192.6,47.562,32.119,31.904,14.826,21.579,15.21,14.028,5.6624,24.18,23.573,23.16,16.952,11.267,5.3273,5.1841,4.8087,143.1,138.55,131.17,18.128,6.1337,19.085,12.589,6.1174,8.8204,0.8103,18.239,6.12,0.3778,0.36043,34.373,34.373,34.373,0.33957,39.285
109.51,109.51,97.15,97.15,97.196,97.196,85.11,85.11,214.78,214.78,134.39,134.39,165.15,165.15,160.33,160.33,123.3,123.3,115.79,115.79,32.836,18.729,13.274,10.393,59.01,21.714,20.268,14.387,15.019,9.5128,8.7174,6.9126,20.362,10.558,9.4019,3.3942,141.52,132.76,76.361,40.628,9.5172,7.6811,15.258,9.8916,7.7574,0.7698,7.7442,9.5979,0.34258,0.39869,26.889,26.889,26.889,0.32917,42.752
79.126,79.126,74.64,74.64,74,55.002,55.002,45.565,109.28,109.28,107.12,107.12,168.49,168.49,138.52,138.52,118.76,118.76,109.7,109.7,25.108,23.737,23.413,19.281,24.017,23.623,22.202,20.24,13.321,13.27,3.3668,2.9731,20.176,13.413,12.636,11.518,138.95,119.11,111.77,39.132,4.9306,8.7203,7.8585,6.0129,6.7741,0.7752,8.8024,4.9813,0.34687,0.3,32.203,32.203,32.203,0.32743,46.839
79,78.067,78.067,65.4,71.136,71.136,53.951,53.951,127.02,127.02,113.32,113.32,83.211,83.211,83.068,83.068,91.872,91.872,83.452,83.452,22.735,10.736,6.9303,5.1334,69.541,45.103,33.608,18.867,5.8262,5.6262,5.5335,4.8771,15.627,14.647,11.207,10.314,132.18,129.86,124.12,68.896,6.3386,12.74,12.582,9.0933,7.3696,0.80763,12.385,6.2254,0.36638,0.48232,32.078,32.078,32.078,0.35166,47.65
66.43,66.43,62.767,62.767,37,31.599,31.599,25.428,95.878,95.878,86.908,86.908,73.365,73.365,73.101,73.101,97.991,97.991,92.975,92.975,4.974,4.9392,3.6287,3.0253,29.436,27.994,12.173,12.132,6.4726,2.9526,0.83252,0.56295,18.28,8.956,6.4025,3.8248,116.53,115.31,112.38,38.026,6.8313,9.6113,20.524,8.3213,6.1192,0.79563,9.6228,6.8307,0.37208,0.44133,26.858,26.858,26.858,0.34324,40.632
87,75.357,75.357,68.129,56.004,56.004,48.21,48.21,154.45,154.45,125.47,125.47,210,181.63,181.63,150.5,99.378,99.378,88.32,88.32,22.192,5.8484,4.8553,1.1659,27.269,26.904,14.042,11.712,19.886,1.3857,0.33481,0.24507,10.835,9.743,5.3754,3.7396,164.28,131.07,128.62,32.019,8.6538,16.942,13.904,8.3573,7.6855,0.83652,16.752,8.7475,0.39128,0.51043,33.752,33.752,33.752,0.36563,51.785
68.106,68.106,66.49,66.49,81.066,81.066,59.042,59.042,119.78,119.78,105.73,105.73,177.47,177.47,155.09,155.09,99.083,99.083,81.68,81.68,22.473,20.748,9.9356,2.6827,35.075,25.201,19.127,12.782,15.958,14.335,5.4542,2.0041,17.872,11.58,8.7128,6.4726,121.34,106.22,84.432,82.789,6.8912,7.306,9.4739,8.3093,6.4893,0.7689,7.2472,6.9342,0.35896,0.44543,28.362,28.362,28.362,0.32423,41.302
56.124,56.124,51,46.774,39.442,39.442,26.681,26.681,106.14,106.14,93.056,93.056,109.84,109.84,96.783,96.783,103.08,103.08,85,83.691,44.466,6.7373,6.6957,3.5429,32.32,30.183,23.309,17.072,9.0691,6.4882,6.1266,3.2745,9.9238,7.5435,3.5192,2.3123,118.54,111.53,104.03,69.193,6.8912,6.6232,14.137,7.8627,6.1192,0.75271,6.4646,6.9138,0.35846,0.34839,29.477,29.477,29.477,0.31727,40.622
71,66.742,66.742,53.02,66,32.498,32.498,27.423,70,62.302,62.302,61.217,79,30.566,30.566,23.091,146.67,146.67,140.4,140.4,1.2146,0.51146,0.39474,-0.073637,20.625,16.349,14.787,10.457,4.3491,3.2925,2.6261,2.5509,7.1651,4.9653,2.4925,2.1918,132.58,99.871,63.518,32.801,4.1873,11.534,14.208,5.2366,6.941,0.66398,11.638,4.2274,0.31578,0.26479,29.629,29.629,29.629,0.28822,36.416
64.617,64.617,55.273,55.273,67,38.507,38.507,24.269,76.828,76.828,57.663,57.663,99,57.248,57.248,54.694,148.7,148.7,120.23,120.23,4.4982,3.5061,2.5768,1.3672,74.802,26.063,22.653,16.028,10.863,5.6579,2.6267,0.5654,10.428,8.8492,6.7464,6.2554,112.5,93.378,82.334,74.674,5.379,12.981,10.771,5.5176,6.7872,0.69531,13.128,5.1181,0.31302,0.45979,26.158,26.158,26.158,0.28691,36.869
60.553,60.553,50.052,50.052,46.063,46.063,31.368,31.368,79.348,79.348,70.433,70.433,40.788,40.788,30.273,30.273,61.26,61.26,59.773,59.773,3.8173,3.2371,2.8831,1.7834,38.46,33.106,31.67,24.361,5.8741,5.2241,4.4484,3.4055,24.519,8.2902,7.8671,6.8861,116.31,100.16,89.495,72.353,8.0139,14.404,9.27,6.2716,7.7531,0.73416,14.188,8.0439,0.34792,0.35112,25.719,25.719,25.719,0.33515,37.402
72.686,72.686,71.106,71.106,78.581,78.581,77.592,77.592,157.57,157.57,155.45,155.45,294.95,294.95,254.49,254.49,170,170,162.97,162.97,44.604,31.563,21.88,17.055,60.681,37.96,33.143,23.855,14.934,6.1812,1.8225,1.2397,38.704,4.996,4.4147,3.6091,125.02,120.12,111.78,42.491,9.7022,11.593,9.639,8.5894,7.353,0.73799,11.724,9.8035,0.34365,0.38085,29.437,29.437,29.437,0.32533,40.562
91.129,91.129,85.457,85.457,88,46.835,46.835,46,139.81,139.81,100.19,100.19,256.99,256.99,246.03,246.03,92,81.715,81.715,60.464,39.585,22.958,12.174,7.7267,49.098,47.883,33.366,14.052,9.3408,5.7368,5.7187,5.1811,16.66,10.216,6.0063,2.595,143.04,110.03,108.37,39.803,6.8166,14.838,11.393,8.328,6.917,0.74094,14.869,6.8123,0.36539,0.35236,31.3,31.3,31.3,0.322,42.569
136,54.1,54.1,47.923,44,29.864,29.864,29.615,71.568,71.568,71.338,71.338,79,54.52,54.52,53.361,125,86.625,86.625,76.274,20.991,3.7062,0.39103,0.26493,28.187,12.751,12.622,5.6494,4.898,1.328,0.60869,0.43835,7.9316,5.8789,2.3023,2.1104,162.16,125.54,105.67,22.059,8.7572,10.4,18.623,9.5801,6.5286,0.74991,10.5,8.7272,0.33914,0.36106,32.899,32.899,32.899,0.30142,41.98
71.139,71.139,58.635,58.635,40.698,40.698,40.691,40.691,138.89,138.89,94.987,94.987,190.61,190.61,184.95,184.95,112.92,112.92,85.465,85.465,51.815,8.8489,7.4566,7.1536,36.702,25.809,25.016,22.678,17.873,8.4283,3.6103,2.252,21.522,19.315,13.489,8.709,164.03,121.3,112.7,98.261,8.4288,14.067,11.183,7.6172,6.7049,0.82067,13.842,8.1645,0.37674,0.45033,32.654,32.654,32.654,0.33434,48.318
111,49.343,49.343,42.364,66,34.706,34.706,34.301,132.05,132.05,103.12,103.12,144.05,144.05,137.49,137.49,181,106.28,106.28,68.184,15.52,1.7524,1.244,0.55393,25.836,14.409,14.07,10.543,1.1821,0.75872,0.089053,0.020734,10.936,8.1738,7.9875,2.8724,171.56,125.1,104.49,99.842,6.1824,5.6823,16.317,6.1752,4.3767,0.81835,5.7232,6.1806,0.37357,0.44654,35.583,35.583,35.583,0.3147,47.772
48.111,48.111,47.76,47.76,31.632,31.632,29.233,29.233,77.782,77.782,75.944,75.944,156.48,156.48,146.07,146.07,78.737,78.737,54.683,54.683,70.162,27.449,12.754,3.9501,39.069,27.242,23.525,21.09,15.476,10.767,3.3428,2.1683,13.153,12.584,9.9183,6.1398,206.65,148.73,99,68.41,6.554,10.496,16.243,9.5615,8.6358,0.81732,10.424,6.4442,0.36319,0.46245,41.388,41.388,41.388,0.32923,51.123
127.2,127.2,119,116.66,527.27,527.27,479.77,479.77,230.61,230.61,228.26,228.26,358.28,358.28,299.11,299.11,203.02,203.02,174.53,174.53,122.89,80.207,24.836,18.326,130.58,122.13,91.375,88.602,21.868,17.484,7.1785,7.1047,106.94,77.4,50.981,41.336,22.566,17.331,13.606,10.555,24.345,35.068,39.122,37.921,28.32,0.45385,35.161,24.617,0.3556,0.13613,10.114,10.114,10.114,0.32468,8.3516
133.09,133.09,129.08,129.08,354.93,354.93,282.46,282.46,265.02,265.02,230.26,230.26,324.85,324.85,289.96,289.96,216.17,216.17,209.67,209.67,76.015,45.769,21.297,15.09,87.283,85.768,76.013,70.46,35.43,9.6779,6.3558,6.0005,112.13,57.558,54.923,52.969,38.435,30.139,25.222,23.806,24.302,26.4,40.116,38.03,23.208,0.48563,26.096,24.503,0.26719,0.21215,7.2071,7.2071,7.2071,0.27497,12.823
121.49,121.49,106.3,106.3,501.41,501.41,473.27,473.27,345.94,345.94,290.69,290.69,458.84,458.84,432.92,432.92,227.25,227.25,176.85,176.85,54.153,46.862,27.069,21.282,157.81,79.128,57.736,12.133,24.459,14.437,9.3392,8.5279,89.454,78.59,63.608,42.193,37.666,25.891,25.809,20.667,26.513,32.964,36.912,47.275,32.237,0.45392,33.303,26.478,0.33839,0.17946,14.973,14.973,14.973,0.3098,16.352
108.9,108.9,105.19,105.19,528.58,528.58,503.46,503.46,474.89,474.89,453.37,453.37,215.59,215.59,213.59,213.59,177.12,177.12,153.16,153.16,24.192,20.343,13.872,5.814,131.48,75.02,65.627,63.324,23.859,14.663,9.0157,6.9899,57.582,28.884,27.533,21.165,41.707,34.915,28.448,18.195,23.728,42.665,38.213,45.794,30.693,0.5508,43.024,23.443,0.28928,0.26051,15.267,15.267,15.267,0.32818,18.401
223.99,223.99,223.72,223.72,561.96,561.96,448.57,448.57,681,288.95,288.95,272.92,360.45,360.45,343.76,343.76,301.15,301.15,249.88,249.88,84.766,71.596,45.54,18.282,154.11,74.368,69.628,48.158,48.022,13.101,12.28,6.9518,112.57,47.255,46.912,28.49,58.433,41.142,9.304,8.901,25.729,37.598,38.993,48.667,25.349,0.6596,38.021,24.426,0.33424,0.29087,15.392,15.392,15.392,0.37629,19.657
204.93,204.93,175.21,175.21,516.3,516.3,508.78,508.78,186,183.68,183.68,181.46,205.84,205.84,204.77,204.77,499,367,367,290.94,26.658,15.918,8.9849,5.7197,50.513,41.464,32.471,15.775,43.231,33.025,5.4203,3.516,72.891,63.027,51.108,47.632,30.881,25.613,23.86,17.161,21.581,24.093,31.349,43.078,23.46,0.6078,23.989,20.535,0.31855,0.24582,13.135,13.135,13.135,0.35182,21.544
126.58,126.58,126.22,126.22,324.02,324.02,309.89,309.89,338.87,338.87,311.69,311.69,257.71,257.71,241,241,220.89,220.89,183.72,183.72,43.734,40.41,38.665,20.675,102.31,46.418,45.809,42.203,20.149,16.49,16.267,14.999,114.43,64.585,41.418,38.851,29.588,18.489,17.04,4.5826,21.064,41.299,31.352,38.073,27.035,0.62512,41.469,21.228,0.32483,0.26056,10.233,10.233,10.233,0.34439,17.271
152.88,152.88,143.23,143.23,374.19,374.19,371.68,371.68,400.57,400.57,352.43,352.43,185.65,185.65,171.85,171.85,237.83,237.83,224.52,224.52,22.431,21.048,18.712,12.599,41.163,26.687,19.508,14.34,16.581,12.644,11.433,9.4536,71.56,43.225,32.943,31.998,49.091,45.513,32.706,31.921,24.02,29.686,39.029,47.467,27.341,0.5669,29.615,24.23,0.30594,0.19918,13.98,13.98,13.98,0.32145,22.147
181.05,181.05,174.47,174.47,595.38,595.38,517.67,517.67,353.32,353.32,335.79,335.79,251.39,251.39,236.64,236.64,287.09,287.09,286.03,286.03,36.254,36.077,30.12,8.5366,117.2,98.027,66.705,30.162,46.026,31.817,15.789,14.944,81.861,47.492,35.243,21.103,32.21,26.434,24.988,19.216,35.847,37.71,42.55,49.302,30.283,0.4695,37.717,36.144,0.27363,0.15699,15.668,15.668,15.668,0.28349,19.546
317,252.55,252.55,208.71,574.8,574.8,459.86,459.86,417.94,417.94,342.03,342.03,441.07,441.07,429.36,429.36,267.8,267.8,212.53,212.53,56.028,47.836,44.611,15.174,165.92,146.74,105.67,82.145,15.289,11.91,10.718,6.5472,111.55,51.729,47.171,41.424,22.078,19.322,6.5698,4.927,35.051,33.925,42.612,46.249,37.067,0.58843,34.305,35.425,0.2991,0.21287,18.214,18.214,18.214,0.31538,17.684
133.21,133.21,131.24,131.24,663.71,663.71,532.59,532.59,451.31,451.31,415.82,415.82,223.77,223.77,212.81,212.81,287.22,287.22,220.66,220.66,69.198,50.892,26.157,12.051,92.933,90.164,71.265,54.524,38.756,25.662,12.197,8.5961,81.589,67.117,53.953,44.053,23.9,15.175,10.138,8.3834,30.486,31.372,42.648,50.872,31.939,0.65481,31.517,27.457,0.3277,0.25717,11.949,11.949,11.949,0.34958,15.747
162.8,162.8,136.37,136.37,478.8,478.8,458.9,458.9,239.63,239.63,212.28,212.28,140.57,140.57,130.87,130.87,225.25,225.25,211.83,211.83,38.49,16.838,15.165,15.161,81.049,71.028,35.202,10.775,27.375,22.461,19.136,18.442,77.059,57.108,19.711,14.107,27.021,24.97,12.146,5.2766,24.64,33.42,30.629,42.968,30.019,0.50163,33.626,24.542,0.26265,0.1696,12.003,12.003,12.003,0.28094,16.874
181.78,181.78,173.99,173.99,479.89,479.89,426.28,426.28,296.93,296.93,284.86,284.86,173.56,173.56,171.99,171.99,296.16,296.16,271.81,271.81,13.732,12.857,12.437,11.346,115.32,67.273,35.739,32.881,40.798,20.043,14.699,12.929,71.535,34.464,27.869,26.084,35.776,13.472,12.561,7.3285,25.038,37.885,32.12,40.073,24.987,0.57623,38.14,25.277,0.28062,0.17236,12.039,12.039,12.039,0.2951,17.866
158.84,158.84,155.38,155.38,457.49,457.49,401.76,401.76,229.26,229.26,224.43,224.43,196.26,196.26,153.33,153.33,357.2,357.2,246.32,246.32,34.349,28.843,19.746,19.521,110.18,77.472,68.01,62.623,33.332,27.671,23.988,22.469,115.8,96.064,60.978,43.811,29.943,29.634,8.247,5.9523,23.196,30.337,37.651,58.631,24.465,0.83023,30.635,23.171,0.29385,0.91596,9.6297,9.6297,9.6297,0.30968,14.737
155.91,155.91,129.05,129.05,549.12,549.12,498.08,498.08,402.09,402.09,357.81,357.81,202.61,202.61,199.12,199.12,237.48,237.48,190,168.22,60.643,27.197,12.853,10.917,97.448,94.221,86.745,73.95,22.277,16.823,11.185,7.5579,63.617,19.093,14.493,13.73,18.778,18.765,13.805,11.409,27.52,32.234,27.33,47.642,21.822,0.47513,32.481,27.645,0.24317,0.11843,10.586,10.586,10.586,0.24773,12.713
233.09,233.09,200.45,200.45,726.96,726.96,581.75,581.75,446.43,446.43,408.2,408.2,320.06,320.06,275.21,275.21,298.93,298.93,280,280,45.789,33.864,26.148,18.496,82.121,82.097,31.949,27.124,19.451,9.6748,8.0111,7.1255,81.898,44.127,27.643,26.037,43.896,32.797,11.04,8.9002,23.178,42.597,38.884,34.783,29.018,0.67617,42.186,23.289,0.33751,0.16375,14.165,14.165,14.165,0.34594,19.282
143.27,143.27,111.25,111.25,418.81,418.81,413.7,413.7,354,336.88,336.88,274.52,266.47,266.47,214.22,214.22,266.88,266.88,203.05,203.05,20.666,19.539,14.447,5.1655,67.541,60.934,58.726,50.534,24.964,11.103,7.7318,6.407,70.548,55.575,32.65,30.545,30.339,29.982,12.452,8.1157,25.257,45.591,51.546,49.589,26.73,0.65119,45.792,25.443,0.32763,0.14282,8.2293,8.2293,8.2293,0.35485,13.88
204.03,204.03,177.21,177.21,666,507.74,507.74,486.92,250.93,250.93,228.99,228.99,330.98,330.98,299.81,299.81,266.45,266.45,238.61,238.61,101.53,67.027,58.365,52.02,120.34,71.314,46.222,24.088,53.176,28.59,20.76,13.425,45.465,37.747,35.238,19.996,21.113,11.577,7.8437,6.05,32.379,34.643,40.412,44.148,32.052,0.69914,34.984,31.819,0.33215,0.25842,13.576,13.576,13.576,0.37409,15.381
140.38,140.38,124.65,124.65,539.25,539.25,526.18,526.18,344.84,344.84,335.84,335.84,277.72,277.72,219.59,219.59,231.1,231.1,229.81,229.81,54.645,47.979,25.293,23.62,157.25,119.77,51.308,44.197,21.584,21.235,18.04,17.062,66.475,63.693,57.715,51.858,11.734,9.3811,9.1394,5.575,28.694,32.332,35.412,48.915,29.49,0.49908,31.803,28.586,0.25444,0.16698,11.067,11.067,11.067,0.30017,13.606
168.74,168.74,103.63,103.63,665.35,665.35,647.69,647.69,311.28,311.28,280.76,280.76,137.96,137.96,124.97,124.97,240.26,240.26,214.89,214.89,29.19,20.948,20.093,10.155,150.65,106.25,81.083,73.027,27.967,20.413,18.385,17.339,70.738,66.902,41.718,40.135,27.013,10.579,5.4204,4.9363,24.637,39.897,42.314,41.832,26.075,0.52958,38.501,24.005,0.24769,0.16323,7.8446,7.8446,7.8446,0.27112,12.282
255,237.48,237.48,188.06,513.53,513.53,434.31,434.31,422.26,422.26,275.34,275.34,220.62,220.62,123.93,123.93,375,305.72,305.72,236.97,17.812,15.088,14.865,10.061,110.1,77.912,60.651,19.306,24.01,17.104,15.156,5.7077,125.04,85.568,70.127,55.721,42.749,19.616,18.262,9.2883,28.624,25.618,44.45,53.017,30.13,0.52124,25.907,28.761,0.29078,0.12265,14.187,14.187,14.187,0.32952,15.901
123,120.44,120.44,113.69,202.44,202.44,174.13,174.13,166.55,166.55,141.73,141.73,90.15,90.15,89.716,89.716,63.241,63.241,50.228,50.228,15.101,2.2103,1.4665,0.79314,24.096,12.753,6.7403,2.9685,11.719,4.3128,3.7556,3.4555,27.234,3.5362,3.3701,1.9514,53.394,34.403,11.374,10.593,3.893,9.6586,5.0728,6.0424,11.576,0.72191,9.6173,3.936,0.37009,0.070674,12.599,12.599,12.599,0.4609,18.79
174.85,174.85,156.22,156.22,266.64,266.64,245.06,245.06,256.08,256.08,237.49,237.49,155.41,155.41,152.48,152.48,58.343,58.343,57.385,57.385,47.518,10.669,10.174,4.3537,13.53,11.752,10.901,8.7451,17.848,10.084,9.7543,7.7931,17.752,8.9369,2.8656,1.8165,39.027,34.66,30.336,29.455,5.3748,10.779,5.4813,8.8066,14.237,0.71258,10.882,5.1137,0.35536,0.081985,13.911,13.911,13.911,0.32002,17.935
107.39,107.39,104.13,104.13,175.66,175.66,146.87,146.87,221.25,221.25,208,196.41,189.54,189.54,181.19,181.19,36.667,36.667,35.95,35.95,76.638,11.745,11.464,3.4016,52.919,7.0612,6.1453,3.0292,23.776,20.678,9.9167,9.4508,17.835,6.4738,4.8274,4.5497,61.927,24.768,23.152,16.906,5.9722,10.77,4.0825,9.35,12.208,0.69769,10.095,5.9022,0.40157,0.066452,13.253,13.253,13.253,0.35452,17.502
129.03,129.03,117.45,117.45,330.53,330.53,294.75,294.75,220.52,220.52,197.48,197.48,207.1,207.1,203.29,203.29,45.897,45.897,38.879,38.879,32.466,19.474,7.343,0.9452,9.0968,6.123,1.5667,1.3462,14.138,7.0963,6.905,6.2859,12.546,10.942,4.6139,3.8949,28.669,26.039,17.214,14.67,9.8691,20.758,7.4521,13.471,16.595,0.66713,20.983,9.8981,0.26393,0.10238,15.949,15.949,15.949,0.37691,14.442
112.1,112.1,105.28,105.28,244.97,244.97,229.56,229.56,228.96,228.96,202.02,202.02,150.64,150.64,146.95,146.95,61.519,61.519,51.104,51.104,27.586,24.371,15.939,15.076,16.23,13.675,10.613,9.0599,11.368,10.139,8.3358,7.0947,10.229,7.9649,6.8987,6.3393,39.714,36.179,31.899,14.944,5.4119,8.8732,5.194,8.0069,20.645,0.72738,8.6816,5.2807,0.46261,0.047788,15.603,15.603,15.603,0.42052,20.515
185,185,156.16,156.16,229.47,229.47,219.45,219.45,151.58,151.58,134.91,134.91,239.2,239.2,229.7,229.7,43.896,43.896,38.508,38.508,88.241,46.305,43.982,5.3777,19.345,14.945,14.163,12.367,44.203,15.72,14.298,14.02,29.572,21.757,8.5962,3.6817,39.455,38.693,19.746,15.324,7.2403,19.194,7.0269,6.6617,20.884,0.72285,19.402,7.2246,0.35732,0.085603,14.977,14.977,14.977,0.42336,17.653
175.31,175.31,167.99,167.99,219.03,219.03,172.35,172.35,230.33,230.33,218,211.72,178.27,178.27,176.78,176.78,41.899,41.899,40.33,40.33,53.619,32.126,20.058,4.2513,27.268,15.543,10.033,9.9457,39.761,22.978,14.203,13.762,30.035,11.901,7.3921,5.9687,31.23,23.31,19.996,13.234,6.7692,21.656,7.3877,10.757,18.933,0.65632,21.68,6.7803,0.32598,0.092487,14.237,14.237,14.237,0.27602,13.824
214.85,214.85,201.63,201.63,215.54,215.54,197,197,171.56,171.56,167.91,167.91,302.6,302.6,292.18,292.18,48.767,48.767,48.166,48.166,33.656,19.005,18.115,7.3556,42.834,12.239,10.02,8.7414,49.001,29.769,19.145,10.099,10.609,5.5254,2.9994,2.2774,59.001,53.077,24.404,23.782,6.815,11.343,6.1626,8.5687,26.844,0.7465,11.451,6.859,0.34729,0.12092,17.312,17.312,17.312,0.40713,23.243
212.39,212.39,154.53,154.53,276.76,276.76,263.15,263.15,315.09,315.09,290.44,290.44,211.68,211.68,192.19,192.19,65,56.594,56.594,37.474,65.361,23.739,21.114,9.7438,20.881,9.5958,8.0346,7.1768,31.974,13.266,12.221,9.7143,22.004,12.377,9.939,3.4308,49.248,44.168,29.766,20.237,8.413,15.981,8.7598,15.006,22.556,0.73179,15.825,8.453,0.36942,0.095086,12.984,12.984,12.984,0.34943,18.939
125.79,125.79,113.71,113.71,248.25,248.25,234.87,234.87,200.77,200.77,180.92,180.92,103.89,103.89,92.385,92.385,50.671,50.671,42.802,42.802,23.725,20.179,20.018,8.983,11.253,11.157,10.946,8.2098,16.581,12.767,12.34,12.213,26.478,21.993,6.3902,3.8642,29.986,27.198,25.085,22.452,4.6524,8.2449,4.626,9.3571,13.368,0.68395,8.3089,4.6685,0.32982,0.080359,11.379,11.379,11.379,0.40332,15.065
224.02,224.02,207.93,207.93,171.5,171.5,171.23,171.23,282,209.69,209.69,146.53,134.65,134.65,124.1,124.1,80.251,80.251,76.315,76.315,20.044,19.617,13.083,8.8949,10.946,10.338,9.8287,4.572,10.367,7.9715,5.9767,4.3516,16.061,11.473,7.5933,3.6123,54.676,43.286,32.811,32.547,5.6529,11.017,5.5197,12.354,22.012,0.85999,10.648,5.4696,0.47024,0.16023,20.881,20.881,20.881,0.43517,22.529
114.09,114.09,97.361,97.361,249.66,249.66,247.8,247.8,270.1,270.1,252.33,252.33,332.36,332.36,285.01,285.01,63.412,63.412,49.966,49.966,65.909,11.707,5.3834,3.9704,36.843,12.162,10.857,7.3254,15.384,7.2759,6.4927,5.5374,17.582,10.034,3.7787,0.63577,51.4,51.235,40.844,18.821,7.4192,11.697,8.5868,13.638,18.232,0.78199,11.502,7.4909,0.37508,0.15903,25.758,25.758,25.758,0.3444,26.235
152.59,152.59,148.69,148.69,185,144.65,144.65,142.76,266.33,266.33,211.65,211.65,279.42,279.42,229.27,229.27,45.779,45.779,44.802,44.802,13.475,6.5891,5.4686,3.191,19.498,6.7974,6.425,5.9315,17.306,6.4593,4.5456,3.887,16.786,12.098,9.4628,9.4088,55.25,52.398,40.611,30.95,8.5088,15.553,8.1745,15.598,13.166,0.75048,15.464,8.5908,0.29488,0.27088,23.909,23.909,23.909,0.438,24.934
159.23,159.23,123.69,123.69,302.25,302.25,286.91,286.91,283.04,283.04,207.9,207.9,307.38,307.38,260.4,260.4,67.279,67.279,64.973,64.973,87.751,24.741,19.348,10.885,19.515,12.63,7.419,6.4661,14.542,12.903,11.031,10.97,27.215,16.451,8.6769,0.53725,47.84,45.146,38.579,36.609,6.9474,14.658,8.2892,12.546,12.5,0.73433,14.635,6.3897,0.34246,0.17628,22.741,22.741,22.741,0.35091,27.81
120.9,120.9,119.16,119.16,265.86,265.86,173.8,173.8,230.04,230.04,211.4,211.4,216,216,199.65,199.65,48.114,48.114,42.475,42.475,41.217,27.861,27.774,24.647,17.363,16.934,12.611,12.533,37.501,20.036,9.5376,5.1459,12.147,7.8383,6.2039,2.5342,89.084,39.02,36.213,35.564,6.5286,12.331,5.0044,11.78,15.38,0.80941,12.305,6.5136,0.3937,0.25421,24.67,24.67,24.67,0.42388,28.016
165,136.71,136.71,108.81,218.32,218.32,179.81,179.81,185.17,185.17,166.23,166.23,210.34,210.34,155.95,155.95,46.953,46.953,32.739,32.739,20.735,14.968,14.853,13.36,86.076,43.698,32.722,6.6617,17.255,8.4627,6.2768,6.2286,13.741,12.807,12.507,5.4137,44.971,32.044,26.299,24.365,8.8443,18.949,14.533,14.29,19.374,0.77698,19.133,8.9414,0.38115,0.11194,20.726,20.726,20.726,0.4479,19.174
119.71,119.71,114.5,114.5,206.54,206.54,160.56,160.56,426.12,426.12,333.22,333.22,122,99.359,99.359,96.521,177.12,177.12,154.64,154.64,7.672,7.6097,6.4955,6.1432,80.909,52.235,37.948,26.88,15.944,9.1241,5.8908,5.102,61.533,50.939,44.327,36.792,22.478,20.203,18.131,17.922,18.207,6.6013,19.598,24.029,5.6686,0.47475,6.355,17.376,0.22382,0.06259,13.07,13.07,13.07,0.29986,13.33
64.905,64.905,61.293,61.293,155.2,155.2,145.68,145.68,468.71,468.71,437.5,437.5,87.313,87.313,78.25,78.25,105.47,105.47,105.37,105.37,32.111,13.837,11.548,6.0586,73.604,54.664,43.21,32.065,15.454,13.458,8.1015,7.9431,52.437,23.36,21.53,19.78,6.542,5.4983,5.3473,4.6491,17.981,6.854,28.961,38.589,5.3187,0.55697,6.74,18.178,0.2574,0.11929,13.221,13.221,13.221,0.32037,17.38
140.24,140.24,133.63,133.63,245.68,245.68,207.81,207.81,352,352,340.76,340.76,181.88,181.88,177.59,177.59,164.98,164.98,157.94,157.94,73.809,19.151,18.157,12.194,84.858,57.792,57.556,43.16,27.35,22.621,19.716,19.649,58.628,44.217,23.507,5.5408,15.697,14.866,8.6439,8.6008,21.091,8.1363,38.135,21.941,6.675,0.55745,8.1987,21.047,0.26741,0.14416,13.004,13.004,13.004,0.27152,18.318
121.31,121.31,117.9,117.9,168.02,168.02,155.74,155.74,543.89,543.89,537.05,537.05,148.09,148.09,147.63,147.63,112.63,112.63,105.49,105.49,38.847,28.595,22.772,19.759,108.24,74.491,28.461,25.539,28.813,18.812,17.308,12.243,102.98,48.966,41.694,40.992,25.088,17.05,10.721,10.161,19.594,5.9423,34.159,27.21,6.941,0.5343,5.9578,19.787,0.24735,0.20309,11.596,11.596,11.596,0.40329,18.749
154.73,154.73,151.76,151.76,428.58,428.58,400.67,400.67,423.59,423.59,393.62,393.62,167.21,167.21,133.48,133.48,218.91,218.91,214.7,214.7,37.492,6.449,5.5948,4.7676,102.49,61.399,36.551,32.048,24.907,17.535,7.3654,3.8861,77.568,21.433,13.978,6.9583,50.7,37.917,17.038,11.837,26.259,12.059,41.25,41.629,10.164,0.54046,11.148,26.538,0.25922,0.14796,13.728,13.728,13.728,0.31738,16.784
118.51,118.51,108.89,108.89,278.98,278.98,268.7,268.7,529.31,529.31,435.95,435.95,207.88,207.88,197.9,197.9,152.87,152.87,125.89,125.89,35.419,27.704,18.678,18.013,128.57,40.273,36.123,27.529,43.553,16.215,4.5513,1.6373,29.356,8.059,7.8691,4.3895,12.644,11.276,10.719,10.029,20.189,10.753,48.406,54.61,7.4551,0.55915,10.654,20.417,0.26381,0.1444,10.264,10.264,10.264,0.3621,13.97
181.1,181.1,155.04,155.04,195.63,195.63,194.11,194.11,495.15,495.15,450.26,450.26,174.72,174.72,173.49,173.49,146.56,146.56,142.54,142.54,41.127,24.053,22.176,19.015,181.89,67.165,47.761,41.525,31.789,26.5,5.7842,4.3311,60.502,52.167,45.377,39.526,11.567,7.4166,3.7404,3.2668,28.687,21.724,40.543,37.316,9.4997,0.56932,21.968,28.661,0.26209,0.12017,10.754,10.754,10.754,0.33032,13.03
106.88,106.88,103,95.261,377.45,377.45,353.75,353.75,572.34,572.34,571.85,571.85,198.01,198.01,188.13,188.13,134.32,134.32,114.13,114.13,19.339,18.356,17.26,10.987,33.181,23.261,21.528,16.069,15.83,10.151,4.9063,2.8808,50.458,41.077,26.84,26.451,60.026,59.304,10.491,8.5777,17.229,11.171,46.413,43.324,8.6654,0.53927,10.851,17.418,0.25912,0.14708,20.385,20.385,20.385,0.30134,18.961
105.36,105.36,95.774,95.774,185.8,185.8,184.82,184.82,656.74,656.74,536.16,536.16,158.48,158.48,144.07,144.07,137.7,137.7,131.87,131.87,30.115,25.67,5.9344,4.0552,49.496,42.693,35.973,13.058,26.625,16.863,7.9087,7.7824,45.307,33.819,20.603,19.268,72.165,20.831,19.699,7.4714,26.513,9.2304,30.697,41.048,8.6436,0.47436,9.2996,26.643,0.22127,0.16456,16.474,16.474,16.474,0.24902,17.583
99.398,99.398,88.908,88.908,351,266.75,266.75,247.19,425.59,425.59,394.85,394.85,137.68,137.68,130.26,130.26,122.59,122.59,117.72,117.72,13.593,11.353,11.064,10.853,88.763,76.16,57.966,44.963,19.689,13.025,9.8259,9.6839,66.72,54.07,23.019,21.717,11.426,10.667,6.6678,4.8264,20.292,5.9273,37.283,39.596,7.9148,0.50028,5.8923,19.756,0.22596,0.1896,10.469,10.469,10.469,0.36048,15.079
70.11,70.11,69.476,69.476,316.47,316.47,311.72,311.72,561.62,561.62,539.14,539.14,158.98,158.98,149.78,149.78,106,89.087,89.087,84.022,50.011,1.8706,1.0261,0.82652,118.56,50.211,39.936,8.8348,17.852,6.8959,5.5811,1.9643,50.071,14.692,11.763,7.6872,15.966,9.3253,8.7182,7.211,10.386,8.2476,29.059,21.24,5.8042,0.45691,8.332,10.492,0.2104,0.18931,14.607,14.607,14.607,0.32596,18.894
74.431,74.431,61.319,61.319,121.21,121.21,102.73,102.73,360.76,360.76,305.04,305.04,61.454,61.454,56,49.516,76.044,76.044,65.445,65.445,9.4795,2.5558,1.9753,1.8376,18.79,16.653,9.6563,1.3288,7.6304,7.1534,5.8856,4.1834,54.565,40.161,15.204,11.611,26.845,26.278,19.702,8.9165,9.5114,3.2318,22.411,20.709,4.1258,0.45448,2.9348,9.5003,0.20202,0.16316,14.956,14.956,14.956,0.21013,17.492
31.582,31.582,30,28.902,47.603,47.603,42.689,42.689,135.82,135.82,131,103.55,48.164,48.164,38.095,38.095,36.052,36.052,34,31.193,7.5354,1.6489,1.1885,1.1533,67.084,19.972,12.223,7.6942,10.118,1.075,0.41054,0.13171,4.2632,2.7329,1.867,1.8034,5.7411,5.4712,2.8297,2.3211,7.1134,1.9607,11.474,8.076,2.3046,0.37052,1.7558,7.1895,0.1722,0.17984,12.169,12.169,12.169,0.19461,16.772
48.82,48.82,46.206,46.206,197,189.6,189.6,120.7,813,672.69,672.69,371.65,98.827,98.827,98.171,98.171,85.479,85.479,77.668,77.668,25.175,23.277,12.703,10.789,70.017,60.072,48.739,34.856,10.505,10.203,6.208,3.3622,76.481,52.107,39.365,21.111,31.129,19.123,18.764,7.1462,17.044,6.8799,33.941,29.142,6.4153,0.50922,6.887,16.857,0.22896,0.18635,11.604,11.604,11.604,0.25111,21.591
95.09,95.09,93.881,93.881,285,204.26,204.26,194.42,548,521.46,521.46,520,133.49,133.49,108.27,108.27,128.53,128.53,118.75,118.75,26.496,15.236,14.103,13.937,172.82,122.27,98.492,67.378,14.02,11.598,9.1963,9.1834,39.465,31.07,27.285,16.553,46.521,37.916,24.975,19.596,21.423,6.8621,40.593,36.14,5.7213,0.50719,6.5262,21.473,0.23663,0.15326,15.225,15.225,15.225,0.29008,15.355
105.6,105.6,99.625,99.625,229.4,229.4,187.12,187.12,667.54,667.54,649.52,649.52,164.09,164.09,137.83,137.83,206.1,206.1,190.35,190.35,14.762,5.5678,5.037,0.32733,86.049,83.755,41.691,21.034,15.403,13.996,10.137,6.0352,30.712,26.806,25.196,9.1585,5.0593,4.8022,2.5873,2.5818,19.085,11.518,36.615,35.762,8.5894,0.59905,11.487,19,0.27476,0.13247,11.521,11.521,11.521,0.33071,13.46
114,97.084,97.084,83.845,396.7,396.7,279.31,279.31,450.78,450.78,402.74,402.74,165.74,165.74,159.75,159.75,132.74,132.74,130.36,130.36,22.383,20.46,12.898,9.2608,93.758,86.718,80.441,71.846,23.873,17.273,12.277,11.356,25.956,20.431,17.872,15.625,54.415,52.67,36.334,27.51,26.172,12.095,45.814,44.907,6.5013,0.6104,11.79,25.279,0.30208,0.11977,21.19,21.19,21.19,0.4125,21.541
80.399,80.399,71.097,71.097,282.48,282.48,230.94,230.94,604,501.36,501.36,470.25,129.84,129.84,108.21,108.21,129.45,129.45,106.86,106.86,42.94,10.928,8.8371,8.4514,131.04,111.58,86.781,45.524,10.771,9.3974,6.2381,2.3609,24.408,23.38,13.347,7.8477,32.617,25.614,19.804,15.765,24.833,11.625,37.129,39.526,9.1506,0.55692,11.635,24.99,0.2596,0.10764,22.172,22.172,22.172,0.28572,15.125
99,85.363,85.363,80.466,362,289.99,289.99,235.18,482,467.15,467.15,377.39,202,165.16,165.16,146.77,112.63,112.63,105.85,105.85,34.084,0.19761,-0.13631,-0.16211,165.68,101.63,52.314,5.6881,7.886,3.6051,1.4441,0.51503,49.82,28.376,23.444,20.615,6.4087,6.3429,2.32,1.8641,24.471,8.8957,29.698,32.484,6.186,0.55604,8.9045,24.315,0.26593,0.16977,7.7871,7.7871,7.7871,0.355,10.284
