220.19,220.19,153.69,153.69,45,28.931,28.931,28.173,127.08,127.08,120.81,120.81,69.164,69.164,66.007,66.007,131,116.04,116.04,115.06,15.49,10.533,6.9865,6.2494,47.077,29.396,5.8815,5.8604,64.682,16.329,15.759,15.041,23.569,14.287,11.633,11.191,15.253,12.498,4.695,4.1738,1.6865,1.6193,1.9149,1.5635,1.3904,0.0065334,1.2321,1.1985,0.0098646,0.016925,20.314,20.314,20.314,0.7297,4.2941
112,108.82,108.82,107.5,54,37.583,37.583,34.773,91.831,91.831,89.359,89.359,82.883,82.883,82.834,82.834,107.94,107.94,103.95,103.95,24.243,16.081,11.827,4.1805,6.2265,3.0906,3.0748,2.6487,12.091,11.469,10.766,5.042,23.812,15.104,12.955,6.0867,11.322,9.1962,5.8338,4.2906,1.7256,2.2211,1.9032,1.9322,1.4981,0.0044786,1.7965,1.5901,0.0086787,0.0087576,20.282,20.282,20.282,0.70279,3.4551
213.49,213.49,151.17,151.17,45,36.221,36.221,36.042,73.101,73.101,51.636,51.636,120,107.05,107.05,88.298,123.35,123.35,118.17,118.17,7.7824,5.3476,5.3435,5.0454,5.2198,5.035,4.3795,3.344,37.558,11.071,6.2494,4.8327,14.601,11.571,9.8072,9.3177,9.3323,8.6369,8.2471,3.8225,2.569,1.9322,1.5846,2.3664,1.6533,0.0072642,1.37,2.1784,0.0073778,0.0063611,18.914,18.914,18.914,0.72553,2.6012
230.5,230.5,226.16,226.16,35.469,35.469,27.776,27.776,111.34,111.34,72.081,72.081,91.318,91.318,91.292,91.292,163.52,163.52,125.23,125.23,22.384,15.188,12.456,11.145,10.14,9.2567,7.2903,5.1837,70.312,33.479,27.728,23.571,25.428,11.738,9.0261,8.4081,14.708,14.6,7.1567,5.6729,2.2559,1.4832,1.7256,1.5275,1.6125,0.0066165,0.96766,1.7523,0.0079051,0.010001,17.416,17.416,17.416,0.6601,3.0209
128,128,126.53,126.53,63,33.178,33.178,30.643,66.014,66.014,66,61.127,78.818,78.818,67.663,67.663,227.29,227.29,223.28,223.28,18.219,9.9337,9.5589,3.9083,14.349,6.3508,5.0065,4.0303,37.804,15.706,11.914,10.126,33.028,15.541,13.008,8.2792,6.7949,5.4379,5.2734,4.0286,1.9437,1.6193,1.7321,1.66,1.2111,0.0036497,1.1913,1.3864,0.0089562,0.017317,27.688,27.688,27.688,0.74494,3.2818
164,125.71,125.71,88.51,27,23.442,23.442,23.379,83.588,83.588,79.612,79.612,91,57.976,57.976,48.939,180.26,180.26,175.52,175.52,17.285,1.9941,0.49506,0.26911,5.6399,3.8395,3.574,3.3587,9.841,4.9005,3.3496,1.6422,24.792,18.142,15.404,10.921,14.408,11.477,7.9055,4.7032,1.3081,1.633,1.4453,1.3904,1.3581,0.0045963,1.0693,0.90342,0.0080552,0.01732,22.391,22.391,22.391,0.71404,3.9333
202.2,202.2,187.59,187.59,33.613,33.613,32.73,32.73,66.741,66.741,65.082,65.082,108.52,108.52,75.596,75.596,121.88,121.88,115.17,115.17,14.603,14.52,7.829,6.2852,8.6451,4.2053,0.31253,0.28291,28.487,26.432,23.959,20.956,10.948,10.364,10.355,9.3696,6.6704,5.8526,3.3777,3.1371,1.3166,1.5563,1.6997,1.5129,1.5846,0.0065887,1.206,0.93905,0.0086997,0.010178,18.223,18.223,18.223,0.70647,2.7831
205.55,205.55,197.59,197.59,81.692,81.692,63.336,63.336,64.876,64.876,61.905,61.905,96.504,96.504,89.399,89.399,120.78,120.78,111.65,111.65,9.9308,9.1154,5.0678,4.882,5.0705,4.8443,4.7401,3.2337,33.379,30.369,26.272,26.263,25.575,10.62,9.9075,9.2035,8.2145,7.679,5.9157,3.9047,1.8074,1.7951,1.5348,1.633,1.3824,0.0034325,1.1362,1.3465,0.0075083,0.0072171,17.303,17.303,17.303,0.73982,2.9277
134.11,134.11,114.75,114.75,47.475,47.475,35.362,35.362,106.86,106.86,87.223,87.223,94,63.553,63.553,59.894,166.42,166.42,143.22,143.22,5.5457,4.6047,3.2519,2.9083,5.8359,4.3668,3.2179,2.3881,29.108,20.72,6.4278,5.7686,20.299,8.0686,6.3477,6.1948,5.1996,4.1201,3.9746,3.5746,1.6733,1.422,1.4757,1.3081,1.4142,0.0039935,0.92496,1.3398,0.0071019,0.006716,18.247,18.247,18.247,0.73585,2.9491
156.87,156.87,156.26,156.26,68,50.433,50.433,47.75,77,72.117,72.117,68.764,79.724,79.724,78.73,78.73,125.94,125.94,124.77,124.77,29.392,10.093,3.6874,3.5308,7.2503,3.2975,3.1044,2.3744,54.011,18.013,13.616,7.8494,27.41,10.727,10.053,9.998,4.9239,4.2586,3.67,3.496,1.3744,1.325,1.5275,1.7638,1.2202,0.0047627,0.92823,0.99899,0.0078428,0.006054,18.099,18.099,18.099,0.73921,2.4963
88.418,88.418,84.237,84.237,38.974,38.974,31.192,31.192,63.81,63.81,55.954,55.954,62.341,62.341,60.585,60.585,93.125,93.125,90.3,90.3,5.19,4.308,1.4041,1.3222,6.6352,5.3869,4.2196,3.5946,13.902,11.445,8.301,5.5259,34.969,29.928,12.351,9.906,16.24,7.5515,4.984,4.3823,1.7062,1.3824,1.6997,1.5846,1.3416,0.0093829,1.0313,1.156,0.0085337,0.022836,20.955,20.955,20.955,0.72759,3.9468
129.2,129.2,87.224,87.224,40.008,40.008,28.676,28.676,62.386,62.386,57.307,57.307,65,47.411,47.411,35.32,95,85.6,85.6,85.317,5.7485,4.883,1.9156,1.2528,18.014,12.037,9.4367,3.9741,14.348,9.042,5.4069,1.7631,10.764,6.6459,4.4446,4.2807,8.5333,6.9647,5.3552,4.4945,1.5776,1.4832,1.4142,1.2293,1.3744,0.010885,1.0651,1.2863,0.0092848,0.010997,22.177,22.177,22.177,0.72943,3.497
118.35,118.35,87.548,87.548,67.154,67.154,63.408,63.408,151.57,151.57,136.57,136.57,89.316,89.316,82.542,82.542,194.09,194.09,147.49,147.49,9.301,4.5341,3.3933,3.1477,10.991,8.1828,5.3466,5.0796,31.272,9.2816,8.8138,8.0551,14.982,14.075,11.372,6.6677,9.4112,8.4479,4.5559,2.8794,1.3416,1.4757,1.4907,1.3824,1.633,0.0039689,1.2541,1.0721,0.0060483,0.0086469,20.282,20.282,20.282,0.69718,2.6925
116.72,116.72,111.54,111.54,48.861,48.861,42.356,42.356,79.356,79.356,68.148,68.148,70.857,70.857,63.273,63.273,124.27,124.27,122.48,122.48,12.994,5.229,5.2073,5.0568,9.4426,7.6893,3.0012,2.5727,23.944,14.789,10.621,6.2179,24.16,19.109,17.133,16.283,10.38,8.5968,6.1116,4.766,1.542,1.3166,1.4682,1.5563,1.4376,0.0031948,0.93905,1.1871,0.0093523,0.010789,16.437,16.437,16.437,0.70427,3.1747
101.89,101.89,90,81.308,37,30.351,30.351,27.982,86,73.228,73.228,72.283,55.554,55.554,48.789,48.789,125.48,125.48,96.43,96.43,7.3107,5.3238,4.1316,2.9251,12.41,4.5025,3.3971,3.1163,9.2564,6.448,4.718,4.4302,12.257,11.147,10.625,9.4887,8.0773,6.9418,6.6769,6.2774,1.3166,1.2472,1.5706,1.3984,1.291,0.0051473,0.83666,1.0574,0.0052019,0.0097453,14.568,14.568,14.568,0.70562,2.6734
118.8,118.8,103.39,103.39,63,36.32,36.32,32.909,116.12,116.12,100.38,100.38,42.348,42.348,40.583,40.583,74.553,74.553,71.796,71.796,7.3437,4.3878,2.9205,2.9146,8.4722,4.744,2.6589,2.6272,29.947,13.705,8.7422,6.7219,24.951,18.406,12.997,11.692,6.6147,4.4358,3.8915,3.2445,1.2111,1.5275,1.1738,1.3416,1.4142,0.0027151,0.9266,0.91949,0.0051234,0.0085243,17.047,17.047,17.047,0.71995,1.8754
106.65,106.65,105.06,105.06,46.652,46.652,40.795,40.795,95.24,95.24,95.04,95.04,53.083,53.083,47.164,47.164,106.71,106.71,99.573,99.573,11.999,7.7345,7.7126,3.6324,2.5011,2.4689,1.83,1.8036,16.41,8.4339,7.0923,6.18,24.696,18.208,12.071,10.267,7.8481,6.6872,5.8287,5.3112,1.3499,1.3744,1.3581,1.4142,1.2111,0.006651,0.78625,0.83666,0.0093257,0.0083314,18.642,18.642,18.642,0.70783,2.7004
102.39,102.39,74.517,74.517,39,29.705,29.705,29.131,82,52.912,52.912,47.661,60,48.318,48.318,45.068,138,96.731,96.731,80.151,3.1571,3.0066,1.9774,1.4245,5.366,4.1725,1.717,1.5858,14.002,10.096,9.8797,9.7012,20.639,15.642,15.174,14.443,8.2858,4.5161,4.3971,3.7601,1.4606,1.2561,1.2824,1.7512,1.3081,0.0035647,0.91949,1.0551,0.0068164,0.012269,14.587,14.587,14.587,0.76205,2.8208
100.71,100.71,88.834,88.834,47.009,47.009,37.59,37.59,72.8,72.8,64.625,64.625,83,41.191,41.191,40.234,112.73,112.73,93.633,93.633,10.45,2.7393,0.73766,-0.14435,8.9068,6.9142,6.3836,3.6661,31.907,8.6263,6.3819,5.8206,22.654,18.298,8.414,8.37,12.204,10.529,5.9377,5.9088,1.2824,1.3984,1.3663,1.3416,1.4298,0.0028647,0.96505,1.0135,0.0058857,0.0099751,17.498,17.498,17.498,0.7008,2.832
95.124,95.124,89.899,89.899,38.368,38.368,28.817,28.817,25.215,25.215,25.117,25.117,65.911,65.911,59.26,59.26,75.219,75.219,69.257,69.257,4.1013,2.5179,1.5233,1.1229,6.2508,3.7149,2.8809,2.3938,22.526,5.0476,4.2544,3.2731,20.852,14.296,14.106,6.5339,23.401,13.319,12.655,11.205,1.5916,1.6125,1.7448,1.3081,1.4606,0.046475,1.3454,1.3644,0.023508,0.070145,29.482,29.482,29.482,0.84994,8.2243
57.892,57.892,56.4,56.4,28.473,28.473,25.733,25.733,29.768,29.768,22.393,22.393,37.096,37.096,28,25.78,102.15,102.15,101.82,101.82,4.1911,3.8041,2.4349,2.3015,8.3883,5.3246,4.792,3.5338,12.566,10.773,3.5095,2.4463,17.72,13.753,9.4195,5.1291,19.572,15.008,13.151,12.126,1.5129,1.6931,1.422,1.2996,1.4682,0.042098,1.2301,1.1069,0.018687,0.08063,25.94,25.94,25.94,0.85593,7.5237
82.146,82.146,80.826,80.826,69.478,69.478,63.885,63.885,45,27.834,27.834,23.466,77.572,77.572,63.559,63.559,98.109,98.109,93.079,93.079,28.301,4.8548,4.2231,3.5531,4.5399,4.1787,2.8862,2.1651,35.686,9.1254,5.1443,2.9198,6.938,5.0162,4.3838,1.4078,27.757,15.563,14.981,14.065,1.4832,1.6125,1.3081,1.2649,1.4682,0.047016,1.2792,0.96766,0.022817,0.10243,37.187,37.187,37.187,0.80306,9.9501
46,15.034,15.034,14.147,105,84.657,84.657,81.258,31,17.437,17.437,16.513,92,44.721,44.721,37.252,41,16.184,16.184,12.694,2.8534,1.536,0.89827,-0.11035,0.94,0.33884,0.021463,-0.012333,1.4052,1.1784,1.172,0.16572,1.5212,0.47142,0.40275,0.21855,5.9721,4.0511,3.8729,3.3378,1.4063,1.6193,1.8499,1.3581,1.8257,0.011801,1.0478,0.84208,0.0088463,0.072336,3.6904,3.6904,3.6904,0.0079895,2.6207
102.49,102.49,93.839,93.839,46.578,46.578,41.996,41.996,44,33.341,33.341,31.863,64.846,64.846,48.858,48.858,89.978,89.978,88.607,88.607,5.5324,2.8874,2.1029,1.8708,4.2899,3.6924,3.2919,2.9665,25.207,9.3976,6.4794,2.6957,25.038,8.4463,2.9298,1.7015,20.589,17.331,12.802,10.009,1.3166,1.4981,1.3333,1.2824,1.4832,0.86898,1.0862,1.0574,0.27085,1.4239,33.789,33.789,33.789,0.77056,8.7525
115.49,115.49,107.35,107.35,80,64.863,64.863,62.687,50.299,50.299,37.996,37.996,57.456,57.456,54.028,54.028,120.69,120.69,117.88,117.88,21.234,8.4043,6.2464,3.8938,12.972,6.56,2.8777,1.9402,36.49,36.02,4.0673,1.9728,10.034,9.7102,5.1404,1.4386,27.356,26.461,21.552,6.7824,1.8738,1.6465,1.5706,1.9322,1.6533,0.024767,1.0362,1.6432,0.019112,0.070512,43.702,43.702,43.702,0.79378,10.79
69.072,69.072,67.297,67.297,97.944,97.944,97.667,97.667,37.297,37.297,33,28.981,71.631,71.631,65.735,65.735,80,75.022,75.022,57.181,12.639,9.8116,6.9446,6.5123,11.069,7.3157,2.2346,1.6194,13.525,2.9881,2.641,2.5586,13.451,10.352,5.2244,3.3903,24.558,22.158,17.619,14.455,1.4453,1.422,1.3416,1.4981,1.3984,0.02324,1.1042,0.98627,0.016825,0.048176,29.411,29.411,29.411,0.81059,10.061
83.703,83.703,73.64,73.64,87.131,87.131,75.425,75.425,28.356,28.356,26.574,26.574,64.491,64.491,62.907,62.907,198.59,198.59,176.27,176.27,10.499,9.57,6.3911,6.1351,35.344,16.806,10.542,5.4055,13.231,5.4815,2.0047,0.18684,7.015,4.7719,4.4424,3.4919,35.91,21.07,12.06,7.7744,1.4606,1.5348,1.2824,1.542,1.453,0.024617,1.0215,0.84208,0.016259,0.030653,40.325,40.325,40.325,0.79682,11.236
107.07,107.07,106.7,106.7,124.56,124.56,110.95,110.95,33.431,33.431,30.877,30.877,73.488,73.488,63.232,63.232,191.59,191.59,173.04,173.04,10.813,9.575,9.1407,7.7698,7.2385,5.8997,3.8207,2.9336,13.75,13.515,9.5273,5.4303,15.385,9.3199,5.9172,5.6118,25.339,19.091,13.661,11.568,1.3081,1.4981,1.3663,1.4063,1.2824,0.013439,0.99087,0.99087,0.016268,0.065831,36.497,36.497,36.497,0.79911,10.147
80.44,80.44,73,69.826,121.22,121.22,117.04,117.04,32.134,32.134,31.655,31.655,83,73.507,73.507,72.433,100,75.513,75.513,67.671,23.319,1.6742,1.4235,1.2388,19.544,6.6834,0.12802,-0.20487,29.491,2.8533,2.5151,2.0249,3.7532,3.594,3.3966,2.469,29.203,27.583,25.625,13.688,1.4142,1.8379,1.5348,1.422,2.0976,0.016276,1.5446,1.0745,0.016642,0.072129,29.942,29.942,29.942,0.7932,12.05
71.781,71.781,68.777,68.777,43.654,43.654,43,33.885,59,31.919,31.919,29.692,66.973,66.973,50,48.058,94.695,94.695,80.126,80.126,3.28,2.6341,1.7183,1.6844,1.1822,0.78898,0.76873,0.43707,16.471,4.0707,3.8961,3.4342,7.6481,5.8309,4.0923,2.1069,25.485,16.869,16.466,14.832,1.3744,1.633,1.6193,1.3744,2.4404,0.016977,1.3227,0.99899,0.011522,0.11029,25.228,25.228,25.228,0.83461,9.7282
74.49,74.49,70.381,70.381,82,68,68,66.877,59,33.972,33.972,32.083,79.296,79.296,59.357,59.357,96.747,96.747,95.358,95.358,9.9106,7.4142,6.6782,5.8017,12.344,5.9205,3.6023,1.1735,18.698,17.592,10.049,7.7928,14.401,13.175,9.7464,9.6137,23.059,20.638,18.589,13.681,1.5275,1.9379,1.3581,1.422,2.319,0.013842,1.3065,0.9266,0.012027,0.0287,30.161,30.161,30.161,0.8199,8.6734
96.142,96.142,78.25,78.25,130,106.52,106.52,95,59,42.569,42.569,39.249,69.541,69.541,68.964,68.964,157.96,157.96,124.99,124.99,17.484,3.7074,1.8376,1.6395,19.062,1.1443,1.0067,0.78432,25.866,4.9816,4.0532,3.5559,13.396,9.5481,6.7625,5.5581,30.979,20.774,10.979,4.7484,1.3166,1.8559,1.7192,1.7062,2.6541,0.008242,1.2321,1.0215,0.010859,0.077498,32.908,32.908,32.908,0.82222,10.023
71.212,71.212,62.658,62.658,95.467,95.467,89.218,89.218,46.184,46.184,40.565,40.565,50.863,50.863,50.602,50.602,64.334,64.334,60.824,60.824,15.448,7.9625,6.9018,3.5585,0.85366,0.67492,0.40932,0.15315,21.413,2.2616,2.2268,1.5846,12.482,4.934,2.8562,2.6597,27.126,26.532,16.907,11.24,1.2737,2.0548,1.5916,1.6865,2.4404,0.013962,1.5811,0.79772,0.010292,0.057759,32.507,32.507,32.507,0.79681,9.1476
92.389,92.389,89.352,89.352,53.256,53.256,49.234,49.234,45.433,45.433,43.486,43.486,62.778,62.778,59.471,59.471,135,121.5,121.5,111.31,9.6876,7.3086,6.9646,4.0707,14.541,1.5161,0.90734,0.7862,14.659,4.3363,2.4587,1.6873,7.5219,3.5209,2.165,0.89176,27.161,20.483,16.283,13.822,1,1.5706,1.2824,1.6533,2.3094,0.011659,1.2247,0.84087,0.015315,0.046248,38.084,38.084,38.084,0.82468,9.7182
113.39,113.39,98.315,98.315,141,119.64,119.64,104.74,52,50.135,50.135,49.275,100,66.607,66.607,56.763,101.33,101.33,97.565,97.565,3.3217,1.402,0.83912,0.77343,6.083,4.2905,3.128,3.0319,18.689,8.7224,4.4114,4.0865,6.8233,6.0759,3.1238,2.9793,24.935,17.002,14.277,12.829,1.4832,1.7826,1.4453,1.5492,2.4037,0.012474,1.3533,1.1472,0.012209,0.04762,21.197,21.197,21.197,0.82566,8.5438
68.522,68.522,61.921,61.921,42.528,42.528,40.683,40.683,39.957,39.957,33,25.417,29.166,29.166,28.757,28.757,104.95,104.95,79.926,79.926,6.6172,3.6041,2.6052,2.2794,7.1437,4.8183,2.168,1.5966,9.4434,6.6845,5.4956,4.3475,8.5392,7.5514,7.3459,5.0719,29.271,24.291,21.209,15.665,1.422,1.7826,1.0646,1.453,4.0988,0.01311,1.2685,1.1042,0.012585,0.037863,31.001,31.001,31.001,0.82379,11.317
98.245,98.245,90.798,90.798,95.215,95.215,91,87.248,33,30.994,30.994,28.433,83.407,83.407,67.091,67.091,123.69,123.69,119.9,119.9,32.049,7.351,6.4467,5.6733,5.9662,1.0391,0.43935,0.41235,23.179,4.3488,3.9897,3.7906,10.356,7.9068,3.8605,3.5673,28.973,27.181,18.876,14.855,1.2996,1.6733,1.6055,1.4063,2.0055,0.01469,1.3038,0.81153,0.012202,0.04917,29.426,29.426,29.426,0.83146,10.69
64.476,64.476,62.548,62.548,70.143,70.143,65.972,65.972,32.348,32.348,32,29.651,53.476,53.476,51,39.738,91.573,91.573,86.624,86.624,4.222,4.0348,3.7208,3.1122,7.0711,3.1281,1.3873,1.3363,14.254,3.7137,3.477,2.3934,26.628,8.0579,6.555,2.8328,38.045,22.287,19.055,17.632,1.3333,1.9777,1.2383,1.6997,2.4585,0.0074809,1.5897,0.96295,0.011169,0.06938,39.71,39.71,39.71,0.83709,11.789
103.9,103.9,86.929,86.929,62.049,62.049,61.908,61.908,43,30.743,30.743,26.601,64,41.22,41.22,36.671,156.14,156.14,124.83,124.83,6.2899,3.9631,3.2024,2.4646,4.8026,1.69,1.3063,1.2711,10.339,8.3991,6.2708,4.0409,11.69,7.645,5.8325,2.0928,23.417,20.294,17.816,16.577,1.4907,1.5776,1.1926,1.5846,2.1807,0.017795,1.0862,1.0531,0.0094014,0.068427,24.445,24.445,24.445,0.84024,10.569
32.06,32.06,31.298,31.298,105,58.73,58.73,51.908,97.448,97.448,84.341,84.341,38.159,38.159,35.437,35.437,67.672,67.672,60.745,60.745,13.629,4.9718,2.9336,0.65787,52.366,4.553,3.1563,3.1325,6.7512,4.17,2.9239,2.9155,38.757,35.655,16.82,16.406,41.219,21.532,10.335,3.5042,6.1806,1.5776,2.1239,3.8006,1.3581,0.045412,1.1755,6.088,0.013039,0.13847,17.542,17.542,17.542,0.80831,8.4277
54,40.466,40.466,30.039,138.01,138.01,133.74,133.74,153.06,153.06,130.73,130.73,132.44,132.44,112,112,84,76.382,76.382,75.627,11.394,5.3029,4.061,3.9749,25.161,11.759,9.4267,7.4346,3.2345,3.2335,1.2829,1.2322,35.179,24.019,19.252,13.902,43.989,17.508,8.052,6.9164,4.1979,1.5275,2.1499,2.1448,1.3499,0.04562,0.98371,4.2438,0.015649,0.1141,21.915,21.915,21.915,0.82158,12.736
54.744,54.744,53.786,53.786,193.81,193.81,177.5,177.5,106.43,106.43,106.11,106.11,109.79,109.79,108.67,108.67,93.514,93.514,83.706,83.706,18.392,5.3854,4.6291,2.3605,22.972,7.4868,5.448,2.8391,8.8999,8.4986,6.0906,5.0728,15.77,15.448,9.5019,8.7487,57.295,17.894,9.598,8.1151,3.6606,1.4298,1.7889,1.8379,1.325,0.0094262,1.0111,3.5481,0.013069,0.015425,21.606,21.606,21.606,0.81725,11.938
69.083,69.083,53.595,53.595,114.13,114.13,99.122,99.122,147.83,147.83,135.51,135.51,136.09,136.09,120.44,120.44,215,179.92,179.92,176.14,36.272,12.794,11.08,4.0863,29.551,25.684,24.421,9.6138,13.356,12.053,7.4395,7.2966,20.61,10.606,9.2297,9.1858,44.32,27.221,13.556,4.7983,5.8652,1.6193,1.7448,1.8012,1.3984,0.010965,1.0996,5.9231,0.012677,0.023625,27.457,27.457,27.457,0.82154,9.7999
106,81.508,81.508,73.483,88.635,88.635,80.244,80.244,159.55,159.55,149.83,149.83,133.01,133.01,128.36,128.36,149,133.59,133.59,103.72,34.814,13.013,8.0819,6.0754,30.451,22.04,16.662,14.861,3.9445,2.1061,0.95948,0.58128,33.275,31.31,12.942,8.5939,37.133,27.736,10.366,6.5062,5.5976,1.5635,1.7385,1.4606,1.6193,0.013303,0.95716,5.6609,0.010367,0.022711,26.301,26.301,26.301,0.81398,10.384
68.275,68.275,64.928,64.928,99.802,99.802,95.257,95.257,96.234,96.234,75.071,75.071,214.2,214.2,168.38,168.38,120.32,120.32,106.85,106.85,71.654,22.657,21.766,16.433,25.412,10.531,8.4564,3.6678,23.354,17.379,14.035,7.1042,35.659,29.367,24.078,24.069,40.66,28.995,3.9614,3.5562,2.2559,1.5055,1.8499,1.7256,1.422,0.015278,0.97597,2.0449,0.011764,0.023738,17.911,17.911,17.911,0.80143,8.9696
84.621,84.621,81.427,81.427,188.47,188.47,146.28,146.28,154.24,154.24,120.41,120.41,161.89,161.89,122.38,122.38,222.71,222.71,214.84,214.84,13.309,9.2438,8.9538,5.7927,36.725,18.842,18.597,17.065,14.67,12.286,11.552,7.927,32.113,29.329,18.332,16.76,24.598,24.561,10.618,6.7171,1.7951,1.422,1.5055,1.3824,1.4981,0.4591,1.0651,1.6763,0.13913,1.0718,19.754,19.754,19.754,0.8093,6.5813
64,46.687,46.687,41.18,224.38,224.38,194.71,194.71,155.78,155.78,130.57,130.57,131.77,131.77,115.79,115.79,91.124,91.124,82.539,82.539,7.6735,5.1508,3.4069,2.944,31.535,27.431,14.698,13.024,7.62,4.193,0.68799,0.3154,40.159,27.064,8.6308,6.7614,59.695,21.771,21.232,7.5155,7.0993,1.6398,2.0221,2.0221,1.5635,0.04339,1.3788,7.123,0.015611,0.11788,32.053,32.053,32.053,0.8596,11.01
49,46.7,46.7,43.475,126.18,126.18,110.8,110.8,105,99.751,99.751,91.53,58.406,58.406,57.048,57.048,120,99.142,99.142,95.379,6.5108,6.1218,5.5347,4.4243,19.611,12.525,4.773,4.1149,6.7832,4.112,3.6591,2.1092,19.929,19.74,19.374,16.921,35.327,21.954,8.8381,8.2942,3.7742,1.3581,1.8196,1.3744,1.2293,0.0089947,0.82082,3.7349,0.0091564,0.034487,27.163,27.163,27.163,0.81763,8.1335
83,61.521,61.521,52.133,176.47,176.47,166.14,166.14,118.6,118.6,98.516,98.516,113.49,113.49,108.79,108.79,183,119.91,119.91,118.29,28.622,11.477,10.394,8.4794,63.164,8.4316,4.7196,2.2012,7.3343,5.3103,3.2863,1.6967,29.75,22.79,22.659,20.914,41.579,27.085,11.563,6.9809,6.7132,1.6799,1.8074,1.4832,1.2996,0.014427,1.2541,6.7884,0.012859,0.051335,30.034,30.034,30.034,0.80578,9.7261
39.853,39.853,37.217,37.217,102.92,102.92,100.13,100.13,105.25,105.25,75.334,75.334,116,106.3,106.3,69.605,153.27,153.27,128.25,128.25,8.4946,5.1207,4.5425,3.2846,7.2591,7.1157,7.052,4.0029,10.638,5.1683,4.8545,1.1484,24.564,23.826,10.222,8.4823,40.963,14.027,10.738,7.9475,6.1662,1.6262,2.2608,2.0976,1.4832,0.007704,1.1794,6.231,0.010354,0.035247,29.98,29.98,29.98,0.84848,8.5976
41.113,41.113,40.898,40.898,100,86.679,86.679,85.624,120.59,120.59,102.08,102.08,134.9,134.9,132.42,132.42,79.512,79.512,77.774,77.774,81.243,10.127,9.8041,7.6092,14.612,13.501,4.903,2.0612,11.9,5.8644,5.037,4.6321,11.589,9.3693,9.1134,8.8644,39.546,9.6433,6.2844,6.1509,1.7638,1.6055,1.8738,1.5202,1.4376,0.0089966,1.1273,1.7003,0.010538,0.015748,30.205,30.205,30.205,0.82692,7.5453
61.506,61.506,57,52.018,96.884,96.884,67.144,67.144,120.91,120.91,110.81,110.81,152.27,152.27,136.21,136.21,111,104.97,104.97,102.71,10.939,8.3009,6.0015,5.312,18.516,8.8603,7.1116,5.3092,10.06,3.9859,1.8471,1.5776,20.787,16.645,15.486,14.158,40.977,27.175,9.543,6.6162,5.1661,1.6533,1.8012,1.542,1.542,0.0085716,0.95716,5.1579,0.01328,0.017059,30.846,30.846,30.846,0.80832,9.7259
76,34.355,34.355,32.652,195.09,195.09,152.41,152.41,128.06,128.06,115.31,115.31,119.32,119.32,108.68,108.68,69.347,69.347,64.583,64.583,17.334,11.522,10.373,6.9097,24.732,22.181,21.396,17.68,4.7857,4.4369,2.0546,1.04,29.135,23.616,21.673,8.6113,42.835,11.849,6.8154,5.6741,2.6119,1.3663,1.8379,1.7321,1.3744,0.011669,0.80403,2.6337,0.012072,0.015512,27.247,27.247,27.247,0.85658,8.9476
55.422,55.422,47,43.994,96.784,96.784,76.777,76.777,124.38,124.38,91.95,91.95,161.09,161.09,158.99,158.99,154.5,154.5,115.18,115.18,59.077,8.2094,7.6078,7.366,29.095,18.617,10.623,9.389,2.604,2.3831,1.0651,0.37346,21.806,19.01,18.789,15.173,40.309,20.872,10.23,4.5417,3.35,1.633,1.9889,1.9206,1.5916,0.015297,1.0693,3.2952,0.01215,0.024354,25.7,25.7,25.7,0.81497,9.023
67.92,67.92,67.589,67.589,93,82.564,82.564,79.493,123.02,123.02,119.15,119.15,164.16,164.16,153.38,153.38,92.807,92.807,87.455,87.455,41.616,14.798,7.9345,7.6805,43.011,21.901,18.332,17.962,12.721,11.953,8.4323,4.1168,40.294,26.679,25.493,18.004,33.471,11.639,11.507,9.6643,1.7701,1.3581,1.7192,1.1547,1.2202,0.0058102,0.92932,1.649,0.0075504,0.015978,19.389,19.389,19.389,0.80782,7.2241
81.042,81.042,74.856,74.856,121.12,121.12,117.07,117.07,117.96,117.96,114,111.42,192,112.74,112.74,98.29,299.14,299.14,281.5,281.5,15.099,9.0083,6.356,1.451,28.859,24.549,22.681,19.71,8.1073,7.1302,3.8784,2.5464,53.32,50.215,42.381,21.465,31.634,16.006,9.5019,7.6682,3.8844,1.4376,2.1134,1.4453,1.4142,0.0066916,1.1246,3.8293,0.0095329,0.013197,31.055,31.055,31.055,0.75612,7.7021
75.262,75.262,70.1,70.1,101.55,101.55,86.855,86.855,143.09,143.09,141.69,141.69,117.78,117.78,105.06,105.06,127.43,127.43,117.09,117.09,22.523,15.574,12.532,9.8478,23.802,17.423,12.071,8.9661,25.539,17.189,9.6286,5.7247,46.848,34.521,26.375,23.366,33.456,31.253,11.203,5.5551,1.7127,1.6465,1.6533,1.2293,1.325,0.0087428,1.2685,1.5544,0.0087449,0.015166,23.024,23.024,23.024,0.8263,8.6469
116.24,116.24,98.082,98.082,169.64,169.64,151.02,151.02,196.9,196.9,154.94,154.94,212.05,212.05,199.29,199.29,207.57,207.57,202.71,202.71,77.98,33.722,29.017,21.19,12.091,8.9466,6.8604,4.661,35.646,17.72,14.77,9.4567,28.957,26.121,21.882,21.159,34.27,16.555,7.563,7.2809,2.0055,1.7951,1.4682,1.5635,1.5635,0.0069065,1.2863,1.9828,0.011252,0.014397,29.139,29.139,29.139,0.84953,8.1941
107.65,107.65,64.942,64.942,160.03,160.03,159.1,159.1,94.977,94.977,80.573,80.573,124.86,124.86,108.43,108.43,152.72,152.72,136,118.65,13.886,13.463,13.169,12.515,24.971,23.813,14.514,8.8788,9.1004,3.8986,3.6863,3.4448,74.791,29.325,25.377,24.993,30.194,28.875,14.551,7.7035,2.2211,1.8559,2.1029,1.8679,1.453,0.0071457,1.1205,2.128,0.0084711,0.018297,16.861,16.861,16.861,0.86309,8.3564
53,35.409,35.409,35.158,37.82,37.82,31.743,31.743,34.704,34.704,28.139,28.139,56,40.804,40.804,39.304,91,44.196,44.196,41.934,5.7377,3.8256,2.6076,1.9085,6.807,4.7815,4.4371,2.213,9.1119,4.1214,2.4729,1.8208,15.661,15.321,11.8,8.5489,9.9879,9.9879,9.9879,9.9879,0,1,1,0,0,2.2455e-15,0,0,5.6138e-16,1.7964e-15,35.332,35.332,35.332,0.83924,0
57,48.467,48.467,42.199,30,18.432,18.432,17.252,47,27.335,27.335,25.274,45,35.464,35.464,34.598,60,42.859,42.859,39.063,4.2884,3.098,2.3957,2.3571,4.5342,3.6853,2.4698,2.4139,5.7679,3.5627,1.7528,0.42293,17.995,14.045,7.1787,6.4948,9.9879,9.9879,9.9879,9.9879,0,1,1,0,0,2.2455e-15,0,0,5.6138e-16,1.7964e-15,36.904,36.904,36.904,0.82239,0
48.936,48.936,45.787,45.787,21.227,21.227,19.308,19.308,46,26.375,26.375,19.079,35,28.583,28.583,26.649,71.668,71.668,64.196,64.196,3.2979,3.1348,1.7073,0.36951,6.3785,2.0997,2.0822,1.5735,6.6815,5.564,4.0096,2.6188,10.446,7.9244,7.5943,6.3979,9.9879,9.9879,9.9879,9.9879,0,1,1,0,0,2.2455e-15,0,0,5.6138e-16,1.7964e-15,29.788,29.788,29.788,0.87247,0
42.048,42.048,35.93,35.93,20.664,20.664,20.145,20.145,21.508,21.508,19.519,19.519,59,43.174,43.174,40.617,51.027,51.027,50.071,50.071,9.3114,3.7898,1.0482,0.72811,5.1068,4.3824,4.1159,3.5133,7.6086,4.7306,4.3954,0.9569,15.667,11.487,10.532,8.7326,9.9879,9.9879,9.9879,9.9879,0,1,1,0,0,2.2455e-15,0,0,5.6138e-16,1.7964e-15,39.995,39.995,39.995,0.8887,0
52.452,52.452,49.328,49.328,27.653,27.653,26,24.312,25.016,25.016,23.263,23.263,34.889,34.889,34.557,34.557,54.449,54.449,50,41.599,9.0992,5.8698,5.0335,1.7521,7.5056,3.6769,3.5687,3.0414,14.859,7.0619,2.4443,1.8416,27.771,16.698,16.062,8.3237,9.9879,9.9879,9.9879,9.9879,0,1,1,0,0,2.2455e-15,0,0,5.6138e-16,1.7964e-15,26.715,26.715,26.715,0.86862,0
78.272,78.272,53.375,53.375,37.302,37.302,35.071,35.071,45.997,45.997,32.006,32.006,87,50.634,50.634,43.654,63.901,63.901,61.995,61.995,4.3685,1.4733,1.3746,0.84745,4.7824,2.6667,2.5358,1.498,18.862,6.9925,6.9577,6.3947,9.8893,8.3702,4.7542,4.0697,9.9879,9.9879,9.9879,9.9879,0,1,1,0,0,2.2455e-15,0,0,5.6138e-16,1.7964e-15,26.092,26.092,26.092,0.87311,0
34.369,34.369,33.332,33.332,37,23.259,23.259,23.192,53,27.074,27.074,24.985,43.936,43.936,43.636,43.636,66,48.523,48.523,42.285,10.61,4.4285,3.4287,1.7472,7.0865,3.5564,1.3739,0.64344,9.5797,6.3543,1.4567,0.96869,27.123,10.128,7.2515,4.9188,9.9879,9.9879,9.9879,9.9879,0,1,1,0,0,2.2455e-15,0,0,5.6138e-16,1.7964e-15,41.005,41.005,41.005,0.81539,0
33.992,33.992,32.128,32.128,36,19.935,19.935,13.954,47,32.472,32.472,17.436,24.907,24.907,24,21.001,38.469,38.469,37,28.223,4.2564,1.2464,0.68237,0.60099,10.106,8.5076,2.477,1.6863,7.4823,1.8126,1.6874,1.3586,10.676,8.8689,8.1737,3.8954,9.9879,9.9879,9.9879,9.9879,0,1,1,0,0,2.2455e-15,0,0,5.6138e-16,1.7964e-15,36.792,36.792,36.792,0.8225,0
42.127,42.127,34.161,34.161,26.375,26.375,24,20.11,39.142,39.142,24,21.703,61,27.707,27.707,27.53,51.46,51.46,46.768,46.768,2.2427,2.096,1.7572,0.84364,5.3581,2.9192,2.8618,2.2343,5.9341,4.7513,3.3643,3.1272,31.882,11.917,9.7789,9.6945,9.9879,9.9879,9.9879,9.9879,0,1,1,0,0,2.2455e-15,0,0,5.6138e-16,1.7964e-15,30.46,30.46,30.46,0.87238,0
72.306,72.306,59.254,59.254,24.997,24.997,22.714,22.714,24.437,24.437,24.175,24.175,58.887,58.887,42.805,42.805,45.429,45.429,43.808,43.808,10.203,6.1268,3.3125,3.0126,13.45,5.9554,4.018,3.5763,11.572,7.5248,7.3248,5.8524,7.7539,4.507,2.1296,1.7396,9.9879,9.9879,9.9879,9.9879,0,1,1,0,0,2.2455e-15,0,0,5.6138e-16,1.7964e-15,36.92,36.92,36.92,0.88115,0
46.73,46.73,42,39.769,45,30.896,30.896,19.922,37,21.289,21.289,18.923,55.396,55.396,55,45.471,53,42.675,42.675,41.86,7.0042,2.6992,1.958,1.4135,5.0375,1.9556,1.3871,1.1369,8.7859,5.0059,1.9354,1.4782,28.256,20.469,13.176,10.986,9.9879,9.9879,9.9879,9.9879,0,1,1,0,0,2.2455e-15,0,0,5.6138e-16,1.7964e-15,30.252,30.252,30.252,0.90544,0
53.092,53.092,52.74,52.74,31,30.228,30.228,28.119,36.278,36.278,34.579,34.579,52.611,52.611,52.258,52.258,95.898,95.898,72.182,72.182,11.114,8.576,4.0139,1.8891,15.959,6.6893,6.1628,3.5304,12.934,6.9265,2.9263,1.1971,23.326,18.059,15.243,6.7671,9.9879,9.9879,9.9879,9.9879,0,1,1,0,0,2.2455e-15,0,0,5.6138e-16,1.7964e-15,39.583,39.583,39.583,0.88311,0
56,40.199,40.199,29.133,34,28.968,28.968,28.27,38,24.471,24.471,20.379,38.348,38.348,37.258,37.258,63,38.698,38.698,33.362,9.5049,6.3378,3.2807,3.041,7.1541,7.0915,4.9808,1.8669,5.6856,0.81128,0.77653,0.59731,13.175,10.869,10.648,10.353,9.9879,9.9879,9.9879,9.9879,0,1,1,0,0,2.2455e-15,0,0,5.6138e-16,1.7964e-15,35.599,35.599,35.599,0.87506,0
49.704,49.704,45.707,45.707,33,27.221,27.221,19.7,39.09,39.09,38,31.048,72.15,72.15,72,54.273,53.479,53.479,53.046,53.046,12.243,1.1653,1.1538,0.24751,47.359,4.1231,2.6105,1.2916,10.381,5.945,4.268,4.19,21.61,13.553,9.5852,7.1609,9.9879,9.9879,9.9879,9.9879,0,1,1,0,0,2.2455e-15,0,0,5.6138e-16,1.7964e-15,28.163,28.163,28.163,0.90145,0
64.503,64.503,42.447,42.447,43,23.853,23.853,16.444,57,23.323,23.323,20.163,33,27.103,27.103,24.88,68.973,68.973,67.381,67.381,2.777,2.5827,2.5174,1.785,15.002,11.111,9.099,7.1668,10.561,10.181,6.325,4.0319,8.1806,5.7953,2.486,2.3181,10.732,9.9879,9.9879,9.9879,0,0.98883,0.98883,0,0,0.44085,0.14907,0,0.14267,0.95423,25.233,25.233,25.233,0.87211,1.0528
58.617,58.617,58.369,58.369,38.862,38.862,33.44,33.44,36.675,36.675,32.213,32.213,35,32.287,32.287,29.753,50.07,50.07,48.466,48.466,5.498,3.35,1.1404,0.64305,5.9255,4.5063,2.6084,1.4446,11.67,3.7816,3.08,2.7152,18.531,17.438,13.487,5.9982,9.9879,9.9879,9.9879,9.9879,0,1,1,0,0,2.2455e-15,0,0,5.6138e-16,1.7964e-15,35.585,35.585,35.585,0.88801,0
93.13,93.13,74.033,74.033,27.638,27.638,27.359,27.359,28.442,28.442,27.906,27.906,79.981,79.981,39.142,39.142,67.247,67.247,55.105,55.105,7.9298,2.8856,1.9746,1.6336,7.4396,7.2378,4.7806,4.3928,6.7944,3.8078,2.8237,1.5033,19.753,7.8822,7.4156,5.3601,9.9879,9.9879,9.9879,9.9879,0,1,1,0,0,2.2455e-15,0,0,5.6138e-16,1.7964e-15,35.225,35.225,35.225,0.8679,0
42.709,42.709,32.168,32.168,23.762,23.762,22.766,22.766,33,25.933,25.933,21.821,33.977,33.977,28.714,28.714,71.016,71.016,56.46,56.46,5.6684,4.8092,3.0369,2.7416,8.0504,3.1819,2.9519,2.8644,4.6965,3.7594,1.5273,1.325,18.703,13.301,11.962,11.838,9.9879,9.9879,9.9879,9.9879,0,1,1,0,0,2.2455e-15,0,0,5.6138e-16,1.7964e-15,32.262,32.262,32.262,0.8728,0
44.981,44.981,40,39.787,33.527,33.527,27.875,27.875,23,22.849,22.849,21.754,69,41.445,41.445,40.219,40.614,40.614,40.225,40.225,2.8456,2.4841,2.2667,1.3061,5.3836,2.2949,1.8334,1.5923,9.3509,6.2142,2.403,1.0591,24.553,6.4541,4.9142,3.3402,9.9879,9.9879,9.9879,9.9879,0,1,1,0,0,2.2455e-15,0,0,5.6138e-16,1.7964e-15,31.395,31.395,31.395,0.8919,0
62,56.145,56.145,42.697,38,29.804,29.804,23.74,49,32.711,32.711,18.025,51,46.54,46.54,45.134,54.562,54.562,49.512,49.512,6.5371,4.6976,1.9817,1.7113,11.947,4.7939,2.6721,2.339,1.5999,0.79636,0.67761,0.50016,17.334,13.393,13.008,11.929,9.9879,9.9879,9.9879,9.9879,0,1,1,0,0,2.2455e-15,0,0,5.6138e-16,1.7964e-15,39.222,39.222,39.222,0.88696,0
121.01,121.01,118.09,118.09,171.27,171.27,159.75,159.75,66.792,66.792,66.529,66.529,73,45.724,45.724,36.305,190.17,190.17,172.48,172.48,4.5025,3.0728,0.47658,-0.23161,10.974,7.6263,5.1865,4.978,34.063,15.848,9.4741,6.8295,11.241,8.3244,6.6791,4.8067,22.441,18.877,9.7554,7.2482,1.4453,1.4298,1.5635,2.0221,1.4606,0.0096741,1.0954,0.98627,0.01051,0.025284,52.226,52.226,52.226,0.86631,7.5694
89.159,89.159,78.674,78.674,73.51,73.51,70.887,70.887,40,30.451,30.451,28.334,49,42.913,42.913,38.862,143.3,143.3,131.9,131.9,5.3876,3.968,2.7742,2.5982,16.131,10.072,6.2232,3.7089,6.6247,3.2582,3.0195,1.0888,62.393,1.4902,0.85725,0.19769,20.906,13.741,10.535,5.0426,1.2996,1.3333,1.2996,1.9551,1.4063,0.010372,0.96295,0.81153,0.0064923,0.013193,26.957,26.957,26.957,0.8267,6.4791
88.57,88.57,85.916,85.916,132,123.19,123.19,107.68,38.829,38.829,32,29.898,57,36.488,36.488,33.684,94.035,94.035,71.958,71.958,2.2629,1.8581,1.3851,0.59514,18.341,6.5794,5.7911,5.2907,18.431,10.331,7.6377,3.4232,13.518,6.6707,6.0259,5.0018,13.282,11.907,10.51,6.2859,1.5706,1.453,1.5986,1.7889,1.2737,0.013361,0.97286,1.4045,0.0079945,0.093348,20.765,20.765,20.765,0.81802,4.9509
65.725,65.725,61,57.649,114.62,114.62,77.519,77.519,27,25.726,25.726,19.041,54,35.454,35.454,25.7,153.16,153.16,150.2,150.2,5.1009,3.0521,1.4979,1.444,12.47,5.4871,3.3198,2.5466,9.3113,6.3091,5.4317,3.2625,11.467,5.4937,4.5411,3.7735,24.521,17.883,14.566,14.145,4.1446,1.633,1.5275,1.9664,1.3081,0.0046852,1.1201,4.0676,0.007121,0.026035,31.941,31.941,31.941,0.77785,7.0067
52.852,52.852,45.623,45.623,64,53.541,53.541,52.926,48,26.673,26.673,25.865,63,19.053,19.053,17.024,187.73,187.73,167.86,167.86,0.56255,0.24198,-0.2134,-0.47316,6.0935,5.1405,3.9011,1.5208,12.188,8.9007,3.2868,3.0933,26.009,7.4743,4.6786,3.2807,9.6725,8.028,5.7442,5.6905,2.8127,1.5986,2.2559,1.9264,1.4453,0.0061103,1.1402,2.7132,0.0072959,0.018057,19.081,19.081,19.081,0.86567,4.0311
71,64.316,64.316,58.615,174.21,174.21,144.59,144.59,61,43.91,43.91,32.379,70.267,70.267,68.148,68.148,108,91.213,91.213,89.846,8.9104,7.3386,6.4793,5.719,6.0515,5.8096,4.9884,4.9611,4.2671,4.1754,4.098,2.6697,11.101,6.3016,4.8703,4.5411,11.936,10.994,9.4618,4.8071,1.291,1.8135,1.3904,1.5492,1.2293,0.0059084,1.014,1.042,0.0055571,0.017513,26.4,26.4,26.4,0.81752,4.4786
66.53,66.53,65.447,65.447,78.34,78.34,67.082,67.082,37.765,37.765,37.162,37.162,43,30.407,30.407,28.224,193.42,193.42,190.88,190.88,4.3809,2.2216,2.163,1.7085,4.8635,3.9456,2.7817,2.0603,7.0077,6.4526,4.1092,3.8116,5.0017,4.4974,3.7169,3.3596,13.679,7.1109,5.1488,3.8922,1.4298,1.4376,1.325,1.6465,1.5492,0.0058349,0.89443,1.2545,0.004598,0.017956,24.521,24.521,24.521,0.79354,3.6051
105,79.284,79.284,74.94,168.98,168.98,141.34,141.34,28.411,28.411,23.357,23.357,71,47.593,47.593,40.367,205.78,205.78,198.93,198.93,3.1059,3.0132,1.476,1.4753,5.2119,3.3532,2.2011,2.0478,13.839,6.2901,5.5997,4.4326,13.106,12.74,9.5443,6.5727,17.211,15.544,10.753,10.141,1.3984,1.5055,1.4142,1.8074,1.4453,0.0091873,1.1178,1.0531,0.0068386,0.016721,27.943,27.943,27.943,0.78936,4.614
69.36,69.36,61.656,61.656,87,71.36,71.36,58.526,43,25.714,25.714,23.987,36,29.235,29.235,28.343,171.1,171.1,159.14,159.14,4.6382,2.5428,1.7936,1.1196,10.531,6.9409,3.0093,0.71446,12.81,10.079,4.8876,3.6793,22.957,13.505,7.8819,7.3418,14.98,12.742,9.5057,6.2224,1.2472,1.6533,1.5129,1.7448,1.5129,0.0062478,1.1734,1.0931,0.0062621,0.019577,19.475,19.475,19.475,0.72884,3.6722
69,62.131,62.131,52.498,55.337,55.337,54.002,54.002,25.722,25.722,25.08,25.08,50,30.31,30.31,26.317,161.06,161.06,141.48,141.48,8.753,1.4708,1.3692,0.83122,5.3462,4.0943,4.003,3.0861,4.833,4.6998,2.6211,2.2268,9.82,6.4267,4.959,3.1668,11.947,3.0217,2.5121,2.5097,1.5348,1.3904,1.4832,1.6398,1.4453,0.0032914,0.92823,1.1578,0.004956,0.014394,18.678,18.678,18.678,0.77969,3.3905
53,45.148,45.148,41.847,81.062,81.062,73.723,73.723,31,25.452,25.452,24.914,29.076,29.076,26.588,26.588,99.782,99.782,89.741,89.741,6.1446,3.7737,3.0389,2.9736,6.0692,3.0924,1.8121,1.7547,3.7842,3.6206,2.3365,2.2216,5.2608,2.6691,2.5487,0.68372,9.6455,4.1498,3.9788,3.7464,1.422,1.291,1.5635,2.0817,1.3333,0.007584,0.92496,1.0225,0.0044943,0.011492,13.644,13.644,13.644,0.79618,3.839
65.976,65.976,58.972,58.972,67.551,67.551,51.823,51.823,39.272,39.272,34,29.947,44.716,44.716,41,38.029,173.3,173.3,157.51,157.51,9.944,4.1554,2.492,2.0999,5.6021,3.5639,3.0858,2.0425,23.997,9.4423,4.379,3.5608,5.8654,5.2645,4.1771,3.4832,7.3078,5.3758,2.5855,2.1059,3.8239,1.4606,1.7321,1.7321,1.4298,0.0039328,0.95874,3.7815,0.0043061,0.017208,15.146,15.146,15.146,0.76691,2.9827
123,91.49,91.49,85.341,72,66.523,66.523,66.348,47,28.896,28.896,28.518,54,33.337,33.337,31.712,301,278.83,278.83,247.6,4.8453,1.0143,0.99003,0.94773,16.564,13.55,4.0154,3.3536,5.937,4.2267,3.6102,2.2402,13.772,5.343,3.4415,2.6815,9.641,4.421,3.9091,2.9075,2.3664,1.4142,1.3499,1.633,1.5055,0.0058223,0.8245,2.1363,0.0061665,0.013126,17.049,17.049,17.049,0.78525,3.3979
135,60.302,60.302,51.709,101.09,101.09,89.251,89.251,30.788,30.788,27.735,27.735,44,34.661,34.661,27.61,155.92,155.92,143.56,143.56,2.5601,1.2327,0.44326,0.3096,4.2423,1.4155,0.81175,0.79846,3.3612,2.88,1.6015,-0.4344,8.2235,6.3852,5.1113,1.2137,18.34,7.7696,3.2156,1.9519,3.3665,1.4981,1.6997,1.6125,1.6193,0.010197,1.0406,3.1977,0.0052343,0.026357,20.826,20.826,20.826,0.77588,4.8872
68,65.462,65.462,56.331,49,40.637,40.637,40.321,26,16.753,16.753,13.858,50,25.384,25.384,24.791,147,117.69,117.69,106.9,2.969,0.91793,0.77179,0.57296,7.2798,3.8666,2.5668,2.5181,5.5323,5.3345,4.9582,3.8666,4.8265,1.1908,0.83502,0.59848,14.821,8.8836,6.2565,5.0201,1.5563,1.6533,1.291,1.8856,1.5129,0.0065697,1.2173,1.1669,0.0071154,0.015992,18.369,18.369,18.369,0.79134,4.8731
97.929,97.929,97.029,97.029,81.334,81.334,75.823,75.823,42,18.167,18.167,17.689,53,32.112,32.112,24.405,224.86,224.86,216.8,216.8,4.5936,1.3769,0.93696,0.83251,10.677,3.9404,1.5854,0.90048,26.31,10.776,8.481,7.5728,5.6132,4.2734,0.16857,-0.033925,15.949,4.8506,4.5347,3.6341,1.3984,1.4453,1.2472,1.6667,1.8318,0.0070679,0.8779,0.96505,0.006625,0.028142,21.523,21.523,21.523,0.86714,5.5013
116,113.72,113.72,111.16,38,32.452,32.452,24.69,29.665,29.665,24,13.777,51,30.554,30.554,26.665,243.75,243.75,237.79,237.79,2.684,1.5448,1.3648,1.2872,9.1457,3.391,2.4409,1.4603,12.851,5.2376,2.4604,2.3192,5.8686,4.8098,0.72755,0.67673,18.991,13.341,5.0463,4.4426,1.1738,1.5986,1.6997,1.9607,1.3581,0.0059214,0.85694,0.90843,0.0049744,0.024878,20.658,20.658,20.658,0.75865,5.5605
74.861,74.861,74.214,74.214,73.863,73.863,67.625,67.625,44,22.328,22.328,20.659,41,34.993,34.993,28.328,197.42,197.42,171.93,171.93,4.088,3.9716,3.6947,2.4978,8.2534,2.2321,1.8965,1.6211,33.925,6.5492,3.0742,2.5418,6.6862,3.5115,2.9698,2.4457,3.9493,3.1709,2.2823,2.0357,1.3166,1.2737,1.6799,1.7448,1.2383,0.0083175,0.90006,1.0574,0.0058375,0.035209,22.405,22.405,22.405,0.82588,3.4812
47.854,47.854,45.652,45.652,87.583,87.583,81.59,81.59,51,21.761,21.761,18.021,35.049,35.049,30,28.287,169.14,169.14,151.62,151.62,3.5535,2.1976,2.1496,1.7262,2.8233,1.5587,1.5503,0.74841,12.207,7.5184,6.4555,6.0537,9.7075,7.8322,4.4263,3.7256,9.5376,9.469,6.0125,5.109,5.3125,1.5055,1.8135,1.5986,1.5492,0.0095497,0.91949,5.2005,0.0045228,0.014694,19.232,19.232,19.232,0.76475,4.4836
97.367,97.367,94.084,94.084,35.701,35.701,32.43,32.43,24,22.827,22.827,22.638,43.405,43.405,39.319,39.319,267.77,267.77,257.25,257.25,7.2442,5.011,4.0842,2.1313,4.5501,3.0554,2.3012,1.6527,39.534,11.695,8.4762,4.8386,14.284,6.4742,4.9421,4.4739,11.638,11.285,4.6528,2.9196,1.8974,1.3081,1.9206,1.6799,1.3166,0.0062775,0.90342,1.5869,0.0055616,0.019098,22.346,22.346,22.346,0.78711,4.8943
79,71.942,71.942,67.822,47,41.77,41.77,31.193,57,30.046,30.046,27.944,47,30.457,30.457,30.224,103.53,103.53,90.962,90.962,2.4816,1.516,1.3514,0.34254,3.6012,3.4148,3.208,2.9071,15.616,3.0616,1.847,1.4791,5.5252,4.7107,3.7281,3.2726,12.265,6.8389,4.9843,4.2782,1.4376,1.4453,1.422,1.7512,1.1547,0.016668,0.93474,0.89443,0.0056388,0.01205,21.446,21.446,21.446,0.76868,4.2296
109.13,109.13,98.227,98.227,80,53.856,53.856,44.136,46,38.754,38.754,38.488,43,28.716,28.716,22.377,237.26,237.26,222.99,222.99,2.6228,2.3581,0.87165,0.62089,7.6738,2.9979,2.5254,2.3456,5.6153,4.8845,4.6495,3.6759,8.2005,8.0735,2.091,1.6322,7.3741,7.1507,2.7805,2.7579,1.5492,1.6799,1.453,1.8379,1.2737,0.0086276,1.116,1.2831,0.0044856,0.01265,21.438,21.438,21.438,0.82117,3.1779
79.202,79.202,71.451,71.451,111,69.615,69.615,63.705,132.62,132.62,130.88,130.88,59.551,59.551,51.08,51.08,271.33,271.33,236.27,236.27,14.795,3.5706,3.0046,1.5959,23.959,15.755,13.563,13.234,15.245,12.265,7.4286,7.1304,33.2,32.043,17.404,13.736,26.008,19.734,18.096,12.599,3.0587,1.5129,2.3944,1.4981,1.5492,0.01975,0.96032,2.5009,0.0073117,0.032866,41.707,41.707,41.707,0.7105,10.64
127.31,127.31,125.38,125.38,62.026,62.026,36.473,36.473,73.493,73.493,69.726,69.726,89.688,89.688,80.599,80.599,228.91,228.91,200,200,16.026,12.299,7.1954,6.5287,21.938,17.765,15.004,14.131,22.783,19.983,16.234,14.618,39.543,37.16,19.607,16.298,35.018,24.678,24.416,21.39,3.0221,1.3904,2.201,2.3476,1.4376,0.022379,0.81464,2.6337,0.012025,0.074688,41.55,41.55,41.55,0.73373,13.429
107.07,107.07,76.486,76.486,31.237,31.237,30.92,30.92,61.806,61.806,61.598,61.598,46.908,46.908,39.236,39.236,174.52,174.52,155.4,155.4,5.4665,4.729,3.9206,3.1445,12.913,9.1124,5.865,5.7294,16.855,10.757,6.802,6.5203,21.498,20.037,18.584,11.04,28.414,19.804,15.996,14.403,2.7809,1.3984,1.9322,1.7951,1.4376,0.018595,0.91453,2.6648,0.0079267,0.049144,36.129,36.129,36.129,0.66602,9.3091
121.72,121.72,107,82.767,61.526,61.526,44.542,44.542,87.585,87.585,72.395,72.395,91,72.732,72.732,69.744,186.5,186.5,184.63,184.63,9.5223,4.2807,4.1387,2.0839,10.103,9.1739,8.971,8.2753,20.218,9.649,8.9422,3.6433,35.72,28.885,24.929,21.754,32.842,23.893,17.966,15.742,2.0276,1.3333,2.0494,1.5348,1.5563,0.017616,1.005,1.7297,0.0081953,0.10715,35.324,35.324,35.324,0.67968,9.2733
78.353,78.353,78.207,78.207,62.757,62.757,52.467,52.467,93.679,93.679,90.429,90.429,63.311,63.311,51.253,51.253,179.97,179.97,177.96,177.96,14.306,11.056,9.6025,9.3116,7.6078,3.8611,3.6412,3.5827,14.903,13.903,12.317,8.4828,37.123,31.615,14.342,9.8699,21.724,14.464,14.39,12.174,3.1305,1.5492,2.2608,1.7638,1.4832,0.023976,1.0918,2.9333,0.0074812,0.02274,31.015,31.015,31.015,0.7447,6.6757
104.8,104.8,96.562,96.562,57.346,57.346,50.006,50.006,88.908,88.908,68.02,68.02,69.52,69.52,68.454,68.454,187.92,187.92,187.36,187.36,15.669,14.928,5.6828,4.8556,12.533,10.423,6.1966,3.9644,19.809,19.577,10.574,9.8538,37.516,34.504,33.035,20.664,24.322,19.2,14.33,9.4707,1.4981,1.6262,2.1239,1.8856,1.5846,0.021752,0.97286,1.3212,0.0075145,0.017361,27.414,27.414,27.414,0.76138,6.9178
129,99.979,99.979,87.263,57.148,57.148,47.777,47.777,79.484,79.484,79.049,79.049,65,64.541,64.541,60.421,261.28,261.28,237.01,237.01,11.529,7.8305,6.4771,2.4618,21.279,11.922,10.749,10.319,11.41,9.1515,5.6451,4.3161,25.287,14.067,8.9887,8.289,18.887,10.756,10.088,5.3026,2.1292,1.4453,1.453,1.1155,1.4606,0.01266,0.98627,1.9566,0.0061961,0.046661,27.777,27.777,27.777,0.70561,6.1533
110.54,110.54,105.58,105.58,39,34.645,34.645,33.907,88.621,88.621,56.491,56.491,74,66.425,66.425,64.202,239.47,239.47,223.91,223.91,7.3122,5.5235,5.2003,5.1609,12.639,12.03,9.383,6.9935,18.945,12.186,10.339,9.1042,29.537,27.708,16.105,8.2448,33.79,14.735,12.403,11.215,1.6931,1.5706,1.4142,1.2996,1.5776,0.015225,0.99747,1.4135,0.0097988,0.049553,27.735,27.735,27.735,0.66456,9.5376
117,107.52,107.52,101.47,50,43.001,43.001,32.885,77.788,77.788,71,70.158,63,55.176,55.176,42.746,189.78,189.78,184.33,184.33,4.082,4.074,1.1985,1.1193,69.027,13.277,5.6247,3.8748,11.913,7.562,4.0535,1.4816,19.75,11.555,8.7888,6.4851,16.388,15.175,13.776,11.417,1.3081,1.5129,1.5563,1.6997,1.7512,0.023564,0.90174,0.94922,0.01046,0.052284,29.081,29.081,29.081,0.68364,7.8493
104.05,104.05,92.488,92.488,26.832,26.832,26,24.922,53.736,53.736,52.868,52.868,67.699,67.699,54.642,54.642,161.57,161.57,160.88,160.88,12.162,10.604,7.9352,4.451,13.609,9.1621,6.3066,5.8697,19.81,14.193,12.099,10.059,25.259,14.049,12.92,11.628,21.379,21.098,14.381,7.6648,1.5055,1.5635,1.3333,3.1411,1.5492,0.026766,0.95716,0.97597,0.010801,0.0323,29.483,29.483,29.483,0.68353,9.5183
105.91,105.91,93.365,93.365,36.915,36.915,31.616,31.616,93.367,93.367,77.642,77.642,74.298,74.298,60.2,60.2,220.17,220.17,179.46,179.46,6.717,6.1337,4.8274,4.7947,3.2026,2.1366,1.4104,-0.71242,12.16,7.5119,7.1743,5.233,24.93,11.414,6.3745,1.7763,16.464,14.684,13.181,10.57,1.5706,1.6997,1.7448,1.4682,1.9494,0.03143,1.0065,1.0996,0.0096009,0.052777,38.682,38.682,38.682,0.67424,10.639
90.327,90.327,77.501,77.501,56,49.727,49.727,48.331,111.24,111.24,94.397,94.397,111.44,111.44,108.59,108.59,164.02,164.02,151.96,151.96,9.895,9.2466,6.4785,5.9971,61.574,37.672,37.256,20.628,12.011,11.081,8.1122,5.0276,18.808,17.724,17.435,16.788,14.124,13.812,9.422,8.8229,1.5055,1.422,1.9607,1.5348,1.6193,0.023571,0.92496,1.1947,0.0091946,0.052635,31.11,31.11,31.11,0.67514,6.4599
134.71,134.71,116.48,116.48,68,46.442,46.442,38.293,81,58.89,58.89,54.367,105,87.783,87.783,62.796,212.62,212.62,192.9,192.9,11.704,7.1896,6.3255,3.3958,17.486,4.0403,4.0063,3.2015,22.471,8.9283,7.2008,3.7305,30.282,30.178,18.243,16.325,17.17,14.734,13.026,12.589,1.4453,1.3663,1.5706,1.4376,1.3824,0.028914,0.96505,1.1862,0.010172,0.041601,38.901,38.901,38.901,0.78481,6.8388
80.807,80.807,72.758,72.758,51.839,51.839,50.517,50.517,92.469,92.469,80.351,80.351,47.632,47.632,44.845,44.845,89.361,89.361,76.461,76.461,10.319,3.78,3.336,3.246,24.037,5.7906,5.0098,4.4512,7.5887,6.9691,6.3251,5.2959,30.297,22.82,22.269,16.137,19.606,16.598,13.28,7.2231,1.1547,1.4453,1.5492,1.1926,1.4063,0.015526,0.8779,0.84208,0.0097628,0.042601,34.456,34.456,34.456,0.69187,6.117
88.997,88.997,85.081,85.081,65,43.585,43.585,42.585,76.217,76.217,75.871,75.871,50.925,50.925,36.683,36.683,177.25,177.25,160.24,160.24,4.2434,3.7782,3.638,3.5851,17.046,11.951,5.5517,3.3701,14.08,12.916,9.9439,8.2694,54.333,22.774,21.528,14.815,21.654,13.622,8.0242,7.7855,1.2649,1.3499,1.5706,1.2383,1.66,0.016792,0.8916,1.0259,0.0096095,0.050027,43.293,43.293,43.293,0.69013,7.3486
108.37,108.37,94.796,94.796,54,40.854,40.854,35.152,52.221,52.221,47.84,47.84,67,64.855,64.855,57.132,163.83,163.83,138.47,138.47,7.0577,6.4258,4.4905,2.9757,17.316,12.047,8.1083,6.7898,23.941,9.6133,6.966,6.5654,22.483,21.698,18.629,11.1,24.06,23.287,19.708,18.452,1.7764,1.5055,1.7192,1.453,1.3333,0.01728,0.85694,1.2362,0.0092367,0.056948,34.267,34.267,34.267,0.71995,9.084
79,62.32,62.32,61.553,26.519,26.519,23.535,23.535,55,53.767,53.767,44.225,79,57.093,57.093,32.355,121.09,121.09,113.78,113.78,6.6993,5.6885,2.0752,1.6197,11.596,11.155,8.2874,2.0969,4.2197,3.7695,3.7624,3.1982,12.334,11.76,11.701,11.52,31.986,21.726,16.969,9.1802,1.145,1.6533,1.2649,1.4142,1.4142,0.030248,0.88933,0.98627,0.0098184,0.064448,41.217,41.217,41.217,0.66223,9.7494
98.596,98.596,67.474,67.474,36,28.064,28.064,26.957,48.895,48.895,43.173,43.173,50.959,50.959,50.958,50.958,154.99,154.99,139.5,139.5,10.646,5.0752,5.0697,5.0095,4.6327,3.6334,1.5542,1.515,9.9262,6.7879,4.4138,3.6659,23.981,20.4,14.383,11.946,25.47,13.601,10.771,6.2219,1.6733,1.291,1.325,1.4376,1.2561,0.021262,0.76739,1.1313,0.013712,0.075566,38.601,38.601,38.601,0.66245,8.3458
154.02,154.02,149.97,149.97,55,34.471,34.471,29.95,83,67.998,67.998,64.14,74.332,74.332,70,60.76,174,164.23,164.23,150.7,8.0224,3.2647,1.5471,1.5211,11.955,6.0228,5.5461,5.5388,31.369,24.211,6.5511,4.6563,21.354,17.991,12.833,11.908,24.588,23.978,23.029,16.371,1.4063,1.3416,1.4376,1.4907,1.6262,0.01815,0.99595,1.0435,0.0096869,0.071849,31.069,31.069,31.069,0.74048,6.6445
146.54,146.54,90,77.039,33.507,33.507,31.097,31.097,67.198,67.198,67,59.046,60,55.219,55.219,49.87,162.45,162.45,121.1,121.1,7.3168,5.3075,4.1412,1.7871,3.9615,3.1912,2.8269,2.8266,21.205,8.1491,8.0548,5.0633,27.041,10.825,5.934,3.4039,26.051,23.681,23.492,15.009,1.3581,1.291,1.4453,1.6398,1.3333,0.023783,0.92496,0.97597,0.0088403,0.10558,40.034,40.034,40.034,0.66176,10.226
263.64,263.64,261.18,261.18,76.021,76.021,59.705,59.705,42,38.576,38.576,34.93,230.62,230.62,173.17,173.17,174.03,174.03,156,153.01,20.765,20.498,16.206,12.224,5.8717,3.4496,3.0164,1.897,45.122,19.041,18.766,15.119,9.4554,7.0017,3.5682,2.5424,7.3924,3.8726,3.4209,3.1136,1.2737,1.5275,1.453,1.6733,1.4981,0.0063758,1.1677,1.02,0.0068604,0.05507,41.681,41.681,41.681,0.76554,3.7204
278,176.16,176.16,167.36,78,41.898,41.898,40.777,56.591,56.591,53.027,53.027,125.37,125.37,115,110.14,98.173,98.173,92.549,92.549,30.408,10.096,10.081,1.1493,3.6431,2.5074,2.2532,1.6453,23.981,7.4332,3.7641,0.71317,8.009,3.3783,3.0714,2.9416,7.1721,6.819,3.6169,3.49,1.2996,1.6262,1.8679,2.3851,1.2996,0.0068656,0.90843,1.0357,0.0096041,0.038647,36.925,36.925,36.925,0.77517,3.0933
181.74,181.74,147.52,147.52,59.925,59.925,59.878,59.878,62.638,62.638,55.415,55.415,147.09,147.09,141.35,141.35,91.228,91.228,90.955,90.955,28.434,20.376,14.447,13.346,4.8008,3.8804,2.0023,1.3154,15.838,15.145,8.6735,8.0594,6.9771,5.8826,3.7129,2.4114,23.24,17.595,13.553,10.59,1.5202,1.422,1.3166,1.5986,1.5563,0.010462,0.97597,1.0493,0.0077009,0.027517,31.871,31.871,31.871,0.83021,4.5884
255.89,255.89,234.6,234.6,178.55,178.55,144.69,144.69,107.55,107.55,105.33,105.33,241.43,241.43,237.36,237.36,188.9,188.9,171.64,171.64,40.078,35.131,9.8804,7.3134,12.037,8.8316,8.2322,3.3085,103.94,27.73,24.732,19.39,37.758,22.883,16.905,7.4856,10.862,10.103,9.2463,7.2689,1.3984,1.633,1.5916,1.8915,1.4682,0.0072526,1.1669,1.1273,0.0091404,0.02675,29.402,29.402,29.402,0.7937,3.9998
207.12,207.12,146.55,146.55,199,186.71,186.71,148.58,114.53,114.53,109.25,109.25,261.6,261.6,201.18,201.18,97.789,97.789,78.867,78.867,59.632,29.218,25.303,21.095,16.052,14.933,12.771,6.4569,29.91,27.503,13.14,12.072,20.451,8.5513,8.3669,5.8918,10.877,8.6714,3.8188,3.7107,1.4981,1.5348,1.2561,1.9264,1.4981,0.0080359,1.3246,1.2027,0.0099698,0.03867,39.605,39.605,39.605,0.81876,2.7553
218.93,218.93,208,194,105.38,105.38,101.45,101.45,72.923,72.923,65.278,65.278,153.55,153.55,152.72,152.72,162.09,162.09,136,128.85,36.382,18.31,8.9417,1.7813,16.967,12.443,11.402,11.039,31.157,20.431,11.434,9.353,17.737,14.208,6.2119,3.3882,8.0734,5.8233,3.7085,3.6263,1.3744,1.4682,1.1055,2.044,1.2996,0.014647,0.99595,0.99899,0.010279,0.043302,33.782,33.782,33.782,0.86101,3.1459
424.38,424.38,314.99,314.99,90.899,90.899,85.272,85.272,67.571,67.571,65.324,65.324,155.73,155.73,154,154,213.81,213.81,206.34,206.34,42.984,29.684,16.792,14.276,6.3173,5.8042,5.1441,3.7824,50.829,45.478,40.906,21.029,30.058,8.2491,4.9001,3.9387,8.4344,7.139,6.107,5.3956,1.2824,1.3904,1.4376,2.1448,1.2737,0.010974,1.0996,0.78303,0.0087862,0.049552,39.014,39.014,39.014,0.78028,3.034
229.38,229.38,210.05,210.05,153.12,153.12,117.16,117.16,83.302,83.302,75.757,75.757,264.69,264.69,238.08,238.08,178.66,178.66,175.17,175.17,16.549,14.22,13.726,7.4656,9.1878,7.4979,7.3553,4.1684,37.946,30.648,22.764,16.039,21.112,14.137,5.6301,5.1283,12.072,9.5775,5.3357,3.1733,1.7826,3.7357,1.5275,1.8074,1.2737,0.017268,3.5777,1.3123,0.011792,0.054051,41.308,41.308,41.308,0.75188,4.1721
274.02,274.02,271.96,271.96,114.08,114.08,104.74,104.74,39.251,39.251,36.962,36.962,166.58,166.58,150.03,150.03,208.06,208.06,196.91,196.91,27.888,22.337,20.094,13.015,11.434,4.8833,4.7025,4.1965,76.496,54.259,46.405,36.168,6.151,5.9177,5.2959,3.0643,8.3875,7.0853,3.3368,1.9155,1.3581,1.5916,1.2383,1.9379,1.3333,0.0075857,1.1069,0.97597,0.012796,0.025573,44.492,44.492,44.492,0.78238,3.4834
184.41,184.41,181.67,181.67,81.589,81.589,53.001,53.001,35.858,35.858,32.868,32.868,114.45,114.45,105.63,105.63,123.83,123.83,89.356,89.356,13.078,5.59,4.1415,3.9631,6.9194,3.9257,2.5294,2.4369,28.698,22.002,6.9424,6.1799,8.0579,6.1539,5.9762,3.8068,4.6069,4.2098,3.8075,2.5138,1.2472,1.4832,1.5275,1.8012,1.4757,0.0080349,0.91176,0.88478,0.020105,0.030656,33.831,33.831,33.831,0.85215,3.9972
174.07,174.07,152.87,152.87,53.943,53.943,50,37.699,35.702,35.702,27.696,27.696,155.01,155.01,120.51,120.51,106.86,106.86,104.22,104.22,30.67,21.02,8.5843,4.8098,7.6887,2.3993,2.2813,1.2541,27.602,25.659,18.649,11.026,7.96,4.0824,4.023,2.3802,5.647,4.8253,3.3373,3.1392,1.5846,1.5055,1.2561,1.8679,1.3081,0.0058871,1.0274,1.2052,0.0090741,0.027479,30.507,30.507,30.507,0.86883,2.5754
228.08,228.08,180.65,180.65,55,52.73,52.73,45.675,60.966,60.966,53,46.872,151,104.28,104.28,97.035,164,125.91,125.91,99.421,11.205,9.8571,2.41,1.1255,10.843,7.741,4.5184,2.0629,29.186,22.654,11.183,8.58,13.386,6.8058,3.8303,3.3164,5.2503,4.5193,3.4148,2.1404,1.4907,1.3744,1.4142,1.7256,1.3499,0.0061069,0.90342,1.0973,0.0082133,0.028394,32.131,32.131,32.131,0.8409,2.7266
275.41,275.41,226.36,226.36,76,51.893,51.893,49.034,60.764,60.764,59.74,59.74,145.73,145.73,116.3,116.3,136.89,136.89,132.75,132.75,14.152,6.9616,5.9394,4.9503,11.636,2.2879,0.41852,0.31591,27.859,25.126,23.933,14.006,10.674,7.0022,6.9067,4.9985,5.0875,4.047,3.573,3.14,1.3663,1.5776,1.4453,1.8559,1.4682,0.0084969,1.1755,0.91674,0.0069258,0.019353,35.735,35.735,35.735,0.77027,3.4113
249.12,249.12,237.48,237.48,73,53.379,53.379,48.038,82.746,82.746,76,63.431,141.9,141.9,136.85,136.85,122.11,122.11,118.2,118.2,12.779,7.6063,6.7972,5.5499,6.0797,3.7838,3.4558,2.2952,64.094,29.642,20.904,16.082,4.8138,4.4164,4.3467,3.2185,5.9345,5.8953,4.8977,4.7106,1.4063,1.4682,1.3824,2.3758,1.4682,0.011329,1.0871,0.90006,0.0093426,0.040747,41.843,41.843,41.843,0.71309,4.0158
231.46,231.46,229.26,229.26,73.945,73.945,66.935,66.935,149.46,149.46,146.5,146.5,189.96,189.96,156.12,156.12,136.77,136.77,129.46,129.46,62.877,27.369,19.591,12.249,8.4732,2.1012,1.7186,1.5754,39.144,19.248,19.108,10.79,17.671,15.163,7.0467,6.2354,5.3829,4.1471,3.5867,3.3071,1.4298,1.422,1.4063,2.071,1.3663,0.0082172,0.92496,1.0551,0.0091572,0.031138,36.511,36.511,36.511,0.72813,3.2792
248.94,248.94,246.3,246.3,46.693,46.693,40.114,40.114,72.486,72.486,61.733,61.733,197.8,197.8,141.08,141.08,158.61,158.61,150.87,150.87,31.337,29.035,18.026,7.9074,5.9856,3.8197,2.075,2.007,80.031,78.782,25.076,9.3011,9.3108,7.8877,4.211,3.4693,6.2501,5.4991,3.5802,3.1236,1.4832,1.4757,1.6931,2.1756,1.4142,0.0065719,1.1178,1.0651,0.0088101,0.049588,42.313,42.313,42.313,0.82005,3.5584
167,156.12,156.12,139.44,58.165,58.165,57,49.139,74,44.182,44.182,38.269,139.48,139.48,133.64,133.64,97.566,97.566,77.621,77.621,21.56,17.398,16.825,16.681,5.7626,3.1744,1.219,1.1955,22.464,7.1907,3.7475,3.0391,9.0153,4.657,4.5744,4.4665,3.6384,3.5506,2.7097,2.5214,1.453,1.2202,1.2561,2.0656,1.2737,0.0063629,0.86865,1.0215,0.0075553,0.027244,29.995,29.995,29.995,0.80578,2.4627
97,86.17,86.17,76.536,59.659,59.659,40,35.911,149,103.86,103.86,96.878,52.356,52.356,48.381,48.381,59,56.55,56.55,44.508,16.413,11.244,0.47237,0.23497,3.5094,2.5825,2.4777,2.402,16.356,5.6037,5.3865,5.0499,5.5747,3.8074,3.7272,3.0698,-1.149,-1.149,-1.149,-1.149,0,1,1,0,0,8.9821e-16,0,0,3.3683e-16,2.2455e-16,41.403,41.403,41.403,0.75033,0
166,129.52,129.52,120.72,89,73.947,73.947,57.432,133,97.341,97.341,95.837,112,83.341,83.341,81.383,131,78.769,78.769,72.479,5.8784,4.3433,3.3675,1.4824,13.55,7.6958,3.1554,2.8217,15.963,6.6634,3.2512,2.9719,8.8349,4.7352,3.7296,0.76646,-1.149,-1.149,-1.149,-1.149,0,1,1,0,0,8.9821e-16,0,0,3.3683e-16,2.2455e-16,36.769,36.769,36.769,0.7433,0
180,112.98,112.98,104.15,81.142,81.142,55.937,55.937,122.67,122.67,120.65,120.65,105.58,105.58,99.766,99.766,63.428,63.428,63.257,63.257,10.465,8.4784,6.7411,6.6532,31.57,7.3294,4.7662,1.9694,4.9614,3.9543,2.179,1.7463,38.358,27.091,14.59,10.72,-1.149,-1.149,-1.149,-1.149,0,1,1,0,0,8.9821e-16,0,0,3.3683e-16,2.2455e-16,39.92,39.92,39.92,0.55886,0
97.216,97.216,68.66,68.66,97.147,97.147,90.805,90.805,51.105,51.105,41.877,41.877,88.568,88.568,76.732,76.732,45.443,45.443,44.908,44.908,27.115,13.386,6.6553,4.3948,8.0864,7.0993,5.3727,3.4827,5.8174,5.0737,4.1044,3.2581,19.902,8.179,4.6429,4.2872,-1.149,-1.149,-1.149,-1.149,0,1,1,0,0,8.9821e-16,0,0,3.3683e-16,2.2455e-16,32.923,32.923,32.923,0.7422,0
90.907,90.907,79.543,79.543,50.649,50.649,46.298,46.298,155.71,155.71,136.33,136.33,51.552,51.552,50.496,50.496,89,62.108,62.108,53.507,10.717,6.5727,6.231,5.4675,30.872,10.237,7.4515,7.2255,11.092,7.996,7.9347,7.103,7.4688,6.6821,6.4053,2.9187,-1.149,-1.149,-1.149,-1.149,0,1,1,0,0,8.9821e-16,0,0,3.3683e-16,2.2455e-16,30.416,30.416,30.416,0.74955,0
99.636,99.636,73.394,73.394,64.916,64.916,60,50.321,110,109.12,109.12,108.82,88,50.768,50.768,45.267,61,46.243,46.243,37.407,7.1257,5.6969,3.5502,3.0767,23.742,4.7274,2.3351,1.9472,24.354,9.9896,8.6016,6.5052,9.6656,6.1652,5.392,2.8062,-1.149,-1.149,-1.149,-1.149,0,1,1,0,0,8.9821e-16,0,0,3.3683e-16,2.2455e-16,34.169,34.169,34.169,0.73988,0
155.3,155.3,153.15,153.15,35.948,35.948,35.372,35.372,43.331,43.331,39.863,39.863,57.378,57.378,54.423,54.423,73.09,73.09,65.803,65.803,25.142,9.7774,8.0461,5.1468,6.8347,3.1376,2.5492,2.3821,25.662,15.511,12.967,7.9446,9.3292,4.5127,4.0407,2.1333,27.021,16,11.639,9.7804,1.4832,13.063,1.5275,1.4376,8.324,0.021976,13.091,1.1078,0.011538,0.074055,36.11,36.11,36.11,0.67913,8.0177
100.98,100.98,60.523,60.523,76,46.241,46.241,36.76,39.161,39.161,37.481,37.481,58.522,58.522,53.937,53.937,51.776,51.776,48.807,48.807,12.835,11.696,8.9646,2.9494,5.482,2.9601,2.4055,1.8163,8.8822,8.6657,7.1679,6.9249,9.1087,8.2085,6.0108,5.3438,5.8284,5.3033,5.3033,5.3033,1.0853,7.9345,1.1055,1.0541,3.0876,0.0040951,6.3375,0.5203,0.010589,0.0062625,34.923,34.923,34.923,0.67746,1.8789
94.347,94.347,83.671,83.671,51,47.936,47.936,44.373,66,62.451,62.451,62.378,105,54.11,54.11,51.918,43.776,43.776,39,33.443,2.7113,1.2299,1.2042,0.55977,26.318,14.531,14.067,1.5122,11.101,6.2602,5.3962,5.0074,14.034,7.3202,4.0211,3.8571,31.909,22.499,11.28,9.5201,1.5706,6.603,1.4981,1.3984,3.1588,0.020274,6.2719,0.99747,0.01125,0.15182,23.398,23.398,23.398,0.69378,7.3899
86.271,86.271,83.98,83.98,67.453,67.453,59.042,59.042,72,51.061,51.061,48.304,97,76.379,76.379,68.049,90,36.703,36.703,34.568,8.3184,4.0845,3.5369,2.2675,28.608,6.6675,5.3783,5.0984,8.5178,6.1698,4.8647,4.1412,8.837,4.5808,3.3551,1.2037,16.212,12.393,6.892,5.329,1.4606,11.593,1.2019,1.3744,6.5081,0.029636,11.564,1.0973,0.0094217,0.044503,28.003,28.003,28.003,0.69458,6.3806
98.559,98.559,77,76.232,68,61.571,61.571,55.807,90.356,90.356,85.34,85.34,47,42.411,42.411,40.515,70,55.905,55.905,51.852,5.7347,4.6603,4.0606,3.5621,7.9533,6.1341,4.8621,3.9132,11.811,6.4334,4.4558,4.2243,16.636,12.81,11.592,9.7305,-0.53033,-0.53033,-0.53033,-0.53033,1,10,0,2,6,0,0,0,3.3683e-16,1.7964e-15,21.333,21.333,21.333,0.67229,0
97.661,97.661,88.036,88.036,52,27.284,27.284,25.514,61,38.651,38.651,37.539,127,112.36,112.36,97.735,66,48.223,48.223,44.186,6.9075,3.5502,2.5017,1.9678,1.6812,1.4044,1.1483,1.0236,23.385,23.17,10.213,6.2272,9.7631,7.8372,6.7896,5.1981,-0.53033,-0.53033,-0.53033,-0.53033,1,10,0,2,6,0,0,0,3.3683e-16,1.7964e-15,23.512,23.512,23.512,0.68301,0
86.679,86.679,75.497,75.497,51.905,51.905,51.283,51.283,87.126,87.126,74.319,74.319,66.43,66.43,57.47,57.47,67.57,67.57,43.876,43.876,25.723,11.547,3.7764,3.3697,4.8931,4.1575,3.5823,3.0367,15.109,6.158,5.096,3.9743,16.652,12.991,7.5417,4.7793,12.413,11.717,7.1858,5.7388,1.3333,1.6865,1.4063,1.5055,2.7162,0.029111,1.1985,1.005,0.012689,0.10778,26.442,26.442,26.442,0.66243,5.3118
134,75.102,75.102,70.492,52.71,52.71,49.595,49.595,82.661,82.661,66.038,66.038,63,21.249,21.249,21.037,78,32.639,32.639,32.158,1.5074,1.1874,0.66234,0.26934,14.943,7.7615,6.6349,6.0308,5.169,3.2858,0.80244,-0.20035,3.6386,2.464,2.4069,2.1921,12.19,7.5727,7.3633,6.4454,1.3824,5.4955,1.4063,1.5275,3.8442,0.017346,5.4079,0.9412,0.009545,0.044993,22.3,22.3,22.3,0.66326,4.4105
40.525,40.525,39.675,39.675,35.493,35.493,30.835,30.835,86.499,86.499,73.436,73.436,36.998,36.998,34.131,34.131,74,55.106,55.106,51.875,9.6442,4.3417,2.8737,2.6277,6.319,3.9115,2.8421,1.9824,9.0563,7.9061,5.0249,3.5838,12.298,10.493,4.2538,2.9108,0.088388,0.088388,0.088388,0.088388,0,0,1,1,3,2.6946e-15,0,0,0,7.1857e-15,33.915,33.915,33.915,0.67981,0
221.67,221.67,165.6,165.6,49,34.571,34.571,34.302,81,76.505,76.505,63.987,60,52.207,52.207,39.756,41.582,41.582,40.632,40.632,11.978,2.3312,1.9846,1.0501,6.8249,5.548,2.7666,1.5663,51.869,16.856,6.4508,6.0701,15.018,6.3944,4.9532,3.1081,0.088388,0.088388,0.088388,0.088388,0,0,1,1,3,2.6946e-15,0,0,0,7.1857e-15,23.99,23.99,23.99,0.68266,0
66.961,66.961,57.515,57.515,29,27.016,27.016,21.506,81,61.315,61.315,57.255,91,49.207,49.207,46.235,49,48.249,48.249,34.836,2.0723,1.0398,0.21502,0.11413,7.6504,6.4773,6.168,4.5261,4.4304,3.933,3.18,0.9586,10.957,7.033,6.6345,4.8439,11.972,8.4347,6.357,6.2153,1.2996,1.2996,1.291,1.3824,3.0551,0.033737,0.86573,0.91453,0.0089455,0.057465,28.577,28.577,28.577,0.68854,3.9716
68.518,68.518,59,58.271,46,43.29,43.29,33.689,36,19.665,19.665,18.904,51,47.471,47.471,45.186,53.779,53.779,53.344,53.344,3.5465,2.933,1.6261,1.5653,2.0438,1.9363,1.02,0.96004,7.3748,5.4196,5.1484,3.0117,3.7055,3.5353,2.5123,1.8306,20.679,14.327,10.493,7.9026,1.2996,1.8915,1.5706,1.2111,1.4142,0.020558,1.3341,1.1985,0.0061133,0.1942,24.014,24.014,24.014,0.16376,5.9219
105.93,105.93,99.725,99.725,69.056,69.056,68.575,68.575,54,45.173,45.173,31.59,121.79,121.79,107.2,107.2,110.01,110.01,83.252,83.252,39.273,22.227,6.7048,4.4331,86.06,38.583,28.583,13.214,19.109,18.927,12.452,7.3785,20.976,13.247,8.3477,7.9961,14.417,9.4471,7.197,5.2044,1.7638,1.2737,1.3416,1.453,1.4376,0.015054,0.73718,1.3073,0.0078469,0.029393,16.308,16.308,16.308,0.72023,3.2651
122.78,122.78,114,114,115.17,115.17,109.27,109.27,70.838,70.838,60.945,60.945,135.6,135.6,121.11,121.11,165.44,165.44,143.81,143.81,22.85,21.601,19.279,15.391,72.375,72.353,35.541,14.79,21.022,15.029,14.191,10.825,21.717,17.682,15.886,12.436,15.205,12.503,4.9441,4.1247,1.6193,1.5706,1.3581,1.2737,1.4063,0.017108,1.0996,1.2321,0.0081793,0.015275,19.886,19.886,19.886,0.64489,3.928
156.11,156.11,118.29,118.29,84,70.108,70.108,52.531,32.718,32.718,28.185,28.185,168.34,168.34,136.93,136.93,150.12,150.12,129,129,17.266,16.261,15.636,12.254,22.217,18.194,17.261,12.942,20.2,15.933,7.9235,7.0671,40.524,17.788,13.339,9.5034,12.788,10.925,9.1222,7.6068,1.8196,1.3663,1.3984,1.2996,1.2737,0.4801,0.96505,1.3633,0.13441,0.084257,20.022,20.022,20.022,0.65464,4.2422
114.79,114.79,96.551,96.551,81.013,81.013,78.562,78.562,47,28.515,28.515,28.044,160,152.81,152.81,151.17,139.05,139.05,119.45,119.45,26.557,25.518,20.375,12.12,3.3709,3.2247,3.0752,3.0157,18.918,18.332,11.601,8.1278,15.215,14.308,8.6089,6.4,14.847,11.484,8.8207,6.4012,1.4907,1.5275,1.4063,1.6125,1.4298,0.012978,1.0357,1.2102,0.0078074,0.0195,20.201,20.201,20.201,0.62711,4.1106
146,122.34,122.34,115.18,58,32.948,32.948,32.382,24.91,24.91,23.253,23.253,175.83,175.83,148.02,148.02,140.6,140.6,105.4,105.4,36.529,18.294,15.997,13.345,102.88,12.925,2.178,1.7694,24.659,20.977,14.402,6.7268,11.911,3.7229,2.7511,2.6273,12.895,10.564,6.9157,5.9081,1.7701,1.6533,1.5706,1.3663,1.4298,0.012482,1.0745,1.3751,0.0078559,0.015855,18.058,18.058,18.058,0.51955,4.272
133.52,133.52,109.72,109.72,40,29.175,29.175,26.527,18.199,18.199,14.692,14.692,101.79,101.79,94.653,94.653,140,108.59,108.59,95.125,14.186,8.9075,7.3958,5.9482,36.137,29.588,13.878,13.614,7.7844,5.8723,4.9302,4.4919,24.313,23.342,20.032,12.308,14.774,9.0237,8.564,5.335,1.3824,1.2824,1.5706,1.1926,1.3904,0.48063,0.93474,1.0313,0.13414,0.092678,23.725,23.725,23.725,0.64952,4.7926
90.752,90.752,71.46,71.46,28.776,28.776,23.025,23.025,48,20.139,20.139,19.097,102.21,102.21,94.822,94.822,100.08,100.08,91.38,91.38,23.03,17.712,13.427,13.158,23.374,13.088,12.996,10.765,15.76,9.669,8.6001,7.8788,16.95,16.884,10.532,7.323,11.962,7.6455,6.4697,5.267,1.6398,1.3416,1.4298,1.4606,1.2649,0.01086,0.99595,1.2399,0.0062052,0.023486,18.431,18.431,18.431,0.65194,3.7783
114.7,114.7,79.302,79.302,34,33.11,33.11,21.815,54,23.4,23.4,23.208,131.12,131.12,126.22,126.22,90.839,90.839,83.784,83.784,23.505,18.97,18.95,15.183,51.145,18.137,14.275,14.159,12.542,9.0788,3.4761,2.6527,23.055,9.3297,7.5269,7.1602,11.814,9.1755,8.7122,7.4849,1.6997,1.3166,1.3663,1.2649,1.3744,0.0064423,0.98216,1.4365,0.0057013,0.015079,14.357,14.357,14.357,0.64398,3.4833
204,132.66,132.66,110.12,47.473,47.473,45.305,45.305,27.587,27.587,25.815,25.815,134.84,134.84,129.36,129.36,140.37,140.37,138.98,138.98,18.478,17.239,15.666,9.049,56.19,31.799,31.05,20.245,23.507,16.479,9.9508,1.5042,11.737,9.905,8.506,7.0486,13.054,10.749,9.2359,8.8481,1.3984,1.4142,1.4757,1.4063,1.5635,0.0098457,0.88478,0.91453,0.0079749,0.022574,17.941,17.941,17.941,0.68914,4.8446
98.368,98.368,87.098,87.098,40,35.056,35.056,28.357,28,24.356,24.356,24.295,118.43,118.43,111.8,111.8,98.233,98.233,91.958,91.958,15.141,10.533,9.532,7.8178,15.086,8.2997,4.7317,3.5349,20.584,7.7395,7.6391,6.0287,15.715,11.946,10.867,10.741,13.274,12.592,10.129,7.4986,1.6465,1.3333,1.4907,1.2111,1.3499,0.0086902,0.86573,1.0904,0.0066023,0.023435,17.732,17.732,17.732,0.69858,4.8085
130.29,130.29,126.88,126.88,53,37.738,37.738,35.596,47,46.067,46.067,43.217,124.74,124.74,115.74,115.74,99.369,99.369,98.88,98.88,11.465,10.612,10.037,7.2752,35.406,25.7,20.031,8.9264,13.747,9.5253,7.5634,7.4779,17.897,14.949,11.238,10.533,13.985,9.0951,8.1765,5.3586,1.3499,1.5986,1.5348,1.4063,1.4832,0.0066564,1.1402,0.9412,0.0063496,0.020735,15.593,15.593,15.593,0.61367,4.6856
123.89,123.89,119.26,119.26,35,26.745,26.745,21.135,57,23.728,23.728,19.849,91.793,91.793,84.196,84.196,83.995,83.995,83.678,83.678,7.7895,7.4071,7.147,5.2804,33.644,18.053,2.2784,1.2728,19.627,18.732,17.396,11.723,13.279,12.855,11.777,9.4696,13.695,11.18,10.928,5.5542,1.5635,1.4757,1.5129,1.2383,1.3581,0.010629,0.92823,1.2338,0.0070107,0.02457,21.632,21.632,21.632,0.71635,4.7465
95.84,95.84,92.102,92.102,47,33.615,33.615,26.844,41,40.206,40.206,32.781,150.26,150.26,107.24,107.24,132.67,132.67,85.268,85.268,25.826,14.867,13.084,4.2854,6.4897,5.4442,4.4168,2.5219,19.887,17.364,15.1,12,18.384,5.8756,5.0203,3.8958,11.143,10.955,7.7691,7.7569,1.66,1.3416,1.2019,1.5846,1.3824,0.016428,0.79264,1.2863,0.0096431,0.022926,20.727,20.727,20.727,0.72474,5.3527
123.23,123.23,90.172,90.172,29,26.104,26.104,23.514,36,35.991,35.991,31.237,96.829,96.829,66.927,66.927,82.307,82.307,64.188,64.188,7.2377,6.8242,5.2485,3.8706,10.325,3.7838,2.6675,2.129,9.5848,9.497,4.7311,3.5167,16.48,15.236,12.47,10.348,11.714,8.0369,6.3325,5.3234,1.4453,1.3744,1.4142,1.5275,1.5055,0.0092234,0.99899,1.1862,0.0065413,0.019579,17.007,17.007,17.007,0.71172,3.5773
114.74,114.74,91.279,91.279,24,23.965,23.965,23.777,28,21.788,21.788,19.286,104.87,104.87,100.11,100.11,113.39,113.39,87.307,87.307,21.195,12.431,12.262,10.076,11.139,5.5459,4.9613,3.0926,20.986,13.779,10.547,7.7238,5.2504,3.7859,3.3287,2.3488,16.312,11.072,10.007,9.4775,1.6465,1.4298,1.2649,1.5348,1.4063,0.0090344,1.0551,1.3718,0.0063826,0.021231,19.726,19.726,19.726,0.67071,5.0534
89.365,89.365,88.26,88.26,31.235,31.235,26.565,26.565,30.513,30.513,22.539,22.539,130.96,130.96,108,108,116.88,116.88,114.95,114.95,32.239,19.891,12.255,10.025,2.1896,2.014,1.4058,1.3969,8.9971,7.3877,6.3712,5.7479,17.47,8.9044,6.469,4.0342,14.927,14.653,13.139,11.62,1.5846,1.453,1.3333,1.4606,1.7385,0.0080496,1.066,1.2432,0.0052463,0.021195,18.668,18.668,18.668,0.68849,5.8142
100.61,100.61,100.03,100.03,33.308,33.308,29,27.002,40,21.397,21.397,19.698,118.49,118.49,107.89,107.89,166.08,166.08,137.84,137.84,30.49,9.397,7.3752,7.0186,50.651,15.731,7.8183,3.4963,12.215,12.078,7.8376,7.0186,17.298,13.186,10.568,10.226,22.026,18.455,18.366,13.28,1.5635,1.4682,1.6398,1.2019,1.3663,0.02037,0.94388,1.1964,0.010159,0.025828,27.919,27.919,27.919,0.7763,8.4253
91.362,91.362,85.996,85.996,45,24.583,24.583,22.776,19.002,19.002,18.964,18.964,115.9,115.9,98.31,98.31,80,69.538,69.538,64.239,49.81,27.435,8.6122,8.532,13.786,11.281,2.154,1.4351,29.47,12.365,8.1978,6.9205,3.3681,3.3225,3.169,2.8847,21.805,13.916,13.817,12.341,1.3499,1.3416,1.422,1.4606,1.1738,0.011677,0.9524,1.0274,0.0067208,0.017302,21.367,21.367,21.367,0.77101,6.6063
90.336,90.336,84,61.369,34.687,34.687,33,25.772,27,19.135,19.135,17.375,66.194,66.194,57.579,57.579,75.458,75.458,68.297,68.297,6.0221,3.9534,3.261,1.8921,74.162,56.369,26.995,26.286,3.7252,2.3837,2.0917,2.021,6.7747,3.6188,3.3739,2.6786,26.574,11.281,10.669,10.475,1.6997,1.5846,1.6733,1.3166,1.3824,0.012453,1.02,1.4365,0.0085443,0.023603,20.816,20.816,20.816,0.83803,6.9119
