92.823,92.823,83.922,83.922,72,56.162,56.162,50.713,99.242,99.242,92.953,92.953,118.04,118.04,98.884,98.884,68.022,68.022,67.061,67.061,21.309,11.073,7.7234,7.0711,16.253,11.231,6.7638,5.6215,11.174,9.8135,8.3129,8.0303,12.735,11.241,7.3633,5.8219,9.1257,7.1521,7.1487,4.8255,1.2019,1.9379,1.145,1.325,1.291,0.011343,1.3551,0.9266,0.0084325,0.016934,21.61,21.61,21.61,0.43177,3.4068
108,103.82,103.82,87.039,107.85,107.85,100.57,100.57,140.09,140.09,132.34,132.34,170.49,170.49,163.63,163.63,114.43,114.43,78.673,78.673,23.813,20.453,19.395,11.809,13.927,9.6332,9.1683,8.7171,10.506,6.0425,3.0119,2.3354,33.811,22.865,16.786,15.246,9.332,9.0907,8.6666,6.4899,1.4832,1.8856,1.3744,1.3416,1.4142,0.017227,1.3019,1.2173,0.0097368,0.018576,28.235,28.235,28.235,0.70414,4.1726
105.16,105.16,95.655,95.655,103.72,103.72,88.993,88.993,300.18,300.18,268.74,268.74,207.55,207.55,163.28,163.28,184.65,184.65,159.84,159.84,37.504,23.314,21.268,12.113,18.126,14.414,10.375,10.337,18.865,12.46,12.357,7.596,38.352,12.446,10.178,9.3773,7.8421,7.6638,5.0258,4.1357,1.3333,1.6465,1.5635,1.2472,1.5492,0.0096107,1.4295,1.0435,0.0065032,0.020811,26.42,26.42,26.42,0.6674,3.3745
206.29,206.29,113.69,113.69,129.76,129.76,127,110.3,382.84,382.84,214.91,214.91,152.26,152.26,138.66,138.66,109.37,109.37,84.086,84.086,25.883,17.616,12.938,10.235,23.434,17.829,14.342,9.7846,50.714,22.445,9.8071,8.3353,16.823,16.19,14.762,12.197,11.09,9.4652,8.4678,6.3365,1.7127,1.8856,1.4376,1.4606,1.4142,0.023136,1.4709,1.3181,0.010141,0.013002,21.692,21.692,21.692,0.65466,4.1397
162.65,162.65,140.14,140.14,108.18,108.18,102.31,102.31,218.61,218.61,178.93,178.93,189.04,189.04,163.18,163.18,60.439,60.439,58.592,58.592,29.001,28.891,16.412,5.5243,21.39,15.144,13.635,12.418,28.217,15.979,14.209,8.3689,7.6189,6.4896,6.213,5.2977,11.362,9.0171,8.8067,8.1636,1.5846,2.044,1.3416,1.3333,1.1738,0.015606,1.8614,1.2052,0.01056,0.019906,27.131,27.131,27.131,0.64866,4.0006
119.5,119.5,90.778,90.778,74.854,74.854,72.658,72.658,115.27,115.27,108.84,108.84,218.52,218.52,175.65,175.65,107.54,107.54,95.479,95.479,49.718,49.077,31.645,21.748,8.0031,7.6327,7.4059,6.9032,18.972,16.873,15.652,9.0739,34.059,17.274,11.812,6.3207,9.418,8.9121,7.9261,6.1895,1.4832,2.3523,1.4682,1.3581,1.3416,0.014281,1.8417,1.0651,0.010403,0.029215,26.891,26.891,26.891,0.63721,3.9843
66.903,66.903,60.469,60.469,51.655,51.655,50.262,50.262,117.29,117.29,83.082,83.082,84.566,84.566,83.982,83.982,94.849,94.849,94.298,94.298,19.357,13.25,7.9019,5.2908,7.087,6.9516,5.3053,5.2009,13.611,5.4162,5.4092,4.3821,30.973,11.907,11.107,9.8479,29.663,20.325,7.0018,6.4701,1.3824,1.542,1.4453,1.4142,1.3416,0.47363,1.0065,0.98832,0.13627,0.39353,26.138,26.138,26.138,0.63692,5.4106
100.51,100.51,96.685,96.685,46.146,46.146,45.485,45.485,122.48,122.48,92,77.222,162.78,162.78,108.93,108.93,126.08,126.08,112.71,112.71,26.163,24.033,11.669,10.723,22.161,9.4625,8.2629,7.1808,14.866,8.2912,7.1229,7.0508,14.579,13.412,6.2925,4.0355,13.901,10.242,9.799,8.7115,1.1353,1.3904,1.6193,1.4606,1.6997,0.017604,1.2685,0.76739,0.01447,0.028157,27.725,27.725,27.725,0.60858,4.3048
83.919,83.919,78.952,78.952,53.197,53.197,52.039,52.039,109.69,109.69,102.15,102.15,112.8,112.8,80.012,80.012,102.94,102.94,80.222,80.222,11.667,7.6429,5.909,4.2792,18.536,14.092,8.6778,7.2005,10.639,9.9665,8.4773,7.2809,13.087,12.584,9.3032,8.9633,5.8751,5.3414,5.1042,4.7935,1.5635,1.7321,1.4298,1.5706,1.4063,0.012085,1.3246,1.0651,0.010501,0.019829,22.237,22.237,22.237,0.62649,2.9876
101.52,101.52,89.403,89.403,76.389,76.389,73.637,73.637,139.54,139.54,118.68,118.68,123.53,123.53,96.036,96.036,105.8,105.8,102.76,102.76,14.077,6.1362,5.7471,5.6225,23.201,11.588,9.4879,8.2882,18.736,16.146,13.814,12.039,17.178,8.0207,5.8333,4.0627,9.7432,8.2727,7.9317,6.9222,1.1055,2.3333,1.1738,1.4298,1.4606,0.013817,1.8532,0.87444,0.0094062,0.013768,25.926,25.926,25.926,0.65873,3.621
89.345,89.345,80.928,80.928,68.817,68.817,41.048,41.048,133.25,133.25,76.295,76.295,165.14,165.14,140.28,140.28,53.292,53.292,50.443,50.443,47.295,20.39,12.968,4.8435,14.73,4.6382,4.5,4.3094,24.29,10.492,7.4944,7.4005,15.421,12.566,10.94,10.289,8.8655,8.5702,7.1252,7.1152,1.2383,2.1134,1.453,1.3333,1.1547,0.020718,1.969,0.84805,0.019166,0.020095,22.579,22.579,22.579,0.59839,4.0252
53.523,53.523,48.602,48.602,26.561,26.561,22.954,22.954,82.184,82.184,75.956,75.956,73.49,73.49,67.074,67.074,128.62,128.62,97.452,97.452,28.557,5.1312,4.9211,4.7501,17.489,12.262,6.2549,6.195,13.002,9.0826,7.2907,7.1535,20.347,12.516,7.8947,7.5363,12.126,10.724,9.0356,7.9736,1.3744,1.5348,1.2202,1.5055,1.4606,0.014926,1.3246,0.95346,0.0070945,0.017865,26.855,26.855,26.855,0.63634,4.2012
52,50.402,50.402,39.103,40,37.262,37.262,37.173,108.23,108.23,80.669,80.669,69.709,69.709,59.808,59.808,120,95.335,95.335,87.185,11.356,8.3457,5.3112,1.6236,14.642,8.2916,6.5542,5.3929,3.9902,3.7724,2.3366,1.6527,11.103,4.3615,1.7573,1.1381,9.1753,8.8994,7.4454,6.0782,1.2019,1.8439,1.2293,1.4142,1.4907,0.0088114,1.2641,0.9266,0.0090413,0.02469,22.413,22.413,22.413,0.63638,3.5008
61.035,61.035,59.833,59.833,94,50.178,50.178,45.915,114.63,114.63,109.27,109.27,106.63,106.63,104,92.931,100.36,100.36,93.308,93.308,7.1596,3.779,2.7399,2.3454,8.4147,6.6913,5.6347,3.4823,10.859,9.766,4.7415,3.5732,6.9525,6.8715,6.5094,5.7834,11.078,8.8982,8.5262,6.3025,1.2824,1.7256,1.3081,1.3166,1.3663,0.017604,1.2541,0.97597,0.0074954,0.017514,26.187,26.187,26.187,0.69164,3.746
123.81,123.81,81.398,81.398,88,59.944,59.944,57.625,99.605,99.605,91.474,91.474,76.684,76.684,56.601,56.601,90,90,72.342,72.342,6.4116,4.1892,2.8306,2.65,15.642,15.454,12.801,10.491,13.834,12.97,8.4675,8.0631,16.671,12.118,11.813,11.366,8.8001,7.0806,5.1317,5.083,1.3744,1.9664,1.6865,1.3744,1.325,0.015985,1.7738,0.84805,0.010246,0.038401,22.417,22.417,22.417,0.64625,3.6846
107,94.533,94.533,58.574,54,32.78,32.78,31.536,140.1,140.1,116.87,116.87,100,81.117,81.117,68.022,106.78,106.78,79.405,79.405,15.758,3.2269,2.3247,0.14276,20.193,12.707,10.902,8.6155,8.8632,5.7644,0.8325,-0.16698,13.192,10.308,8.1528,6.9634,11.439,5.3299,4.9055,4.1137,1.453,2.1134,1.3663,1.3416,1.291,0.010402,1.7109,0.91949,0.0061522,0.014365,20.796,20.796,20.796,0.64989,3.0263
84.916,84.916,80.851,80.851,66.416,66.416,52.989,52.989,101.03,101.03,85.077,85.077,98.959,98.959,84.599,84.599,138.05,138.05,89.325,89.325,11.47,10.149,7.2578,6.0155,26.581,14.262,10.224,7.0881,11.356,10.312,10.184,7.3533,18.232,14.687,9.0528,8.0752,9.0724,8.2096,8.0207,6.0664,1.2019,1.4453,1.3081,1.6125,1.075,0.011502,1.116,0.9266,0.0088659,0.024334,31.096,31.096,31.096,0.69998,3.4927
84.086,84.086,65,64.654,70.203,70.203,54,48.663,79.056,79.056,71.607,71.607,93.159,93.159,86.593,86.593,91.494,91.494,89.511,89.511,11.838,10.785,10.747,7.3514,13.083,8.3776,8.2225,7.9779,9.1853,9.0233,3.6077,3.5479,15.525,7.5316,6.0922,4.5393,10.458,9.6956,9.0574,9.0054,1.2649,1.8439,1.2293,1.1643,1.3663,0.021583,1.4709,1.0579,0.014965,0.080023,23.806,23.806,23.806,0.63032,4.9546
83.088,83.088,48.734,48.734,108.45,108.45,88.936,88.936,49.229,49.229,49.137,49.137,94,93.994,93.994,89.761,131.72,131.72,96.774,96.774,7.5722,3.9184,3.6724,3.248,6.7427,6.6428,4.8227,4.1233,12.922,8.304,7.4874,5.0542,29.356,13.765,13.69,6.7946,19.896,15.078,13.825,12.559,1.325,1.6055,1.2293,1.4298,1.4142,0.030767,1.0259,0.87905,0.02515,0.046885,34.421,34.421,34.421,0.82935,10.746
85.915,85.915,79.793,79.793,109.3,109.3,109,90.118,60.509,60.509,56.487,56.487,112,73.762,73.762,72.59,116,103.91,103.91,101.83,12.286,5.4162,4.2015,1.5345,30.799,5.8749,2.1491,0.20316,10.036,6.8017,6.5581,4.4012,11.714,9.6048,8.3613,1.5281,21.238,19.336,16.383,13.35,1.0541,1.4142,1.422,1.3081,1.3081,0.028847,0.75679,0.82572,0.018558,0.04197,29.429,29.429,29.429,0.82238,8.7472
108.13,108.13,96.254,96.254,96.083,96.083,96.073,96.073,91,54.537,54.537,54.141,107.18,107.18,82.818,82.818,123.08,123.08,110.53,110.53,15.225,9.3634,7.7928,7.1613,9.0507,5.9962,2.3782,1.4803,14.298,10.663,10.342,4.1016,9.6378,7.4777,5.5581,4.9622,21.543,21.079,20.219,10.387,1.4063,1.4981,1.3416,1.4981,1.453,0.03203,0.99087,0.9524,0.022757,0.065856,40.535,40.535,40.535,0.8777,11.014
63.964,63.964,60.577,60.577,107,53.501,53.501,49.043,64,53.62,53.62,44.408,101,67.703,67.703,52.388,138.69,138.69,107.55,107.55,4.547,4.3848,2.7038,2.3099,8.5349,4.6771,4.5774,4.4376,10.496,6.0426,3.4917,2.6789,20.163,15.218,11.345,5.1032,19.708,14.473,13.834,12.385,1.1643,1.4606,1.3663,1.2561,1.4376,0.028404,0.95874,0.98062,0.023231,0.050331,33.995,33.995,33.995,0.84026,10.607
80.383,80.383,65.363,65.363,92,80.78,80.78,71.163,66.104,66.104,47,45.769,67.387,67.387,63.932,63.932,160.28,160.28,125.06,125.06,15.076,6.6993,5.7831,3.6323,10.515,8.6235,6.9267,6.1081,12.74,11.384,9.2012,4.7025,22.161,16.07,15.179,12.001,25.247,24.93,16.336,15.445,1.5348,1.4453,1.4453,1.325,1.3581,0.022266,0.8779,0.90843,0.020538,0.044125,31.704,31.704,31.704,0.80806,8.6866
63.87,63.87,53.569,53.569,104.9,104.9,78.878,78.878,87.048,87.048,71,61.878,75.14,75.14,69.903,69.903,108.01,108.01,77.349,77.349,9.7691,6.5776,5.3567,4.5507,4.9427,4.6158,2.4332,1.9746,25.576,8.656,5.7931,5.7373,14.541,11.04,8.3536,6.9151,21.341,20.844,20.649,17.487,1.0853,1.5706,1.3984,1.1255,1.2996,0.034512,1.0996,0.88306,0.029032,0.072407,35.569,35.569,35.569,0.85929,11.869
101.07,101.07,84.417,84.417,102.99,102.99,91.762,91.762,65.349,65.349,58.702,58.702,105.72,105.72,76.635,76.635,203.77,203.77,190.04,190.04,15.8,15.021,7.349,4.3873,9.2617,5.1905,3.1421,2.082,18.594,11.62,8.957,5.7608,12.493,6.0667,5.4835,4.219,24.831,24.024,17.026,7.806,1.4298,1.5776,1.3904,1.3984,1.4606,0.03094,0.98062,1.0551,0.021048,0.059357,43.727,43.727,43.727,0.86279,10.633
62.322,62.322,54.845,54.845,78.46,78.46,68.549,68.549,68.739,68.739,63,48.379,79.935,79.935,66.201,66.201,117,101.1,101.1,98.68,21.207,16.062,6.8468,5.3687,3.4958,2.4847,2.1857,1.8567,6.9419,4.4997,2.3641,1.8142,9.0647,8.5311,8.4224,7.0051,23.896,18.289,15.634,14.115,1.0954,1.3166,1.4757,1.2111,1.542,0.033259,0.98216,0.87905,0.024987,0.063115,31.279,31.279,31.279,0.89969,10.115
85.006,85.006,81.499,81.499,112.74,112.74,111.6,111.6,66.363,66.363,51.757,51.757,86.429,86.429,68.614,68.614,168.42,168.42,140.01,140.01,11.814,9.8307,3.668,2.755,14.599,10.163,5.6019,5.5785,29.195,10.543,4.2036,3.9003,18.22,17.05,11.7,9.3223,26.912,19.434,9.3203,8.6953,1.4981,1.5706,1.291,1.5635,1.325,0.044636,1.1446,0.93636,0.029933,0.07019,47.712,47.712,47.712,0.89294,9.8999
90.024,90.024,70.555,70.555,89.678,89.678,82.364,82.364,74.62,74.62,71.289,71.289,94,85.659,85.659,84.893,146.24,146.24,144.15,144.15,11.087,8.5988,8.1077,3.4404,5.1873,4.4617,4.347,3.58,24.844,3.1717,2.2304,1.7837,12.902,8.0629,7.2542,4.9291,33.399,14.559,14.409,9.5491,1.5706,1.3581,1.3581,1.3663,1.3663,0.041277,0.97597,1.1446,0.029783,0.073966,35.239,35.239,35.239,0.88313,10.62
54.199,54.199,46.788,46.788,71.277,71.277,70.104,70.104,47.935,47.935,34.786,34.786,55.521,55.521,53.651,53.651,111.86,111.86,107.12,107.12,15.338,7.9546,4.1534,3.8083,8.6534,6.2041,5.6543,5.416,10.697,6.2206,5.1214,4.8024,20.569,17.113,3.2051,3.2049,17.149,16.057,15.821,11.618,1.3416,1.3416,1.453,1.3744,1.2649,0.040157,0.90453,1.0357,0.029096,0.068843,31.678,31.678,31.678,0.88008,11.658
97.63,97.63,81.296,81.296,99.545,99.545,69.74,69.74,71.414,71.414,50.175,50.175,68.79,68.79,63.883,63.883,191.6,191.6,181.19,181.19,11.462,8.9298,8.0473,6.5524,7.8495,7.8114,4.4456,4.256,14.9,11.814,7.2497,5.8832,23.271,13.976,11.538,3.1103,21.846,21.011,19.273,13.529,1.5275,1.422,1.4907,1.1926,1.4832,0.035608,0.80591,1.0834,0.023271,0.054517,37.484,37.484,37.484,0.89656,9.6356
76.782,76.782,71.615,71.615,62.511,62.511,57.337,57.337,40,37.18,37.18,36.742,46.898,46.898,45.826,45.826,150.46,150.46,140.5,140.5,7.8011,4.9394,4.7621,3.9662,7.9728,6.1355,4.9917,3.2915,13.313,7.4273,7.0212,5.3934,26.982,24.475,19.001,17.943,17.711,13.428,9.1899,8.7029,1.3581,1.3744,1.4142,1.5348,1.2649,0.029702,0.99899,0.92932,0.023097,0.050941,37.069,37.069,37.069,0.76921,7.5426
52.46,52.46,46.804,46.804,79.311,79.311,59.389,59.389,84.534,84.534,75.721,75.721,46.509,46.509,41.342,41.342,87.369,87.369,86.557,86.557,7.8625,5.1866,3.0444,2.0387,10.92,5.2384,4.5726,3.8197,7.2257,7.0888,4.8102,3.6157,20.158,12.923,11.593,11.366,20.479,19.747,19.18,18.323,1.3824,1.542,1.291,1.4376,1.2649,0.03131,0.82082,0.83182,0.021397,0.059791,26.257,26.257,26.257,0.77621,8.5982
47.966,47.966,47.826,47.826,77,67.404,67.404,58.852,61,45.401,45.401,40.564,41.707,41.707,35.666,35.666,167.52,167.52,144.54,144.54,3.8677,2.4081,2.3127,2.018,16.742,1.9091,1.2204,0.91614,11.842,10.255,5.9952,4.3658,9.2615,4.573,4.248,2.1988,33.261,21.504,15.771,12.255,1.4981,1.2649,1.5275,1.3663,1.6733,0.03322,0.99087,0.93636,0.025069,0.058357,38.447,38.447,38.447,0.84667,9.4116
114,75.706,75.706,62.17,140.48,140.48,88.504,88.504,75.294,75.294,63.841,63.841,113,81.383,81.383,77.67,230,150.92,150.92,145.83,6.8967,5.8828,3.4103,2.6961,3.7619,3.555,3.3171,3.2053,7.3873,4.3651,4.1682,0.055483,15.881,8.9528,8.413,8.3272,27.913,11.316,7.138,6.8211,1.1832,1.5202,1.2019,1.3663,1.3663,0.44339,0.88306,0.90174,0.14312,0.88366,33.947,33.947,33.947,0.88917,9.0144
68.567,68.567,56.047,56.047,71.126,71.126,61,59.146,66,65.743,65.743,53.85,71.577,71.577,64.301,64.301,117.43,117.43,116.54,116.54,12.711,9.2892,7.1066,6,10.871,3.7197,2.849,2.7456,16.507,5.751,4.2875,3.9213,29.015,12.425,11.112,8.8968,31.284,16.16,15.42,8.5098,1.3499,1.3824,1.3824,1.2996,1.3081,0.027386,0.9412,0.9412,0.022401,0.051312,40.893,40.893,40.893,0.85058,10.207
68,60.292,60.292,50.805,59,54.437,54.437,51.705,74.328,74.328,71.677,71.677,76,71.441,71.441,53.913,104.9,104.9,93.965,93.965,6.9294,6.1235,4.6282,3.7922,33.312,32.376,16.847,5.0959,7.7388,2.0753,2.0596,1.6606,18.772,18.567,10.946,9.7724,21.68,20.493,17.757,14.661,1.3824,1.3663,1.3333,1.5706,1.3416,0.03046,0.8634,0.98832,0.026694,0.11746,43.978,43.978,43.978,0.87223,10.037
108.7,108.7,107.46,107.46,104.91,104.91,103.7,103.7,73.695,73.695,63.643,63.643,76,74.319,74.319,65.918,159.92,159.92,153.32,153.32,14.537,8.4513,6.0183,5.2866,13.765,10.413,7.6092,6.9445,46.35,22.026,11.076,3.6041,23.768,11.833,9.0004,7.7328,25.012,18.448,14.165,9.2349,1.2649,1.4063,1.2649,1.3744,1.2561,0.027784,0.90006,0.75344,0.022317,0.045916,49.655,49.655,49.655,0.78115,8.8975
79.039,79.039,74.07,74.07,239.37,239.37,213.83,213.83,102.14,102.14,90,81.074,199.99,199.99,192.15,192.15,97.002,97.002,84.728,84.728,16.889,16.115,14.287,13.02,43.08,38.689,21.652,15.592,6.8842,6.728,4.3113,3.8392,42.577,28.374,7.9013,6.8601,23.655,20.752,18.295,16.906,1.453,1.453,1.4757,2.357,1.5563,0.013515,1.0215,1.2411,0.017677,0.019712,41.784,41.784,41.784,0.3375,9.8693
52.219,52.219,43,40.324,296.49,296.49,227.06,227.06,104.76,104.76,94.064,94.064,151.05,151.05,125.89,125.89,92.424,92.424,63.906,63.906,29.907,12.879,12.394,12.373,30.903,29.632,27.952,25.308,12.999,4.5952,4.3942,2.6576,24.738,23.265,20.614,19.041,19.275,14.814,14.093,10.797,1.4757,1.3824,1.3744,2.9963,1.5129,0.0095988,0.98832,1.0313,0.012795,0.018543,32.934,32.934,32.934,0.19948,6.6969
59,53.475,53.475,48.769,263.18,263.18,221.64,221.64,135.21,135.21,132.2,132.2,169.76,169.76,139.42,139.42,175.26,175.26,156.6,156.6,14.587,11.597,11.451,9.8938,90.409,75.111,43.445,33.279,5.3045,4.5791,2.9865,2.8759,44.712,28.527,20.401,13.568,22.612,21.892,19.817,11.418,1.291,2.1909,1.4606,2.7809,1.66,0.014373,1.5136,1.1042,0.02395,0.029221,43.329,43.329,43.329,0.43588,9.8937
46.336,46.336,39.239,39.239,262.79,262.79,204.52,204.52,86.698,86.698,80.658,80.658,158.42,158.42,99.549,99.549,71.37,71.37,65.184,65.184,24.768,18.542,18.468,9.7617,26.954,22.016,14.66,9.336,12.641,4.1414,3.7698,3.1239,35.713,34.611,30.256,22.703,19.013,17.521,17.477,16.081,1.4142,2.3944,1.6055,3.5496,1.6931,0.009729,2.0113,1.1472,0.019413,0.017988,38.208,38.208,38.208,0.26096,7.9589
60.14,60.14,49.506,49.506,174.22,174.22,143.05,143.05,90.597,90.597,74.15,74.15,150.95,150.95,125.15,125.15,100.27,100.27,97.858,97.858,27.23,14.316,14.241,8.0221,24.45,13.563,10.231,8.6428,5.0019,4.0462,3.7693,3.426,36.097,19.926,11.262,9.7898,26.875,23.939,20.785,20.268,1.5348,2.2161,1.5202,2.959,1.5202,0.0069698,2.0627,1.2961,0.018547,0.023707,37.008,37.008,37.008,0.3467,8.7097
75.392,75.392,62.352,62.352,198.63,198.63,189.93,189.93,118.56,118.56,107.26,107.26,114.84,114.84,78,77.168,131.23,131.23,113.3,113.3,20.969,17.42,16.182,11.996,36.229,27.682,17.779,14.809,7.0105,6.0704,5.5939,5.5696,27.755,25.817,19.353,15.064,25.001,23.949,16.51,14.752,1.5129,2.6625,1.5348,1.9322,1.453,0.012214,2.4571,1.1862,0.025195,0.028978,41.035,41.035,41.035,0.64277,9.1367
59,48.132,48.132,47.771,214.46,214.46,208.89,208.89,108.43,108.43,90.604,90.604,106.66,106.66,97.524,97.524,68.512,68.512,64,58.49,18.807,9.6252,7.1889,7.1511,24.052,23.868,21.169,17.088,8.5161,6.2235,4.0657,2.4046,37.447,28.563,25.184,24.606,23.925,17.098,8.5114,8.2455,1.7256,2.708,1.5275,2.196,1.4832,0.0093736,2.5172,1.5219,0.016129,0.020197,31.426,31.426,31.426,0.1727,7.4367
83.719,83.719,77.689,77.689,172.12,172.12,138.29,138.29,152.51,152.51,143.37,143.37,182.84,182.84,163.38,163.38,272.75,272.75,259.73,259.73,21.266,15.625,15.415,13.404,47.732,26.464,25.473,8.4036,21.42,12.183,3.5021,2.7634,36.97,34.554,29.936,18.959,24.289,18.739,17.943,11.258,1.7575,3.3632,1.6193,3.3066,1.8135,0.012273,3.0498,1.5939,0.023122,0.033843,40.694,40.694,40.694,0.65376,10.036
61.241,61.241,52.71,52.71,165.62,165.62,123.19,123.19,165.64,165.64,152.82,152.82,154.29,154.29,113.3,113.3,73.542,73.542,66.776,66.776,36.411,28.408,21.502,16.347,38.627,19.435,15.323,15.038,9.9628,9.8307,9.5791,7.2312,54.636,49.674,39.507,35.303,36.328,19.48,12.896,12.56,5.9628,2.7285,2.7928,6.1028,1.422,0.012954,2.2512,5.9816,0.018358,0.015732,34.418,34.418,34.418,0.27052,8.3265
56.912,56.912,51.612,51.612,113.75,113.75,78.503,78.503,124.36,124.36,114.66,114.66,51.052,51.052,42.885,42.885,153.8,153.8,113.46,113.46,9.0093,3.9549,3.1946,2.7257,25.893,22.57,13.513,11.806,8.8894,6.1823,1.4552,0.73204,35.201,22.928,17.047,16.34,21.268,19.729,18.737,18.042,3.3133,2.8713,1.6465,3.7624,1.4832,0.0068639,2.3318,2.9819,0.01835,0.014049,30.705,30.705,30.705,0.32633,7.6705
53,48.747,48.747,42.409,170.49,170.49,124.94,124.94,147.1,147.1,114.17,114.17,62,55.366,55.366,54.434,133,68.004,68.004,65.046,10.746,5.2295,5.1838,2.693,48.446,28.512,20.874,19.353,6.1376,4.2436,3.2355,2.3642,32.282,24.359,24.236,22.506,24.418,22.629,14.693,13.097,3.4992,2.4313,2,3.5245,1.7826,0.0064518,2.1633,3.1586,0.018642,0.017492,36.176,36.176,36.176,0.2522,8.8934
95,59.915,59.915,55.282,141.58,141.58,134.22,134.22,107.95,107.95,104.93,104.93,120.96,120.96,114.39,114.39,75.148,75.148,64.968,64.968,12.045,6.3888,4.4091,2.8425,29.777,13.997,12.754,12.609,5.2237,2.6364,0.94212,0.74289,63.431,62.002,44.505,33.272,26.753,26.147,22.094,21.218,6.4395,2.543,1.9149,4.638,1.633,0.0085943,2.1166,6.4435,0.018772,0.027482,39.254,39.254,39.254,0.4145,10.17
72.162,72.162,55.673,55.673,93.067,93.067,91.177,91.177,122.63,122.63,114.68,114.68,114.89,114.89,91,84.407,81.099,81.099,71.261,71.261,8.4062,6.2057,5.3311,3.8696,34.899,30.893,23.264,10.789,9.1015,5.6186,4.0949,3.3725,32.567,25.853,24.553,23.973,21.393,19.017,18.988,18.041,3.9525,1.8974,2.2901,5.7889,1.4298,0.00727,1.7183,3.7863,0.016177,0.017269,33.117,33.117,33.117,0.20198,8.2803
85,62.214,62.214,49.621,132.55,132.55,116.58,116.58,127.25,127.25,121.21,121.21,153,95.928,95.928,76.337,83.793,83.793,82,77.564,16.734,9.1639,4.6799,3.7368,35.083,29.367,25.703,23.267,6.523,2.851,2.0899,2.0164,38.119,32.002,24.609,21.733,15.587,14.452,13.311,12.705,3.0876,2.4449,2.0385,5.7038,1.5916,0.46943,1.8499,2.8476,0.13776,0.22765,31.523,31.523,31.523,0.26075,7.4769
80.922,80.922,64.867,64.867,282,141.23,141.23,132.04,118.29,118.29,113.9,113.9,116.22,116.22,87.426,87.426,77.386,77.386,73.372,73.372,16.182,11.295,7.4114,7.2383,26.864,26.307,23.946,21.714,5.9232,3.3919,3.0682,2.5276,51.833,43.103,28.526,25.267,17.44,15.769,15.227,11.872,3.3233,2.5033,1.8257,4.7422,1.4832,0.0053235,2.3989,3.2321,0.013261,0.017093,33.566,33.566,33.566,0.16642,7.8466
78.062,78.062,58.304,58.304,137,134.33,134.33,133.23,156.47,156.47,115.47,115.47,172.38,172.38,157.86,157.86,70.624,70.624,64.815,64.815,29.843,14.623,14.519,12.781,41.9,24.94,19.088,16.998,11.322,10.656,7.6241,3.9985,57.144,43.992,25.132,24.592,25.749,22.332,18.597,14.171,3.0478,2.556,2.0494,5.7754,1.5776,0.0077704,2.3883,3.0346,0.019884,0.024259,38.875,38.875,38.875,0.20779,8.4307
49.051,49.051,46.928,46.928,117.29,117.29,112.83,112.83,122.95,122.95,106.98,106.98,75.282,75.282,56.312,56.312,86.442,86.442,77.349,77.349,7.3152,6.9914,5.412,5.3808,30.357,20.177,16.253,15.511,8.1477,4.8063,2.9563,2.2996,46.049,22.059,14.745,11.632,25.387,25.006,14.573,14.31,2.2901,2.1448,1.4682,3.9469,1.4453,0.0065729,1.9636,2.2288,0.0121,0.01763,33.124,33.124,33.124,0.19064,8.4387
66.185,66.185,41.497,41.497,104.68,104.68,104.23,104.23,171.09,171.09,162.87,162.87,64.862,64.862,54.786,54.786,62.541,62.541,58.417,58.417,16.108,9.3483,4.6754,4.5723,20.494,19.573,19.235,17.991,8.5106,6.4987,5.0189,5.012,42.123,31.649,25.552,21.526,22.773,15.633,14.937,14.484,2.3617,1.633,1.6865,6.7856,1.4981,0.0052118,1.014,2.3413,0.012548,0.01364,27.87,27.87,27.87,0.16616,6.9263
56.996,56.996,48.574,48.574,257.02,257.02,251.62,251.62,82.133,82.133,81.614,81.614,134.15,134.15,118.46,118.46,70.793,70.793,55.183,55.183,22.442,14.784,6.2991,6.0458,31.683,20.188,14.124,13.371,6.1293,5.5538,4.6396,4.604,33.33,27.169,23.488,14.472,21.659,17.144,15.936,15.308,2.6541,1.7062,1.7575,5.2493,1.6799,0.003992,1.2039,2.5521,0.012076,0.023033,29.359,29.359,29.359,0.18243,7.9663
82.165,82.165,78.636,78.636,139.79,139.79,95.79,95.79,97.862,97.862,86.886,86.886,73.956,73.956,50.518,50.518,204.83,204.83,179.83,179.83,4.4898,2.9304,2.6631,1.606,37.075,31.124,17.344,14.395,5.9626,2.39,2.3296,2.1928,58.256,18.028,17.168,16.459,17.903,16.823,15.512,10.228,2.3238,1.8135,2.2111,3.7417,1.2649,0.0069716,1.4135,2.2145,0.012582,0.02185,30.446,30.446,30.446,0.41455,7.1946
79.891,79.891,72.221,72.221,56.362,56.362,49.325,49.325,97.344,97.344,66.69,66.69,143.09,143.09,126.59,126.59,108.89,108.89,106.39,106.39,46.876,10.889,8.4058,5.1023,13.602,10.853,7.1677,6.2429,25.41,7.0082,4.8088,4.723,13.313,8.4563,5.2365,5.1137,2.74,2.74,2.74,2.74,2,2,3,2,2,0,0,0,6.7366e-16,1.7964e-15,36.802,36.802,36.802,0.87577,0
68.282,68.282,66.172,66.172,51.093,51.093,44.276,44.276,63.768,63.768,52.122,52.122,133.3,133.3,122.15,122.15,54,42.654,42.654,39.454,50.075,16.4,9.1019,3.995,13.76,11.3,8.3312,7.0278,19.804,11.625,7.9768,0.66394,24.036,8.9464,6.9513,3.2787,2.74,2.74,2.74,2.74,2,2,3,2,2,0,0,0,6.7366e-16,1.7964e-15,43.083,43.083,43.083,0.79786,0
96.231,96.231,82.65,82.65,77.891,77.891,76.388,76.388,51.753,51.753,47.95,47.95,189.02,189.02,185.44,185.44,64.252,64.252,59.195,59.195,35.291,20.283,11.151,6.0607,9.3691,8.8852,5.9769,3.8176,8.0692,2.566,2.0449,1.4208,19.598,18.66,3.6024,2.6807,2.74,2.74,2.74,2.74,2,2,3,2,2,0,0,0,6.7366e-16,1.7964e-15,37.329,37.329,37.329,0.86101,0
72,37.356,37.356,35.852,82,63.151,63.151,51.062,70.095,70.095,57.865,57.865,116,80.728,80.728,71.98,96,93.945,93.945,87.956,3.3578,0.37064,0.012721,-0.075044,9.5761,8.741,5.2306,3.5231,4.1214,1.9864,0.78188,0.48111,28.961,17.072,3.0711,2.9932,2.74,2.74,2.74,2.74,2,2,3,2,2,0,0,0,6.7366e-16,1.7964e-15,31.22,31.22,31.22,0.82811,0
27.63,27.63,27.027,27.027,59.938,59.938,40.339,40.339,42.342,42.342,40.552,40.552,58.225,58.225,55.454,55.454,47.216,47.216,37.004,37.004,9.6774,7.1389,6.3176,6.0242,8.3082,6.0992,4.9651,3.3887,6.9543,3.584,3.5646,1.1064,10.914,3.1047,2.1647,2.145,2.74,2.74,2.74,2.74,2,2,3,2,2,0,0,0,6.7366e-16,1.7964e-15,35.339,35.339,35.339,0.7864,0
60,50.809,50.809,40.361,45.46,45.46,37.165,37.165,59,50.007,50.007,45.346,63,41.844,41.844,40.623,93.654,93.654,72.798,72.798,4.8438,4.3442,0.45841,-0.098667,5.3091,1.7294,1.5016,1.3707,3.8945,1.774,1.4527,0.78103,10.923,5.5781,4.9208,4.4709,2.74,2.74,2.74,2.74,2,2,3,2,2,0,0,0,6.7366e-16,1.7964e-15,33.532,33.532,33.532,0.7979,0
59.172,59.172,40.799,40.799,47.166,47.166,44.864,44.864,70.625,70.625,50.103,50.103,72.099,72.099,65.927,65.927,86.629,86.629,50.78,50.78,10.608,9.0082,8.4099,7.1298,11.881,6.679,4.7131,3.3146,7.5444,6.9718,6.5815,5.0841,17.996,9.851,8.7471,5.8303,2.74,2.74,2.74,2.74,2,2,3,2,2,0,0,0,6.7366e-16,1.7964e-15,38.418,38.418,38.418,0.84253,0
46.713,46.713,44.676,44.676,48,34.653,34.653,33.5,51.083,51.083,49,28.919,56.261,56.261,56.054,56.054,76.009,76.009,63.063,63.063,15.389,0.82658,0.65459,0.43887,5.0489,3.0073,2.9549,2.8591,16.872,4.1549,1.6846,0.14348,2.4547,2.0541,1.955,1.5378,2.74,2.74,2.74,2.74,2,2,3,2,2,0,0,0,6.7366e-16,1.7964e-15,34.298,34.298,34.298,0.83715,0
53.632,53.632,45,40.385,42.076,42.076,36.842,36.842,53.002,53.002,52,48.273,42.156,42.156,40,38.298,78.364,78.364,68.809,68.809,5.3324,4.7506,3.4906,2.5338,6.0757,4.7711,2.6362,2.3815,6.4484,3.7865,2.5326,2.4433,12.047,11.654,9.3905,6.3539,2.74,2.74,2.74,2.74,2,2,3,2,2,0,0,0,6.7366e-16,1.7964e-15,37.104,37.104,37.104,0.82544,0
53.788,53.788,50,43.695,58,28.44,28.44,26.833,49.091,49.091,48,41.414,53,50.169,50.169,48.255,104,81.569,81.569,72.751,13.896,3.0129,0.83681,0.59809,14.227,11.044,4.9483,3.8377,4.555,3.5792,2.6186,2.2351,4.7011,1.6443,0.86882,0.85024,2.74,2.74,2.74,2.74,2,2,3,2,2,0,0,0,6.7366e-16,1.7964e-15,37.64,37.64,37.64,0.7723,0
67.97,67.97,67.448,67.448,75.39,75.39,70,50.259,60.606,60.606,49.334,49.334,121,103.79,103.79,95.764,64.478,64.478,56.556,56.556,13.218,5.8636,3.9104,2.5901,14.577,12.862,8.9074,3.7095,8.3945,5.875,3.5662,2.4445,31.157,23.95,10.966,9.8943,2.74,2.74,2.74,2.74,2,2,3,2,2,0,0,0,6.7366e-16,1.7964e-15,35.813,35.813,35.813,0.77663,0
51,41.91,41.91,31.411,115,54.618,54.618,40.598,76,63.866,63.866,55.187,89,87.22,87.22,83.371,49.425,49.425,48.566,48.566,5.4971,1.9569,1.0429,-0.46053,4.7418,3.2375,1.4403,0.81685,1.8943,1.0525,0.571,0.41098,6.6357,2.8443,2.8037,2.4495,2.74,2.74,2.74,2.74,2,2,3,2,2,0,0,0,6.7366e-16,1.7964e-15,33.823,33.823,33.823,0.79834,0
73,56.82,56.82,51.429,80,65.759,65.759,48.959,88,46.361,46.361,46.025,126,93.114,93.114,88.087,53.298,53.298,43.677,43.677,5.7952,2.8305,2.207,1.8073,8.8735,3.7083,2.9582,2.6524,8.836,3.2445,1.8123,1.4693,13.841,8.6591,7.87,4.1441,2.74,2.74,2.74,2.74,2,2,3,2,2,0,0,0,6.7366e-16,1.7964e-15,40.672,40.672,40.672,0.78255,0
61.324,61.324,49.348,49.348,36.509,36.509,31.714,31.714,47.149,47.149,45.116,45.116,71.393,71.393,54.251,54.251,44.895,44.895,36.156,36.156,10.87,8.9231,8.1546,6.751,22.324,7.4033,5.6204,5.4468,16.678,10.729,7.7108,4.1351,16.506,16.29,11.756,9.5271,2.74,2.74,2.74,2.74,2,2,3,2,2,0,0,0,6.7366e-16,1.7964e-15,32.937,32.937,32.937,0.81831,0
96,71.12,71.12,58.69,68.948,68.948,60.302,60.302,63.09,63.09,60.186,60.186,111.89,111.89,106.1,106.1,90.681,90.681,69.882,69.882,33.387,29.13,7.3075,7.2208,21.253,6.0146,4.4517,2.4684,20.782,14.724,11.215,9.3981,29.318,17.041,9.9638,9.072,2.74,2.74,2.74,2.74,2,2,3,2,2,0,0,0,6.7366e-16,1.7964e-15,40.063,40.063,40.063,0.78132,0
69.86,69.86,68.763,68.763,45,37.614,37.614,33.553,36.042,36.042,35.355,35.355,88.662,88.662,83.708,83.708,66.147,66.147,54.182,54.182,33.885,5.7514,2.6791,2.5579,6.8463,6.4328,5.4797,5.1213,23.931,15.058,4.3006,4.0482,18.557,7.8296,7.4061,4.1538,2.74,2.74,2.74,2.74,2,2,3,2,2,0,0,0,6.7366e-16,1.7964e-15,37.56,37.56,37.56,0.85746,0
85.357,85.357,68.543,68.543,69.999,69.999,61.036,61.036,92.294,92.294,84.015,84.015,99.544,99.544,97.533,97.533,78.367,78.367,69.524,69.524,26.557,20.985,20.399,2.4996,21.149,15.91,8.9076,7.7305,22.986,11.974,2.3538,2.1145,31.399,7.2608,6.5677,6.3821,2.74,2.74,2.74,2.74,2,2,3,2,2,0,0,0,6.7366e-16,1.7964e-15,46.462,46.462,46.462,0.8305,0
75.511,75.511,51.997,51.997,74.26,74.26,65.896,65.896,136.52,136.52,102.15,102.15,98.078,98.078,87.827,87.827,93,73.376,73.376,62.074,21.727,12.606,12.263,7.8287,23.007,16.594,12.644,10.133,26.5,3.9292,3.7124,1.351,26.969,24.562,14.685,6.1939,2.74,2.74,2.74,2.74,2,2,3,2,2,0,0,0,6.7366e-16,1.7964e-15,39.585,39.585,39.585,0.80225,0
64.546,64.546,55.49,55.49,62.802,62.802,56.854,56.854,53.073,53.073,50.956,50.956,123.31,123.31,111.03,111.03,54.663,54.663,46.082,46.082,27.159,5.7592,4.5425,4.1,12.987,6.1652,4.1338,3.9694,15.711,13.459,6.0533,2.258,19.694,9.6082,8.9496,8.7349,2.74,2.74,2.74,2.74,2,2,3,2,2,0,0,0,6.7366e-16,1.7964e-15,49.331,49.331,49.331,0.78754,0
72.406,72.406,57.507,57.507,80,49.32,49.32,44.993,55.253,55.253,50.951,50.951,104.23,104.23,88.809,88.809,84.057,84.057,75.671,75.671,20.906,4.6941,3.9849,2.0671,23.697,5.8472,3.1099,1.2888,13.679,8.4664,6.8727,3.6642,13.801,7.5146,2.4699,2.2936,2.74,2.74,2.74,2.74,2,2,3,2,2,0,0,0,6.7366e-16,1.7964e-15,47.232,47.232,47.232,0.82092,0
46.178,46.178,37.967,37.967,59.006,59.006,52,50.286,103,45.963,45.963,41.403,82.495,82.495,66.431,66.431,165.25,165.25,144.29,144.29,14.165,13.111,7.0403,5.5737,16.682,7.3487,5.1091,4.1805,6.0126,4.9614,2.957,2.3319,12.354,5.292,4.6226,4.1688,12.469,11.505,6.7126,5.8226,1.8074,1.8196,2.241,2.3851,10.232,0.0086344,1.3633,1.5786,0.023225,0.019711,11.204,11.204,11.204,0.26179,7.6416
112.26,112.26,86.522,86.522,73.996,73.996,69.107,69.107,78.861,78.861,78,71.273,127.32,127.32,116.39,116.39,214,186.6,186.6,176.78,31.073,30.178,8.4002,5.1316,13.156,9.7278,9.3952,5.6422,27.994,7.4899,6.9463,5.8153,4.9251,3.192,2.2018,2.1466,19.005,17.515,16.061,8.155,2.0276,2.2161,2.0221,2.7162,2.7039,0.016189,1.6997,2.0355,0.014231,0.04338,27.775,27.775,27.775,0.70312,7.1414
101.96,101.96,97.054,97.054,92.605,92.605,79.831,79.831,65.583,65.583,60.932,60.932,126,98.377,98.377,79.484,111.51,111.51,109,97.906,6.7814,2.8588,2.4939,2.4127,13.221,12.995,4.7694,4.4521,16.261,15.737,2.9903,2.8659,20.515,12.035,11.459,9.6545,1.0607,1.0607,1.0607,1.0607,2,1,2,3,1,1.7964e-15,0,0,6.7366e-16,1.7964e-15,27.967,27.967,27.967,0.70846,0
144.01,144.01,136.31,136.31,101.47,101.47,83.531,83.531,55,45.876,45.876,44.34,59.465,59.465,53.911,53.911,202.61,202.61,184.48,184.48,6.1225,4.822,4.4735,3.6794,8.1331,7.7398,6.0061,4.4629,8.4746,6.6556,5.9158,5.0585,30.417,12.104,9.0583,8.9813,1.0607,1.0607,1.0607,1.0607,2,1,2,3,1,1.7964e-15,0,0,6.7366e-16,1.7964e-15,21.573,21.573,21.573,0.77005,0
103.61,103.61,98.219,98.219,63,62.472,62.472,56.038,75,61.579,61.579,57.119,90.497,90.497,69.461,69.461,185.67,185.67,179.58,179.58,29.384,8.0477,5.5604,3.5503,15.706,10.568,10.074,8.7274,42.116,4.3676,4.3474,2.0141,18.92,13.559,11.706,3.914,1.0607,1.0607,1.0607,1.0607,2,1,2,3,1,1.7964e-15,0,0,6.7366e-16,1.7964e-15,31.164,31.164,31.164,0.72096,0
113.83,113.83,104.95,104.95,80.734,80.734,72.69,72.69,31.871,31.871,31.854,31.854,47,44.933,44.933,41.037,133.2,133.2,124.87,124.87,5.8594,4.9793,4.5018,2.114,20.856,12.496,11.905,9.0996,38.361,31.148,10.656,2.9064,5.8136,5.3787,4.1079,2.4807,1.0607,1.0607,1.0607,1.0607,2,1,2,3,1,1.7964e-15,0,0,6.7366e-16,1.7964e-15,28.859,28.859,28.859,0.78229,0
278.07,278.07,262.07,262.07,70.348,70.348,66.054,66.054,50.552,50.552,41.282,41.282,51.318,51.318,44.006,44.006,246.18,246.18,206.31,206.31,6.8689,4.2209,1.6092,1.3999,46.923,15.849,9.5999,9.2396,43.682,41.003,7.0732,4.0864,3.8127,2.0075,1.2053,1.0804,1.1397,1.0607,1.0607,1.0607,1.9777,0.98883,1.9777,2.9665,0.98883,0.43044,0.14907,0.29814,0.14521,0.68768,35.618,35.618,35.618,0.82857,0.1118
49.805,49.805,49.154,49.154,74.476,74.476,63.717,63.717,59,51.527,51.527,50.289,65.381,65.381,52.698,52.698,217.62,217.62,195.58,195.58,12.64,4.7612,2.0418,1.9275,13.595,7.3678,4.0609,2.3226,9.7536,4.9646,3.8656,3.6504,7.6299,5.8737,5.2368,3.597,1.0607,1.0607,1.0607,1.0607,2,1,2,3,1,1.7964e-15,0,0,6.7366e-16,1.7964e-15,30.778,30.778,30.778,0.75943,0
102,78.459,78.459,74.109,54.523,54.523,37.77,37.77,59.342,59.342,48.773,48.773,42,34.843,34.843,33.642,139,129.63,129.63,114.46,6.1374,4.2108,3.5014,1.5493,12.363,7.2314,7.0149,5.7539,7.6332,7.1852,5.5396,5.0157,10.008,9.1757,4.3378,4.1264,1.0607,1.0607,1.0607,1.0607,2,1,2,3,1,1.7964e-15,0,0,6.7366e-16,1.7964e-15,26.626,26.626,26.626,0.71934,0
89.478,89.478,84.412,84.412,103.69,103.69,100.13,100.13,70.522,70.522,58.324,58.324,64,63.628,63.628,57.206,167.42,167.42,166.64,166.64,10.198,6.5891,4.0035,1.9994,13.018,10.275,4.9551,4.9347,43.354,4.8324,3.7608,3.7433,4.8055,4.2492,4.1029,3.8833,18.177,17.643,15.5,8.5998,1.9032,1.4682,1.8974,1.6865,1.7889,0.43171,1.3112,1.5463,0.1443,1.0449,27.436,27.436,27.436,0.67366,7.8769
48.898,48.898,48.705,48.705,71.161,71.161,68.071,68.071,45,42.663,42.663,38.982,33.803,33.803,27.475,27.475,84.238,84.238,79.509,79.509,5.985,2.8455,2.5289,2.3056,50.842,20.464,6.3336,5.47,14.882,6.5206,5.4759,5.2724,2.9071,2.8504,2.6275,2.1858,17.035,14.851,10.594,9.1772,2.1551,1.6931,1.9437,2.3851,1.5635,0.013011,1.3112,1.7297,0.0066689,0.029839,26.381,26.381,26.381,0.69201,5.9948
117.51,117.51,114.64,114.64,79.714,79.714,56,52.293,68.503,68.503,62.696,62.696,47.297,47.297,39.833,39.833,121.97,121.97,111.27,111.27,9.8371,6.0852,3.789,2.6501,28.719,28.086,12.025,11.161,77.844,6.2347,1.7748,1.0852,24.762,13.214,12.105,11.577,1.5026,1.5026,1.5026,1.5026,1,1,1,1,1,4.4911e-16,0,0,6.7366e-16,4.4911e-15,28.321,28.321,28.321,0.69176,0
137.58,137.58,127.76,127.76,56.479,56.479,54.193,54.193,67,65.76,65.76,61.015,57,57,40.667,40.667,267.46,267.46,238.26,238.26,9.9822,3.4589,1.4262,0.95046,10.868,6.6597,5.6831,4.9431,24.255,18.008,11.127,2.2295,19.869,9.9152,7.4172,6.8667,1.5026,1.5026,1.5026,1.5026,1,1,1,1,1,4.4911e-16,0,0,6.7366e-16,4.4911e-15,37.895,37.895,37.895,0.72721,0
53.94,53.94,52.259,52.259,45.217,45.217,43.617,43.617,59,51.23,51.23,47.322,39.813,39.813,39.627,39.627,179.97,179.97,154.96,154.96,8.2078,6.0872,4.6067,4.1559,14.752,11.973,8.7159,7.5148,16.422,6.4852,6.1723,5.8602,5.2304,4.3548,3.3334,3.3162,1.5026,1.5026,1.5026,1.5026,1,1,1,1,1,4.4911e-16,0,0,6.7366e-16,4.4911e-15,25.991,25.991,25.991,0.71338,0
97.678,97.678,82.474,82.474,102.12,102.12,94.443,94.443,68,50.577,50.577,38.394,39.139,39.139,38.209,38.209,148.82,148.82,134.4,134.4,5.3265,4.9324,4.8166,4.222,30.038,16.077,11.482,5.9029,23.768,11.522,7.9081,6.1569,5.7087,3.7376,2.4109,2.0325,1.5026,1.5026,1.5026,1.5026,1,1,1,1,1,4.4911e-16,0,0,6.7366e-16,4.4911e-15,23.286,23.286,23.286,0.72922,0
169.68,169.68,164.67,164.67,110.31,110.31,92.989,92.989,50.435,50.435,47.776,47.776,44,42.642,42.642,39.82,230,201.28,201.28,182.49,3.4701,3.246,2.5036,1.5376,10.215,8.8414,7.0384,6.8586,87.618,2.4926,2.4843,2.209,5.7493,5.2842,4.4401,2.5556,1.5026,1.5026,1.5026,1.5026,1,1,1,1,1,4.4911e-16,0,0,6.7366e-16,4.4911e-15,29.496,29.496,29.496,0.69254,0
85.131,85.131,77.908,77.908,138,72.49,72.49,71.881,64.752,64.752,49.762,49.762,57,54.582,54.582,47.067,143.93,143.93,135.79,135.79,7.37,2.6304,2.3393,2.096,8.8503,6.6817,5.2647,4.3579,29.934,10.581,2.9887,1.6946,11.261,5.6484,4.0639,3.2411,1.5026,1.5026,1.5026,1.5026,1,1,1,1,1,4.4911e-16,0,0,6.7366e-16,4.4911e-15,24.438,24.438,24.438,0.68057,0
115.03,115.03,105.44,105.44,106.64,106.64,100,90.154,46.458,46.458,43.002,43.002,46.69,46.69,37.326,37.326,192.42,192.42,189.67,189.67,4.5628,4.1337,3.5308,3.0208,14.971,11.074,9.3131,7.2295,15.268,11.586,4.2508,3.2753,16.277,10.358,10.079,8.4752,1.5026,1.5026,1.5026,1.5026,1,1,1,1,1,4.4911e-16,0,0,6.7366e-16,4.4911e-15,25.587,25.587,25.587,0.68654,0
80.895,80.895,58.513,58.513,109.35,109.35,79.206,79.206,150.13,150.13,136.43,136.43,108.82,108.82,104.19,104.19,162,107.37,107.37,81.769,13.564,13.248,12.903,12.863,21.392,10.972,8.4459,5.9067,12.85,5.8615,4.8606,3.203,11.372,10.546,6.4195,5.9199,18.353,17.793,15.886,14.983,4.2635,1.4376,2.8752,1.9607,1.2561,1.0386,1.1246,4.1746,0.14249,0.039522,30.75,30.75,30.75,0.30163,8.6187
104,93.466,93.466,88.988,125.21,125.21,117,112.61,394,324.03,324.03,265.4,100.76,100.76,94.48,94.48,169.85,169.85,160.52,160.52,5.2384,3.7064,3.1127,3.0107,19.695,14.475,11.4,9.6512,6.5178,4.1555,3.6085,2.9402,37.431,12.336,4.2197,3.6815,10.958,10.364,8.9184,7.9816,4.5753,1.542,3.8035,2.5777,1.2824,0.01993,1.1042,4.51,0.010334,0.045652,43.104,43.104,43.104,0.60235,6.267
96.716,96.716,91.959,91.959,156.03,156.03,106.73,106.73,267.07,267.07,231.22,231.22,116.89,116.89,97.901,97.901,184.73,184.73,177.61,177.61,34.958,15.387,11.035,10.73,34.603,34.549,24.276,11.499,14.029,13.443,13.171,12.616,43.238,18.365,18.026,17.851,21.184,11.911,10.119,9.8961,3.5621,1.5202,3.2455,2.2804,1.3904,0.016458,0.99899,3.2298,0.020386,0.054115,43.696,43.696,43.696,0.6622,7.7864
73.873,73.873,71,63.705,38.773,38.773,37.846,37.846,104.02,104.02,90.55,90.55,58.02,58.02,48.608,48.608,157.74,157.74,136.93,136.93,8.5724,7.3617,2.9916,2.7798,15.904,15.129,8.0814,7.0918,10.909,9.6216,6.1587,2.9656,6.2198,6.0832,5.3535,3.1915,16.9,16.283,11.265,8.4766,3.3433,1.4063,2.196,1.6398,1.4757,0.016093,0.90006,3.1809,0.01079,0.07169,24.342,24.342,24.342,0.25958,7.5753
71.454,71.454,66.219,66.219,70.73,70.73,59.753,59.753,121.4,121.4,119.54,119.54,69.288,69.288,54.61,54.61,76.778,76.778,73.692,73.692,7.9593,5.4103,4.0677,3.3061,12.03,11.398,10.676,7.7824,9.1426,5.3138,5.104,4.5827,22.914,15.594,12.906,10.569,13.029,9.322,6.5253,5.5532,3.6545,1.0646,1.8439,1.4298,1.1353,3.3984,0.88933,3.6206,0.46678,0.30799,18.293,18.293,18.293,0.29461,6.0601
47,22.434,22.434,22.07,19.032,19.032,19,18.354,102.95,102.95,90.016,90.016,44,22.509,22.509,20.735,25.681,25.681,25,17.289,1.2615,0.49757,0.36466,0.02139,9.1231,8.4823,6.2624,5.2756,2.0026,1.5487,0.38285,0.33496,1.7626,0.93639,0.53361,0.46417,5.7059,4.033,1.0012,0.89307,2.2608,1.3416,1.2111,1.022,1.3166,3.4122,1.1362,2.1549,0.46834,0.31922,1.6767,1.6767,1.6767,0.45544,2.239
73.918,73.918,70.708,70.708,53.831,53.831,48.958,48.958,184.16,184.16,128.64,128.64,75.16,75.16,46.759,46.759,91.9,91.9,70.225,70.225,10.002,7.1338,4.4944,4.0311,17.76,15.054,11.277,6.1416,23.978,7.6882,6.0488,5.4342,26.596,14.11,8.9477,7.2648,29.133,26.296,20.386,16.491,3.2215,1.6465,2.9288,2.4129,1.7192,0.024007,1.1402,3.2009,0.013924,0.038511,61.133,61.133,61.133,0.65866,12.675
74.179,74.179,73.787,73.787,81.074,81.074,80.52,80.52,156.78,156.78,143.99,143.99,46.094,46.094,44.136,44.136,156.61,156.61,134.83,134.83,6.6177,5.22,4.631,2.9935,17.568,14.628,14.368,14.116,18.76,13.398,12.87,9.2127,9.1868,8.6284,8.3725,8.1562,28.16,22.424,12.123,11.146,2.5473,1.4907,2.196,1.8856,1.453,0.03346,0.9524,2.4737,0.021293,0.067047,64.868,64.868,64.868,0.64101,9.1697
93.549,93.549,82.522,82.522,90.049,90.049,76.89,76.89,155.03,155.03,154.53,154.53,62.727,62.727,58.977,58.977,103.06,103.06,100.36,100.36,11.775,7.9694,6.3169,6.1991,25.186,15.167,13.783,9.1143,10.115,9.7128,9.5869,7.5965,18.643,14.516,8.8662,7.5695,25.155,18.059,16.643,10.47,3.0221,1.5202,2.7689,1.7127,1.5275,0.0092348,0.88306,3.0042,0.014664,0.04697,77.161,77.161,77.161,0.62858,9.5206
94.146,94.146,86.264,86.264,96.623,96.623,84,61.485,188.69,188.69,149,139.9,69.92,69.92,56.82,56.82,136.35,136.35,133,106.92,12.524,7.4779,7.085,1.3152,15.12,7.1699,7.0104,4.4062,16.293,14.79,3.449,0.84679,11.263,10.289,8.3567,4.2301,21.901,18.361,12.712,11.719,3.4319,1.3416,2.4855,1.4682,1.5986,0.021999,0.90453,3.4211,0.021379,0.062019,70.286,70.286,70.286,0.66029,8.5903
67.002,67.002,61.733,61.733,96,58.525,58.525,55.089,159.73,159.73,123.1,123.1,60,45.69,45.69,32.939,133.38,133.38,133,124.31,3.5607,2.0565,1.5439,0.81209,18.126,16.53,11.722,10.575,4.4665,2.5107,1.1516,1.0135,11.467,6.1412,4.8427,2.4074,23.071,13.141,12.771,7.9741,3.5056,1.4063,1.8856,1.453,1.3904,0.047618,1,3.4109,0.018128,0.068762,64.507,64.507,64.507,0.63177,9.1734
119.85,119.85,87.761,87.761,96,81.019,81.019,62.53,215.85,215.85,195.42,195.42,76.593,76.593,74,57.659,122.77,122.77,112.61,112.61,7.6719,5.0111,4.7419,4.2528,13.961,10.871,7.6948,7.3397,17.08,14.9,9.3275,4.5077,12.173,11.688,11.236,9.9434,18.9,16.985,10.39,10.083,3.6086,1.542,1.9889,1.3581,1.8974,0.023997,1.1472,3.354,0.015318,0.063483,69.309,69.309,69.309,0.62247,8.7521
63,63,61.245,61.245,87.769,87.769,67.91,67.91,151.21,151.21,147.56,147.56,85.62,85.62,68.675,68.675,126.76,126.76,124.57,124.57,11.774,9.7727,4.9263,4.2497,19.988,13.773,8.3308,6.8512,22.793,6.8506,5.2743,4.5072,22.581,16.835,15.579,12.489,17.38,13.883,10.471,4.5993,1.9777,1.2561,1.7127,1.291,1.4063,0.0097771,0.76871,1.8085,0.009248,0.028762,57.446,57.446,57.446,0.6014,7.0068
79.198,79.198,67.126,67.126,57.564,57.564,53.738,53.738,168.41,168.41,136.63,136.63,48.891,48.891,44,40.148,166.26,166.26,164.89,164.89,5.0488,3.5888,1.8082,1.1759,12.864,9.4849,6.4306,5.8191,23.917,4.5949,3.4782,2.5633,13.063,11.732,7.6944,7.069,19.81,18.363,17.218,16.631,2.6583,1.325,1.5986,1.6667,1.4453,0.019044,0.8245,2.4211,0.015983,0.053599,66.929,66.929,66.929,0.61456,9.7157
83.555,83.555,63.252,63.252,64.797,64.797,61.768,61.768,169.96,169.96,168.92,168.92,68.812,68.812,50.269,50.269,177.46,177.46,139.36,139.36,8.7438,2.4188,2.3045,2.2366,11.776,8.3825,6.9383,4.6788,10.794,8.8722,5.1309,4.956,14.185,12.239,11.449,8.4602,15.132,12.16,11.385,10.249,2.9288,1.4453,2.319,1.4298,1.3744,0.02436,1.116,2.8732,0.013619,0.045613,61.271,61.271,61.271,0.62154,7.6629
58.674,58.674,39.487,39.487,69,49.642,49.642,49.436,192,192,141.76,141.76,38.198,38.198,33.555,33.555,64.878,64.878,63.255,63.255,4.1075,4.0234,1.2226,1.1497,40.576,28.325,22.965,20.815,9.2902,8.312,6.2345,1.8038,24.272,19.076,6.0789,5.4508,22.988,13.01,10.637,10.092,1.8856,1.3663,1.7321,1.2019,1.3824,0.040897,0.8634,1.4327,0.015676,0.083574,67.499,67.499,67.499,0.61782,9.7195
143,93.822,93.822,89.775,82,77.978,77.978,70.448,131.47,131.47,131.44,131.44,84,57.367,57.367,56.873,197,161.44,161.44,150.4,5.5903,3.7083,1.7922,1.7457,12.318,10.714,8.6873,7.3483,3.224,2.6593,1.3844,0.17252,26.408,14.737,12.952,5.2803,27.947,23.368,19.583,17.714,2.357,1.3904,1.3744,1.5055,2.0976,0.019671,1.0215,1.9008,0.012217,0.024476,68.317,68.317,68.317,0.62133,11.053
123.63,123.63,107.01,107.01,59.355,59.355,55.579,55.579,147.43,147.43,126.32,126.32,43.357,43.357,40.359,40.359,167.97,167.97,164.7,164.7,10.147,6.645,3.5913,3.5021,15.648,10.191,8.8903,7.3086,6.8853,4.8918,4.6167,3.1644,9.0975,8.7717,2.0702,1.6712,17.858,16.442,15.163,14.558,2.8127,1.4832,1.3663,1.5348,1.5846,0.022067,0.84984,2.8012,0.018849,0.037513,71.574,71.574,71.574,0.62589,7.804
98.133,98.133,83.598,83.598,97.553,97.553,80,58.927,273,228.28,228.28,175.78,60,49.344,49.344,37.059,172.96,172.96,149.75,149.75,9.6297,2.3009,0.89372,0.73214,6.8085,2.4909,2.0935,2.0479,25.636,2.7209,1.2146,1.0952,10.425,7.5142,6.9799,1.9907,35.73,29.348,18.025,14.138,2.0494,1.4298,2.0276,1.4606,1.3984,0.026167,0.96295,1.8565,0.014304,0.033451,72.223,72.223,72.223,0.63953,12.016
92.75,92.75,76.855,76.855,83.592,83.592,69.289,69.289,164.79,164.79,116.44,116.44,50.891,50.891,44.783,44.783,130.27,130.27,130.11,130.11,12.111,7.4121,5.6772,5.0654,14.127,6.1937,3.9404,3.4706,25.506,20.319,7.7151,7.0406,29.754,16.324,13.381,5.1248,21.085,18.855,18.816,18.179,1.4453,1.2472,1.7701,1.1832,1.2649,0.016227,0.83666,1.0764,0.012337,0.059617,69.276,69.276,69.276,0.61112,10.965
195.41,195.41,184.22,184.22,159.28,159.28,139.07,139.07,137.73,137.73,102.45,102.45,89.201,89.201,83.415,83.415,147.14,147.14,141.07,141.07,19.961,3.6319,2.8679,2.3032,49.474,38.176,31.551,16.092,76.377,14.973,12.933,6.0513,83.243,32.019,18.478,17.758,12.213,5.8001,5.0785,5.0159,1.3333,1.4063,1.422,1.325,1.1926,0.0069005,0.90006,0.91674,0.009477,0.018182,30.771,30.771,30.771,0.70845,4.2318
97.102,97.102,91.699,91.699,142.76,142.76,117.42,117.42,73.151,73.151,71.79,71.79,73.125,73.125,47.769,47.769,137.78,137.78,103.41,103.41,9.7344,8.6861,7.7139,7.5146,22.271,17.544,16.813,13.316,56.458,28.443,5.3883,5.1422,43.384,23.41,21.317,14.468,7.9592,7.9343,7.0348,6.0542,1.2649,1.3499,1.4682,1.6799,1.4298,0.0069123,0.8916,0.9101,0.0089662,0.01743,21.255,21.255,21.255,0.30108,4.0803
222.93,222.93,171.94,171.94,174.96,174.96,161.13,161.13,155.54,155.54,121.47,121.47,130.49,130.49,114.36,114.36,107.32,107.32,81.86,81.86,20.437,12.568,7.1623,6.6567,18.023,6.5132,2.7241,2.3677,80.329,34.483,25.533,24.677,30.256,21.516,13.051,10.635,12.856,8.8309,7.3635,4.4022,1.4376,1.7701,1.422,2.2361,1.4376,0.0097867,1.5348,1.1926,0.0097455,0.022725,20.82,20.82,20.82,0.50391,4.8772
145.46,145.46,125.96,125.96,558.88,558.88,442.01,442.01,233.09,233.09,206.84,206.84,240.49,240.49,217.92,217.92,166.96,166.96,126.23,126.23,50.645,28.871,20.524,18.502,76.686,52.465,46.268,37.303,28.575,11.468,7.7773,4.7138,52.094,49,45.718,44.609,11.226,6.2383,5.9363,5.584,1.5916,1.4832,2.1187,2.1858,1.6733,0.009454,1.0651,1.1069,0.0061818,0.028273,21.388,21.388,21.388,0.46584,3.6814
147.36,147.36,124.71,124.71,485.2,485.2,483.85,483.85,353.55,353.55,284.68,284.68,283.98,283.98,192.09,192.09,137.7,137.7,133.9,133.9,24.436,19.977,17.895,17.837,70.564,65.611,65.249,50.32,16.575,8.9697,8.776,8.7449,70.238,61.631,49.316,44.146,12.005,10.089,6.8926,3.3407,1.4832,1.7127,2.4129,4.8648,1.3081,0.012223,1.3181,1.1078,0.0075304,0.025735,18.851,18.851,18.851,0.31973,4.289
106.42,106.42,89.202,89.202,390.83,390.83,379.22,379.22,320.48,320.48,260.36,260.36,280.73,280.73,237.06,237.06,296.98,296.98,189.84,189.84,91.163,27.799,24.126,23.208,133.7,60.768,54.619,48.076,20.538,11.097,10.556,7.9405,47.191,40.967,36.723,29.081,8.3485,5.8342,4.194,2.8369,3.1728,2.2706,3.0258,2.8674,1.4142,0.0096725,1.9494,3.1591,0.0059827,0.035318,12.806,12.806,12.806,0.11108,3.6215
116,111.86,111.86,106.44,360.99,360.99,335.16,335.16,325.8,325.8,269.93,269.93,341.89,341.89,273.94,273.94,204.23,204.23,203.87,203.87,40.795,32.887,20.784,20.426,57.11,41.954,39.127,36.395,17.634,12.109,10.036,6.1746,78.952,70.335,53.665,50.844,16.875,12.522,8.0482,7.1099,1.3904,1.3416,2.8284,2.3711,1.2111,0.011111,0.90453,1.1656,0.0082932,0.049591,19.832,19.832,19.832,0.59138,4.4985
151,146.2,146.2,108,509.75,509.75,404.89,404.89,213.33,213.33,201.06,201.06,216.12,216.12,155.66,155.66,122.85,122.85,120.38,120.38,30.903,24.178,18.632,12.915,83.802,71.326,38.678,37.305,21.997,14.215,11.88,2.9804,72.339,28.299,25.174,20.597,8.4188,6.8645,4.9017,4.7003,2.0976,9.1676,2.7968,13.093,1.7192,0.0058918,9.2694,1.7077,0.0096789,0.027361,20.173,20.173,20.173,0.35692,4.2225
151.72,151.72,135.2,135.2,259,254.49,254.49,247.05,215.65,215.65,215.33,215.33,245.19,245.19,212.95,212.95,168.52,168.52,155.61,155.61,90.25,25.583,13.662,13.634,90.952,63.704,55.472,37.278,37.568,23.632,16.648,8.1894,53.962,31.428,30.758,25.65,9.6594,8.9095,6.0293,3.7295,2.9552,1.4682,2.6204,2.2852,1.5635,0.011037,0.88649,2.8123,0.010962,0.030752,20.368,20.368,20.368,0.3744,4.5089
230,139.68,139.68,94.138,593.78,593.78,437.44,437.44,306.57,306.57,282.98,282.98,252.76,252.76,230,225.7,249,186.12,186.12,158.02,32.037,25.392,25.331,13.476,67.337,54.404,53.09,50.857,10.137,2.7675,2.0627,0.15371,90.923,25.642,21.727,19.648,8.5887,7.5401,6.1991,5.1736,1.3416,1.4757,4.9058,2.241,1.4682,0.0076716,0.92823,1.1362,0.0062809,0.027385,22.034,22.034,22.034,0.70482,3.5093
128.77,128.77,117.69,117.69,422.3,422.3,417.62,417.62,321.43,321.43,311.02,311.02,227.18,227.18,217.04,217.04,169.91,169.91,166.67,166.67,23.104,21.476,19.178,17.714,78.947,58.219,52.285,37.971,16.552,15.418,10.629,6.0866,41.041,12.466,12.275,10.874,13.019,7.0751,6.3654,5.8955,1.9032,2.7325,2.4721,2.7487,1.4298,0.0066789,2.6557,1.351,0.0057992,0.049623,17.918,17.918,17.918,0.67045,3.7511
126.69,126.69,105.21,105.21,431.17,431.17,399.21,399.21,351.65,351.65,220.29,220.29,159.14,159.14,146.18,146.18,199.72,199.72,189.12,189.12,32.657,13.017,10.878,10.613,38.683,35.09,34.019,26.599,13.66,10.839,10.449,7.4789,51.231,47.526,40.397,35.837,13.671,11.841,10.556,7.1213,1.325,3.3895,2.2559,2.1602,1.5706,0.014591,3.3254,1.116,0.0082584,0.078656,21.376,21.376,21.376,0.60231,4.6424
142.94,142.94,127.87,127.87,344.06,344.06,312.61,312.61,257.74,257.74,209.4,209.4,111.29,111.29,110.83,110.83,120.31,120.31,103.28,103.28,20.503,18.834,8.5533,5.4586,74.605,57.436,55.535,47.106,20.682,8.6169,8.4432,8.0792,74.607,50.799,19.708,17.048,8.0172,6.9392,6.8678,6.5452,1.1738,1.5055,2.9889,2.6204,1.2472,0.008743,1.1578,0.8245,0.0077171,0.034674,23.844,23.844,23.844,0.45629,4.386
101.17,101.17,95.672,95.672,372.82,372.82,302.03,302.03,384.96,384.96,294.99,294.99,173.46,173.46,169.72,169.72,186.64,186.64,172,170.9,42.904,41.216,39.715,23.314,126.88,61.715,48.559,43.828,13.35,11.728,10.606,10.438,81.804,57.846,36.689,28.196,15.051,14.391,9.495,6.9139,1.66,4.6786,3.2215,2.6957,1.422,0.012731,4.6863,1.1599,0.012018,0.032817,29.938,29.938,29.938,0.5986,5.0041
129,112.58,112.58,103.26,452.01,452.01,426.51,426.51,378.47,378.47,376.19,376.19,238.96,238.96,236.05,236.05,219.59,219.59,160.38,160.38,71.905,34.109,24.799,23.001,95.487,44.86,40.968,39.611,9.04,8.3567,4.2148,4.0233,99.754,73.726,43.584,29.928,14.334,9.5266,7.4032,6.4284,1.5846,1.6799,3.0768,2.5298,1.1353,0.0085755,1.0622,1.3416,0.0095187,0.028051,16.106,16.106,16.106,0.52885,4.1056
134.45,134.45,120.04,120.04,447.76,447.76,389.91,389.91,239.7,239.7,238.13,238.13,221,142.29,142.29,136.77,190.24,190.24,179.81,179.81,42.286,28.996,20.255,15.507,68.298,62.116,54.203,53.5,15.151,10.871,9.2983,8.2711,69.179,66.264,41.464,41.011,8.0433,7.6982,5.7053,4.3532,1.6125,1.2649,2.6077,2.7285,1.2824,0.010993,0.9101,1.2027,0.0057292,0.031626,15.553,15.553,15.553,0.53401,3.3854
123.73,123.73,122.7,122.7,323.46,323.46,291.35,291.35,329.74,329.74,325.83,325.83,248.14,248.14,229.88,229.88,240.76,240.76,164.95,164.95,42.927,33.723,29.341,23.876,39.553,31.358,27.918,27.609,20.713,18.243,13.168,9.4616,112.11,46.758,30.29,24.712,8.6209,8.0104,7.7316,2.6749,1.6465,1.3499,2.8441,1.7127,1.3904,0.0065012,0.8916,1.3398,0.0056803,0.022314,19.133,19.133,19.133,0.60638,3.5254
159.5,159.5,141.63,141.63,280.36,280.36,277.45,277.45,367.21,367.21,333.16,333.16,224.41,224.41,198.42,198.42,234.06,234.06,178.54,178.54,32,29.985,29.394,25.108,73.469,68.551,46.945,43.823,32.85,21.622,15.636,13.84,44.532,40.843,38.139,31.163,13.075,8.5087,5.633,5.6016,1.4298,4.2999,4.5338,8.9901,1.8856,0.011744,4.2125,1.3416,0.0082205,0.061303,13.086,13.086,13.086,0.11406,4.1254
228.57,228.57,146.63,146.63,488.79,488.79,424.68,424.68,427,365.52,365.52,345.58,303.43,303.43,283.33,283.33,147.19,147.19,145.33,145.33,69.688,29.661,24.755,19.216,152.81,88.021,68.656,64.428,35.158,16.78,13.965,12.575,82.493,74.4,60.229,57.765,15.805,11.254,6.9673,5.2657,1.4907,3.821,3.1728,9.923,1.2649,0.0072436,3.7923,1.1755,0.008057,0.03815,14.94,14.94,14.94,0.39891,4.7473
156.66,156.66,137.1,137.1,87.163,87.163,85.897,85.897,255.76,255.76,214.2,214.2,86.704,86.704,79.253,79.253,75.446,75.446,68.562,68.562,13.849,6.0709,5.2645,3.9472,11.652,10.175,7.8945,4.2764,33.833,32.622,10.65,5.9594,11.541,10.775,3.7171,1.351,15.816,15.715,15.126,12.061,1.422,2.1909,1.6125,1.453,3.2863,0.030477,2.1598,1.1042,0.017462,0.023803,22.858,22.858,22.858,0.76024,7.2288
136.53,136.53,105.22,105.22,76.063,76.063,73.767,73.767,125.37,125.37,102,90.531,107.15,107.15,103.15,103.15,51.721,51.721,48.031,48.031,21.913,18.592,14.002,2.7627,16.825,5.14,1.4468,1.0094,22.245,21.959,12.515,8.3427,8.4578,6.3016,5.0122,4.0007,20.388,17.963,17.543,17.189,1.5635,2.0385,1.5202,1.3081,3.2215,0.024288,1.9056,1.2685,0.017688,0.052893,31.405,31.405,31.405,0.64157,10.52
340.16,340.16,296.06,296.06,120.85,120.85,114.51,114.51,267.92,267.92,232.94,232.94,98.171,98.171,87.833,87.833,74.369,74.369,72,65.921,14.519,13.694,4.9154,2.3396,13.21,8.6766,8.0166,2.5536,47.566,40.895,40.18,8.6122,21.442,15.327,14.81,11.153,24.038,23.299,14.56,10.434,1.3581,4.0607,1.5202,3.8471,2.7447,0.037439,3.7136,1.1259,0.021761,0.048816,29.321,29.321,29.321,0.65633,7.9885
139.44,139.44,116.27,116.27,103,99.686,99.686,85.013,243.15,243.15,235.88,235.88,88.343,88.343,87,70.01,62.97,62.97,50.42,50.42,7.6634,4.8913,2.2539,1.3125,10.701,10.121,5.7753,5.2962,18.362,17.587,11.884,8.678,15.148,5.4706,4.6089,4.2358,-11.579,-11.579,-11.579,-11.579,0,1,2,1,6,1.7964e-15,0,0,8.9821e-16,5.3893e-15,30.634,30.634,30.634,0.65335,0
137.43,137.43,137.19,137.19,82.887,82.887,79.892,79.892,167.11,167.11,155.78,155.78,103.7,103.7,96.292,96.292,98,56.341,56.341,54.902,14.881,5.9304,4.116,4.1029,17.676,14.884,12.147,11.199,51.854,31.538,6.5658,3.2148,36.423,24.907,11.765,10.802,-11.579,-11.579,-11.579,-11.579,0,1,2,1,6,1.7964e-15,0,0,8.9821e-16,5.3893e-15,26.433,26.433,26.433,0.66209,0
145.33,145.33,92.601,92.601,96.329,96.329,91.212,91.212,294,251.02,251.02,197.51,73.643,73.643,69.552,69.552,71.39,71.39,69.678,69.678,10.623,4.8458,4.4271,4.2607,9.5486,9.4664,6.2875,5.2781,14.756,13.743,12.146,8.9946,12.059,11.962,10.022,8.1735,-11.579,-11.579,-11.579,-11.579,0,1,2,1,6,1.7964e-15,0,0,8.9821e-16,5.3893e-15,28.972,28.972,28.972,0.64321,0
90.11,90.11,82.161,82.161,73.327,73.327,68.894,68.894,191.73,191.73,163.68,163.68,106.8,106.8,100.63,100.63,102.32,102.32,94.668,94.668,31.027,23.183,7.0473,6.5978,18.353,15.009,10.798,6.094,26.721,21.104,14.723,6.9266,10.986,10.644,9.551,3.3714,-0.92401,-9.9525,-11.418,-11.579,0,0.98883,1.9777,0.98883,5.933,0.42777,0.14907,0,0.1439,0.96789,28.314,28.314,28.314,0.65354,1.2205
98.781,98.781,91.811,91.811,89.791,89.791,78.961,78.961,309.06,309.06,247.96,247.96,106.32,106.32,102.65,102.65,86.584,86.584,82.647,82.647,9.7249,9.1609,5.749,5.1057,18.808,8.9904,7.9102,3.1968,16.184,11.913,11.544,5.4384,33.043,18.337,12.753,12.74,-11.579,-11.579,-11.579,-11.579,0,1,2,1,6,1.7964e-15,0,0,8.9821e-16,5.3893e-15,26.905,26.905,26.905,0.69051,0
102.68,102.68,87.727,87.727,125,95.602,95.602,92.098,304,198.36,198.36,185.77,79.456,79.456,77.812,77.812,71.653,71.653,71.079,71.079,22.682,11.064,7.0862,3.3599,7.6063,5.3554,4.2569,2.1878,14.761,12.102,9.9209,6.124,11.721,5.768,2.2061,1.7402,-11.579,-11.579,-11.579,-11.579,0,1,2,1,6,1.7964e-15,0,0,8.9821e-16,5.3893e-15,32.196,32.196,32.196,0.6696,0
109.81,109.81,88.226,88.226,120.51,120.51,120.1,120.1,378.39,378.39,313.76,313.76,89.705,89.705,73.099,73.099,48.069,48.069,44.916,44.916,12.099,7.219,6.3295,5.4015,20.402,13.634,9.4537,6.3303,15.203,11.248,10.131,6.8189,6.513,5.9893,3.7531,1.291,-11.579,-11.579,-11.579,-11.579,0,1,2,1,6,1.7964e-15,0,0,8.9821e-16,5.3893e-15,22.941,22.941,22.941,0.66234,0
93.851,93.851,88.253,88.253,66.893,66.893,62.107,62.107,236,236,209.37,209.37,82,76.09,76.09,68.768,73.466,73.466,69.635,69.635,8.3544,7.6307,4.667,4.0926,16.146,9.4528,6.6514,5.0785,8.9521,7.4162,6.8258,5.9837,18.915,14.826,11.238,10.702,-11.579,-11.579,-11.579,-11.579,0,1,2,1,6,1.7964e-15,0,0,8.9821e-16,5.3893e-15,20.115,20.115,20.115,0.6557,0
78.605,78.605,70.378,70.378,79.244,79.244,78.97,78.97,312.67,312.67,271.39,271.39,87,78.735,78.735,74.699,83.956,83.956,82.7,82.7,6.7715,5.799,4.0647,1.6274,14.285,7.6614,7.4714,4.6792,13.886,4.1636,2.2485,1.8751,8.9125,7.9028,5.1117,4.7199,-11.579,-11.579,-11.579,-11.579,0,1,2,1,6,1.7964e-15,0,0,8.9821e-16,5.3893e-15,33.834,33.834,33.834,0.71107,0
94.703,94.703,88.711,88.711,101,95.744,95.744,94.464,264.87,264.87,226.72,226.72,81.369,81.369,72.041,72.041,62.706,62.706,59.089,59.089,9.7006,7.3068,3.5869,3.5519,11.055,10.775,5.8103,5.1695,7.413,7.1183,6.5439,6.4463,8.886,8.7871,7.5727,4.6786,-11.579,-11.579,-11.579,-11.579,0,1,2,1,6,1.7964e-15,0,0,8.9821e-16,5.3893e-15,31.22,31.22,31.22,0.68346,0
56.978,56.978,55.702,55.702,119.94,119.94,101.91,101.91,292.89,292.89,222.41,222.41,65.277,65.277,54.135,54.135,62.792,62.792,50.134,50.134,13.421,12.404,4.6773,1.5798,27.311,13.87,11.718,11.28,13.568,3.6567,2.7002,2.6837,17.57,12.004,9.9808,9.5654,-11.579,-11.579,-11.579,-11.579,0,1,2,1,6,1.7964e-15,0,0,8.9821e-16,5.3893e-15,22.196,22.196,22.196,0.65619,0
109.95,109.95,90.327,90.327,102.17,102.17,99.137,99.137,165.01,165.01,162.35,162.35,80.616,80.616,79.542,79.542,91.515,91.515,85.92,85.92,8.7232,7.4567,7.3913,4.1415,18.83,14.401,9.6075,6.7632,10.373,10.121,7.1478,3.9429,8.2099,6.9795,6.276,6.0795,-11.579,-11.579,-11.579,-11.579,0,1,2,1,6,1.7964e-15,0,0,8.9821e-16,5.3893e-15,25.854,25.854,25.854,0.65563,0
124.88,124.88,101.48,101.48,82.491,82.491,77.155,77.155,199.78,199.78,164.42,164.42,96.584,96.584,92.045,92.045,116,93.706,93.706,80.816,22.538,7.3742,6.1624,5.7052,8.1065,3.5176,3.4576,2.8967,36.821,8.4314,4.838,4.6769,11.079,9.1602,6.3295,5.1212,-11.579,-11.579,-11.579,-11.579,0,1,2,1,6,1.7964e-15,0,0,8.9821e-16,5.3893e-15,26.786,26.786,26.786,0.72906,0
98.507,98.507,96.257,96.257,105.59,105.59,96.765,96.765,360.45,360.45,337.54,337.54,69.312,69.312,65.333,65.333,98.688,98.688,98.42,98.42,12.585,10.955,10.185,9.7268,11.458,11.013,8.2183,5.5986,14.484,10.479,9.5904,4.4229,13.357,12.719,12.344,5.285,-11.579,-11.579,-11.579,-11.579,0,1,2,1,6,1.7964e-15,0,0,8.9821e-16,5.3893e-15,36.813,36.813,36.813,0.70858,0
151.88,151.88,139.26,139.26,77.306,77.306,62.601,62.601,187.7,187.7,161.68,161.68,82,65.046,65.046,64.307,82,57.633,57.633,56.974,7.9594,4.8584,3.6258,2.4759,12.757,8.3201,4.5993,4.2454,38.212,18.277,14.252,10.973,19.146,9.4565,7.3992,6.3594,-11.579,-11.579,-11.579,-11.579,0,1,2,1,6,1.7964e-15,0,0,8.9821e-16,5.3893e-15,30.563,30.563,30.563,0.63695,0
108.35,108.35,94.814,94.814,93,76.346,76.346,61.585,263.75,263.75,249.99,249.99,90.599,90.599,59.712,59.712,81.408,81.408,80.144,80.144,9.4878,7.4357,4.58,3.9105,7.0752,5.714,3.7028,3.4682,11.522,4.4865,4.1295,2.8628,12.301,9.396,5.4099,5.4072,-11.579,-11.579,-11.579,-11.579,0,1,2,1,6,1.7964e-15,0,0,8.9821e-16,5.3893e-15,22.035,22.035,22.035,0.66558,0
109.37,109.37,102.51,102.51,113.82,113.82,100,92.822,397.58,397.58,291.15,291.15,66.094,66.094,63.019,63.019,73.92,73.92,70.987,70.987,7.1635,6.8832,3.5706,2.0899,25.794,14.307,8.0125,6.0587,24.226,12.202,8.6916,7.2493,15.093,4.7666,4.6968,3.9418,-11.579,-11.579,-11.579,-11.579,0,1,2,1,6,1.7964e-15,0,0,8.9821e-16,5.3893e-15,21.523,21.523,21.523,0.67466,0
80.957,80.957,60.324,60.324,67.545,67.545,57.158,57.158,87.253,87.253,73.619,73.619,73,60.507,60.507,57.735,52.583,52.583,50.39,50.39,21.327,12.699,9.9613,9.3893,85.403,34.611,33.962,23.384,9.152,7.7845,7.7516,3.8328,28.975,22.162,8.6079,7.0512,23.86,22.207,11.103,7.7623,1.4757,1.5129,1.2202,1.1547,1.66,0.031974,1.1481,1.282,0.01503,0.045038,52.781,52.781,52.781,0.69052,7.4027
57,49.856,49.856,49.051,47,34.794,34.794,33.357,87.8,87.8,85.955,85.955,58.985,58.985,46.095,46.095,59,57.55,57.55,52.509,12.817,7.4932,5.5543,3.9292,29.812,23.452,15.367,13.351,6.4799,5.4257,4.0285,2.2942,17.026,14.614,6.4862,6.226,19.463,8.081,7.1344,3.8188,1.6865,1.3499,1.5563,1.2019,1.3824,0.021804,0.83666,1.2831,0.0092725,0.018413,33.392,33.392,33.392,0.7491,4.6599
114.84,114.84,95.835,95.835,84.247,84.247,73.807,73.807,85.394,85.394,77.001,77.001,89.485,89.485,88.093,88.093,134.1,134.1,98.191,98.191,15.931,11.521,10.281,9.0764,48.278,24.745,17.145,6.6543,20.21,13.011,11.503,7.7526,12.572,9.3524,9.0204,6.177,26.366,22.856,20.226,14.47,1.8012,1.5635,1.3744,1.2996,1.3824,0.031869,1.0651,1.1178,0.011874,0.023556,54.675,54.675,54.675,0.65326,7.7996
64.716,64.716,53.39,53.39,140.94,140.94,88.109,88.109,83.965,83.965,67.273,67.273,105.23,105.23,104.77,104.77,96,88.756,88.756,81.563,52.616,14.641,14.157,2.5747,53.372,45.574,23.033,23.007,10.652,6.6477,5.006,1.3058,38.592,6.4429,5.9243,5.9044,19.88,19.3,8.4002,7.7296,1.4376,1.66,1.3984,1.3824,1.2737,0.029417,1.0579,0.99899,0.011928,0.030541,45.223,45.223,45.223,0.69099,6.621
63.499,63.499,62.875,62.875,38.953,38.953,32.686,32.686,57.213,57.213,57.211,57.211,106.57,106.57,98.133,98.133,88.051,88.051,80.101,80.101,28.432,12.829,6.8706,5.4545,21.926,21.362,16.721,9.6315,21.722,11.401,9.7982,9.0498,12.391,9.4743,9.4089,6.5592,17.336,14.038,13.491,10.87,1.4376,1.325,1.453,1.453,1.2737,0.026134,0.97286,1.0445,0.011172,0.026377,41.242,41.242,41.242,0.65334,6.6289
75.364,75.364,75,74.323,92,77.841,77.841,62.474,95,59,59,56.56,107,107,105.75,105.75,112.09,112.09,106,106,14.956,10.625,10.312,9.4768,16.687,14.71,11.182,8.6406,13.609,9.1117,7.8117,5.3197,21.621,15.618,9.1496,8.1158,23.297,18.276,18.223,13.659,1.3984,1.3824,1.4832,1.542,1.1643,0.030031,0.9412,1.1273,0.010056,0.030896,43.953,43.953,43.953,0.66235,7.5817
103.14,103.14,89.487,89.487,43.514,43.514,41.447,41.447,77.548,77.548,65.281,65.281,104.85,104.85,69.916,69.916,81.317,81.317,77,76.715,16.977,11.891,11.591,6.9893,60.756,22.28,15.198,8.4667,16.254,10.211,9.1531,3.8587,23.424,15.307,11.132,8.6008,18.51,13.214,8.5563,7.7766,1.542,1.6262,1.4063,1.3904,1.5635,0.028008,1.134,1.2581,0.014219,0.034886,38.3,38.3,38.3,0.52764,6.1605
95.569,95.569,78.955,78.955,93.88,93.88,77.969,77.969,92.277,92.277,80.728,80.728,68.819,68.819,68.783,68.783,72.775,72.775,64.298,64.298,16.443,7.4799,5.3607,5.002,46.514,20.777,19.551,13.225,12.482,7.2065,5.4616,4.3979,14.94,14.431,10.552,6.4301,19.691,18.067,10.176,8.8586,1.4142,1.7701,1.453,1.3581,1.2996,0.020963,1.1512,1.0745,0.013474,0.029921,47.585,47.585,47.585,0.38999,6.5464
111.24,111.24,110.59,110.59,100.5,100.5,87.502,87.502,63.174,63.174,47.824,47.824,129.03,129.03,126.91,126.91,210.58,210.58,168.3,168.3,30.662,24.687,22.129,14.994,50.461,16.663,9.5737,5.7187,35.393,19.539,13.991,11.967,3.5707,3.0638,1.1392,0.60568,46.281,20.661,18.46,15.148,1.4298,1.3499,1.4298,1.6465,1.2737,0.02685,0.8916,1.0954,0.011359,0.030792,49.855,49.855,49.855,0.69635,9.6026
63.911,63.911,60.094,60.094,70.926,70.926,70.325,70.325,58.74,58.74,47.416,47.416,93,92.789,92.789,87.528,96.816,96.816,89.625,89.625,7.3021,6.0226,4.0125,3.7871,13.109,11.902,11.031,5.9732,8.0921,5.1158,5.0952,2.3898,27.525,20.237,11.48,10.835,27.76,13.956,11.193,10.919,1.5348,1.4832,1.5129,1.2824,1.453,0.032072,0.91176,1.2653,0.011366,0.030067,42.182,42.182,42.182,0.66449,6.5273
112.74,112.74,108.04,108.04,65.8,65.8,64.318,64.318,64.083,64.083,47.392,47.392,80.275,80.275,77.903,77.903,243.34,243.34,199.86,199.86,15.021,13.784,9.0057,5.2994,48.723,36.886,28.873,23.278,25.464,7.1697,6.992,6.7752,19.063,13.397,6.8292,6.0592,29.429,29.201,3.5869,2.5204,1.5055,1.3333,1.5706,1.4142,1.3824,0.030877,0.91674,1.1578,0.013148,0.02243,42.591,42.591,42.591,0.74585,8.7308
93.648,93.648,88.073,88.073,102.63,102.63,86.304,86.304,68.713,68.713,61.095,61.095,110.63,110.63,108.55,108.55,164.66,164.66,163.1,163.1,22.537,15.38,14.481,10.794,21.022,14.892,13.418,12.444,14.125,10.707,9.4879,3.8775,16.257,10.538,7.3127,7.1569,29.007,18.911,15.606,14.123,1.909,1.4757,1.4142,1.2202,1.4832,0.026716,1.0313,1.5015,0.011766,0.03171,51.114,51.114,51.114,0.62306,8.1019
78.818,78.818,78.241,78.241,107.79,107.79,99.181,99.181,55.833,55.833,55,45.637,157.43,157.43,111.47,111.47,170.38,170.38,168.99,168.99,7.8826,7.4434,7.2278,5.6376,41.11,36.916,24.507,20.124,19.736,17.18,11.215,11.021,7.1453,7.0353,5.8179,5.3534,23.741,22.347,16.898,5.2933,1.3081,1.3984,1.422,1.3984,1.2019,0.036415,0.91453,0.94922,0.017251,0.033233,58.57,58.57,58.57,0.71255,8.0229
72.029,72.029,69,67.738,95.191,95.191,75.488,75.488,55.985,55.985,52.347,52.347,84.186,84.186,77.558,77.558,81.548,81.548,68.426,68.426,15.771,7.1395,6.9662,6.8958,31.953,17.588,16.957,12.273,9.8868,7.4818,5.1768,4.6849,12.22,8.8375,8.2542,7.2178,22.264,14.9,12.707,11.773,1.6865,1.3904,1.5275,1.6733,1.3663,0.67643,0.87444,1.3897,0.18695,1.9155,48.063,48.063,48.063,0.54711,5.5415
103.01,103.01,99.821,99.821,85.151,85.151,74.107,74.107,85,83.287,83.287,76.943,117.48,117.48,117.28,117.28,211.16,211.16,188.83,188.83,15.125,14.726,7.4668,4.5723,79.677,42.498,21.259,13.97,30.492,16.353,10.379,6.5246,15.501,12.14,7.0975,7.0919,16.91,11.761,9.5301,8.1246,1.7192,1.6193,1.6055,1.1832,1.1353,0.034827,1.0478,1.2227,0.01742,0.042929,41.457,41.457,41.457,0.67432,6.0379
107.27,107.27,90.149,90.149,74.027,74.027,60.215,60.215,69.792,69.792,63.914,63.914,109.92,109.92,94.5,94.5,159.95,159.95,100.08,100.08,16.023,13.378,11.818,6.1917,44.876,41.297,24.695,13.087,26.315,13.427,12.16,9.3784,39.066,28.111,14.361,9.6837,23.012,16.233,16.128,15.323,1.6398,1.5986,1.5635,1.5986,1.3984,0.028631,1.042,1.4078,0.014626,0.032618,58.692,58.692,58.692,0.62844,7.8713
86.518,86.518,78.343,78.343,81.012,81.012,79.735,79.735,77.131,77.131,73.075,73.075,85.873,85.873,74.879,74.879,119.94,119.94,95,94.381,11.625,6.9137,5.6769,3.2542,46.287,29.097,12.224,6.0195,8.4349,7.752,7.0178,4.5746,15.549,12.14,11.936,5.9516,16.634,9.0844,7.223,5.1662,1.7575,1.5776,1.6799,1.1832,1.5129,0.67111,0.92004,1.4616,0.18805,1.8673,53.148,53.148,53.148,0.45229,4.359
102.75,102.75,87,83.245,72.511,72.511,50.019,50.019,104.45,104.45,96.797,96.797,91.389,91.389,81.318,81.318,95.885,95.885,92.094,92.094,9.5049,9.296,6.7218,6.3643,49.56,41.389,26.349,15.266,7.5144,6.4775,3.1509,2.3357,8.2004,7.7561,6.2663,4.0834,12.503,12.412,9.0633,8.8225,1.4142,1.5563,1.2561,1.6193,1.4376,0.02268,1.0289,1.209,0.011866,0.03134,47.566,47.566,47.566,0.57928,5.2395
88.831,88.831,82.505,82.505,50.014,50.014,34.747,34.747,108.2,108.2,88.657,88.657,99.68,99.68,73.655,73.655,115.39,115.39,115.01,115.01,16.585,8.2058,7.7103,5.6901,43.792,36.749,21.735,16.982,13.88,8.1303,7.0551,6.0633,27.278,5.3036,4.3175,2.1684,24.179,17.596,16.135,11.598,1.4063,1.5563,1.4907,1.3744,1.4063,0.018293,0.91453,1.0834,0.013174,0.028342,46.407,46.407,46.407,0.5999,7.615
